Care,Fairness,Loyalty,Authority,Sanctity
Harm,Cheating,Betrayal,Subversion,Degredation
-0.0049133844607194424,0.00972839813810399,-0.00976676819617586,-0.018408785120754736,-0.026237983105885102
