Care,Fairness,Loyalty,Authority,Sanctity
Harm,Cheating,Betrayal,Subversion,Degredation
-0.03310989006906428,-0.0016789290891362438,-0.021858403080677092,-0.029300138727779684,-0.03611648741117953
