Care,Fairness,Loyalty,Authority,Sanctity
Harm,Cheating,Betrayal,Subversion,Degredation
0.01013093399079311,0.038477681977923804,0.036162214417294086,-0.0029367781482875035,-0.022458194523345732
