Care,Fairness,Loyalty,Authority,Sanctity
Harm,Cheating,Betrayal,Subversion,Degredation
0.006120044684073632,0.015213919498608758,0.003068506075687112,-0.014247887965915989,-0.015163588610879361
