Care,Fairness,Loyalty,Authority,Sanctity
Harm,Cheating,Betrayal,Subversion,Degredation
0.007948015372385583,0.03733348517251741,0.0307830813987095,0.006086337293039254,-0.030918987240095952
