Care,Fairness,Loyalty,Authority,Sanctity
Harm,Cheating,Betrayal,Subversion,Degredation
-0.00248230269726985,0.011292448175265557,-0.001875582053761356,-0.019859815962757835,-0.02591457734797033
