Care,Fairness,Loyalty,Authority,Sanctity
Harm,Cheating,Betrayal,Subversion,Degredation
0.00247850959230711,0.027544344387068348,0.03020353762995178,0.002948845237582203,-0.03617475506504818
