Care,Fairness,Loyalty,Authority,Sanctity
Harm,Cheating,Betrayal,Subversion,Degredation
-0.00430958672015719,0.029857638946714532,0.029242866580860744,0.01379729491031819,-0.015153056809645913
