Care,Fairness,Loyalty,Authority,Sanctity
Harm,Cheating,Betrayal,Subversion,Degredation
-0.030791597779057323,0.047581795203256595,-0.004693233605413433,-0.022414142562253218,-0.03821526597130835
