Care,Fairness,Loyalty,Authority,Sanctity
Harm,Cheating,Betrayal,Subversion,Degredation
0.04357120658302062,0.0708078478032673,0.07385404756256046,0.05929534690045048,0.003390342908866849
