Care,Fairness,Loyalty,Authority,Sanctity
Harm,Cheating,Betrayal,Subversion,Degredation
-0.0016506328964995415,0.01587805712592445,0.02652479994059591,-0.009922995571647813,-0.02279039458521805
