Care,Fairness,Loyalty,Authority,Sanctity
Harm,Cheating,Betrayal,Subversion,Degredation
-0.0030828504671234006,0.04208621022834702,0.02925346831092389,0.012620350337924843,-0.021869989812279198
