Care,Fairness,Loyalty,Authority,Sanctity
Harm,Cheating,Betrayal,Subversion,Degredation
-0.0016809487451524491,0.02723212209453013,0.01055623186479812,-0.006806646194051574,-0.03708078272189019
