Care,Fairness,Loyalty,Authority,Sanctity
Harm,Cheating,Betrayal,Subversion,Degredation
0.0025542215713018493,0.019004290891781583,-0.0008200458446254359,-0.015177212655485923,-0.02660500136460841
