Care,Fairness,Loyalty,Authority,Sanctity
Harm,Cheating,Betrayal,Subversion,Degredation
-0.00035232103094835304,0.03180972191514265,0.0232362654556993,0.006849149541895597,-0.010620969402732237
