Care,Fairness,Loyalty,Authority,Sanctity
Harm,Cheating,Betrayal,Subversion,Degredation
0.042322391146804264,0.05397202270458225,0.053255941004232824,0.031042166234263476,0.012943665084638359
