Care,Fairness,Loyalty,Authority,Sanctity
Harm,Cheating,Betrayal,Subversion,Degredation
-0.0029022243555249655,0.014720389451708393,-0.007313335264625845,-0.016393156377162613,-0.027299771498675796
