Care,Fairness,Loyalty,Authority,Sanctity
Harm,Cheating,Betrayal,Subversion,Degradation
0.095113486,-0.046538215,-0.085306644,-0.029794974,-0.07501403
0.05874876,0.024978189,-0.03393607,-0.061188817,-0.12420934
0.12538446,0.08910766,0.15358947,0.06936155,-0.03135881
-0.035257604,-0.015858233,-0.031822015,-0.013949707,-0.108138055
0.12864287,0.06904535,0.04729677,0.0054393243,0.053687517
-0.029215738,-0.044071868,-0.13030191,-0.07231735,-0.18489411
0.09540747,0.029771836,0.0019739382,0.1520119,0.003745135
-0.044689,0.07704058,-0.060990687,-0.043222614,-0.082633495
-0.0013167486,-0.044445556,-0.10697308,-0.019581582,0.011017596
0.026239263,0.00026322342,-0.0013509551,0.020021398,-0.054343425
0.026239263,0.00026322342,-0.0013509551,0.020021398,-0.054343425
0.09305802,0.02752018,-0.0014251191,-0.0039973296,-0.046852995
-0.033573877,0.023347903,-0.10596227,-0.022851856,-0.1261858
-0.0746722,0.12650207,-0.007336259,-0.00886865,-0.033868298
0.07010591,0.066746615,-0.008591,0.07116149,0.01614239
0.0695855,-0.08925918,-0.078665525,-0.037525676,0.026612174
0.046433285,0.086295724,0.070819855,0.08966199,-0.039215717
0.0072548185,0.063905574,0.0385329,0.019159172,-0.02575954
-0.0054063424,-0.050525606,-0.0018266756,-0.04682965,-0.030321656
-0.030452093,0.056833357,0.007765622,-0.03788671,-0.06312462
