Care,Fairness,Loyalty,Authority,Sanctity
Harm,Cheating,Betrayal,Subversion,Degradation
0.009898471,-0.039493587,-0.04104013,-0.071715355,-0.0758539
0.05370774,0.0038554221,-0.021791393,-0.01549126,-0.04764055
0.065931596,0.032929715,0.021098528,-0.06791903,-0.07485348
-0.13848516,-0.029891085,-0.013195976,0.022509215,-0.17455143
0.06356959,0.054972664,0.12204905,0.1395807,0.044928987
-0.05458221,0.050027408,0.047368944,0.019059867,-0.062210053
-0.026753698,0.03396541,-0.019422945,-0.020857561,-0.04278875
0.064857304,0.079830594,0.092161804,0.016995503,0.060393956
0.09139163,0.028954232,0.07598476,0.008031761,-0.029083047
0.024429644,0.066780575,0.022505656,0.035229597,-0.07956
0.09370695,0.13697278,0.124544114,0.08233847,0.05063068
-0.1320249,-0.037137132,-0.029216439,0.033907127,-0.0637451
-0.04113608,-0.043328427,-0.03450282,-0.027863976,-0.11277701
-0.021587895,-0.013461765,-0.039948747,0.00021144375,-0.10000638
-0.1137888,-0.06761181,-0.09474125,-0.112804875,-0.13289234
-0.12672928,-0.08863681,-0.1664712,-0.13359278,-0.17756747
0.017210335,0.04494783,0.037466068,0.060504675,-0.07083166
