Care,Fairness,Loyalty,Authority,Sanctity
Harm,Cheating,Betrayal,Subversion,Degradation
-0.013761283,-0.0075438023,0.04893666,-0.026072469,-0.07708878
-0.009888431,-0.03668724,-0.028471714,0.02393923,-0.06469512
0.022622157,-0.092630014,-0.12634188,-0.12107071,-0.071988784
0.009626681,0.020871975,0.09478698,0.013442102,-0.06858528
-0.10400532,-0.14686652,-0.08499599,-0.11878238,-0.21583554
-0.016477253,-0.03954942,-0.061287742,-0.036849853,-0.09592897
