Care,Fairness,Loyalty,Authority,Sanctity
Harm,Cheating,Betrayal,Subversion,Degradation
-0.056056686,-0.0126431715,-0.05015835,-0.04291844,-0.088840485
-0.0041329274,0.026162777,0.045853153,0.087755546,0.047139183
-0.0355089,-0.09693697,-0.09823847,-0.09262626,-0.15230472
-0.11078809,-0.0053348476,0.00033979304,0.04394181,-0.14392588
0.039423276,0.06691138,0.070237234,0.021086838,0.00083561055
