Care,Fairness,Loyalty,Authority,Sanctity
Harm,Cheating,Betrayal,Subversion,Degradation
-0.032832902,0.045764945,-0.009531821,-0.013520453,-0.050027616
-0.04300056,0.00732382,-0.062178295,-0.022327404,-0.090435535
0.077404425,0.11138736,0.1222512,0.13826545,0.039721835
0.025264451,0.113588504,0.015018497,0.045199092,0.028065382
-0.11359489,-0.018255694,-0.04286551,-0.024513382,-0.10229866
0.044494335,0.0028834175,0.0066957483,-0.040175434,-0.11302242
0.0330154,-0.015719742,-0.005132217,-0.027920103,-0.06895314
-0.053693105,0.027799558,-0.049691483,-0.070467934,-0.11056777
0.027041553,0.05338519,-0.040919706,-0.046933174,-0.0653443
-0.07865366,-0.06309319,-0.071737014,-0.072975144,-0.11651773
-0.045374908,-0.027278982,-0.01319661,-0.06378114,-0.113989234
0.05110543,0.0070210733,0.044901002,-0.045805834,-0.0830352
-0.15514153,-0.09481719,-0.133679,-0.107383326,-0.1506958
-0.1505185,-0.0504339,-0.12688553,-0.07830922,-0.19255432
0.0024004783,-0.036139436,-0.12872167,-0.001926655,-0.034987025
0.0738322,0.084142536,0.081729665,0.114116475,-0.017467994
-0.023258086,0.09729089,0.008048087,0.04975864,-0.08120859
