Care,Fairness,Loyalty,Authority,Sanctity
Harm,Cheating,Betrayal,Subversion,Degradation
0.01970735,0.059735425,0.09527671,0.071806446,0.033126004
0.0059383176,0.03268956,0.06303264,-0.021462686,-0.03559225
0.09265868,0.14661196,0.17357874,0.081136495,0.053679116
0.093668595,0.14439367,0.15512389,0.13730565,0.098610245
0.0848092,0.08087635,0.1428491,0.12380343,0.12889437
0.025564201,0.097921245,0.17346986,0.059722163,0.08089417
0.06904429,0.10387482,0.12932663,0.10671699,0.050362848
