Care,Fairness,Loyalty,Authority,Sanctity
Harm,Cheating,Betrayal,Subversion,Degradation
0.035603993,-0.03791934,-0.080357194,-0.03790776,-0.030036706
-0.04094499,-0.016456032,-0.054275982,0.023639496,-0.014921967
0.06962255,-0.064607725,-0.002010603,0.039368093,0.019533983
0.014780379,0.079239905,-0.02218193,-0.112855054,-0.048005655
-0.024878921,0.09811917,0.06754001,0.031356666,0.05428637
-0.030886628,0.025570698,0.043210775,0.0493488,0.05374012
-0.039897744,0.049941137,-0.0030726045,0.005633019,-0.03594232
0.05364044,-0.070383176,-0.019425351,0.011852946,0.006937244
0.08221577,0.09356522,0.031037046,0.06965472,0.022269355
-0.103868715,0.01793309,-0.092806645,-0.08029056,-0.09339938
-0.00036975183,0.046290305,-0.09931428,-0.10054146,-0.108338766
0.04245191,0.0064230934,-0.1293665,-0.10188162,-0.102408424
0.017537247,0.069969214,-0.019756673,0.031195806,-0.078452386
0.113193445,0.09182763,0.07903792,0.097108364,0.11921621
0.07893105,0.077271014,-0.028346859,0.00539233,-0.024029355
0.01762008,0.10667035,0.035914984,0.06330263,0.09376623
-0.07259573,-0.018416785,-0.10172508,-0.081043184,-0.1496312
-0.14210968,0.04645142,-0.03164002,-0.026535116,-0.099753305
-0.042330474,0.048587747,-0.07303555,-0.051661577,-0.036772564
-0.016883075,-0.06653431,-0.085524485,-0.10521045,-0.06507795
0.040963575,-0.0063948147,-0.063157216,0.0065950714,-0.022562865
0.0519192,0.21375038,0.17281345,0.109658614,0.06904603
-0.008507804,0.13480875,0.087461576,0.030142678,0.009109224
0.054323122,-0.047511328,0.023303019,0.003495708,-0.003138002
0.027004294,0.09452618,0.097473584,0.075850524,0.01185523
