Care,Fairness,Loyalty,Authority,Sanctity
Harm,Cheating,Betrayal,Subversion,Degradation
-0.063838184,-0.04071969,0.0020086952,0.0036828276,-0.07738563
-0.031326506,0.009291063,0.05398853,0.046738036,-0.005681282
-0.0053025056,0.015138958,0.11906448,0.017828021,0.043388624
0.043958034,0.034458905,0.02731679,0.05418832,-0.08434503
-0.022905957,0.002755477,0.042725217,0.050283987,-0.026188303
0.10064596,-0.021573294,0.018845625,0.07380563,0.00014859438
