Care,Fairness,Loyalty,Authority,Sanctity
Harm,Cheating,Betrayal,Subversion,Degradation
0.051722858,0.006101351,-0.0064560547,-0.041133426,-0.13842773
-0.022324316,0.04025163,0.032999787,-0.028627345,-0.13802728
0.0656828,-0.020437488,0.03904034,-0.002635112,-0.037681423
-0.06746147,-0.027585875,-0.13196851,-0.12576863,-0.1328677
0.018312644,0.030533792,-0.0077959094,-0.020000378,-0.08940558
0.055024464,0.025081392,0.02391706,0.044819925,-0.06393475
0.045543484,0.042227626,0.013769219,0.09676155,0.020736732
0.044900782,0.042728018,0.0025730515,0.0012191087,-0.032681786
-0.023215637,-0.061780352,-0.074468285,-0.007978294,-0.057920463
0.0002512792,0.07890769,0.007805514,0.04033275,0.07307817
0.06276824,0.018995028,0.0221623,0.0066618267,-0.0127357375
