Care,Fairness,Loyalty,Authority,Sanctity
Harm,Cheating,Betrayal,Subversion,Degradation
-0.061354518,-0.050461847,-0.031206438,-0.07326627,-0.10091629
-0.09652207,-0.00821073,-0.04588507,-0.116185546,-0.08584368
-0.0476345,-0.075567074,-0.07863009,-0.061154142,-0.053416334
-0.17636451,-0.15371409,-0.09001288,-0.09670044,-0.18769981
-0.03533375,0.01933199,-0.10144413,-0.13707449,-0.06815411
0.047135565,0.03967215,0.047827505,-0.0035389904,-0.00088630524
-0.019251728,0.06420202,-0.016621973,-0.07970442,-0.0076196827
-0.19439912,0.00400413,-0.14648707,-0.13289236,-0.15987451
-0.07183133,-0.06926742,-0.12566496,-0.048314508,-0.006430067
-0.16739829,-0.037166387,-0.062856674,-0.06587537,-0.123103224
0.013735097,0.04666362,0.06850122,0.018213999,0.07756612
-0.039093517,-0.0638721,-0.090395585,-0.039683606,0.02512624
0.028496008,0.02182934,0.04579168,-0.00042129867,-0.07171272
0.014416236,-0.0023301393,0.052726384,-0.043485805,-0.026628435
-0.11787107,-0.009191583,-0.06799263,-0.1696135,-0.031854905
-0.0956106,-0.04067827,-0.10251038,-0.073818594,-0.044237077
-0.058323435,-0.01906341,-0.026868999,-0.04464006,-0.017506598
-0.11615634,-0.116056345,-0.116940096,-0.0974866,-0.06287435
