Care,Fairness,Loyalty,Authority,Sanctity
Harm,Cheating,Betrayal,Subversion,Degradation
0.033080887,-0.03535831,-0.038335968,-0.06473565,-0.061417222
0.014394859,0.024799176,0.0012827273,0.014496591,-0.080251664
0.016500212,0.04628623,-0.02715479,-0.045245774,-0.05405927
-0.012861704,0.03673186,0.042600036,0.04174521,-0.018974802
0.03647513,-0.027568858,-0.047434792,-0.054672495,-0.0678794
0.007204514,0.07475261,0.022851018,-0.044860423,-0.08143744
-0.004021423,0.06106143,0.036169857,0.044967767,-0.030695124
-0.002511425,0.018184869,-0.066042185,-0.034006312,-0.063807875
0.06827735,0.061774775,-0.033347532,-0.069965735,-0.0073976666
0.056052897,0.0069398396,0.036106393,-0.051105537,-0.07682395
-0.01371474,0.04193415,-0.025992636,-0.033464856,-0.08260121
-0.01871418,-0.025887296,-0.08357743,-0.12033942,-0.07864469
0.03578736,-0.029858138,0.0023210826,0.00747332,-0.06336574
-0.00012137927,0.0430865,-0.07794453,-0.08287665,-0.07929811
