Care,Fairness,Loyalty,Authority,Sanctity
Harm,Cheating,Betrayal,Subversion,Degradation
0.013911966,-0.024624465,-0.0018825121,0.0096073365,-0.035267018
-0.04078526,-0.046594568,-0.013978213,0.028111093,-0.14817582
0.022373566,-0.006820143,-0.046142347,-0.08492117,-0.051776007
-0.15352784,-0.13119942,-0.14290741,-0.15039629,-0.23643944
0.11149496,0.060923815,0.070007965,0.044610918,-0.0107038515
-0.0034473985,0.056447405,0.022434006,0.033237692,-0.022196725
0.038961284,0.06386566,0.05409348,0.01836254,-0.014996494
0.027249765,0.03082034,0.07645004,-0.050734956,-0.051931016
0.12745592,0.035546795,0.18134627,0.10203859,-0.002969386
0.09229641,-0.0366633,0.033579603,0.03386867,-0.014095472
0.10104715,0.08247683,0.093414634,0.035389554,-0.022007827
0.09052463,-0.031998083,0.12827596,-0.029631408,-0.06759783
0.032923132,0.04622741,0.07199703,-0.00914445,-0.062498424
0.029539045,-0.030149698,0.04437831,-0.028217252,-0.072127976
0.058851432,0.087332316,0.11346261,0.08880748,0.038906433
0.024543649,0.07669327,-0.052322254,0.041712776,-0.029105466
