Care,Fairness,Loyalty,Authority,Sanctity
Harm,Cheating,Betrayal,Subversion,Degradation
0.02750055,0.028844904,0.049006395,0.035155185,0.026816005
0.045217507,0.059585273,0.11908288,0.04071816,0.04398181
0.06920834,0.0029690936,0.07373769,0.05982741,0.073038265
0.01444849,0.040396955,0.0927237,0.039063334,0.003528513
-0.10577188,-0.043626107,-0.10027224,-0.058017984,-0.095419034
0.03340715,0.027813433,-0.055302154,-0.08772023,-0.023101235
0.047147937,0.077262886,0.07063881,0.07923223,0.0040942207
0.0650838,0.03866864,0.0522833,0.008198246,0.039087858
0.029672276,0.0388343,0.017998349,0.013734892,-0.01809251
0.02338339,-0.06101732,0.01366493,-0.08928934,-0.005498728
0.039229073,0.12081308,0.09733855,0.08285651,0.050008003
0.08698839,0.021683963,-0.027234523,-0.066274256,0.08633913
0.027173586,0.016298395,-0.020986676,-0.06465368,0.034491073
-0.15385254,-0.06475356,-0.009334533,-0.020050658,-0.13626485
-0.03980424,-0.1422961,-0.03913768,-0.014312019,0.025505243
-0.1329648,-0.05572335,0.03394364,0.027978964,-0.1378434
-0.036876965,-0.06364181,0.0153023,0.0077615976,0.034035236
0.055713713,0.10601647,0.10151124,0.10923806,0.12747459
-0.0066666454,0.0656234,0.15999159,0.13881204,0.07456472
-0.043040972,-0.056327324,-0.011590553,0.00032655708,-0.014708707
