Care,Fairness,Loyalty,Authority,Sanctity
Harm,Cheating,Betrayal,Subversion,Degradation
0.010217021,-0.008333683,0.060245536,-0.025687523,-0.013381811
0.08421958,0.017191341,0.0074132383,-0.07556206,0.037698805
0.038104575,0.028448949,0.041293725,-0.030033235,-0.0686157
0.07897025,-0.014293203,0.044757247,-0.054772317,-0.04008405
0.079979874,0.08203555,0.07040774,0.012918739,-0.030515164
0.046377763,0.031978145,0.0008054022,-0.06358027,-0.063393705
0.09892315,0.020930512,0.052356623,-0.0055576637,0.053507708
0.18697537,0.027584499,0.093860865,0.07019177,0.09774618
0.07820533,0.05112098,0.05563896,0.05550555,-0.065316945
0.18365389,0.0036995243,0.088131666,0.019295698,0.1649759
0.03027298,0.08993375,0.06087421,0.05005607,0.00014172029
-0.09060651,-0.06098637,0.008393852,-0.034746785,-0.10351181
-0.0030962192,0.12930605,0.13934375,0.09446432,0.04062719
0.057667986,0.09362474,0.121425554,0.0032607606,-0.013177622
0.09697184,0.03672476,0.12627524,0.100709744,-0.03100257
-0.019476512,0.010030448,-0.012560941,0.021013733,-0.04185076
-0.10463165,-0.05614593,-0.013196858,-0.023463784,-0.08040151
0.030985342,0.05738354,0.04748874,-0.053062834,-0.029383833
0.05577451,-0.08777431,0.0058547193,-0.038791925,-0.015036115
0.113419764,0.023236796,0.085890286,0.013224892,0.022163318
0.10235513,0.085363165,0.17858785,0.079943895,0.2473446
-0.016456366,0.0065900907,0.00057087187,0.09758973,0.13469271
-0.031232383,-0.04190355,-0.0015047174,-0.022905469,-0.007820645
-0.0099923145,0.07350397,0.095352374,0.058919623,0.08499271
-0.13413611,-0.018205084,-0.088778056,-0.07490678,-0.033095974
-0.13508776,0.016339378,0.009699854,0.039686486,0.05005866
0.073543094,0.07499446,0.07762496,0.029521504,0.008646503
-0.06479214,-0.08531342,0.028841656,-0.003848428,0.03852276
0.08458115,0.029657807,0.03749384,-0.020879645,-0.046584528
0.072801486,-0.017592212,0.052511837,-0.02884641,-0.059749708
0.08874054,0.06943194,0.0751794,0.024271872,-0.07807137
0.11202502,0.012982762,0.16724992,0.03211306,0.0034794034
