Care,Fairness,Loyalty,Authority,Sanctity
Harm,Cheating,Betrayal,Subversion,Degradation
-0.039271906,0.0058800215,-0.06320073,-0.005838413,-0.005047273
0.025146138,0.011683047,-0.024414614,-0.0338319,-0.009641726
0.010740787,0.021904822,0.049729355,0.0006624274,-0.042859532
-0.04660706,0.010205831,-0.05742368,0.0044663255,-0.005626194
0.052785195,0.0723617,0.04517183,0.106920205,0.049207997
0.0025350065,0.014053937,0.039821558,0.017475018,0.0753143
-0.067335784,-0.023992572,-0.09737271,-0.00046943128,-0.120768905
0.06894584,0.023412202,-0.006860637,0.07987244,0.057116322
-0.052963227,-0.040266357,0.071570575,0.07503657,0.028967625
0.060283743,0.011919331,-0.07254667,-0.015767202,0.03840636
-0.0093813315,-0.06383651,-0.12609829,-0.051868595,-0.09089872
0.07123585,0.065632746,-0.05542037,-0.005337231,0.051011797
0.07550577,-0.022928152,0.09239999,-0.009899849,0.058623735
-0.007996182,0.089812905,0.11382297,0.13166054,0.070686184
0.0027124798,0.040876262,-0.04035283,-0.06645168,0.0036192164
-0.060460933,-0.032054655,-0.004321185,0.0009150738,0.04536951
-0.036592454,-0.01742784,-0.1005366,-0.08001317,-0.07295026
-0.008932103,0.060591463,-0.054257892,-0.14173791,-0.08473809
0.02623934,0.00026334822,-0.0013508368,0.020021476,-0.054343365
0.02623934,0.00026334822,-0.0013508368,0.020021476,-0.054343365
-0.024937125,-0.055005323,-0.10817867,-0.042442586,-0.05340536
-0.06587415,-0.074970484,-0.064866945,-0.06687842,-0.08714831
-0.046375826,-0.02961905,0.065020114,-0.0037193997,0.040175498
0.105324596,0.10619541,0.150388,0.10573581,0.08294964
-0.13458233,-0.020390313,-0.03185553,-0.01407401,-0.07889354
-0.00063957274,0.015827715,-0.030902611,0.0069429167,-0.074446395
-0.043363735,0.01118438,-0.019146057,-0.046552725,-0.004638795
-0.11987916,0.0046619326,0.00092349853,-0.034226093,0.032007463
-0.038111463,0.10115871,0.01809355,0.02343329,0.05420974
0.007273753,0.121594876,0.0054694973,0.100044094,0.10308921
0.0257968,0.08666168,0.0031999126,0.030218605,0.020642046
-0.006898774,-0.08355728,-0.04715468,-0.017044868,-0.023822226
