Care,Fairness,Loyalty,Authority,Sanctity
Harm,Cheating,Betrayal,Subversion,Degradation
0.016562719,0.03842136,-0.02910178,-0.0014021015,-0.022887059
0.014225723,-0.033461746,-0.059410907,-0.06797002,-0.057267904
-0.16763398,-0.03456795,-0.18398643,-0.035914354,-0.09573419
-0.005122453,0.00058862567,-0.04295986,-0.019480778,-0.045028318
0.01882701,-0.0047428943,0.01724984,-0.0025973525,-0.05992126
-0.028146159,4.017353e-05,-0.0870724,-0.014297699,-0.07242891
0.035545163,-0.07091023,-0.014821712,0.018785026,-0.12651557
-0.05049184,0.028177544,-0.093071416,-0.06276007,-0.106688224
-0.021834055,0.042900905,-0.031799756,-0.035380915,-0.018073898
-0.0844714,-0.0027430817,-0.09924625,-0.10821573,-0.15128557
-0.01440635,-0.061952475,-0.010662929,-0.031924,0.008484496
-0.08313464,-0.064677306,-0.09877667,-0.023178186,-0.19920835
-0.114517346,0.0001796931,-0.121551804,-0.059192587,-0.09445861
-0.03841573,-0.06333874,-0.065164834,-0.010800432,-0.09388071
-0.047533795,-0.063660555,-0.091377765,-0.11830792,-0.11039746
0.066640966,0.02775618,0.024245601,0.006732962,0.025065314
-0.0029100515,0.044351205,-0.04529018,-0.044393264,-0.003385052
-0.13803357,-0.049964722,-0.16609538,-0.18690759,-0.21682891
0.0006289603,-0.042068016,-0.108017206,-0.14791518,-0.18468417
-0.011277311,-0.032077555,-0.077037305,-0.12312834,-0.13206986
0.011855295,-0.06027256,-0.031296007,-0.09737356,-0.053316057
-0.0023820195,-0.062241912,-0.09301585,-0.1256916,-0.0026763715
0.011575523,0.0013719928,0.023217518,-0.103910655,-0.0680843
0.028157476,-0.10214169,-0.09479441,-0.0988042,-0.068846405
0.0012180312,0.02966867,-0.06919263,-0.048256095,0.01252388
-0.06971247,-0.06115096,-0.13318919,-0.19444296,-0.18098009
0.08034293,0.04087555,-0.013086315,-0.0105293505,-0.05193333
-0.08183468,-0.00048648845,-0.08117822,-0.06938116,-0.110397205
0.03602414,0.044998363,0.06949338,0.033859365,-0.0008065887
