Care,Fairness,Loyalty,Authority,Sanctity
Harm,Cheating,Betrayal,Subversion,Degradation
0.01852321,0.039795905,0.0077954913,-0.009650495,-0.045282774
0.026178317,0.119140916,0.09808157,0.013462082,0.0896184
0.02241627,0.08358256,0.007132381,0.060560964,0.018935556
0.009839832,0.04666616,0.08186887,-0.0114561925,-0.034018658
0.04180178,0.07553468,0.016513843,-0.051666886,-0.043768637
-0.0349325,0.017300155,-0.008481236,0.023510696,-0.010797035
0.01068449,0.05387226,0.012941779,0.056559414,0.05277423
-0.1094096,-0.019131482,-0.1110788,-0.07787134,-0.16394643
0.03396021,-0.015811484,-0.008575173,0.049420815,-0.019042294
-0.0047366004,0.011242844,-0.071543254,0.051085196,-0.01843876
-0.056250937,0.044628352,0.07755196,0.053950906,0.018310115
0.06493156,0.08769046,0.17627476,0.004834948,0.049038608
0.05805883,0.060361046,0.11469845,0.025646199,-0.016988484
0.09280066,0.015051328,0.1133716,-0.020751676,0.045047425
0.10777845,0.08534294,0.14510326,0.09478831,0.07063981
0.07052222,0.019959338,0.010913186,-0.038108073,-0.001489006
0.010525371,-0.0554328,0.037687182,-0.008999869,-0.104578696
