Care,Fairness,Loyalty,Authority,Sanctity
Harm,Cheating,Betrayal,Subversion,Degradation
0.025951352,0.06345224,0.010444734,0.030920088,0.00293912
-0.027746348,0.09820851,0.034329534,-0.0032941066,-0.03956484
0.064782515,0.005586113,0.033518575,0.03701786,0.008419895
-0.003547147,0.03301104,-0.003399332,-0.07624045,0.09004025
0.023403622,0.0011492223,-0.041639835,-0.0998866,-0.05843188
0.03215512,0.09396344,0.056068562,-0.02601813,-0.028893817
-0.008307993,0.033504978,-0.0884213,-0.055907346,0.00034685805
0.046263188,0.11437497,0.046788435,0.08864459,0.032518122
-0.040643,-0.07817738,-0.0592852,-0.050113767,-0.17641199
-0.038438074,0.07200026,0.084863625,-0.005708825,-0.02965967
-0.022089578,0.014082732,0.038168885,0.03354826,-0.023666717
0.06341,0.049856674,0.041650183,0.011544857,8.78647e-05
