Care,Fairness,Loyalty,Authority,Sanctity
Harm,Cheating,Betrayal,Subversion,Degradation
-0.020001996,0.100926764,0.068872064,0.106951445,0.040607035
-0.120066404,-0.046634756,-0.0387148,-0.027211979,-0.0704989
0.0048764925,-0.010555264,0.02984666,0.022729892,0.010484986
0.05172296,-0.027689356,0.043059777,0.069015056,0.11065778
-0.12438074,-0.056815013,-0.13054627,-0.14652562,-0.1846235
-0.014776558,0.02245684,0.047724452,0.04130373,-0.061747313
-0.03148341,0.062073063,0.15662622,0.1356726,0.048478663
-0.042600624,0.008709384,-0.02512222,-0.086710006,-0.057764847
-0.10373892,-0.012930273,-0.033171657,-0.057366543,-0.11378747
-0.0860233,-0.016264725,0.08270098,0.04934033,-0.10190919
-0.09268446,0.08357331,0.17357685,0.10490529,-0.00201423
0.039402243,0.013559278,0.027515821,-0.009657095,-0.053736497
-0.020643873,-0.09422335,-0.110108,-0.10062808,0.014071623
-0.013984334,0.06016578,0.098731995,0.017338643,0.040013958
-0.08375318,-0.04684119,-0.043806568,-0.019760055,-0.047242418
0.01586129,-0.014196206,-0.0044171177,0.0036843298,0.07709636
-0.093814,-0.061950393,0.047598444,0.025681734,-0.09396179
-0.106421694,-0.18809772,-0.21152265,-0.11203707,-0.09618153
-0.052785005,-0.014337026,-0.06387565,-0.030244142,-0.10681488
-0.07008165,0.0082326755,-0.050872304,0.012007991,-0.03606844
-0.20728758,-0.0029992415,-0.032552667,0.02074633,-0.062091976
0.02550182,0.07525755,0.04547302,0.12362647,0.087109834
