Care,Fairness,Loyalty,Authority,Sanctity
Harm,Cheating,Betrayal,Subversion,Degradation
0.008345296,0.0020194612,0.011466151,-0.014777169,-0.03393263
0.024017354,-0.005840091,-0.030591499,-0.08314621,0.030336738
-0.0631001,-0.05167628,-0.012427723,-0.00148293,0.007795547
0.08274206,0.12951186,0.1263966,0.044243187,0.061902232
0.090200216,-0.068633065,-0.03268782,-0.04146354,-0.03689485
0.14423712,0.042970695,0.1133326,0.015122911,0.06192014
0.007603837,0.02832472,-0.024760742,-0.039831325,-0.038410157
