Care,Fairness,Loyalty,Authority,Sanctity
Harm,Cheating,Betrayal,Subversion,Degradation
-0.02148519,-0.0037467275,0.013508316,-0.07003521,-0.10299845
-0.062094346,0.102687314,0.011480272,0.046524845,-0.02362555
-0.07322898,-0.042553853,-0.05049558,-0.011325582,-0.067313515
-0.12343506,-0.0027682632,-0.05929655,-0.042098,-0.16707811
0.08503178,0.088547654,0.12773086,0.001411587,-0.062024623
-0.00613938,0.053035714,-4.9099326e-06,-0.022357333,-0.10021855
-0.008497341,0.07495944,-0.004681347,0.026869845,-0.107360415
0.021291524,0.06739125,0.05291727,-0.006149432,-0.02177289
0.014675119,0.0011854321,0.013615643,-0.037098832,-0.06725209
-0.09127982,0.013976278,-0.1153979,-0.10106273,-0.13435224
0.07105242,-0.014902422,0.092688784,-0.015119336,0.0121737765
