Care,Fairness,Loyalty,Authority,Sanctity
Harm,Cheating,Betrayal,Subversion,Degradation
-0.0056888275,0.022670126,-0.073261745,-0.045114845,-0.122929886
-0.0532935,0.066845044,-0.008906802,0.0025274958,-0.09030703
0.01493218,0.07062387,0.0145612005,-0.011955284,-0.055204034
0.0644511,0.06761684,0.112690136,-0.016673401,8.9876354e-05
0.08811987,0.068418585,0.04185501,0.070011795,-0.03231615
0.012506012,0.10973874,0.040139593,0.12140943,0.06826275
-0.009384822,0.0712156,-0.00022450276,0.024688296,-0.044626646
-0.10064664,0.0057559405,-0.1437484,-0.13242218,-0.21140605
-0.09284788,0.03430911,-0.016185438,-0.029877163,-0.15179685
-0.009394383,0.015493512,-0.07058576,-0.06149506,-0.16494599
-0.037177693,-0.08754097,-0.038546555,-0.03040028,-0.17818727
-0.11118767,0.05406808,-0.021947276,0.005842069,-0.080426626
-0.1232979,0.0035397317,-0.087259784,-0.045212574,-0.1856824
-0.021787114,0.031691313,0.018005304,0.0019250335,-0.14530742
-0.03731434,0.01712855,-0.008676026,0.0068567917,-0.09951871
-0.028766269,-0.008689482,-0.05978149,-0.054866392,-0.119515836
