Care,Fairness,Loyalty,Authority,Sanctity
Harm,Cheating,Betrayal,Subversion,Degradation
-0.0062680542,-0.028829327,-0.052057516,-0.07831766,-0.07157602
0.007931906,0.041709024,0.009048736,0.020442093,0.03843847
-0.02234698,0.035797242,-0.0018680952,-0.05693929,-0.09418354
-0.07102141,0.059635058,-0.0058118133,0.07509481,0.00022381172
-0.11022267,0.07385998,0.032792263,0.034522716,-0.025954358
0.011114466,0.052521672,-0.016577486,0.04018543,-0.099121474
0.016142149,0.089245364,0.010994809,0.082335465,0.01802194
-0.015350612,-0.014363553,-0.050366327,-0.0746559,-0.03856931
-0.010721125,-0.005277386,0.008920119,0.034171555,-0.064179525
0.05262011,0.05820395,0.044767648,0.06877604,-0.0012453031
-0.058252428,0.04650874,0.044611603,0.12548736,-0.04448399
0.024918664,0.07255786,0.12450656,0.09933322,0.10436575
0.035815466,0.011806447,0.09176606,0.08831641,-0.0036171451
-0.006587185,-0.002853576,0.05117044,0.009639416,-0.0058031585
-0.04705349,0.093702815,0.09540176,0.11428657,0.04046493
0.016886504,0.008847697,0.057922296,0.01673526,0.00032023247
