Care,Fairness,Loyalty,Authority,Sanctity
Harm,Cheating,Betrayal,Subversion,Degradation
0.04632689,-0.0015770486,0.013381936,-0.01791456,-0.04099887
0.0074273003,-0.010484129,-0.09596292,-0.05302973,-0.05070087
0.039271623,0.04209315,-0.091176,-0.071383744,-0.0713063
0.10290812,0.016012305,0.023064796,0.027873011,-0.006676781
0.14178422,0.06624994,0.07395509,0.032739453,-0.04377271
0.078445055,0.040471718,0.11231156,-0.003968717,-0.014719922
0.114365816,0.082183816,0.039575938,-0.050103165,-0.028932136
0.059116535,0.013837928,-0.02278743,-0.06892673,-0.055210665
0.069788225,0.021646272,0.11229805,0.046662014,-0.038837794
0.12582806,0.07694903,0.14943168,0.0088470895,0.027437638
0.052864082,0.013802493,0.03864897,-0.11070828,-0.08673419
0.0976091,0.069174014,0.06936529,0.026843732,0.0068020783
0.06334134,-0.03148886,0.12427725,0.013837636,-0.01160668
