Care,Fairness,Loyalty,Authority,Sanctity
Harm,Cheating,Betrayal,Subversion,Degradation
-0.018120496,-0.018807177,-0.021994445,-0.007811498,-0.023192333
0.01673733,0.09065481,0.088745356,0.08196608,0.057630327
0.029961286,0.113600485,0.040207613,0.11365423,0.00836321
0.009538894,0.049146302,0.02477476,-0.013880864,-0.066612735
0.0006433986,0.02937291,-0.055933338,-0.028778557,-0.0034037344
-0.0765053,-0.061500028,-0.050221313,0.011127078,-0.03964641
-0.021400776,-0.029278735,-0.03806587,-0.014918502,-0.060075022
-0.09753789,-0.003068,-0.05810733,-0.061580066,-0.021477498
0.0039035436,0.009745924,0.00034691906,0.030687664,0.002515018
0.038021665,-0.0045375368,-0.016274566,0.01450271,0.02644812
-0.020259412,-0.0081631895,-0.041972905,0.024858128,-0.029381994
0.025383847,0.15097502,0.09642397,0.12541553,0.049597718
-0.039869368,-0.09894739,-0.057124857,-0.012556097,0.026320867
0.037529424,0.013316661,0.0040824637,-0.0031074183,-0.03909881
-0.19601174,-0.047352694,-0.12390204,-0.06937533,-0.14787686
-0.038882144,0.023562754,0.026563767,0.0197242,0.0007905066
-0.027719462,0.03042804,-0.043468352,-0.028351858,-0.055894196
0.034397494,-0.025633574,-0.008251636,0.01513391,-0.0061739646
-0.06997696,-0.07656424,-0.10216151,0.034395304,-0.027801927
-0.06117588,-0.07967788,-0.02300007,-0.025848147,-0.006035431
