Care,Fairness,Loyalty,Authority,Sanctity
Harm,Cheating,Betrayal,Subversion,Degradation
-0.012346217,-0.015274712,-0.052622728,-0.023865659,0.048005715
0.05593975,-0.01026907,0.065841325,0.094952896,0.065494664
0.02370933,0.018072102,-0.10452176,-0.13289545,-0.023802334
-0.13732953,-0.041789085,-0.059604596,0.021874025,0.026602566
0.08085455,0.01592366,-0.041058414,-0.06268194,0.06175232
0.04484156,-0.013132583,0.035310827,-0.034722082,0.011925142
0.009660423,0.08371176,0.04658554,0.058239214,0.08291925
0.02064377,0.093710415,0.044915106,0.049199022,0.043589152
0.114355356,0.032788336,0.023428153,0.08496733,0.005467251
0.044410214,0.048256923,0.0094406055,0.00089084916,-0.023716055
