Care,Fairness,Loyalty,Authority,Sanctity
Harm,Cheating,Betrayal,Subversion,Degradation
-0.026042633,0.031346105,-0.018582061,-0.030907635,-0.12154874
0.023214474,-0.06731944,-0.10879652,-0.103162065,-0.02538203
-0.032627217,-0.027117232,-0.021564282,-0.026699921,-0.086952195
0.030099433,-0.062941395,-0.0033670561,-0.0016099769,-0.030404419
-0.058513537,-0.08300157,-0.13945921,-0.027768718,-0.0287693
-0.04711041,-0.0564434,-0.14845833,-0.054212555,-0.1940763
-0.01155931,0.029023621,0.05187187,0.05668146,-0.036482163
-0.056283474,-0.051928498,-0.030921351,-0.040090792,0.006142055
0.10602835,0.09597359,0.047161467,-0.040708564,-0.078666285
-0.16012743,-0.03035428,-0.08458927,-0.057651237,-0.12963128
0.06584929,-0.039112985,0.03195307,-0.06874791,-0.13294154
0.042285714,0.015800927,-0.018617064,0.043929894,-0.034304485
-0.015539726,-0.036879398,0.0055681835,-0.04479143,-0.124291316
0.06295763,0.046740256,-0.030673074,0.017629735,-0.01717549
0.03715105,0.042136583,0.031798176,0.05784312,0.0026285183
0.063354045,0.06650495,0.1362325,-0.01015863,-0.020436032
0.034789063,-0.0024991753,0.05439152,-0.0031116232,-0.058831703
-0.027164737,0.07467106,0.06112034,0.036918007,0.043082528
0.04173946,0.066049166,0.0414873,0.003693521,-0.10335677
-0.08390709,-0.0811723,-0.06627405,0.0189429,-0.085238606
-0.021634795,-0.012800535,-0.01218381,-0.031055901,-0.12085943
-0.0297531,0.022298496,0.014464617,-0.025278341,-0.11028266
0.0412368,0.073404916,0.07590022,0.013234792,-0.02655986
0.009442678,0.013641583,-0.008094247,-0.119485736,-0.0953024
-0.11255367,-0.071752064,-0.1674598,-0.09269383,-0.21357311
0.08831755,0.01180093,0.027037762,-0.028883483,-0.064820014
0.029481048,0.025514439,0.068713084,0.00781852,-0.017367117
-0.060794454,-0.012394603,-0.09075597,-0.11256204,-0.22359142
-0.09862354,-0.06057297,-0.13154282,-0.12564744,-0.2442064
-0.09453553,0.10678674,-0.09356237,-0.033711113,-0.09882787
