Care,Fairness,Loyalty,Authority,Sanctity
Harm,Cheating,Betrayal,Subversion,Degradation
0.007166235,-0.06293358,-0.025991682,-0.07017351,0.0026489217
0.079777166,0.06940902,0.1315375,0.067340806,0.07541854
0.05446223,0.3016699,0.26348358,0.2151368,0.059719004
-0.08381195,-0.13396841,-0.1686307,-0.082055,-0.03555754
0.025249917,0.050448574,0.0566097,0.095453925,0.06083011
0.02231272,0.034574267,0.0362928,0.03812691,-0.026363768
-0.118789196,-0.056906763,-0.0011309553,-0.052772064,-0.11870817
-0.05870502,-0.14195395,-0.11562805,-0.010905639,-0.14986774
-0.063103594,0.042339966,-0.07129973,0.016516693,-0.059018444
0.038934305,0.07839914,0.025885426,0.03772424,-0.03289838
0.07658334,0.072615705,0.10599979,0.071769744,0.018085614
0.07098186,0.004578815,0.0101955775,0.0051003043,-0.015690789
0.025212564,0.028055755,-0.010076612,-0.037306733,-0.00060015125
0.017518897,-0.0034267018,0.046853185,0.07289561,0.03129153
-0.03416671,-0.054493506,-0.003140621,-0.054271266,-0.0813279
-0.09455399,-0.046672538,-0.050310448,0.027420182,-0.051827386
-0.05031531,-0.103908174,-0.1288295,-0.08436947,-0.1342448
0.04584534,0.107744925,0.09918408,0.07037196,-0.023619473
0.032680638,-0.11267419,-0.017339079,-0.08018199,-0.11530672
0.015452433,0.11571187,0.074329495,0.08776909,-0.02245006
0.11998293,0.08911178,0.05559007,-0.030667063,0.017901685
0.057620984,0.016205873,0.08953449,0.050375916,-0.059738103
-0.10511772,-0.05853973,-0.08907905,-0.09077608,-0.17674392
-0.053941056,-0.02298668,0.019820789,-0.015807295,-0.05245258
-0.002248127,-0.017913457,0.03622026,0.038141176,-0.0003195973
-0.0067162877,0.030720461,-0.016927432,0.16516483,0.107061274
-0.012669606,0.0151665155,0.0066410406,0.045165166,-0.0074841157
