Care,Fairness,Loyalty,Authority,Sanctity
Harm,Cheating,Betrayal,Subversion,Degradation
-0.026367743,-0.06169898,-0.05785551,-0.08491098,-0.10184978
0.01379085,0.009441327,0.0239298,-0.03761529,-0.06566366
-0.06234971,-0.0021470282,-0.072144516,-0.136253,-0.08963814
-0.06852155,0.049774982,0.08913264,-0.0067376513,-0.019170716
0.05718376,-0.05830453,0.080266126,0.0049093273,0.005159488
-0.12235312,-0.093431145,-0.036737822,-0.108487025,-0.22458804
-0.110603265,-0.17026919,-0.17039156,-0.06021731,-0.10126547
-0.087081864,-0.09690425,-0.21096727,-0.12519509,-0.22384208
-0.0012180526,-0.023348045,0.02731589,-0.012173486,-0.017842453
0.04300452,-0.0030542067,0.033845082,0.043453872,-0.09497465
-0.03636191,0.09134664,0.0655494,-0.0061253784,0.011669979
0.078006625,0.03978331,0.06597628,0.018497964,0.068695575
-0.045676775,0.031082043,0.01784771,-0.008663066,0.0018202364
0.02424791,0.09615022,0.03309829,-0.048440784,0.027796803
0.028450526,0.14016913,0.26210397,0.15555972,0.031551756
0.04592015,0.11182293,0.07554813,0.06593316,-0.0030310862
0.055463817,0.06428611,0.09774816,0.009236735,-0.0148966275
0.018304553,-0.029159887,0.013242867,-0.06407043,-0.0399621
0.036076434,0.027434254,0.23675321,0.018386506,-0.026742699
-0.018300645,0.121663034,0.02859035,-0.0047458224,-0.05072704
0.021695849,-0.018323328,-0.010648057,0.009712521,-0.1020644
