Care,Fairness,Loyalty,Authority,Sanctity
Harm,Cheating,Betrayal,Subversion,Degradation
0.0486442,0.032267142,-0.03505121,-0.0044154925,-0.025947072
0.03181402,0.12832461,0.05302226,0.03737433,-0.03907363
0.0886422,0.06181986,0.121606864,0.020287348,0.044667553
0.03555623,-0.050055005,-0.053393193,0.029327158,0.074054
0.068231314,0.082599886,0.09986667,0.06710848,-0.029845662
0.034414016,0.066559315,0.11486981,0.08675877,0.00091023743
-0.02354625,-0.0046130605,-0.02047869,0.09931247,0.0728095
-0.13202658,-0.07925533,-0.088369414,-0.061302345,-0.04859936
0.012200506,0.012372892,-0.00043931138,-0.029682038,0.016700277
0.006175394,0.028070953,0.0733115,0.08057313,0.17202564
0.06280809,0.06797949,0.07412511,0.09670588,0.12951252
0.16234396,0.12513115,0.106133446,0.15314707,0.06535557
-0.08489422,0.06737757,-0.1252136,-0.010035155,-0.048128422
-0.0088619245,0.05135719,0.050029214,0.021476138,0.072837606
-0.08179647,-0.0086215325,0.025605382,0.044923224,-0.09352583
-0.05992885,0.037597507,-0.066925205,-0.044412743,-0.044378605
-0.09140805,0.0082753,-0.05679878,-0.013943388,-0.026227804
-0.06046422,-0.018130153,-0.04824405,-0.006584568,-0.030624533
