Care,Fairness,Loyalty,Authority,Sanctity
Harm,Cheating,Betrayal,Subversion,Degradation
0.028767973,0.0640907,-0.0075932452,0.045503046,-0.020141702
0.08600147,0.009404015,-0.121283345,-0.05194993,-0.03754797
0.036472775,0.043525577,-0.026423272,0.17744467,0.05812075
0.0038838387,0.10672472,0.04656578,0.10809097,0.07980063
-0.0041619837,0.14787911,0.07441371,0.103353366,0.054173455
-0.039684802,0.109898254,-0.016607277,0.0366396,0.011082493
0.075832576,0.06743878,-0.046340473,-0.00869388,0.02877998
0.009405201,0.10565335,0.03451749,0.091733575,0.030619623
0.0044626584,-0.008402731,-0.0184954,0.032629646,0.022400934
0.080361106,0.056023657,0.010882176,0.02659769,0.0040578283
0.13099012,-0.036350533,-0.09485745,0.021006802,0.020963963
0.010233413,0.072116114,-0.023769025,0.088333644,0.046487287
0.04439027,0.036143746,0.00039833784,0.06912057,0.029322281
0.047201544,0.118101925,0.066486366,0.13211638,0.040979184
0.049179062,-0.006487459,-0.013005953,-0.011736654,-0.047806054
0.053584192,-0.0011546742,-0.07710107,-0.0232797,-0.014225941
-0.024983093,0.10100195,0.07774892,0.15294728,0.04385667
0.022742419,0.102844216,0.055086322,0.04583265,0.02168841
0.08826378,-0.0064931214,-0.07950046,-0.008250542,0.014706422
-0.02103444,0.04892076,0.0149124935,-0.0066811526,0.09306036
0.041363724,-0.06189975,-0.11867581,-0.0033937735,-0.017970283
0.005377574,-0.0060063377,-0.13750343,-0.04259829,0.0024190862
-0.056854054,0.05037564,-0.07523208,-0.047076114,-0.014623037
-0.0358804,-0.0303652,-0.11989676,-0.018151172,0.122590855
0.03221547,0.10912758,-0.029007241,0.03106362,0.07832872
0.098346725,0.053032365,0.037304603,0.11822441,-0.0014408529
-0.03729073,0.0394282,0.07067628,0.070114166,0.041635714
0.16926277,0.13881585,0.24026579,0.13597962,0.112877116
0.0014743842,0.010718017,0.025867827,-0.025686402,-0.069810696
0.020080626,0.030886523,-0.023262825,0.0010422049,-0.042898208
0.010309719,0.06703497,-0.055888593,-0.00095371716,-0.0019819913
0.05045165,-0.018747054,-0.13799544,-0.09693049,-0.06891595
0.00614579,0.033501443,0.14875624,0.118768945,0.06777689
-0.12868091,-0.024563981,0.0128376875,0.08185295,-0.03804975
-0.027794097,-0.03035767,-0.050750766,-0.034155864,-0.0032706484
0.16964878,0.09034167,0.094850875,0.060330223,0.14441255
-0.02539609,0.12490726,0.23986128,0.23178717,0.18379465
-0.15329647,-0.096742794,-0.22494206,-0.14163074,-0.15583906
