Care,Fairness,Loyalty,Authority,Sanctity
Harm,Cheating,Betrayal,Subversion,Degradation
-0.09821323,0.064472556,0.010478435,0.084910415,0.019471612
0.011104028,0.07353203,0.025681574,0.0759202,0.004342852
-0.008968952,0.10341025,-0.0031082444,0.10642904,0.02003147
0.04638642,0.113820896,0.079951525,0.0905779,0.035311356
0.12967773,-0.028794672,0.058828577,0.011502616,0.009896785
-0.063102156,0.029055826,-0.027600106,-0.05710134,-0.09224403
0.011675546,0.087708384,-0.018127523,0.00018844893,-0.018350538
-0.02347032,0.07596118,0.081847735,0.12123592,0.07410768
0.056461975,-0.019463088,0.016070753,0.02777804,0.011661878
0.016562369,0.08169511,0.08842729,0.18877509,0.032703754
-0.06573602,0.0766745,0.050679773,0.108650416,0.035620797
0.070254944,0.015667982,0.06308741,0.051647626,0.011399752
-0.05414435,-0.06234152,0.018621951,0.034995474,-0.038629793
-0.01922033,0.04075902,8.616969e-05,-0.04409105,-0.001621197
-0.033670638,0.063760564,-0.0052951835,0.03376834,-0.11174169
-0.16864908,-0.055012062,-0.08025489,-0.008677853,-0.116619796
0.049180914,0.03600599,0.033720624,0.0001196675,-0.119288504
-0.14739913,-0.105538614,-0.15151036,-0.14820752,-0.27870244
-0.055774376,0.092451625,0.06123347,-0.013594764,-0.05792724
-0.07863003,-0.12767254,-0.05875844,-0.06548387,-0.08222419
-0.058945276,0.120188236,0.06877715,0.038136743,-0.037308782
-0.04689376,0.14211163,0.022195796,0.06375095,0.056023892
-0.06719417,-0.031487808,-0.017436767,-0.001681475,-0.023459438
-0.003554467,0.017616123,-0.052244112,0.031437054,-0.023275902
-0.024510756,0.04796974,0.019596469,0.071041666,-0.04248051
0.08637826,0.07390678,0.090310715,0.11894933,0.036242984
