Care,Fairness,Loyalty,Authority,Sanctity
Harm,Cheating,Betrayal,Subversion,Degradation
0.011337091,0.0093784835,-0.0086157685,-0.009865322,0.053163093
0.08608541,0.013012674,0.0021360032,-0.050378535,0.026990876
0.07254781,-0.018658591,0.15971795,0.12378087,0.16003314
-0.04870469,-0.03811066,0.00697737,-0.023150742,-0.08206516
-0.05898696,-0.027375164,-0.01361361,0.05417114,-0.02642165
-0.14774492,-0.15735376,-0.14044295,-0.14026889,-0.24915785
-0.023771701,0.05374947,0.18159443,0.05154866,0.01801767
0.015123038,0.0064254287,0.019290032,-0.016865278,-0.01478201
0.040188335,0.032498598,0.027839866,-0.014642904,-0.048928507
0.044088617,0.10653092,0.14682761,0.07906026,0.12490976
-0.016648363,0.09293982,0.0051502073,0.0066292863,0.07790392
0.15437591,0.14284873,0.11621575,0.027305847,0.14675683
-0.0076210992,-0.012010773,-0.021729806,0.009260999,-0.00887388
-0.058742154,0.061074473,0.010005873,0.0036121868,-0.014534583
0.06438075,0.13541704,-0.02145921,-0.07126853,0.06291279
0.07735352,0.17913187,0.014148033,0.05046381,0.14867216
0.12540689,0.12836528,0.14530888,0.045708753,0.023535773
0.09125775,0.0765152,0.15582007,-0.04137844,0.10173698
-0.018687824,0.059524953,0.018268667,-0.10008612,0.033452116
0.11458383,0.07217454,0.08223249,0.0098145455,-0.012484649
0.056633506,0.06286651,0.124794096,-0.013174882,0.004429413
-0.13146001,-0.039681233,-0.012537993,-0.013752268,-0.09326795
-0.011448916,-0.10983938,-0.05987388,-0.05822314,-0.023163777
-0.07472843,-0.020920673,-0.04703085,-0.09211609,-0.23694877
0.1034123,0.032965563,0.016896091,-0.0045833644,0.038108222
0.012652472,0.02187058,0.07259679,0.06439059,0.045658357
0.09348705,0.049720105,-0.008977046,-0.0064731315,-0.019059077
0.039993726,0.08532044,0.08389059,0.007424485,0.021660332
0.09106849,0.011917696,0.11361597,0.0671888,0.036781296
0.04618449,0.09320751,-0.0015603667,-0.012933835,0.01167772
0.09844896,0.056390114,0.08106676,-0.035679985,0.093989916
-0.074914426,-0.077822864,-0.16336852,-0.2001099,-0.15891823
0.062140856,0.01888407,0.031612422,0.033326115,-0.0011437791
0.09228511,0.020208258,0.047319256,-0.038490247,0.012269224
-0.0007086545,0.008048676,-0.0011730539,-0.11519297,-0.08059697
0.06292665,0.0659499,-0.03730972,-0.03046056,-0.0014606328
0.043091618,0.026897945,0.07511413,0.07744057,0.06593741
