Care,Fairness,Loyalty,Authority,Sanctity
Harm,Cheating,Betrayal,Subversion,Degradation
0.015266001,0.007247654,-0.034685068,-0.04412297,-0.09323169
0.027771328,0.006120052,0.060800232,0.024841385,-0.08292727
0.08432087,0.17870688,0.087893784,0.04164187,0.0042602364
0.07725316,0.034824476,-0.0577536,-0.010922355,-0.017643783
-0.0119308,0.021305714,-0.042807125,-0.013041191,-0.08877801
-0.048727617,-0.029125694,-0.048502147,-0.07668183,-0.13005257
-0.060140505,-0.059487574,-0.030513402,-0.061669484,-0.17669004
0.03314197,-0.01866635,0.047143094,-0.034119327,-0.11053993
0.025170868,0.0069724806,-0.056848206,-0.15736434,-0.09083866
0.05759435,0.003202118,0.03678392,0.03219875,-0.072009996
0.021482557,-0.102456145,-0.01085953,-0.0075724823,-0.04976315
-0.008086907,0.036414906,0.037382938,0.0505193,-0.067070775
0.046442166,0.041294582,0.0784367,-0.030646656,-0.013384417
0.07610433,0.068915986,0.12349231,0.054211244,-0.015639814
-0.016005155,0.05047731,0.07198036,0.020428076,0.039399467
0.05961455,0.088688865,0.13270587,0.10335225,0.0739121
0.046118475,0.10743147,0.024492761,-0.011357212,-0.013406664
0.042157233,0.07913947,0.13534221,0.021652156,-0.032522496
0.06574406,-0.004543826,0.06251489,-0.071939744,-0.046301633
0.03313066,0.039011132,0.13203342,0.15011615,0.11458544
-0.017096184,0.0026974007,0.031077446,0.0049568675,-0.045455396
0.07595402,-0.0045745447,0.033316273,-0.018489204,-0.028157387
0.032820545,-0.037736982,-0.031721205,-0.005863384,-0.05761163
0.06708433,-0.08086779,-0.02801388,-0.12489729,-0.061216414
0.02185029,0.045864068,0.09585327,0.013828478,-0.07815495
-0.023789247,-0.09600894,0.00526949,-0.14740098,-0.12351919
0.023436189,0.05030244,0.029715803,-0.05666522,-0.114220515
0.064216256,0.16855378,0.252775,0.19774151,0.115484625
0.00907331,0.101595506,0.06205709,0.1746354,0.0033965632
0.01673023,-0.014699684,0.017027132,-0.0106936125,-0.1300953
0.03601288,0.015634181,0.03736432,-0.015266394,-0.04177564
-0.07211515,0.010750812,-0.054230087,-0.06259648,-0.12217054
0.022438943,-0.017472077,0.044468753,0.0705388,-0.0492444
