Care,Fairness,Loyalty,Authority,Sanctity
Harm,Cheating,Betrayal,Subversion,Degradation
0.032784533,0.05821363,0.08435134,0.032224555,0.03970519
0.04551297,0.0041896403,0.053525824,0.00085036457,-0.021428823
-0.06872901,-0.045735855,-0.15642954,-0.031402655,-0.067926
0.0006492473,-0.0072735623,0.0023642657,-0.021177689,-0.06898663
-0.062441655,0.009126972,-0.09450519,0.00020051561,-0.10227643
-0.09668079,0.015362626,-0.036460932,-0.050659426,-0.13921203
-0.04965637,0.022769475,-0.05786889,-0.01634954,-0.03873832
-0.011476539,0.07784258,0.02822167,-0.011064934,-0.02009828
0.09892165,0.065811634,0.05622018,0.0574608,0.074294664
0.15492445,0.07476496,0.07689639,0.096124925,0.10845141
0.05974617,0.13829102,0.19916022,0.06935008,0.058392882
0.013637777,0.071585596,-0.016212761,0.04030315,-0.013146311
0.094539374,0.078113765,0.0524719,0.086366765,-0.0041432898
0.055880442,0.068634674,0.04510795,0.09608942,0.04872569
0.036738403,0.09107771,-0.0052905716,0.08145095,0.036343127
-0.06092654,-0.010127865,0.012905568,0.042389464,-0.015548717
-0.03135881,0.0062240437,0.015119214,0.04696688,-0.069565356
0.065057,0.030116899,0.020503797,-0.032889664,0.0047746897
0.022308566,0.061133396,-0.03492464,0.05115654,0.0529754
0.10956961,0.070585355,0.12964207,0.08203143,0.06588275
0.06299011,0.10009476,0.1011107,0.07935692,0.0024529286
0.08512948,0.093040824,0.12849747,0.054813836,0.038114205
-0.018278498,-0.002644362,-0.089283556,-0.024845663,-0.14077058
0.048329324,0.0574223,0.10861347,0.03869556,-0.032492884
0.060176175,0.08530824,0.12609182,0.008010704,0.0068268906
0.08931067,0.12237617,0.13400218,0.078841805,0.05649424
