Care,Fairness,Loyalty,Authority,Sanctity
Harm,Cheating,Betrayal,Subversion,Degradation
0.0040910374,-0.01762753,-0.017447017,-0.061198317,-0.09644434
0.04433765,-0.0017360337,-0.044546146,-0.040581007,-0.03133253
0.027464941,0.12128342,0.024863746,-0.009079004,-0.0687735
-0.027559133,0.063826695,0.004134872,-0.0043522166,-0.025890429
0.029071167,0.060280472,0.10401513,0.05790257,-0.06553003
0.10218996,0.11475672,-0.0044302912,-0.0470628,0.029718466
0.049125783,0.045085847,0.087880366,0.015468726,-0.132099
0.0013985569,0.014526188,0.033119,-0.0068712546,-0.07433999
-0.07389201,0.023505963,-0.029695684,-0.012777999,-0.1221025
0.06209546,0.01221889,0.13987595,0.07968128,0.023068905
0.10638626,0.02253707,0.009619502,-0.080685265,-0.05923456
0.048148457,0.037263934,-0.023983315,-0.07152934,-0.056677476
0.14778385,0.08820465,0.16879053,0.09175074,0.023279894
0.078602076,-0.065631375,0.0070636123,0.0052048517,-0.06228647
0.019767445,0.0985907,0.116167895,0.046449848,-0.02117644
0.04136262,0.05537463,0.03968395,-0.007655169,-0.020062672
