Care,Fairness,Loyalty,Authority,Sanctity
Harm,Cheating,Betrayal,Subversion,Degradation
-0.04115215,0.016365066,-0.06842934,-0.01636337,-0.016263012
0.044444967,0.06367348,-0.035755623,0.059367634,0.010591041
-0.031549655,0.0626242,0.0599424,-0.045827217,-0.015592104
0.055880617,0.076388106,0.041809574,0.007546178,0.039107315
0.0054748636,-0.0045959763,0.022632318,-0.026108574,-0.024981674
0.06494856,0.11117071,0.12012893,0.08307122,-0.006826319
0.027982498,0.026510492,0.008250391,0.025953267,0.068322815
-0.12641758,-0.09158511,-0.114193164,-0.06674962,-0.0712035
-0.040657748,-0.014017887,-0.04456781,-0.05491715,-0.081240386
0.03577719,-0.011130322,-0.019163847,-0.048516165,0.05971364
-0.01879251,-0.032551236,-0.16953132,-0.063168764,-0.093301654
0.05238744,0.12472153,0.10862158,0.049794618,0.09908083
-0.006759988,0.0042458214,0.051406197,0.025249237,0.064825274
-0.01551003,-0.07193056,-0.050379902,0.011430465,-0.033930197
