Care,Fairness,Loyalty,Authority,Sanctity
Harm,Cheating,Betrayal,Subversion,Degradation
0.010252771,0.036478072,-0.0027542962,-0.015822124,-0.035058834
0.047503203,0.062933564,0.09522704,0.07717105,0.010986492
0.07193602,0.06092342,0.027712649,0.09176026,0.033269405
-0.015723458,0.033176623,0.026854858,-0.016613435,0.008548763
0.035264943,0.010360589,-0.05839257,0.027310096,-0.015664732
-0.057017192,-0.03705868,-0.06052157,-0.099085644,-0.10067984
0.09676957,0.10023886,0.12093814,0.008557801,0.004983751
-0.022632506,-0.05254241,-0.040130496,-0.05045122,-0.07653254
-0.061083294,0.009729452,0.15566805,0.166118,0.07691465
0.06443436,0.11508596,0.11772082,0.15125614,0.02696204
0.06636408,0.14966407,0.13582394,0.039818794,0.03212715
0.07803847,-0.05188532,0.06229087,-0.064683124,0.016425537
0.025993345,-0.03501298,-0.03351306,-0.040722124,-0.058844693
0.034079958,0.10691738,0.08893345,0.059748806,-0.030947056
-0.026238305,-0.0563012,-0.080774635,-0.059223708,-0.0733811
0.08873501,0.026167236,0.02675457,-0.026523665,0.017618537
-0.06007804,-0.061968,-0.10932845,-0.073988795,-0.112515956
0.017183311,0.01073912,0.010328438,0.025085457,-0.04812961
0.05224795,0.06085585,0.041635584,0.0745478,0.075685866
-0.01887482,0.011530886,-0.06358613,-0.016161118,-0.07258752
-0.02275623,-0.07725502,-0.09128733,-0.08550072,0.0045410106
0.06843447,0.047702376,-0.00091485353,-0.03190082,0.024091482
-0.052717924,-0.008995824,-0.065200865,-0.016458485,-0.09261347
-0.042759687,0.047343254,-0.03114238,-0.012924686,-0.034831136
-0.055346947,0.01537922,-0.016699456,0.0042814855,-0.018970966
0.070765086,0.060692996,0.007087731,0.038538776,-0.044423092
-0.018893922,-0.0054559223,0.07889189,0.055919174,0.036899827
0.013525303,0.01808009,0.020366643,-0.07434275,-0.082127005
0.057705715,-0.026158214,-0.03715327,-0.0990703,-0.1268171
0.14061189,0.02235457,-0.022183888,-0.08441664,0.12827632
0.08012695,0.0854106,0.1031194,0.05114139,0.0726914
0.11035486,0.037896685,0.18286037,0.0063508675,0.032270495
-0.037364498,-0.038048703,-0.07869298,-0.038731106,-0.027389519
-0.026487699,-0.002370771,-0.034409706,-0.032424226,-0.07651165
