Care,Fairness,Loyalty,Authority,Sanctity
Harm,Cheating,Betrayal,Subversion,Degradation
0.00792872,-0.02863061,-0.08626106,-0.06263861,-0.1062662
-0.18205005,0.06427048,-0.18492036,-0.17145622,-0.21324798
0.038107745,0.14066899,0.14188138,0.13447598,0.085926786
0.073833555,0.033575557,0.04199171,0.026185017,-0.024761505
-0.0070208143,0.02897434,-0.09940531,-0.09412927,-0.06183105
-0.019645778,-0.038925797,-0.06662555,-0.10098204,-0.098120734
-0.05279196,0.029012531,-0.052349243,-0.017221056,-0.019374423
-0.12541552,-0.0106287375,-0.12228187,-0.055560842,-0.22871765
0.0049933447,0.024390653,-0.041556004,-0.08890486,-0.13205922
-0.018592346,-0.0019790046,-0.02106965,0.007870354,-0.07823795
-0.0557674,-0.0053266156,-0.050622918,-0.06913835,-0.17255689
-0.028099988,-0.025643198,-0.038621128,-0.02715504,-0.118243
-0.024105348,0.0054173963,-0.030179402,-0.043687195,-0.05145233
0.094125815,-0.012039803,0.085447535,-0.019453498,0.024222508
-0.04122888,0.054063708,-0.032686274,-0.0052737407,-0.07765575
0.035972804,0.03874676,-0.009316574,-0.018227499,-0.10049419
-0.12432192,-0.033835765,-0.07717032,-0.09898577,-0.08881581
-0.05321651,-0.057989463,-0.06710577,-0.064341865,-0.11851452
-0.055781756,-0.024070643,-0.103076965,-0.09720445,-0.17499313
-0.030506533,-0.03511505,-0.066802405,-0.111581944,-0.16384071
-0.04241737,-0.06485568,-0.10400358,-0.111958064,-0.19510838
-0.04470984,-0.054432187,-0.13003784,-0.12899487,-0.19708267
0.028108237,0.061333872,0.004332658,-0.041316822,-0.09401623
