Care,Fairness,Loyalty,Authority,Sanctity
Harm,Cheating,Betrayal,Subversion,Degradation
-0.08574476,0.012446385,-0.080665216,-0.07599036,-0.13245304
-0.15133317,-0.120795436,-0.15558685,-0.0694513,-0.10500315
-0.04780843,0.103495695,0.013995331,-0.038703617,-0.041735843
-0.00010966975,0.0925052,0.013520651,-0.056845106,0.020402893
-0.059657425,0.057464954,-0.0656793,-0.13228497,-0.0809603
-0.14695773,-0.0060205534,-0.0975453,-0.12150955,-0.16301768
-0.09452591,-0.082262956,-0.16084135,-0.14980742,-0.12806477
-0.0059309043,-0.04404724,-0.07554014,-0.06798714,-0.04873605
-0.071526736,-0.18851915,-0.18439049,-0.08999828,-0.033251707
0.0316584,0.015629679,0.061138462,0.053295,0.005478509
-0.0424205,0.0737848,-0.04497943,0.05470056,-0.10110192
-0.07975114,-0.0043584965,-0.101042874,-0.090979815,-0.17299771
-0.07179244,-0.013358068,-0.1544329,-0.14455694,-0.16688104
-0.18494773,0.07953696,-0.05327704,-0.0028558662,-0.048600003
-0.10735063,-0.18571122,-0.24777432,-0.14998445,-0.09322515
-0.09892176,-0.0028739981,-0.11116241,-0.09036233,-0.15427831
-0.084089294,-0.031444006,-0.09197049,-0.03719083,-0.018475201
0.07257728,0.13988706,0.12066531,0.20540413,0.089646935
-0.026487712,-0.00237073,-0.034409698,-0.03242423,-0.07651164
