Care,Fairness,Loyalty,Authority,Sanctity
Harm,Cheating,Betrayal,Subversion,Degradation
-0.08133292,-0.04893943,-0.08371383,-0.017857602,-0.111186445
0.048691355,-0.025103547,-0.093247294,-0.09324207,-0.038766053
-0.081960365,-0.031619146,0.0035209525,0.04981496,-0.0004960932
-0.1397881,0.047882497,-0.019831896,0.0034892494,-0.09857272
-0.01964978,-0.0039675534,-0.088284954,-0.02693421,-0.077611946
-0.093698345,-0.0045825075,-0.068229295,-0.041489664,-0.14646858
-0.006894514,0.088319376,0.07941855,0.09645389,-0.05247056
-0.012738554,0.02945888,0.025367813,0.046000443,-0.047283586
-0.06370465,0.07252366,0.014445895,0.12939057,0.05503071
0.03478953,0.042621717,0.040634885,0.09019995,-0.008710154
0.0028333198,0.046123892,0.053377785,0.07866903,0.08781336
-0.19986849,-0.005841946,-0.080706045,-0.04332426,-0.12914488
0.050445054,0.01448606,-0.022568991,-0.0012210384,-0.021968212
0.0055435384,0.04697186,0.0411889,-0.049914908,-0.042235818
-0.04038194,0.06840449,0.07050112,0.0031669568,0.018945705
-0.01849323,0.047170714,0.06354309,0.059062324,0.07723388
0.050064858,0.12146343,0.1456175,0.13192613,0.039177094
0.022457952,0.034038585,0.05232695,0.063828886,0.0071770707
-0.14280358,-0.022293724,-0.038646985,-0.04881328,-0.17284644
-0.17657548,0.060643565,-0.045224734,0.043404892,-0.043193173
0.055962343,0.13868162,0.21566013,0.16388208,0.22443396
-0.0877092,-0.056287773,-0.026764274,0.09848056,-0.10608025
-0.14183274,-0.037569508,-0.05280722,-0.026601102,-0.026449764
0.055666022,0.021144267,-0.0765021,0.0016446002,0.006914478
-0.042500034,0.053955004,-0.063527636,0.0029561426,-0.066432685
