Care,Fairness,Loyalty,Authority,Sanctity
Harm,Cheating,Betrayal,Subversion,Degradation
0.02763845,0.05280976,0.099902466,0.079416156,-0.0084731355
-0.057115898,-0.0073231906,-0.08488536,-0.057574306,-0.13515604
-0.1281451,-0.03734722,-0.08362748,-0.14964491,-0.16262221
-0.07511588,0.09411383,0.13572517,0.086411774,0.012431797
0.074762955,0.077106565,0.21981788,0.04702036,0.09068315
-0.015068943,0.06192633,0.083596185,0.06944779,0.02124042
0.052502844,0.08205025,0.10398167,0.036457457,0.061055977
-0.0006395886,0.04891026,0.038593736,0.069254234,-0.035459056
-0.052404687,0.00069145486,0.0008738786,0.026150914,0.043576982
-0.018736258,-0.032942265,-0.040554866,0.011823827,-0.02762635
0.024596885,0.003278071,0.0142371375,0.0366403,0.043290794
0.014406562,0.06463142,0.05359865,0.06709644,0.02382929
0.032371763,-0.0028383974,0.029377371,0.013870387,-0.028586417
0.027372226,-0.06978044,0.0035009263,0.06017311,-0.043476265
0.038485315,0.055540074,0.04207602,-0.036930658,-0.0031645466
0.05372762,0.06816566,0.021104943,0.042224318,0.0020221118
-0.025281534,-0.0122585,0.013720512,-0.016050212,-0.080460176
-0.06820365,-0.051619157,-0.14428334,-0.11379838,-0.0041472875
-0.02166632,0.073495105,-0.015818957,0.059685245,0.015680647
0.057272278,0.0888538,0.147252,0.085872,0.09010775
0.040905677,0.024065007,0.0445925,0.058442954,-0.038963906
0.062284883,0.03181784,0.0990437,0.028575812,-0.012694677
-0.0722239,0.030986264,-0.014013026,-0.03703297,0.040870845
0.056151852,0.08765066,0.06900517,-0.00074500684,0.021523837
-0.029082723,-0.044341903,-0.056252282,-0.07050391,-0.1354879
