Economic,Capacity,Morality,Fairness,Legality,Policy,Crime,Security,Health,Quality,Cultural,Public,Political,External
0.9802965521812439,0.9292018413543701,0.3288402855396271,0.2973232865333557,0.6131754517555237,0.7799783945083618,0.4355730414390564,0.665471613407135,0.006427787709981203,0.8121287226676941,0.4812866449356079,0.9258766174316406,0.6420699954032898,0.2255965769290924
0.8990502953529358,0.8794934749603271,0.02948542684316635,0.12578736245632172,0.042484596371650696,0.07653326541185379,0.00979469995945692,0.23951919376850128,0.0001548512082081288,0.18895366787910461,0.03164634853601456,0.03755013644695282,0.06987125426530838,0.010549718514084816
0.9470698833465576,0.64836186170578,0.03337762504816055,0.49550873041152954,0.39118799567222595,0.23323093354701996,0.1769533008337021,0.4341081380844116,0.06294239312410355,0.5458981990814209,0.14345821738243103,0.44041067361831665,0.2342337667942047,0.019026076421141624
0.6245753765106201,0.3376334607601166,0.025164643302559853,0.13880978524684906,0.14418154954910278,0.043692540377378464,0.06826853007078171,0.1325615793466568,0.18597204983234406,0.23220358788967133,0.11760751157999039,0.2325495332479477,0.019121093675494194,0.0009502068278379738
0.8378000259399414,0.859541654586792,0.06840207427740097,0.22481057047843933,0.1364264041185379,0.13675393164157867,0.04784400388598442,0.05709544196724892,0.0324336513876915,0.2626523971557617,0.1523987501859665,0.2688229978084564,0.09052020311355591,0.006970951333642006
0.88117915391922,0.8043839335441589,0.03200576826930046,0.247273251414299,0.11356418579816818,0.21542920172214508,0.03915567323565483,0.24706554412841797,0.007020614575594664,0.37034037709236145,0.09308629482984543,0.13482367992401123,0.08557592332363129,0.006305418908596039
0.763529896736145,0.6088222861289978,0.1240646094083786,0.14414626359939575,0.14160631597042084,0.1788753867149353,0.07995913177728653,0.3744993507862091,0.03355548530817032,0.39974501729011536,0.04851974919438362,0.1658475250005722,0.12513282895088196,0.013224896974861622
