Care,Fairness,Loyalty,Authority,Sanctity
Harm,Cheating,Betrayal,Subversion,Degredation
-0.3783691483282354,-0.10929424632734952,-0.27826172827017903,-0.29640923201379576,-0.3529451565582269
