Care,Fairness,Loyalty,Authority,Sanctity
Harm,Cheating,Betrayal,Subversion,Degredation
0.06662155638587874,0.546469671154652,0.4786465330151908,0.2605484418727353,-0.13796167267100434
