Care,Fairness,Loyalty,Authority,Sanctity
Harm,Cheating,Betrayal,Subversion,Degredation
0.129295539282825,0.2988633893153325,0.2118358128444311,-0.029326036728546945,-0.31402428566342433
