Care,Fairness,Loyalty,Authority,Sanctity
Harm,Cheating,Betrayal,Subversion,Degredation
0.22055985431915537,0.8541164691527932,0.8966394265353173,0.5590517090476734,0.21608505833950975
