Care,Fairness,Loyalty,Authority,Sanctity
Harm,Cheating,Betrayal,Subversion,Degredation
-0.06733147008547624,0.2233832184547162,0.08876374090429517,-0.09926597604315712,-0.4504952258206265
