Care,Fairness,Loyalty,Authority,Sanctity
Harm,Cheating,Betrayal,Subversion,Degredation
0.12253617529441851,0.4166346603611899,0.4335322466183349,0.2147877130770317,-0.13655563305995932
