Care,Fairness,Loyalty,Authority,Sanctity
Harm,Cheating,Betrayal,Subversion,Degredation
0.06633866449060477,0.35251399242542325,0.22887691724266412,-0.015344137234867383,-0.24805233997558107
