Care,Fairness,Loyalty,Authority,Sanctity
Harm,Cheating,Betrayal,Subversion,Degredation
0.20537174963460858,0.31954623551215655,0.3308439486261021,-0.03589558860808062,-0.18539717622653884
