Care,Fairness,Loyalty,Authority,Sanctity
Harm,Cheating,Betrayal,Subversion,Degredation
0.07306559407373858,0.6333898008725658,0.44292809870021377,0.3122026843493817,-0.024464935114267616
