Care,Fairness,Loyalty,Authority,Sanctity
Harm,Cheating,Betrayal,Subversion,Degredation
-0.5066615634994507,0.354571449198235,-0.24743963480028008,-0.47648286715651744,-0.4462826789638351
