Care,Fairness,Loyalty,Authority,Sanctity
Harm,Cheating,Betrayal,Subversion,Degredation
-0.08113019240917407,0.4592346666774403,0.5776801448279909,0.3218224649919348,0.05523489863794562
