Care,Fairness,Loyalty,Authority,Sanctity
Harm,Cheating,Betrayal,Subversion,Degredation
0.012676500405384816,0.35894508780992607,0.3020028516271389,0.0388332897545014,-0.2476844614706304
