Care,Fairness,Loyalty,Authority,Sanctity
Harm,Cheating,Betrayal,Subversion,Degredation
0.6293104925016337,0.6343896360721957,0.5976219441851753,0.2777563944281709,0.39413506431319134
