Care,Fairness,Loyalty,Authority,Sanctity
Harm,Cheating,Betrayal,Subversion,Degredation
-0.09161416349986296,0.42987702673042705,0.3127333951013218,-0.10375908075841078,-0.44275675762029953
