Care,Fairness,Loyalty,Authority,Sanctity
Harm,Cheating,Betrayal,Subversion,Degredation
0.06461760800275163,0.372596130862235,0.301769907105885,0.0018106588663144851,-0.2162710507509814
