Care,Fairness,Loyalty,Authority,Sanctity
Harm,Cheating,Betrayal,Subversion,Degredation
0.04409047649656772,0.34163873883209206,0.3282563717814584,0.022355905430349265,-0.2355566314454367
