Care,Fairness,Loyalty,Authority,Sanctity
Harm,Cheating,Betrayal,Subversion,Degredation
-0.07526835141480415,0.18009384769721049,0.27985696905564805,-0.0019690873638446016,-0.5296500878578496
