Care,Fairness,Loyalty,Authority,Sanctity
Harm,Cheating,Betrayal,Subversion,Degredation
-0.04490223069382637,0.29240938688379803,0.2983626611733061,0.04054638010039535,-0.1805276933400567
