Care,Fairness,Loyalty,Authority,Sanctity
Harm,Cheating,Betrayal,Subversion,Degredation
0.04566844988910357,0.6310574596821714,0.23522564199452778,-0.006816572880424032,-0.26006235596946725
