Care,Fairness,Loyalty,Authority,Sanctity
Harm,Cheating,Betrayal,Subversion,Degredation
-0.2376085279437039,0.25880895297628115,0.2162656819260902,0.16759873460614294,-0.1290891440378148
