Care,Fairness,Loyalty,Authority,Sanctity
Harm,Cheating,Betrayal,Subversion,Degredation
0.4604933853797386,0.7299284231525083,0.4417701739758564,0.12106161865003906,0.23824706896257997
