Care,Fairness,Loyalty,Authority,Sanctity
Harm,Cheating,Betrayal,Subversion,Degredation
0.17306873902711106,0.3795625257236317,0.37300468041696555,0.15950931984662708,-0.02495663701393358
