Care,Fairness,Loyalty,Authority,Sanctity
Harm,Cheating,Betrayal,Subversion,Degredation
-0.03731409601938063,0.12515425611579922,-0.04952577081811771,-0.1099075352158726,-0.19563953347051377
