Care,Fairness,Loyalty,Authority,Sanctity
Harm,Cheating,Betrayal,Subversion,Degredation
-0.04607351561633144,0.10511639494357783,0.0037627149927652592,-0.19430373038517745,-0.20993694554669817
