Care,Fairness,Loyalty,Authority,Sanctity
Harm,Cheating,Betrayal,Subversion,Degredation
-0.06430526263899461,0.08752789540317041,-0.07236620403630567,-0.16668690283141574,-0.19514646968325833
