Care,Fairness,Loyalty,Authority,Sanctity
Harm,Cheating,Betrayal,Subversion,Degredation
0.033386527406887634,0.18610903079822894,0.006395409330014035,-0.15964037199384062,-0.1875621216223513
