Care,Fairness,Loyalty,Authority,Sanctity
Harm,Cheating,Betrayal,Subversion,Degredation
0.0122085256006359,0.15709009072160796,0.04865804946396701,-0.09290969761605128,-0.1738871136125063
