Care,Fairness,Loyalty,Authority,Sanctity
Harm,Cheating,Betrayal,Subversion,Degradation
0.085639335,-0.0003594756,0.006538159,0.008514242,0.03957277
0.040254265,0.012769293,0.11723649,0.13293217,0.007967692
0.08620088,0.10481136,0.019270036,0.05998666,0.073274605
-0.10298419,-0.020186167,-0.14523831,-0.1262868,-0.03661368
-0.015957322,0.0038843863,-0.04445797,0.012180494,-0.006083403
0.037689753,-0.007120032,-0.010673134,0.035970714,0.015312733
0.08231908,0.08196535,0.09591596,0.020112615,0.06981897
0.16745706,0.05700226,0.15653555,0.06314817,0.09172249
0.007464229,-0.06511016,-0.041329958,-0.11159809,-0.07898587
0.040552497,0.03724833,0.018904893,-0.008916412,-0.022497512
-0.18591297,-0.113871336,-0.09381148,-0.115789555,-0.2624892
0.03947717,0.03661528,0.042492967,0.07841484,-0.03434258
0.07368559,0.009432588,0.09518173,0.07368725,-0.045902032
-0.05874483,0.026451433,0.02941202,0.040425383,-0.092758544
0.082747355,0.16605572,0.22970323,0.14985567,0.08284115
0.100948654,0.13830322,0.17135695,0.17077507,0.090953976
0.10564695,-0.105421975,0.052500412,0.08744657,-0.0068698297
0.022804763,0.0038338257,0.018554255,0.09567116,0.03323231
0.10451147,0.009269984,0.10754872,0.111783065,0.0502559
0.03849353,-0.103295915,0.04632824,0.053616934,0.0097145215
0.021196868,0.08387378,0.08702557,0.086077884,0.018359147
0.047002327,0.0636982,0.09220967,0.0046248827,-0.00078098476
0.07898402,0.015000694,0.13905099,0.033199094,0.11879821
0.08148022,0.040999316,0.07019199,-0.021739172,-0.01885812
0.037511453,0.026073715,0.08921951,-0.030889355,0.09416608
0.009222386,-0.08665635,-0.09824432,-0.099135354,-0.18958813
0.16903588,0.038828723,0.22581248,-0.0107171405,0.18010345
0.058176555,0.044527687,0.11589105,-0.029041652,0.0925745
0.093968816,-0.013204297,0.1805645,0.007156103,-0.021978995
-0.08227834,-0.009534579,-0.061968245,-0.0015263194,-0.09923928
-0.08833516,-0.15709002,-0.090377554,-0.14996806,-0.20361724
0.12356566,0.0044386983,0.10454975,0.003365946,0.0783914
-0.044777207,0.047917906,-0.023252644,0.038749434,-0.062559426
