Care,Fairness,Loyalty,Authority,Sanctity
Harm,Cheating,Betrayal,Subversion,Degradation
0.027119175,0.02145897,0.024707898,-0.034324933,-0.010507215
0.06986018,-0.061828516,-0.06305487,-0.008614937,-0.1200224
0.03111586,-0.016250636,-0.0122468155,-0.008418527,0.112034306
0.1520882,0.11221956,0.082457095,0.08367982,0.017060565
0.009559601,-0.0043039983,-0.008580151,0.0061724596,0.0679121
0.010885479,-0.0011789128,0.060498893,0.12313883,0.0721631
0.11570515,0.142604,0.1515622,0.11837777,0.010380344
-0.03790458,-0.10682616,-0.04482626,0.059496254,-0.05949033
0.06277399,0.008105522,0.0988672,0.08064908,0.05153939
-0.021511436,-0.020681603,-0.0005813972,-0.008276386,-0.034500238
0.17939034,0.1008086,0.036660068,0.015477968,0.16230236
-0.11363247,-0.11092032,-0.14513564,-0.11591029,-0.10001118
-0.051742963,0.021251492,0.032425374,-0.03146445,-0.0025708023
-0.033320382,0.0028430372,-0.031611603,-0.075160325,-0.058023706
-0.059907652,-0.028425962,-0.070870034,-0.12485479,-0.08499831
-0.052101158,-0.060355145,-0.041140754,0.07783355,0.048981003
0.03770791,0.039256494,0.10661514,0.035566602,0.050873794
-0.002350688,0.14851338,0.14175485,0.106390916,-0.0006465316
0.095233254,0.1173602,0.12475307,0.059904195,-0.020894783
-0.07617158,-0.017012216,-0.024298701,-0.030184044,-0.04272899
0.06379291,0.097770825,0.09668475,0.124301426,0.1350339
-0.004996234,-0.018883195,-0.020441964,-0.074204,-0.013781706
0.12743892,-0.0200315,0.1127207,0.07087734,0.08557111
-0.015383458,-0.06302589,-0.0987538,-0.06537331,-0.04994862
0.0016647857,0.0009313412,0.0773637,0.02401315,-0.022832377
0.0486691,0.001770582,-0.0069256844,-0.047041997,0.026980173
-0.023148902,0.021636507,-0.10933329,-0.08660697,-0.039459154
-0.0057900194,-0.15071797,-0.11263738,-0.08114612,-0.14992231
0.041258946,0.1121494,0.17378479,0.15746921,0.17543457
0.048651047,0.009275274,0.073909566,0.0077938586,-0.07263193
0.10801064,0.09235536,0.069394305,0.02695653,0.046188787
