Care,Fairness,Loyalty,Authority,Sanctity
Harm,Cheating,Betrayal,Subversion,Degradation
-0.0038711736,0.0060974145,0.03793624,-0.018888798,-0.0426964
0.01085658,0.060982496,0.03529659,-0.006058136,-0.0080319615
0.08528282,0.13956487,0.089040115,0.03471124,0.16102634
-0.040648013,-0.0005539842,-0.017609743,-0.075432114,-0.03850311
0.034884747,0.050923027,0.06454645,-0.0788893,0.03108579
-0.0183437,0.03745962,0.03334,-0.029969763,-0.13623941
-0.014582907,-0.08750316,-0.030457009,-0.0578402,-0.14427955
0.028155025,0.0030437815,0.057275638,-0.025011344,-0.05782204
0.10343687,0.049424812,0.08614182,0.013148923,-0.038717948
-0.018524155,0.054516166,0.036050912,0.014296113,-0.00850671
-0.028553734,-0.06633509,0.021148046,-0.025120407,-0.08541718
0.009590698,-0.032905225,-0.030654501,-0.032943483,-0.05838496
0.016936736,-0.04269276,-0.033084903,-0.036261395,-0.13050787
0.06040128,0.057711057,0.06241522,0.015025154,0.009482017
0.0062709926,-0.02127299,-0.0006281007,-0.056238487,-0.10716578
0.03501085,0.068285994,0.041101627,-0.0482496,0.0046868967
0.028137842,0.082655355,0.07135341,-0.070720345,-0.036035262
0.05853324,0.011844021,0.052569546,-0.115969226,-0.022588097
0.05978108,-0.014797362,0.009831552,-0.032505445,-0.045353197
0.08223364,-0.0069607077,0.08980298,0.004881896,-0.06853429
0.013868241,0.08322698,0.09959225,0.023619672,0.042663015
-0.0038127848,-0.07729703,-0.074567504,-0.12021971,-0.14264065
