Care,Fairness,Loyalty,Authority,Sanctity
Harm,Cheating,Betrayal,Subversion,Degradation
-0.061935004,-0.06463489,-0.044754818,-0.0710736,-0.11448029
-0.05392968,-0.002034706,-0.045365803,0.002595432,-0.06713709
0.0057341903,0.024135023,-0.0012394413,-0.0053344667,0.014347273
0.071394175,0.14097543,0.14408222,0.19056436,0.11808115
0.086913764,0.08142638,0.0756806,0.09082545,0.042461954
0.033355046,0.10798999,0.124406256,0.09279378,0.085399106
-0.011198601,-0.021708386,0.065281674,-0.029572923,-0.06467024
0.048870794,0.068144605,0.092657164,0.06910874,0.015897129
0.047388885,0.061111078,-0.021402273,0.07428649,0.113115184
0.037259527,0.069736525,0.06812422,0.0500922,0.03173559
0.033684883,0.049301915,0.10677457,0.012466596,-0.0037210304
0.13388637,0.093511134,0.06852297,0.04941025,0.014054473
-0.047966022,0.039553087,0.08687754,0.028488707,0.00091767125
0.018393803,-0.0021998333,0.08573279,-0.008076365,-0.06420541
0.010849392,0.11293854,0.025101552,0.04032839,-0.03129985
0.06291002,0.098698124,0.09926064,0.13267845,0.048026875
-0.034788094,0.03994594,0.037585307,-0.04342308,-0.0262109
