Care,Fairness,Loyalty,Authority,Sanctity
Harm,Cheating,Betrayal,Subversion,Degradation
-0.06031014,0.039762665,-0.002232477,0.047876332,-0.081982814
-0.08078206,0.04456809,-0.0015371963,0.042273942,-0.067812346
-0.10114458,-0.014530331,-0.0019286238,0.07174371,0.018659558
-0.15077262,-0.0025439812,-0.037921064,-0.028026646,-0.17264757
-0.03283958,-0.0056812637,0.019075708,0.0054206057,-0.05406785
-0.01796545,0.051518682,0.08883935,0.116092324,0.031320434
0.021233685,0.113338605,0.02290461,0.026132327,0.03803169
-0.057956055,0.10157224,0.03662808,-0.0017848853,-0.028079096
-0.043545187,0.044527948,0.10208058,0.08249844,0.041957203
-0.08950438,0.051740773,0.07936748,0.13716532,-0.043840148
-0.05451823,0.014092479,0.045597915,0.037793115,0.036544014
0.012613427,0.04690185,0.11613086,0.1589352,0.0174088
-0.06576145,-0.03616347,0.031066881,0.01494696,-0.06488166
0.1142945,0.16116463,0.18350244,0.04164166,-0.038090907
-0.05035747,0.11320063,0.029050171,0.042113133,-0.041602306
0.0071658455,0.11222042,0.13671976,0.09201479,-0.039369058
0.08737769,0.12621614,0.10610405,-0.017659428,-0.029588148
0.033282682,0.18210846,0.08090944,0.08309683,-0.057421654
0.012804437,0.11266993,0.0523554,0.020660779,-0.038051903
0.01106444,0.046613812,0.0789011,-0.03047128,-0.0127404705
-0.014067613,0.17277636,0.16782452,0.14477715,0.008064563
0.09126544,0.107544035,0.039198726,0.04058303,0.07279038
-0.20624328,-0.054601744,-0.10816119,-0.042058,-0.22486776
-0.053158678,-0.0020368495,-0.005779174,0.045188576,-0.0754304
-0.109390095,-0.039000466,-0.053360015,0.012447439,-0.08473861
-0.17194068,-0.101521514,-0.17527053,-0.079453886,-0.19428599
0.009347927,-0.050094604,0.071471035,0.06478499,0.025947226
0.08240701,0.065945536,0.081128985,0.049023982,0.021295587
-0.057862528,0.12122162,0.080846295,0.061734907,-0.02012071
-0.054265562,0.03221422,0.047149517,0.012096835,-0.040814262
0.054107264,0.12674579,0.0067535155,0.030880997,-0.006712459
