Care,Fairness,Loyalty,Authority,Sanctity
Harm,Cheating,Betrayal,Subversion,Degradation
-0.013409086,-0.036612406,-0.037938323,-0.02286771,-0.068963826
-0.08406648,-0.047901414,-0.0835828,-0.06223953,-0.07545984
-0.019048758,-0.037807375,-0.067439936,-0.04629398,-0.039975237
0.06089804,0.043299958,0.030154195,0.026852448,0.055810325
0.0068151634,0.05862546,0.11322439,0.15498286,0.14905363
0.069483474,0.04252383,0.055931676,0.045553524,0.05313015
-0.14244245,-0.09224637,-0.06032993,-0.09408693,-0.1476116
-0.06985878,-0.0023639128,-0.029204287,-0.07413484,-0.105377525
-0.014726647,-0.008214276,-0.07438004,-0.06374563,0.002594646
0.02552284,0.046757776,0.10643419,0.047531478,0.0070506874
0.05143004,-0.043286376,-0.025558764,0.01450185,0.08509614
-0.02014502,-0.11684373,-0.07479952,-0.027064065,0.027677827
0.15785292,0.07963772,0.18004408,0.08638193,0.11322522
-0.071667954,0.0006761849,0.019692842,-0.030460428,-0.06573892
0.04348196,0.049660757,-0.0006283466,0.049931727,0.014120612
-0.09966189,-0.068376854,-0.07240866,0.005761548,-0.078608416
-0.087413885,-0.008876646,-0.07253297,-0.043086246,-0.1642986
0.096314855,0.07088535,0.025112413,0.06858808,0.033655033
0.05520752,0.06516825,-0.038772147,-0.08098009,0.12157228
0.12796712,0.12384462,0.03217286,-0.025503457,0.00016109645
-0.017486487,-0.0136906,-0.08843336,-0.07724716,-0.11952926
