Care,Fairness,Loyalty,Authority,Sanctity
Harm,Cheating,Betrayal,Subversion,Degradation
-0.07467686,0.041731454,-0.011982177,0.060552925,-0.022575568
-0.11143876,0.034932457,-0.03196645,-0.085472405,-0.08106856
-0.0008558701,0.073256314,0.1595454,0.1676544,0.07714741
0.05284433,0.09879017,0.10128605,0.0690455,0.08742812
-0.0014576176,-0.012815468,0.049723707,-0.070491776,-0.06812948
0.0126687735,0.07431196,0.019667467,0.096265316,-0.0029860567
-0.103304155,0.00080869347,-0.027974557,0.040421925,-0.044198528
-0.085941106,0.035896473,0.00044588186,0.09131923,-0.011539873
-0.15900809,-0.008210251,-0.041906595,-0.05650993,-0.09667608
-0.03767708,-0.15840438,-0.13078313,-0.0939472,-0.12599982
-0.05616145,0.046927113,0.080145665,0.15876871,-0.0005092528
-0.002828354,0.034022033,0.0015687607,0.016195588,0.00031550787
-0.034173496,-0.035992403,-0.008272307,0.01730575,0.010582964
-0.070727885,0.094176374,0.104260094,0.21763203,0.07435328
-0.030146725,-0.02705469,-0.026085623,0.025522301,0.054955497
-0.008921625,0.09136847,0.080764905,0.095289946,0.00365673
0.067941606,0.0408725,0.115461655,0.020036256,0.06902297
-0.014709711,0.12638456,0.09401289,0.17327583,0.091973685
-0.059291072,-0.00722469,0.022263769,0.024998825,0.0034077412
-0.13651186,-0.024727937,-0.08935024,-0.09954164,-0.08476162
-0.04110448,0.08021143,0.10502658,0.078409895,0.022272713
-0.09169658,0.08315218,0.10960101,0.09015407,-0.007786094
0.0042103995,0.11466865,0.10498372,0.056078237,0.013296898
0.05015587,0.022391144,-0.00310429,0.014575791,0.0056324825
-0.06650868,-0.022415038,-0.050366677,-0.08565299,-0.073236234
-0.04577418,0.07123864,0.09029722,0.043821443,-0.0035753958
-0.019518089,0.092763886,0.04487865,0.046601046,0.0083083175
-0.050710842,0.071924016,0.03144731,-0.003104424,0.02605755
0.044368006,0.045619454,-0.050390597,-0.024572738,-0.0010512024
0.058729388,0.06437451,0.061452776,-0.0088629965,-0.058773037
0.0015248125,0.07381899,0.11045239,0.036685724,0.039920345
0.013291254,0.10728221,0.057649624,0.016610501,-0.06769356
0.04973448,0.06655318,0.037010185,0.045573317,0.056939214
0.08333655,0.10989315,0.07283923,0.0916003,0.024380505
0.1015801,0.07979748,0.09649532,0.0942644,0.08583396
-0.049106043,0.013166066,0.032155022,-0.06602108,-0.13791816
