Care,Fairness,Loyalty,Authority,Sanctity
Harm,Cheating,Betrayal,Subversion,Degradation
0.011169499,0.04692416,0.042366154,-0.025712512,-0.057496853
0.030691538,0.08195594,0.046388254,0.019145008,0.029349452
0.03931323,0.0833489,0.064846605,0.021205984,0.011829698
0.0062201275,0.050492227,0.04536646,-0.028302222,-0.07759936
0.107622884,0.07713987,0.032431033,-0.025568964,0.045669958
0.10958888,0.012680635,-0.007792951,-0.111370176,-0.083037004
0.045458708,0.061147343,-0.046402916,-0.082381874,-0.099924944
0.023984913,0.028988339,0.018170867,-0.07970619,-0.052791443
-0.02239193,0.013387101,-0.05142297,-0.106426574,-0.10684049
-0.09230626,-0.047736928,-0.16501102,-0.21974957,-0.13301168
-0.12547156,-0.027087368,-0.06512506,-0.13741665,-0.1843494
0.0025968151,0.005092915,-0.035299465,-0.086728975,-0.068252206
-0.06889874,-0.0054559465,-0.05328409,-0.14652628,-0.09752341
0.124088794,0.054861102,0.04606983,-0.05326193,-0.006521862
0.017776571,0.028247643,-0.042508386,-0.046094134,-0.12696382
0.016753092,0.106083184,0.004160797,-0.07016258,0.049276546
0.0780387,0.123609796,0.08366716,0.02673398,-0.033948544
0.1036528,0.06918888,0.03223376,0.017076666,0.009888671
0.042234786,0.027497586,0.009201411,-0.0016284622,-0.047845382
