Care,Fairness,Loyalty,Authority,Sanctity
Harm,Cheating,Betrayal,Subversion,Degradation
-0.049660303,-0.07438222,-0.048004333,-0.018161997,-0.046006527
0.040438533,-0.0034917407,-0.016206501,-0.020696864,-0.021689499
0.06869908,0.0011159955,0.0124715045,0.024876617,0.07852256
0.057518765,-0.056910053,-0.07690395,-0.030199775,0.010462657
0.027599622,-0.036579892,0.039674222,0.04716079,0.1527192
0.017168906,0.019084305,-0.049740188,-0.0014300775,-0.031831592
0.057301436,0.054580644,0.025843868,0.033226255,-0.021724496
0.020922255,-0.018948732,-0.13137515,-0.09192233,-0.019929852
0.09013878,0.023379423,-0.034487993,-0.002771359,0.0332092
0.012386549,-0.08280804,-0.07746906,-0.059218198,0.03174552
-0.0029544197,-0.11703743,0.035062104,-0.00463232,0.017891046
-0.028528202,-0.031030247,-0.0777708,-0.10485063,-0.12976044
0.020477463,-0.01731167,0.051977832,0.009714815,0.08094098
-0.0045864265,-0.06546382,-0.054798868,-0.09010203,-0.056989796
0.022598391,0.04014634,0.010276681,0.04705605,0.15652439
0.0018948782,-0.021750666,-0.06875843,-0.09814225,-0.09637229
0.010938067,0.057208665,0.014496757,0.12245627,0.09156716
0.064413175,-0.022454517,-0.054871336,-0.088839635,0.029755518
0.019379172,0.04099538,0.005385345,-0.06878278,0.10555853
0.08937092,0.01614248,0.04761354,-0.05624056,0.06216649
-0.032703675,-0.08436893,-0.12927943,-0.15828352,-0.117092624
0.036742907,-0.026114177,-0.052193884,-0.021038601,0.071138844
-0.10055271,0.014503811,-0.1389579,-0.075003326,0.09361565
0.03419649,0.005060002,-0.08355872,-0.06735785,-0.029388081
0.06265756,0.02239957,-0.079852544,-0.07037185,-0.023967199
0.04968658,0.004858371,-0.06484345,-0.023067351,-0.005775837
0.06490172,0.03887538,0.0004311353,-0.03171302,-0.016617125
0.09141493,0.075608596,0.014085265,-0.0046211295,0.039750636
0.06632571,0.059959743,0.017162748,0.05062165,0.042636108
0.069674686,0.027644468,0.037106834,0.018413655,-1.2058765e-05
0.042154845,0.06707381,-0.054527517,-0.028785627,0.009709682
0.10617457,0.09559703,0.015894914,-0.0059468634,0.027945746
