Care,Fairness,Loyalty,Authority,Sanctity
Harm,Cheating,Betrayal,Subversion,Degradation
-0.0018313639,0.117528126,-0.008594517,-0.0139634255,-0.081601456
0.006235987,0.015764594,-0.023070637,-0.056803655,-0.12176442
-0.11581536,-0.0791069,-0.049865853,-0.013036337,-0.15854654
-0.058974527,0.048277713,0.009234803,-0.03843749,-0.24185766
-0.0022701472,0.08996251,0.10742289,-0.01618112,-0.09515572
0.052298468,0.0049116695,0.047341064,-0.013809866,-0.0029793363
-0.049447015,0.031132065,0.04924441,0.043401368,-0.08189757
-0.08401268,0.025902903,-0.04439596,-0.00714787,-0.2026349
-0.006745156,0.015890427,-0.032439593,-0.007295154,-0.109678045
-0.009591261,-0.036647342,0.013866844,-0.0046226126,-0.086701736
-0.061013214,-0.007433029,-0.0581289,-0.07504541,-0.07636234
-0.008891952,-0.09423861,-0.16403812,-0.10802363,-0.119964816
0.08564469,0.029123086,0.07655748,-0.023732144,-0.047331423
-0.0054744147,0.03562626,-0.04516742,-0.032610536,-0.06879607
0.004943244,0.061767142,-0.011537043,-0.033262573,-0.020431917
0.0047251647,0.007551671,-0.010779826,-0.03736821,-0.1328607
-0.11113338,0.026841251,-0.063357055,-0.032174077,-0.18825069
-0.0054595014,0.006191587,0.002639452,0.005022507,-0.16761243
-0.011990296,-0.030831592,-0.096016735,-0.043584045,-0.14822847
0.011306757,-0.038518198,0.017731356,-0.013775602,-0.13351563
-0.016894827,0.03731043,0.012964785,0.008684538,-0.048002828
-0.008821566,0.016349077,-0.058181074,0.007013673,-0.032683857
0.0328577,0.03853257,0.00037998054,0.026385205,-0.01966555
0.062250882,0.09779972,0.024215082,-0.04131452,-0.002573167
-0.026626226,0.0322733,-0.05824761,-0.035256322,-0.11284359
-0.08849612,-0.15878993,-0.15055165,-0.017713735,-0.13266125
0.01603932,0.0017465581,-0.03016911,-0.03970223,-0.10463087
-0.023160012,0.039964803,-0.045375,-0.03162314,-0.13200755
