Care,Fairness,Loyalty,Authority,Sanctity
Harm,Cheating,Betrayal,Subversion,Degradation
0.0433485,-0.007140373,0.013715488,-0.009578867,0.08609045
-0.011704072,-0.04558601,-0.14143728,-0.07629173,0.016683191
-0.058068167,0.029208444,-0.065263525,-0.0699788,-0.024737194
-0.024300233,0.069087714,0.037200175,0.0051129134,0.016476218
-0.022782939,0.09469558,0.045558166,0.002377553,0.048363857
0.08395336,0.14035295,0.11760017,0.11021905,0.09192712
-0.04359737,0.036612384,-0.07008025,0.022501612,-0.011255449
0.04328354,0.064190835,0.012038164,0.021532629,0.032573454
-0.02704347,0.14009118,0.05596531,0.05593675,0.035552815
0.015281269,0.045431692,0.07339367,0.036073588,0.10441814
0.008834471,0.043918878,0.07783687,0.033533692,-0.02489594
0.12331471,0.10090081,0.12338373,0.1237445,0.18717092
0.05454377,0.10140687,0.111742616,0.025683682,0.08815129
0.01589163,0.018107042,0.02841753,0.043414094,0.0034256727
0.032307085,0.07882415,0.1057217,0.014406571,0.055976607
-0.030246906,-0.08731617,-0.11449271,-0.13546556,-0.1676258
-0.02822491,-0.03137818,0.018142238,-0.051460706,-0.12235298
-0.07664856,-0.065072864,-0.05385507,-0.12138621,-0.1743551
0.005531717,0.03007477,-0.0452054,-0.043411378,0.004274847
-0.08070046,-0.101847686,-0.09858668,-0.08957293,-0.02283496
