Care,Fairness,Loyalty,Authority,Sanctity
Harm,Cheating,Betrayal,Subversion,Degradation
0.029772636,-0.0065738186,-0.017611902,-0.028952021,-0.08047489
-0.01405234,0.0032366198,-0.05959798,-0.08422595,-0.1857906
-0.002045242,0.035483908,-0.014821852,0.010125309,-0.10343215
0.06932023,0.04920537,-0.00544725,0.040912174,-0.12793083
-0.049465347,-0.110263936,-0.12016744,-0.055346407,-0.15220499
0.024634529,0.023494864,0.02631,0.0052842544,-0.10987155
0.06890004,-0.0085203545,0.02152685,0.027460055,-0.07476348
0.0034976862,0.017860675,-0.07567194,-0.05568292,-0.17736894
0.043384593,0.057787176,0.08730768,0.0032287259,-0.048714273
0.01306729,0.11232829,0.12836662,0.052580748,0.0329909
0.04327301,0.007136205,0.007003337,0.017280545,-0.075847164
0.22114098,0.116349734,0.13241236,0.057482034,-0.0033004032
0.029651843,0.0300112,-0.0259786,-0.008751532,-0.08997397
-0.110597,0.029780295,-0.038621314,-0.09491651,-0.11525992
-0.0827726,0.0014406741,-0.09372568,-0.15028784,0.020441074
-0.021988446,-0.121908024,-0.07732934,-0.06356224,-0.100817345
0.045707367,0.09460678,0.02983448,-0.030525113,-0.051597748
0.05846963,0.069760606,0.06766237,0.03381066,-0.05668662
0.064165175,0.080941334,0.11643441,-0.014175417,-0.056348454
0.026579686,-0.006294092,0.015346949,0.002349792,-0.08858888
-0.05118898,-0.033783965,-0.026636478,0.0006543845,0.00022241846
0.014292419,-0.076812975,-0.051327027,0.0020129234,-0.095141135
-0.0669648,-0.012414003,-0.028551582,-0.009997675,-0.109890275
-0.03456607,-0.011938756,-0.010974178,0.041240826,-0.037719667
0.07518411,0.060918286,0.07526876,0.01537974,-0.09947449
0.030522624,-0.01537564,0.031122886,-0.016504828,-0.07715097
0.03835618,0.009971127,-0.048716497,-0.06321802,-0.11332221
0.053388856,-0.022404384,0.004529817,0.0043577664,-0.055773824
-0.03950823,-0.019069988,-0.0113117155,0.0038128793,-0.12894568
0.08528213,0.027977493,0.009847911,-0.032567613,-0.028411182
-0.08605121,-0.035015725,-0.037461277,-0.030485816,-0.12813851
0.029241601,-0.0013340889,-0.019410264,-0.0113982,-0.04720957
-0.051226173,-0.07508004,-0.07070328,-0.049969282,-0.12651226
0.07122687,0.05339844,0.09284421,0.010586198,-0.063342944
-0.012541305,0.056538556,0.035167936,0.031505115,-0.036849137
0.09678903,0.17190397,0.14018673,0.053572997,-0.03359903
-0.007493777,0.05443027,0.005198544,-0.0020316513,-0.15113583
