Care,Fairness,Loyalty,Authority,Sanctity
Harm,Cheating,Betrayal,Subversion,Degradation
-0.042987823,0.027328882,-0.11650832,-0.10749392,-0.10701364
0.0011086278,0.055155627,0.012752147,0.03274026,-0.081378415
-0.03128707,0.06381349,-0.062335957,-0.07407239,-0.0690046
-0.012847572,0.010373419,-0.056181774,-0.113646984,-0.1604088
0.000749683,0.016413271,-0.11329298,-0.18897277,-0.18939039
0.037217565,0.0533809,-0.09201044,-0.076129325,-0.019088384
0.1171474,-0.0010527261,0.05760345,0.028884057,0.00028471416
0.050790247,-0.028756544,-0.040469043,-0.07205165,-0.06447134
0.06910378,0.025032636,-0.0072079883,-0.12327543,-0.122081965
-0.018528001,0.0018260302,-0.06671646,-0.06461248,-0.051534172
0.051257677,0.012001412,-0.03476944,-0.06220019,-0.10747738
-0.04130642,0.024317056,-0.087108515,-0.04971553,-0.14071465
-0.019666405,0.022460703,-0.0053106295,-0.08335979,-0.108250126
-0.032334574,0.007969331,-0.08744796,-0.15871936,-0.14870301
-0.13151622,-0.10454999,-0.15569925,-0.1592251,-0.25195712
0.08430068,0.10253826,0.08525504,-0.024321277,0.02392919
-0.03142323,0.04501226,-0.12029271,-0.15375456,-0.10501538
-0.022644565,-0.06067899,-0.03281045,0.0041291118,-0.084608436
0.0023300461,0.033049583,-0.09814252,-0.15115507,-0.17067933
0.055395473,0.019291418,-0.0152847655,-0.03867606,-0.11971484
0.043174308,-0.01928468,-0.053912796,-0.06163513,-0.106775574
0.02641787,0.039283767,-0.044473298,-0.08479269,-0.118370935
-0.010639502,0.014788333,-0.09981407,-0.09627247,-0.08018318
0.009515684,-0.0014451891,-0.014739263,-0.014617963,-0.06437887
-0.03525303,0.01474569,-0.08879356,-0.09155716,-0.018499054
0.0055761635,0.080178395,0.015947517,-0.008041154,-0.00659429
