Care,Fairness,Loyalty,Authority,Sanctity
Harm,Cheating,Betrayal,Subversion,Degradation
0.03844162,0.038960874,-0.002074338,-0.020674841,-0.055504713
-0.07117769,0.043799944,-0.09089032,-0.045192853,-0.055006415
-0.015080651,0.055857506,-0.0073130503,0.0210289,0.03786274
-0.056140076,0.01010723,-0.0979906,-0.16119742,-0.178967
-0.03565689,-0.039577954,-0.03151904,-0.008403564,-0.10004209
-0.049669404,0.015337387,-0.04138926,0.0017539393,-0.10889626
-0.103095904,-0.018323619,-0.04649891,-0.05343976,-0.18446445
0.115058824,0.01846713,0.0135877505,-0.058770254,-0.015811529
-0.01820914,0.027131334,0.0051589934,0.010769429,-0.1558491
-0.02639275,-0.100917,-0.11211923,-0.10127993,-0.14859867
0.09020726,-0.034597635,0.04169942,-0.013530333,-0.021845944
-0.054008286,-0.06676407,-0.09473911,-0.1011419,-0.11441724
0.011367014,0.015735067,0.12544212,-0.019876901,0.041252024
0.08086166,0.016410325,0.12307348,0.031189201,0.048211053
-0.08007418,-0.04413684,-0.04489792,-0.039940003,-0.16472684
-0.022184743,0.0057443543,-0.016581219,-0.03972888,-0.093936205
-0.07661246,-0.22771023,-0.2106989,-0.15504666,-0.1344541
0.018417874,0.11634788,0.2193403,0.20473032,0.08611597
0.025834166,-0.011461537,0.09549084,0.055726096,-0.003894154
0.05451258,-0.061575595,0.11237677,0.034604862,0.056306284
0.029007314,-0.0031776559,0.013233131,0.0039688256,-0.010311194
0.0636675,0.08678159,0.05697554,-0.039715618,0.10682841
-0.049263433,-0.031091627,-0.07372135,-0.1136369,-0.12491588
0.08021322,0.014887683,-0.00038009975,-0.020973291,-0.08802811
0.03627783,-0.015631687,0.11972737,-0.005135447,-0.095408
0.09050925,0.0039062416,0.11088617,0.022803904,-0.021215813
0.05063113,-0.040666837,-0.020638045,-0.03866006,-0.12974687
-0.05142666,-0.014928447,0.009422515,-0.0667133,-0.14978144
-0.042448327,-0.060833696,-0.047476802,-0.1004756,-0.22359398
0.0881422,0.09976822,0.31763798,0.13421729,0.13054988
0.15089674,0.05294012,0.30722368,-0.0072393995,0.09608048
0.06250316,-0.074870676,-0.033953622,-0.03860966,-0.09823045
0.030235682,0.061073877,0.063851826,0.006286528,0.003923055
0.052951515,-0.0138812205,0.10600921,-0.040996335,0.11211869
0.016074266,0.056042165,-0.04205842,0.018787118,-0.054130975
0.18243042,0.0703613,0.32372874,0.093338065,0.07545824
0.042362764,0.04404904,0.11879479,-0.00013095327,0.042410895
