Care,Fairness,Loyalty,Authority,Sanctity
Harm,Cheating,Betrayal,Subversion,Degradation
-0.009775154,-0.00049071386,-0.020394094,-0.020253675,-0.035432037
-0.03025413,-0.042970315,-0.071493395,-0.08342752,-0.19297047
-0.06997135,0.015042335,-0.093897805,-0.056305666,-0.16175878
-0.0011758655,0.0850316,0.048087217,-0.006107012,-0.020636613
0.034423348,-0.041427076,0.037564337,-0.016014295,-0.05099935
0.021835545,-0.028011842,0.047376286,0.030731,-0.06439449
0.044625685,0.029643977,0.058823165,-0.08747121,-0.10406948
-0.07872881,-0.047850806,0.018278982,-0.051665403,-0.15469311
-0.043630827,0.022838157,0.016339205,-0.03503471,-0.063974366
0.014907315,-0.019968485,0.0026074816,-0.014453318,-0.05733558
0.09152615,0.026753312,0.002065327,-0.008676086,-0.06989424
0.01569211,0.061439574,0.052888304,-0.007215701,-0.05210849
0.033464298,0.074407876,0.103097826,0.020962324,-0.03424308
-0.013150337,0.07619465,0.04813064,0.016687382,-0.0701125
0.08625364,0.005766741,0.05592676,-0.008337862,0.041863814
0.053088617,-0.014934229,0.05324521,-0.039915755,-0.05546518
0.0800023,0.026427113,0.07759637,0.05838862,-0.007525064
0.053569466,-0.033456042,0.01838237,-0.04146585,-0.06431731
-0.018677527,-0.025067393,0.032351747,-0.042502552,-0.007998068
0.09554435,0.09477157,0.058216035,0.085822016,0.012135252
0.024189347,0.06364354,0.06599439,-0.007261187,-0.05729976
0.10369593,0.07611537,0.17514437,0.052759647,-0.007200757
-0.06585349,0.0461018,-0.017699352,-0.05056614,-0.07712349
0.019743714,0.05384727,0.01968072,-0.047215052,-0.056169473
-0.012428597,0.03438413,0.0075370525,-0.034341075,-0.053034257
