Care,Fairness,Loyalty,Authority,Sanctity
Harm,Cheating,Betrayal,Subversion,Degradation
-0.021732233,0.0043086447,0.007164113,-0.029097205,-0.089311704
-0.015879951,0.012854826,0.054190323,-0.036604054,-0.051733486
0.031636536,0.08148632,0.1036353,0.042888768,0.07934633
0.011499923,0.08740922,0.029006075,0.049534827,-0.032787092
-0.06288119,-0.06829955,-0.09392222,-0.016454509,-0.04602037
0.066042736,0.04662466,0.028913585,0.039218158,0.037377
0.04843519,0.058233682,0.060823612,-0.014389967,0.029902432
0.039903764,0.12770541,0.06137633,-0.01821455,0.0044058654
0.1532743,0.23739408,0.06199357,0.017698012,0.07000557
0.06658238,0.071682036,0.05566672,0.013611857,0.08701147
-0.006353643,0.034192745,0.0007360764,-0.009501953,-0.03268689
-0.030654965,0.049916424,0.08039929,-0.044165142,-0.02317524
-0.118204646,0.014789987,-0.016502447,-0.0909159,-0.15891445
0.0063758153,-0.009463724,0.023657508,-0.018906783,-0.07425742
-0.03992197,0.068338394,-0.018147483,0.002127421,-0.0960832
-0.062297806,0.063234404,0.053136095,0.040452633,-0.07820464
0.018808413,-0.008651301,0.07880334,-0.023503881,-0.07454103
0.1284999,0.14605087,0.18981881,0.07170178,0.207463
0.051458076,0.08092624,0.035940096,0.022447882,-0.012848947
0.07101559,0.06646368,0.038540427,0.029955475,0.121043935
-0.026419304,0.036890753,-0.09484886,-0.06627071,-0.07683491
0.017344873,0.11478234,0.020070395,0.025892304,-0.036176145
0.08838992,0.116744675,0.10751955,0.0059432974,-0.039507322
0.06503942,0.001625102,0.045821246,0.10031277,0.019683324
-0.011513853,-0.020750381,-0.14351937,-0.1401484,-0.037263416
-0.03602888,0.110454075,-0.05610629,-0.09395154,-0.088651046
0.06847936,0.07432701,-0.006468516,-0.073807105,0.04633106
0.029517956,0.0122239515,0.05496698,0.024151623,0.025808157
0.027843172,0.13628322,0.024706166,0.19491251,0.041018814
-0.06671221,0.013051683,0.069201924,-0.06164061,0.066301756
0.100123055,0.042796466,0.077269465,0.042063303,0.07058667
-0.044377126,0.015339164,-0.07923716,-0.09024884,0.0039865375
-0.034660615,0.019950014,-0.06975395,-0.082392536,-0.09550921
-0.025642196,0.028659381,-0.10918985,-0.047320127,0.0054253493
0.115434356,0.08377804,0.10994528,0.050836544,0.13871208
0.07998412,0.081146695,0.15442502,0.084142074,0.07328458
