Care,Fairness,Loyalty,Authority,Sanctity
Harm,Cheating,Betrayal,Subversion,Degradation
0.004777872,-0.064219356,-0.065799415,-0.076801635,-0.07815862
0.03143735,-0.009434722,-0.04843617,-0.0783151,-0.15655032
0.09586781,-0.051903576,0.036056846,-0.082378216,-0.07647659
0.11049104,0.11373481,0.10361772,0.018286007,0.029023094
0.08884338,0.10356149,0.08565275,0.05956844,-0.006124717
0.09092999,0.0039537605,0.07947357,-0.04066409,0.009243415
0.080733605,0.010712802,-0.011115075,-0.10930298,-0.057723984
0.020217542,-0.007368941,-0.05639594,-0.09317977,-0.09152646
0.12645812,0.0010745041,0.08508533,0.068646684,-0.041250262
0.15531205,0.024222277,-0.04214124,-0.026695218,-0.09216146
0.029638214,0.045254324,-0.059688814,0.037729412,0.05620585
-0.022488687,-0.08470273,-0.055252623,-0.14806342,-0.17059281
0.10421142,0.03167484,0.02364922,-0.060423598,-0.027402533
-0.0184553,0.013916295,-0.026056072,-0.07917558,-0.0033244314
0.039762653,0.02399054,-0.02979096,-0.032098386,-0.04589133
0.101373054,0.02932693,0.008319156,-0.014096502,-0.0188037
0.14258069,-0.008008853,-0.00617598,0.014163893,-0.005886092
0.12215426,0.0020065475,-0.018443175,-0.1303716,-0.08666892
0.06617078,-0.05138757,0.047427155,-0.06484272,-0.096642666
0.092264056,0.03725026,0.03545184,-0.090157755,-0.022559408
0.052539606,-0.028549347,-0.07718752,-0.09326468,-0.101763986
0.11906768,0.019017193,0.05152706,-0.032305375,0.023951933
-0.010347212,-0.009734418,-0.028291803,-0.022634633,-0.11762811
0.079232216,0.022013765,0.07074481,0.05385401,0.02797055
0.22109662,-0.014263739,0.07368618,-0.018015686,-0.04801911
0.10077316,-0.038547188,0.01049938,0.0011236598,-0.02259971
0.0844353,-0.038835943,0.026606895,0.032023508,-0.04974789
0.114941806,0.0050301384,-0.030970082,0.011058925,0.025206342
0.1386756,-0.025884897,0.06765457,-0.015182121,-0.012521699
0.045512926,0.010600366,-0.0007041041,-0.05194019,-0.12794647
0.06343761,0.02848816,-0.01787632,-0.096012205,-0.056271948
0.18983528,0.13643712,0.09415212,0.07343818,0.07697925
0.14552727,0.05389142,0.14349742,-0.0048216246,0.03364369
0.0008418225,-0.046772376,-0.0775736,-0.07068067,-0.0967762
