Care,Fairness,Loyalty,Authority,Sanctity
Harm,Cheating,Betrayal,Subversion,Degradation
0.072671264,0.015548719,-0.058723323,-0.04333155,0.021203332
0.06696582,0.023753831,-0.01189854,-0.01435357,-0.003016469
0.015787069,0.042608198,-0.05075439,-0.018356036,0.031142509
-0.06423329,0.026776992,-0.023664337,-0.07728765,-0.035589352
-0.04892176,0.004275838,-0.028998336,-0.08066283,-0.056220636
-0.018554283,0.022822151,-0.006046869,-0.0007657185,-0.034318943
0.044822477,0.061550844,0.025234682,0.021022316,0.038035687
0.108592406,0.09651351,0.060195792,0.08711893,0.13174337
0.104136914,0.03997867,0.0073278025,0.00026920065,0.035316244
0.047056515,0.0009449553,0.026619308,-0.010354836,0.002976093
0.03359203,0.083863705,0.07880855,0.041014075,-0.01413141
0.015850835,-0.0005566522,-0.048226994,-0.057835158,-0.007934501
0.004029588,-0.006036098,-0.08300637,-0.06903903,-0.055102043
-0.055932928,0.036717825,-0.115570284,-0.04371961,-0.1285296
-0.1261853,-0.03137376,-0.18449649,-0.078514874,-0.19009997
0.0068756063,-0.05730859,-0.013578236,0.0356801,0.048127264
0.0202123,0.03283651,-0.028220821,-0.030309975,-0.04056254
-0.087078996,-0.020664878,-0.042775158,-0.08455937,-0.08277532
-0.10374056,-0.049891368,-0.087264426,-0.107186064,-0.09480384
-0.091413386,-0.010742202,-0.07896145,-0.07927117,-0.05622899
-0.011943284,0.04898444,-0.026209872,0.026215108,0.041221693
-0.04646246,-0.011696516,-0.050771497,-0.041942753,-0.103463225
0.012120147,0.061843373,-0.03649652,-0.065869614,-0.18176922
-0.10640483,-0.030893084,-0.18638243,-0.06639392,-0.24038324
0.062789,-0.0020106435,-0.021630047,0.019997854,0.020097898
-0.020774342,0.027995475,-0.06738848,-0.057838157,-0.09366722
