Care,Fairness,Loyalty,Authority,Sanctity
Harm,Cheating,Betrayal,Subversion,Degradation
-0.0457094,0.046515394,-0.03383124,0.07430559,-0.043614883
-0.042342447,-0.0011704061,-0.03404511,0.118719496,-0.07534277
0.017913874,0.009662561,-0.041373648,0.01115193,-0.024209732
0.021519344,0.060168307,0.079295464,0.084086195,0.048794083
-0.017989349,0.052292194,0.040681556,0.00922995,-0.028108988
0.07773505,0.059986237,0.111070454,0.026430458,0.048142932
0.0028046602,0.04519315,0.01963688,0.084456146,-0.026109286
-0.054084923,0.027563997,-0.06573004,0.03676373,0.015638415
-0.052097343,0.0059661074,-0.040722445,0.046312924,-0.026688658
-0.19094463,-0.088493004,-0.1522215,-0.12746486,-0.29371148
-0.04291565,0.043844126,0.0078702485,0.07363262,0.027912674
-0.044419937,0.019546192,-0.007907802,0.014651725,-0.052208357
-0.015465939,0.113747396,-0.036112383,0.03202703,0.06766464
