Care,Fairness,Loyalty,Authority,Sanctity
Harm,Cheating,Betrayal,Subversion,Degradation
-0.015773393,0.02141985,0.049137026,0.11879264,0.06257495
0.0034860503,-0.002555687,0.04358897,0.11674643,0.075559035
-0.025157373,0.016401868,-0.0053759776,0.0059819818,0.11845542
-0.09445696,-0.025480095,-0.053738832,-0.026258053,-0.020153375
0.031363793,0.057167336,0.16375662,0.1281713,0.08331992
-0.06194801,-0.016744208,0.07140542,0.14543198,0.0443294
-0.008933495,0.14325264,0.122261174,0.09733195,0.009262342
-0.08245435,-0.0065329876,-0.071980745,-0.1237396,-0.10344291
-0.1123472,-0.023996014,0.021093529,0.109613985,0.005840808
0.11103101,0.053171363,0.11500328,0.08017382,0.115699716
0.0018564947,-0.018297687,0.020828184,-0.04100746,0.04497795
-0.024206903,0.017234886,0.060383663,0.1482889,0.036186066
-0.17706102,-0.055476665,-0.10500064,-0.012640696,0.0036421474
-0.14931548,-0.087780304,-0.1810744,-0.100865446,-0.1109959
-0.027658489,0.050864816,-0.037986957,-0.016610384,-0.03139484
-0.11589697,0.016978115,-0.14426811,-0.060378518,-0.1305692
-0.11887917,-0.14196953,-0.20809133,-0.0058228225,0.009221934
-0.034505464,-0.022276528,-0.11618968,-0.0051024295,-0.05071304
-0.16094092,-0.009838729,-0.19656342,-0.06191767,0.003997932
-0.1381611,0.02730017,-0.05377798,0.01527702,0.020146858
0.054514874,0.016629398,-0.029241877,-0.0585777,-0.04251836
-0.068408325,-0.0037581492,-0.14116496,-0.11002788,-0.053779244
-0.03565462,0.033254217,-0.06481254,-0.045283146,-0.10055268
-0.00064145867,0.016421486,0.021247264,-0.018989231,-0.01324795
-0.10854879,0.025974251,-0.07714318,-0.057144053,-0.051372465
0.14535177,0.14618263,0.14603084,0.09723172,0.103666246
0.045318667,0.06063074,0.09267273,-0.008289661,-0.022697404
0.05588783,0.07100256,0.10296147,0.05083286,-0.035991527
0.0060065556,0.047042817,-0.05179865,-0.050221257,-0.05776547
-0.10085189,0.091036685,-0.0663703,-0.030161196,-0.051237084
-0.064567335,0.11060549,-0.0349792,0.022042854,0.050196175
0.096486,0.07204862,0.21227965,0.07690944,0.07277217
0.104028076,0.07366689,0.04289175,0.058007456,0.009911906
-0.12710822,-0.0008748323,-0.022879465,0.020590205,-0.023350094
-0.104278356,0.0059793666,-0.1309669,-0.046180703,-0.08545752
-0.0967565,-0.08942917,-0.06520078,-0.100926355,-0.034178678
-0.04214791,-0.14235711,-0.14794698,-0.0065715667,0.07762822
-0.08020741,0.061884332,0.048665732,0.05103024,-0.0034617
0.058675393,0.029756524,0.08966629,0.03901046,0.078064
0.077892184,0.10799568,0.047218684,0.020821605,0.10075335
