Care,Fairness,Loyalty,Authority,Sanctity
Harm,Cheating,Betrayal,Subversion,Degradation
0.00705146,-0.01628737,-0.039910264,0.006428845,0.034242243
0.1270586,0.04409486,0.012339446,0.063484296,0.075165056
-0.010225821,0.062014088,0.119440004,0.14631046,0.12662888
0.115692966,-0.0075577945,0.0072845034,0.0765899,0.12664264
0.03542183,0.0024222834,-0.032545313,0.04212607,0.022393614
0.011816543,-0.061632797,-0.066656284,-0.00014743581,0.038060054
-0.057554383,-0.13245243,-0.15435714,-0.11264742,-0.09335764
-0.052691642,-0.06283726,-0.12771568,-0.059253052,-0.014844811
-0.022217378,0.0089315325,-0.014334672,0.045296326,-0.015007775
0.0077531342,0.023954751,0.060881566,-0.025223257,0.08252084
0.100421965,0.1294566,0.096920535,0.07432064,0.09074654
0.024046596,0.1003424,0.14238423,0.09413628,0.14288023
-0.030538319,-0.023941124,0.03953788,0.07631782,0.02261102
0.01881252,0.05942538,0.047490105,0.0212492,0.02141641
-0.0046237633,0.021929096,0.008529759,-0.016249279,-0.08000837
-0.025882894,0.07296173,-0.017588383,0.031152984,0.054457158
0.0003015604,-0.038525283,-0.0021173637,0.074735865,-0.010195186
-0.032673433,-0.027419072,-0.035205092,0.06047353,0.14774568
-0.0016788924,-0.049674727,-0.039178055,0.0010713972,-0.046608694
-0.05509051,0.026155848,0.0070948377,0.09137212,0.091543995
0.05547155,0.040570304,0.09224984,0.15919107,0.16249311
0.09185098,-0.029572967,0.069564484,0.01361881,0.1454725
