Care,Fairness,Loyalty,Authority,Sanctity
Harm,Cheating,Betrayal,Subversion,Degradation
-0.038995296,0.012417857,-0.0734288,-0.09028317,-0.0047963616
0.00601105,0.033571273,-0.010819625,0.012769337,0.0724283
0.043859366,0.08225639,0.01836304,0.057970338,0.11372182
0.047517918,0.033259287,0.042617418,0.037080172,0.0071760435
-0.052705552,-0.015559504,-0.04324454,-0.13273615,-0.14040722
0.06381913,0.043476123,0.06201488,-0.010326337,0.006280329
0.11013727,0.0865074,0.1427306,0.04690452,0.04596343
-0.01411237,0.007859124,-0.02218388,-0.051943332,-0.07027676
0.15207553,0.08699572,0.089614525,-0.030165296,0.08126651
0.058892153,0.064769454,0.0023778137,-0.019947344,-0.024490166
0.071313426,0.07550444,0.08107253,0.060428783,0.04842638
-0.03581867,-0.024735544,0.051268343,-0.016733669,-0.07860786
-0.02198329,-0.015981797,0.03933797,0.02959897,-0.007825632
0.0066835005,0.031128494,-0.020114934,-0.013851055,-0.03728466
0.047504984,0.017567845,0.086291194,0.032770693,0.001329123
