Care,Fairness,Loyalty,Authority,Sanctity
Harm,Cheating,Betrayal,Subversion,Degradation
-0.03973484,0.05791913,-0.07428768,-0.016184261,3.4627505e-05
-0.01672367,0.007497169,-0.09707327,-0.05768519,-0.0916031
-0.07274551,0.1376275,-0.027738314,0.033913806,0.11011611
-0.083364025,0.048344273,-0.038154252,-0.014093641,0.04934978
0.045055673,0.072062746,0.04081238,0.05357847,-0.014223655
0.0035396945,0.03798359,-0.007542046,0.05400952,0.09033944
0.05973337,0.03063288,-0.02242484,-0.024822753,0.0766623
0.042150363,0.09315695,0.01216151,-0.013911156,0.013853364
-0.07810433,0.02668398,-0.120361835,-0.083511114,-0.026178041
-0.024023201,0.09615155,0.02810027,-0.020612616,0.037592333
0.004853298,0.079849824,0.06464658,0.025260957,0.16034018
0.051604316,0.10958252,0.04106098,0.013686871,0.033117846
0.113951005,0.10905744,0.118561305,0.02499194,0.09451929
0.05114047,0.08840641,0.028152792,-0.1121307,0.05269049
-0.026892826,0.023210578,-0.068778954,-0.08298223,0.0081618335
-0.06453206,0.0104302,-0.119409606,-0.17264658,0.0005823001
0.037274193,0.099636406,-0.031069124,-0.03720579,0.043960877
0.07034698,0.0700413,0.07938197,-0.020423852,0.09124143
0.08383993,-0.002834268,0.026943011,-0.030405395,-0.06351534
0.062197484,0.10251234,0.13748837,0.037067056,0.08554205
