Care,Fairness,Loyalty,Authority,Sanctity
Harm,Cheating,Betrayal,Subversion,Degradation
-0.04304828,-0.023432024,-0.0700154,-0.08366391,-0.10726318
0.13417417,0.027865645,-0.028700791,-0.03783399,0.054727387
0.028807662,-0.06943663,-0.1651896,-0.15402626,-0.09312807
-0.017807644,0.041071422,0.03704976,0.06984664,-0.005437021
0.07061742,0.04499215,0.0042586755,-0.048817884,0.018824896
0.075658426,0.087289646,0.096755214,0.042421002,0.09269123
-0.033909623,-0.010757341,0.03825682,0.019981064,-0.019526009
0.043223865,0.11318742,0.037016302,0.034235828,-0.018896692
0.089176,0.007923439,0.015443307,-0.05248469,-0.00843377
0.009899539,0.0009511076,-0.05415064,-0.08309489,-0.11071955
0.18381672,0.104220025,0.21988186,0.119582795,0.06824828
0.011349656,-0.04445341,-0.025429886,-0.05416857,-0.11378084
-0.010679479,-0.010344364,-0.018068984,-0.10326156,-0.1125047
0.17589566,0.06669213,0.1518425,0.009722179,0.05930027
0.06794856,0.0033050794,0.025141012,-0.037983462,-0.101899415
0.048418917,-0.0039644493,-0.0098277535,-0.023145389,-0.05842184
-0.0027517378,-0.028201267,-0.07328765,-0.05772021,-0.1455552
0.0011847746,-0.049107533,-0.011632079,-0.04464027,-0.104916334
-0.0024346495,-0.059802543,-0.011532332,-0.0010572663,-0.0889037
0.11659308,0.036980834,-0.01758022,-0.053324804,0.09962535
0.02994214,0.053566463,-0.0033196956,-0.03360879,-0.04746679
0.085448876,0.14765584,0.15534213,0.0086399205,0.00070344657
0.06098793,0.035400357,0.08432031,0.082770266,0.0689863
0.10007092,0.05889541,-0.014510093,-0.13588661,-0.04776898
0.099675864,0.09300861,-0.0073503945,0.03157988,-0.0047012754
0.07723639,0.067291275,0.0789077,0.0021582488,-0.046500057
0.17253104,0.09412056,0.13359737,0.084240586,0.0392682
0.072598726,0.09672696,0.036206357,0.09770309,0.06879967
0.10462368,0.09544407,0.19236952,0.12903407,0.08176954
-0.015569139,-0.058493875,-0.09245685,-0.037497457,-0.018986342
0.07338661,0.026298374,-0.008399792,-0.00925378,-0.0030503161
-0.0018466162,-0.09215455,-0.06371945,-0.075383924,0.012611482
0.10378804,0.09455483,0.07219328,0.00939122,0.03455821
0.09924262,0.13833411,0.1485143,0.040731266,0.11968501
