Care,Fairness,Loyalty,Authority,Sanctity
Harm,Cheating,Betrayal,Subversion,Degradation
-0.036948945,0.03746982,0.018190108,-0.050447322,-0.07723401
-0.040168688,-0.02514549,0.0100949,-0.08397673,-0.14525846
-0.048409577,0.007430706,-0.009924371,-0.04849523,-0.12693408
-0.041898057,0.054323822,0.0094918795,-0.042834587,-0.073832035
-0.16733041,-0.07618679,-0.114213325,-0.15238252,-0.22362652
-0.049214438,0.10532948,0.06304621,0.08246669,-0.020951927
-0.038400553,0.10432177,-0.016867641,0.029171366,-0.05576428
0.08963439,0.044075817,0.10357344,0.033982962,0.06915527
0.0018824246,0.034106396,-0.0050311126,-0.00819228,-0.09238871
0.02663371,-0.028249813,0.035394464,-0.06254097,-0.02479871
-0.13880125,0.053740427,-0.030076096,0.011608124,-0.05548971
-0.007883791,-0.030580394,-0.05417888,-0.084396444,-0.11459924
0.058823325,0.005019302,0.097331814,-0.038677797,0.021066248
-0.050547168,-0.033407494,-0.03613117,-0.08257392,-0.10911101
-0.028892178,-0.023823075,-0.08885832,-0.111258194,-0.016862325
-0.008086359,-0.043381628,-0.07946919,-0.12685402,-0.092258476
-0.13344699,-0.10599379,-0.122757755,-0.13019691,-0.22081931
-0.105160475,0.010038357,-0.021653231,-0.021344708,-0.023913465
0.123873554,-0.050109755,0.0016753487,-0.092563,-0.035250373
-0.00189522,0.0048452998,-0.02619351,-0.05495712,-0.0675368
-0.13250849,-0.080988355,-0.09813603,-0.10594301,-0.15595856
-0.0893814,-0.041326948,-0.07854392,-0.13560303,-0.18766722
-0.082063615,0.11984853,-0.04009109,-0.025582686,-0.044274546
-0.004782534,0.010248113,-0.031024868,-0.08937967,-0.15876421
0.074433714,-0.018580493,-0.08545166,-0.13231838,-0.09224827
0.04972994,0.040682748,0.030703835,-0.05822062,-0.04865505
0.013062494,-0.068005666,0.02121461,-0.06987607,-0.014051868
-0.0902375,-0.004321972,-0.106557205,-0.052484557,-0.08662291
-0.039457865,-0.0623689,-0.1446454,-0.19405809,-0.13406093
-0.036898293,0.034849353,-0.020928174,-0.04135262,-0.071973674
-0.004939027,-0.0039270557,-0.011634955,-0.06027466,0.085244656
-0.102116436,-0.047641866,-0.10233601,-0.115271844,-0.09501102
0.074600846,0.11336027,0.08963096,0.02609151,0.0059119295
0.0026778933,0.09979796,0.04510917,0.05349392,-0.078627944
0.0881518,0.16042939,0.12626317,0.17428097,0.04422471
-0.075540744,0.08357751,0.012325954,-0.051692795,-0.119248234
