Care,Fairness,Loyalty,Authority,Sanctity
Harm,Cheating,Betrayal,Subversion,Degradation
-0.025247358,0.0013267025,-0.08405194,-0.1209999,-0.091840565
-0.07293328,0.11507206,-0.085624136,0.030647198,0.0070793508
-0.04400812,-0.06072001,-0.10105815,-0.0743531,-0.046658143
-0.005134049,-0.083992526,-0.08149023,-0.08518474,-0.07986659
-0.06525244,0.0027350225,-0.08539043,-0.07355186,0.031794995
0.015943864,-0.0094573535,-0.011761524,0.07361347,0.057323106
-0.063407525,0.033414863,-0.043003093,-0.044407163,-0.013111563
-0.052370008,-0.029731838,-0.110781804,-0.16022706,-0.11313304
-0.04773958,-0.047404453,-0.042472426,-0.098382816,-0.093801126
0.029607989,0.018462045,-0.022973368,-0.02213271,-0.025889568
0.039457,-0.05377695,0.014776809,-0.0023023607,-0.028822234
-0.022991622,0.006987595,-0.03839887,0.013356957,0.058035247
0.14203769,-0.006272816,0.05272679,0.06998326,0.112821266
-0.044462256,-0.21469705,-0.2153692,-0.09669736,0.16330194
0.00045571383,0.08571181,0.07487996,0.07058118,-0.07422885
0.035238244,0.0025230497,0.06963475,-0.059486177,0.03529728
-0.043404225,0.048218533,-0.02623616,-0.041658726,-0.06395218
-0.08457074,0.08667672,-0.09275272,-0.09063125,-0.05784683
-0.012814821,-0.04237691,-0.08608585,-0.08874371,-0.049344297
-0.07294549,-0.10983806,-0.14182222,-0.08570752,-0.10252752
-0.078050956,0.026645623,0.04657527,0.013064165,-0.06947914
0.023401722,0.049557246,-0.012738813,-0.0148724895,-0.061236136
-0.11024687,0.033666387,-0.03372667,-0.026085064,-0.098856166
-0.024548603,0.022303917,-0.07397382,0.003581157,-0.13827395
0.0036471565,-0.013527542,-0.050542776,-0.05517473,-0.13796008
0.023662794,-0.0056944154,-0.030883316,-0.05852089,-0.029291246
0.011174319,0.03403972,0.0014692862,-0.01639132,0.023068734
0.028859705,0.08299202,-0.05629249,0.005209743,-0.014570292
-0.025196955,-0.046017714,-0.033461995,-0.098795295,-0.057481665
0.13075009,0.047080144,0.07120174,-0.019032426,0.07867188
-0.02435539,-0.018760683,0.0019232817,-0.04096683,-0.08226754
0.11397043,0.029069118,0.08842656,-0.09696032,0.09073909
0.033867575,-0.025514282,-0.044149216,-0.060952254,0.031597745
-0.09813678,-0.015970016,-0.06588141,-0.08289735,0.062593974
