Care,Fairness,Loyalty,Authority,Sanctity
Harm,Cheating,Betrayal,Subversion,Degradation
-0.016761787,0.05105876,-0.008087646,-0.0231791,0.015113065
0.0059517696,0.120483786,-0.018887658,-0.021112118,0.02523211
0.008719376,0.114768386,-0.05470298,-0.043760963,0.02140635
-0.017448964,0.15140843,-0.017085688,0.031197388,0.16708866
-0.012381435,0.05799114,0.009812577,-0.030034881,-0.0018333234
0.057464764,0.046146724,0.01661032,0.03473717,0.10431473
-0.002439619,0.07744119,-0.008317809,-0.08099346,-0.0279858
0.03304298,0.056843054,0.01119894,0.02921286,-0.0039932057
0.02600077,-0.028064875,-0.0823862,-0.1201524,-0.11155358
0.08258486,0.069258735,0.079340294,-0.00724345,0.010516668
0.012184757,0.06809105,0.06856896,-0.015841322,-0.023918916
-0.06493763,-0.06663492,-0.08016427,-0.051295694,-0.032935202
-0.058044203,-0.07362472,-0.14466019,-0.11523642,-0.14704064
-0.09885,-0.118458346,-0.16472021,-0.15473843,-0.17487368
-0.061895236,0.07452638,-0.0796541,-0.095804095,-0.10277571
0.05555852,0.13290459,0.124664225,0.045099247,0.10664807
0.027859513,-0.0050018523,-0.011638043,-0.02074727,0.06374981
-0.024593981,0.02012375,-0.049050692,-0.031392198,-0.07577503
-0.0427095,0.12530425,-0.007667342,-0.02670397,0.0023737438
0.014706798,0.11539654,-0.041530497,-0.061531942,-0.029849932
-0.010484129,0.13061252,0.0056910366,0.024663784,0.06499271
0.09594029,0.117784336,0.08984318,-0.0208534,0.058846824
0.028745873,0.060967818,-0.033673592,-0.080069914,0.043849483
-0.0025455104,0.015869256,-0.014907685,0.004713267,0.06771228
-0.024593981,0.02012375,-0.049050692,-0.031392198,-0.07577503
0.09725723,0.11678755,0.07691384,0.042101655,-0.05037855
0.0014600712,0.10191415,-0.0075680707,-0.032280535,-0.03192853
0.025997367,0.11461229,-0.0441306,-0.10534923,0.02564022
0.02960802,0.018461956,-0.022973355,-0.022132756,-0.025889551
0.056353897,0.064196676,0.051074397,0.006733652,0.069061175
0.08318128,0.11376833,-0.02291162,-0.06300867,0.03448753
0.0773659,0.06576921,0.040356204,0.04135036,0.03402372
0.043010734,-0.01906228,-0.005679954,0.055829074,-0.023474406
-0.064749,-0.12700763,-0.2434924,-0.14082456,-0.07655436
-0.115354076,-0.13535267,-0.18046284,-0.15669714,-0.11279284
0.0869117,0.036407705,0.041433126,-0.021081965,-0.045837037
