Care,Fairness,Loyalty,Authority,Sanctity
Harm,Cheating,Betrayal,Subversion,Degradation
-0.021374155,-0.068589784,-0.03672027,-0.06364681,-0.08792743
0.10188018,-0.035897806,0.021818867,-0.03201956,-0.07846925
0.09484441,0.06262151,0.048523623,0.044106103,0.049890585
0.033359364,0.094793364,0.085133895,0.04698459,0.05633847
-0.054390036,-0.11788313,-0.09387621,-0.107324034,-0.12297462
-0.047556914,-0.053072695,0.019972876,-0.02289137,-0.063845724
-0.038647197,-0.016033027,-0.021977212,-0.042700905,-0.03419168
0.035375647,0.034995012,-0.009853373,-0.03170076,-0.07911962
0.03480924,0.04520522,0.063136846,0.02907303,-0.0052072695
-0.07640079,-0.0060238233,-0.0074723987,-0.025826354,-0.041065857
0.009617163,-0.0044729672,0.014652895,0.035802364,-0.043690335
-0.00049887784,0.01871385,-0.019150743,-0.038161445,-0.13601689
-0.09530552,-0.11659859,-0.052497845,-0.042853422,-0.17509043
