Care,Fairness,Loyalty,Authority,Sanctity
Harm,Cheating,Betrayal,Subversion,Degradation
0.0095908055,-0.061716594,-0.03347199,0.008052997,-0.05920761
-0.03508267,0.013079074,0.051955216,-0.029339414,-0.09961117
-0.054145448,0.037804637,-0.02288901,0.0030772798,-0.053868204
0.005932591,-0.010067985,0.027170984,-0.039138157,-0.025281303
-0.09017622,-0.038007487,0.0033143712,-0.061138973,-0.08178578
-0.033301026,-0.05938498,0.028382592,-0.07569096,-0.090713546
0.015329558,0.06993085,0.06158336,0.04835347,-0.028191166
0.0681273,0.045147154,0.018591277,0.021019762,-0.015065489
0.030870168,-0.09154281,-0.0156022925,0.0052140965,-0.009487363
-0.008329833,-0.06997926,-0.010003561,0.0033032065,-0.089998655
0.046617076,-0.016812932,0.038369406,-0.045644656,0.019541599
0.03633359,-0.013688782,-0.030526437,-0.0044500125,-0.0062157894
0.023963286,-0.09183345,-0.081528395,-0.044814683,-0.008415069
-0.087434,-0.050456233,-0.04681374,-0.08959387,-0.018024037
0.036361024,0.055194147,0.00045185722,0.009448057,-0.025628444
0.012582565,0.03882929,-0.002563635,-0.017441556,0.010192229
-0.07794356,-0.10865471,-0.11534177,-0.111265406,-0.04251596
0.019717585,-0.038536202,0.08656279,0.027646884,-0.003652479
0.0429788,0.0016569514,-0.020832468,0.004916358,-0.037888452
-0.03990248,-0.013466619,-0.04821187,0.017065387,0.02253419
-0.09653346,-0.022751901,-0.090315886,-0.039101202,-0.07545417
-0.022458645,0.02638994,-0.06968418,-0.061892644,0.051289238
0.026440043,0.08748969,0.049968537,-0.036142163,0.041102562
-0.008042741,0.062438246,0.087513015,0.0009977464,-0.09460832
0.06467119,0.06657791,0.069418825,-0.010992508,-0.08052279
-0.042889662,-0.071699865,-0.05703126,-0.07617785,-0.109394334
-0.009725062,-0.012095882,-0.033498198,5.320739e-05,-0.020663563
0.03557072,-0.026584025,-0.03283205,-0.09038337,-0.010246862
-0.01091028,0.05787303,-0.0134523865,-0.042489637,-0.12743536
0.05282744,0.08490576,0.06785384,0.060415775,0.064287975
-0.07045548,0.03773796,-0.010302937,0.001883572,-0.029895494
-0.052362707,0.03289632,-0.055572607,-0.09691475,-0.15136032
-0.08935021,-0.049862612,-0.06698026,-0.02048099,-0.1631566
-0.2089418,-0.11987189,-0.1157445,-0.062464662,-0.16740188
0.078834295,0.07086857,0.051906604,-0.016696442,-0.05327668
-0.0059145465,-0.027639095,-0.06789619,-0.05171411,-0.15955205
0.13835624,0.1244396,0.14180468,0.093893446,-0.0139908185
0.05500397,0.015649498,0.0858418,0.039569385,-0.04563453
0.03583377,-0.0004849676,0.04158949,-4.342012e-05,0.068008915
