Care,Fairness,Loyalty,Authority,Sanctity
Harm,Cheating,Betrayal,Subversion,Degradation
0.014175352,0.0013210047,-0.0017665401,0.031647045,0.020658068
0.02929932,0.0034826212,0.08073667,0.06540792,0.046922863
0.020695185,0.121317126,0.03986393,0.026825614,0.028431758
0.043030906,-0.0053070933,-0.021064313,2.3725443e-05,-0.03217939
0.04681249,0.050262075,0.07551047,-0.03347834,-0.06674144
0.06427167,0.031454235,-0.016760059,0.0039299335,-0.0713858
0.06318718,0.07035793,0.0047253603,0.07810865,0.018334866
