Care,Fairness,Loyalty,Authority,Sanctity
Harm,Cheating,Betrayal,Subversion,Degradation
-0.061065994,-0.034731627,-0.04106643,0.01674529,-0.07478702
-0.123172805,-0.08442298,-0.12524429,-0.072733946,-0.20421611
-0.049651347,-0.009326644,-0.0721858,-0.12756588,-0.13799141
-0.033301387,0.052165736,0.017686581,0.005743785,0.0028725779
-0.025713932,0.045838594,-0.033559795,-0.034442835,-0.07048506
0.004337929,0.06242606,-0.04826676,0.0036446173,-0.03553021
-0.053363506,-0.01731627,-0.008894177,-0.018713437,-0.075959235
-0.04489637,-0.0968316,-0.07086733,-0.063569576,-0.14351974
-0.05537318,0.019021798,0.041476097,0.021065941,-0.24089324
-0.122874275,0.0069215037,-0.043744463,-0.12838405,-0.11754456
-0.124948405,-0.06428861,-0.20340864,-0.17875633,-0.20085387
0.0029895501,0.02225702,0.033180706,0.025032835,0.028215893
