Care,Fairness,Loyalty,Authority,Sanctity
Harm,Cheating,Betrayal,Subversion,Degradation
-0.06138852,0.04425051,-0.043317303,-0.0024071084,-0.11129554
-0.041740518,0.044575118,-0.03135091,-0.039254367,-0.10519776
0.027462047,0.03820666,-0.0123958085,-0.0408855,-0.08299614
-0.15285994,0.03480925,-0.092764944,-0.0816202,-0.23035805
-0.05471801,0.040833335,0.021052739,-0.013353417,-0.1707671
-0.045013104,0.17336372,-0.011601886,-0.011930328,-0.044301026
-0.09750885,0.037082117,-0.025653556,-0.008423759,-0.11693019
0.06918781,0.16194192,0.12338077,0.018932551,-0.013541724
-0.08882202,0.1270107,0.060892217,0.07572214,0.0029778518
-0.023122909,0.0519086,-0.0050682817,0.016342232,-0.11043063
0.0018873792,0.10325917,-0.08351995,-0.080294274,-0.034547642
-0.0042304136,0.01197115,-0.0688708,-0.053818468,-0.08812189
-0.0424534,0.040354095,-0.07643382,-0.02040171,-0.06731522
0.0104801925,-0.010696415,-0.049874205,0.03486686,-0.01760783
-0.06655795,-0.025637891,-0.096912235,-0.09285189,-0.130063
-0.06689888,-0.0029522143,-0.16244292,-0.05791171,-0.080870815
-0.08646481,0.03562162,-0.06332295,0.009864874,-0.113904744
-0.06482954,0.0046642665,-0.069141224,-0.06306483,-0.03937409
-0.14262605,0.004893508,-0.16466227,-0.08552018,-0.1748203
-0.08405587,-0.11801496,-0.14826614,-0.1432732,-0.12440189
-0.0394046,0.03176158,-0.06249597,-0.09933804,-0.089967206
-0.06692,0.037183523,-0.01859751,-0.05299502,-0.087613836
-0.07513216,0.04167865,-0.053261235,0.029895425,-0.10281165
-0.059215873,0.029690217,-0.054597747,0.04836934,-0.18006517
0.01680236,-0.042109378,-0.13379073,-0.1429671,-0.12108283
-0.13616957,0.06565696,-0.009180725,-0.062801085,-0.20342854
0.14153364,-0.030195493,0.043198936,0.020198949,-0.034762364
-0.0108589865,0.060362346,0.017455569,0.011667799,-0.11024781
-0.012851449,0.0043936754,0.0077711055,-0.010808423,-0.077541985
-0.13974491,0.05930059,0.013953693,0.099633604,-0.085327126
0.07946249,0.09661412,0.07458854,-0.04514879,-0.036692988
-0.105076075,-0.024481792,-0.090414144,-0.045358486,-0.16025019
