Care,Fairness,Loyalty,Authority,Sanctity
Harm,Cheating,Betrayal,Subversion,Degradation
0.011993155,0.0376568,-0.009877331,-0.0061674686,-0.03877276
-0.039487693,0.014618341,-0.023874935,0.049853574,0.029322458
0.08162516,0.087404415,0.049524717,0.13517189,0.13303776
-0.010997832,0.07726927,0.016398815,0.09288503,0.10550861
0.030100482,0.082866736,0.026829962,0.16520566,0.149745
0.09906399,0.13529113,0.117577,0.08866944,0.103460394
0.050439414,0.01596936,-0.010754417,0.06729739,0.1012235
-0.00084648654,0.10345958,0.08190236,0.10099472,0.059349462
0.011118668,0.1046278,-0.037158318,0.10024808,0.06542942
0.09114725,0.0433744,0.0010191798,-0.00300634,0.030235082
-0.032014076,-4.1484833e-05,0.0040938146,-0.023609042,-0.09820963
0.039222308,-0.013145023,-0.048218776,-0.077338986,-0.0390986
-0.008786297,0.05846298,-0.036451064,-0.04378062,0.071115695
0.067554995,0.0065135793,-0.035527512,-0.0005930364,0.1285769
0.043199275,0.11027706,0.056924924,0.09742935,0.039049
0.024225,0.10921194,0.008153859,-0.0044059902,0.05147592
0.05097357,0.05078326,0.017414765,0.08064514,0.175185
-0.043522153,0.008251213,-0.104064606,-0.015914114,0.0575511
0.009125523,0.029058095,-0.011972106,0.027117653,0.06665278
0.07293957,0.03611151,-0.030793207,0.01439924,0.12277663
0.021679653,0.09260004,0.049433902,0.081526905,0.10633005
0.045397587,0.09513549,0.118038714,0.24730077,0.17125799
0.0736013,0.032095887,-0.05100341,0.09831262,0.15152827
0.1050867,0.18307006,0.111624956,-0.0015753387,0.0989413
0.07429622,0.08875069,0.10906656,0.108436726,0.11866934
-0.00014726166,0.095462754,0.12650517,0.18761338,0.15636685
-0.076605044,-0.08315569,-0.03225374,0.11033155,0.102657355
0.014068608,-0.018348485,-0.06596931,-0.06376952,-0.0014304258
0.09066977,0.09838289,0.039834537,-0.018680692,-0.025862534
0.06715986,0.09397982,0.044366136,0.10458026,0.111012615
0.0016715936,0.115663655,0.047415733,0.054479912,0.10012911
-0.074660905,0.010873459,-0.12623811,-0.06646362,-0.039694037
-0.07686864,-0.020090792,-0.15829757,-0.03918092,0.014524221
-0.19039916,-0.038021456,-0.1947748,-0.16444631,-0.028785642
-0.07300865,-0.017112747,-0.11997262,-0.051161207,-1.0994263e-05
-0.022508834,-0.00031487364,-0.06575176,-0.04614108,-0.016951343
0.09385337,0.13356523,0.08768523,0.11278404,0.15605676
0.04197096,0.03220442,-0.06245287,0.031914532,0.11503493
-0.08915138,0.067837074,-0.023430405,0.065705836,0.04996039
0.18640238,0.081282675,0.03748367,0.093290456,0.21439876
