Care,Fairness,Loyalty,Authority,Sanctity
Harm,Cheating,Betrayal,Subversion,Degredation
0.005141770260956233,0.004487749808893319,0.0041744944958962,0.004770501186997332,0.00685880308593706
0.22842739176358395,0.7340324518761232,0.46500570496066707,0.4567263937802637,-0.28013019556964425
