Care,Fairness,Loyalty,Authority,Sanctity
Harm,Cheating,Betrayal,Subversion,Degredation
0.006559631655270243,0.0028854895043231073,0.003123720310263212,0.0050708724196866835,0.006146299636696767
-0.3033404063307844,-0.0111605256245636,-0.10009616442946334,-0.19883712847726132,-0.21450954892159657
