Care,Fairness,Loyalty,Authority,Sanctity
Harm,Cheating,Betrayal,Subversion,Degredation
0.0028654172546646486,0.003482602403650276,0.0036469087331685184,0.00456675547530745,0.004667259311418151
0.5110741428270926,0.8545317609497878,0.6017240472425633,0.2898946642409026,0.3462492024114743
