Care,Fairness,Loyalty,Authority,Sanctity
Harm,Cheating,Betrayal,Subversion,Degredation
0.0030451429331633836,0.00441866608748448,0.0029609709493605683,0.004354474674153754,0.004620379314388668
0.014554443190759159,0.22815498859956462,0.1502054623555633,-0.12704237455609202,-0.4154415784553226
