Care,Fairness,Loyalty,Authority,Sanctity
Harm,Cheating,Betrayal,Subversion,Degredation
0.003951579328805242,0.004181138285002154,0.003777697551596619,0.0055580259056636355,0.004646573455867628
0.06633866449060477,0.35251399242542325,0.22887691724266412,-0.015344137234867383,-0.24805233997558107
