Care,Fairness,Loyalty,Authority,Sanctity
Harm,Cheating,Betrayal,Subversion,Degredation
0.0031116699217139925,0.004193209662142009,0.0029005498268467743,0.005239052035503127,0.0037691542080733136
0.3730217193885985,0.7004152532398362,0.5289495484669979,0.5028743150995292,-0.1361308166481514
