Care,Fairness,Loyalty,Authority,Sanctity
Harm,Cheating,Betrayal,Subversion,Degredation
0.0027941126758903247,0.0057205725088257525,0.00407372368387816,0.005987566740108913,0.00419316810172877
0.08243210345611418,0.3893654765219112,0.42569492051548186,0.13782648434481537,-0.08427583819730733
