Care,Fairness,Loyalty,Authority,Sanctity
Harm,Cheating,Betrayal,Subversion,Degredation
0.003789639375997976,0.003781422596873695,0.004047953345596904,0.0052649611790397625,0.005610563333077409
-0.0763967739480208,0.2786891077256788,0.13362134450921714,-0.01863877897215327,-0.42488374414710983
