Care,Fairness,Loyalty,Authority,Sanctity
Harm,Cheating,Betrayal,Subversion,Degredation
0.00433926979500697,0.004076620832412026,0.0036478624318596743,0.005073248387906297,0.004990949545006301
0.006079946751045062,0.2700726510080156,0.22759666210880813,0.08747754242021744,-0.49537591232703915
