Care,Fairness,Loyalty,Authority,Sanctity
Harm,Cheating,Betrayal,Subversion,Degredation
0.004052728180056572,0.004171289760166663,0.0038943586271326003,0.005134799043387832,0.0050335539278404786
0.07306559407373858,0.6333898008725658,0.44292809870021377,0.3122026843493817,-0.024464935114267616
