Care,Fairness,Loyalty,Authority,Sanctity
Harm,Cheating,Betrayal,Subversion,Degredation
0.0049574512972151595,0.004930278997302407,0.005092848763790622,0.005352965330686632,0.00665441563473313
0.00494289360050959,0.32218192694301107,0.2953623595744659,0.17076139747333907,-0.06789996618105554
