Care,Fairness,Loyalty,Authority,Sanctity
Harm,Cheating,Betrayal,Subversion,Degredation
0.0047817352720753445,0.004882597417629825,0.004488920664471045,0.006608428648625578,0.0058814659917402045
0.04943202450145612,0.331742689446735,0.32766169393740063,0.10840861628969312,-0.10098783592127292
