Care,Fairness,Loyalty,Authority,Sanctity
Harm,Cheating,Betrayal,Subversion,Degredation
0.004436751923633526,0.006134794186602178,0.005057009385171791,0.005078330183612035,0.005996095154699536
0.4604933853797386,0.7299284231525083,0.4417701739758564,0.12106161865003906,0.23824706896257997
