Care,Fairness,Loyalty,Authority,Sanctity
Harm,Cheating,Betrayal,Subversion,Degredation
0.002884438575618577,0.003765160096943934,0.003671457586283494,0.005278049284072479,0.0038158645205191616
0.1478020060707419,0.31875440799241295,0.4065851842260342,0.2374221462002466,0.01089810651277956
