Care,Fairness,Loyalty,Authority,Sanctity
Harm,Cheating,Betrayal,Subversion,Degredation
0.004296080709496395,0.0036412385523492117,0.004049189699552402,0.004926558947567139,0.005543269162899944
-0.10695927727324828,0.3742931226579296,0.255307235068688,-0.02649391980940763,-0.2966077268472218
