Care,Fairness,Loyalty,Authority,Sanctity
Harm,Cheating,Betrayal,Subversion,Degredation
0.0035947754238710374,0.007359165652556814,0.004259859966660788,0.005804818940336123,0.004912825147019388
0.1614986628607944,0.9523809523809523,0.6059246805751723,0.36583705503763864,-0.1481889639548487
