Care,Fairness,Loyalty,Authority,Sanctity
Harm,Cheating,Betrayal,Subversion,Degredation
0.004263967967169911,0.006271566988117886,0.003798042907909029,0.005079253414694063,0.005006183204596978
0.12023807504429396,0.43750783170368,0.00035968815536024934,-0.17428723240913702,-0.24260530107497247
