Care,Fairness,Loyalty,Authority,Sanctity
Harm,Cheating,Betrayal,Subversion,Degredation
0.002617192780732796,0.0031019668518301705,0.002403097763307938,0.003547451069478279,0.004112989850292251
0.17232831619497002,0.3382094994130578,0.35706312769990034,0.031388051267684514,-0.2486264676196115
