Care,Fairness,Loyalty,Authority,Sanctity
Harm,Cheating,Betrayal,Subversion,Degredation
0.004210034028059285,0.0061270550408753805,0.005455667605452612,0.007038634870086685,0.006141513439569037
0.39989206416470524,0.5899257445657122,0.5383019919889225,0.3471557199887392,0.13726295887321593
