Care,Fairness,Loyalty,Authority,Sanctity
Harm,Cheating,Betrayal,Subversion,Degredation
0.0051732464032436054,0.004283361612957296,0.004261395412386855,0.004974386930871356,0.006055091166556055
0.15280248791519635,0.37304891409387686,0.356775203980743,0.038687483481444795,-0.05229498252690368
