Care,Fairness,Loyalty,Authority,Sanctity
Harm,Cheating,Betrayal,Subversion,Degredation
0.0035525037587707,0.003609835187145256,0.003595032678445294,0.003988895460116864,0.00529133160766176
-0.07526835141480415,0.18009384769721049,0.27985696905564805,-0.0019690873638446016,-0.5296500878578496
