Care,Fairness,Loyalty,Authority,Sanctity
Harm,Cheating,Betrayal,Subversion,Degredation
0.0031439817029994704,0.004135678833171395,0.0031544321190360523,0.004405297647204525,0.005074380103533046
-0.11840282566896254,0.06557680243897179,0.11730201690553232,-0.2848475142658021,-0.6289216420344733
