Care,Fairness,Loyalty,Authority,Sanctity
Harm,Cheating,Betrayal,Subversion,Degredation
0.0026475286777946083,0.0036835872174771894,0.004328114313379597,0.006196224505934391,0.004910694836706943
0.1748674715359264,0.4042036843374577,0.4509490188624359,0.36480640304507417,0.19433154012156106
