Care,Fairness,Loyalty,Authority,Sanctity
Harm,Cheating,Betrayal,Subversion,Degredation
0.005123248452249083,0.004429945430955272,0.004694414494135827,0.005665213765669863,0.007180531227012573
-0.03778322669780387,0.14444546629341848,-0.08635813122242297,-0.24908131971167247,-0.35735092296706916
