Care,Fairness,Loyalty,Authority,Sanctity
Harm,Cheating,Betrayal,Subversion,Degredation
0.004851650319507366,0.004332458158512911,0.005233416848838007,0.006104085735841367,0.006500585719093061
0.0122085256006359,0.15709009072160796,0.04865804946396701,-0.09290969761605128,-0.1738871136125063
