Care,Fairness,Loyalty,Authority,Sanctity
Harm,Cheating,Betrayal,Subversion,Degredation
0.005311985494210867,0.004966230595658377,0.004861444313342631,0.00593931291472301,0.007862149931425658
0.055819417419788575,0.20096593349403546,0.026882816968020862,-0.11437487193505069,-0.08793145760281196
