Care,Fairness,Loyalty,Authority,Sanctity
Harm,Cheating,Betrayal,Subversion,Degredation
0.0048917721533044845,0.004708166022683826,0.005617769527248426,0.0066740184317093,0.0067750725107143805
0.0027427563496214002,0.13861797368237805,-0.07835683331112175,-0.18624699905584108,-0.25439221715375915
