Care,Fairness,Loyalty,Authority,Sanctity
Harm,Cheating,Betrayal,Subversion,Degredation
0.005183420649937531,0.0039500216337845,0.004543620002599477,0.005659308364951408,0.006845294727650896
-0.036929830054442836,0.10244243768953831,-0.01686448997836021,-0.1866403700199124,-0.2968552993150333
