Care,Fairness,Loyalty,Authority,Sanctity
Harm,Cheating,Betrayal,Subversion,Degredation
0.003836074560020066,0.004673694230194511,0.00507556719713813,0.006839810643791321,0.005489401785465987
0.12253617529441851,0.4166346603611899,0.4335322466183349,0.2147877130770317,-0.13655563305995932
