Care,Fairness,Loyalty,Authority,Sanctity
Harm,Cheating,Betrayal,Subversion,Degredation
0.0037979373635537656,0.003785656656767692,0.0034393039507422474,0.004738883257685287,0.0038622217237723314
0.01982073107548965,0.2811643409409308,0.13431186149937346,-0.12052128431741593,-0.34717892463550837
