Care,Fairness,Loyalty,Authority,Sanctity
Harm,Cheating,Betrayal,Subversion,Degredation
0.004040030133755329,0.0045600816723722175,0.0038934361320652963,0.0062309359363869055,0.0051437822399414065
0.13648753306709493,0.41840860676764935,0.35196093846534215,0.08587627044829116,-0.12392215638988957
