Care,Fairness,Loyalty,Authority,Sanctity
Harm,Cheating,Betrayal,Subversion,Degredation
0.002459938048648871,0.003859416034224756,0.0036595567767396127,0.006932008293607941,0.004020987857119634
0.4756970008444241,0.6762409167026655,0.9031825320658564,0.647873904985133,0.20775363727265517
