Care,Fairness,Loyalty,Authority,Sanctity
Harm,Cheating,Betrayal,Subversion,Degredation
0.0033986600646120813,0.004199648798189514,0.0031722208014640734,0.004697221375524942,0.00471498013827589
0.020237069448589606,0.2346455922820121,0.19167433015921098,-0.04975505941228453,-0.4468647831118605
