Care,Fairness,Loyalty,Authority,Sanctity
Harm,Cheating,Betrayal,Subversion,Degredation
0.0034104052036105807,0.003343538472490334,0.003370149740544382,0.00436229615454972,0.0043775748343259655
-0.06733147008547624,0.2233832184547162,0.08876374090429517,-0.09926597604315712,-0.4504952258206265
