Care,Fairness,Loyalty,Authority,Sanctity
Harm,Cheating,Betrayal,Subversion,Degredation
0.003144483512244304,0.0034538477186353547,0.0028593493372397294,0.004329871158839438,0.003720062498125462
0.006737265224751932,0.2838507520873481,0.14015193122820668,-0.08042640136655976,-0.34790916100624714
