Care,Fairness,Loyalty,Authority,Sanctity
Harm,Cheating,Betrayal,Subversion,Degredation
0.003502628906689041,0.0038398621913324008,0.003510618358584724,0.004011067276783466,0.005238586985933979
0.46585105446427355,0.5664385917705903,0.5401053802963243,-0.03750517149156696,0.1009013721699854
