Care,Fairness,Loyalty,Authority,Sanctity
Harm,Cheating,Betrayal,Subversion,Degredation
0.003943662229096158,0.004968710177679492,0.00393853114072642,0.008055689967395223,0.005737587168134948
0.06662155638587874,0.546469671154652,0.4786465330151908,0.2605484418727353,-0.13796167267100434
