Care,Fairness,Loyalty,Authority,Sanctity
Harm,Cheating,Betrayal,Subversion,Degredation
0.0032775920299801765,0.004011038925398122,0.0037544447929285527,0.0057480350524452585,0.00576430456142748
-0.056236703753344,0.22865830436083012,0.1928655082401871,0.01716915897375859,-0.2863841614892515
