Care,Fairness,Loyalty,Authority,Sanctity
Harm,Cheating,Betrayal,Subversion,Degredation
0.0060380517171529525,0.002409691474227784,0.002758215963606625,0.003878744771010029,0.0047999494338439265
-0.3783691483282354,-0.10929424632734952,-0.27826172827017903,-0.29640923201379576,-0.3529451565582269
