Care,Fairness,Loyalty,Authority,Sanctity
Harm,Cheating,Betrayal,Subversion,Degredation
0.0019523046276673796,0.0035280266284088086,0.0025400401594207933,0.003673587185022404,0.0031086058714646686
0.05168332630855654,0.4641493721483243,0.2077659543835264,-0.023101445075855098,-0.15119821290023272
