Care,Fairness,Loyalty,Authority,Sanctity
Harm,Cheating,Betrayal,Subversion,Degredation
0.002172140545870432,0.0032669991284196087,0.002490676213697821,0.004488115983905115,0.0029024968862196277
0.129295539282825,0.2988633893153325,0.2118358128444311,-0.029326036728546945,-0.31402428566342433
