Care,Fairness,Loyalty,Authority,Sanctity
Harm,Cheating,Betrayal,Subversion,Degredation
0.0026883865062240493,0.002862327113447559,0.002583419962388212,0.0041293575554791715,0.0038422756919809834
0.014473911762746816,0.29775413102155435,0.0664893077137707,-0.03491866590306303,-0.23989178468537165
