Care,Fairness,Loyalty,Authority,Sanctity
Harm,Cheating,Betrayal,Subversion,Degredation
0.004901109608047464,0.0026317306945225433,0.002470722996930507,0.0035330914807635673,0.0038439160877742845
-0.29614504066064107,0.06735474101570493,-0.2603465499047486,-0.36614411854781514,-0.49284477860262144
