Care,Fairness,Loyalty,Authority,Sanctity
Harm,Cheating,Betrayal,Subversion,Degredation
0.004501773624124557,0.005320893443361757,0.004317985500330364,0.005185100006906596,0.005210893509549482
0.08089911600065913,0.37188827337682184,0.19989411732715423,-0.056632261427474684,-0.16411909638038324
