Care,Fairness,Loyalty,Authority,Sanctity
Harm,Cheating,Betrayal,Subversion,Degredation
0.006922389117078814,0.007578384253692867,0.0048844738333799955,0.006617987381585905,0.006435008836438635
0.04566844988910357,0.6310574596821714,0.23522564199452778,-0.006816572880424032,-0.26006235596946725
