Care,Fairness,Loyalty,Authority,Sanctity
Harm,Cheating,Betrayal,Subversion,Degredation
0.004288904153132088,0.004613753276187162,0.003917932390667183,0.0048071439505329725,0.005414656261025194
-0.08132768058546258,0.20094504301901694,0.2726721818096536,0.008928827511757609,-0.5027144356409419
