Care,Fairness,Loyalty,Authority,Sanctity
Harm,Cheating,Betrayal,Subversion,Degredation
0.004336090589520269,0.006148181296111713,0.004039021601319647,0.0056069234070912554,0.0050352236000300865
-0.09054536599294638,0.5854895229507047,0.1490395414420529,0.04767375597242096,-0.2924198942141112
