Care,Fairness,Loyalty,Authority,Sanctity
Harm,Cheating,Betrayal,Subversion,Degredation
0.0037679561538905486,0.004267407342182752,0.004675876190537341,0.005370990774936157,0.0064744749530141294
0.6293104925016337,0.6343896360721957,0.5976219441851753,0.2777563944281709,0.39413506431319134
