Care,Fairness,Loyalty,Authority,Sanctity
Harm,Cheating,Betrayal,Subversion,Degredation
0.0045993840761657636,0.004808042240370689,0.004646648672031243,0.005891126090055787,0.0046846759800148905
0.0017320767634880774,0.12900845003969552,0.24356290134917224,0.03257205947040864,-0.14180837751050435
