Care,Fairness,Loyalty,Authority,Sanctity
Harm,Cheating,Betrayal,Subversion,Degredation
0.004000236354601392,0.006016292998802599,0.004027985622949984,0.004044824275255055,0.006474357639843813
0.1907211122757515,0.7883343092784463,0.34522238610155265,0.1611829981543551,-0.13711711253293646
