Care,Fairness,Loyalty,Authority,Sanctity
Harm,Cheating,Betrayal,Subversion,Degredation
0.004157482013234747,0.0054892220042661016,0.00356154699787942,0.005041007655373073,0.0047032072941780995
-0.0914185592972071,0.3126731594205816,0.18417530549583305,-0.01028179698765308,-0.35559527878857533
