Care,Fairness,Loyalty,Authority,Sanctity
Harm,Cheating,Betrayal,Subversion,Degredation
0.00547205454393805,0.006018022918795436,0.005254120356454687,0.0068966502166441495,0.006505520966325594
0.4418381884998068,0.5304046713171302,0.5353871821005309,0.2555356974825558,0.18291935387418023
