Care,Fairness,Loyalty,Authority,Sanctity
Harm,Cheating,Betrayal,Subversion,Degredation
0.0026253714339005176,0.0029014578851452658,0.002859909493925717,0.004406620405712245,0.004205154584419243
-0.021233711652945297,0.15918709407481457,0.25929513601777,-0.1770491672398814,-0.266162422404689
