Care,Fairness,Loyalty,Authority,Sanctity
Harm,Cheating,Betrayal,Subversion,Degredation
0.003481251061719678,0.004875678955575539,0.0036097922924830926,0.004517815509275764,0.005145509401681257
-0.018488760706539487,0.2816610410135516,0.3208463073043635,0.0744816512425639,-0.4667798291615689
