Care,Fairness,Loyalty,Authority,Sanctity
Harm,Cheating,Betrayal,Subversion,Degredation
0.0029534894466570916,0.003751312670027565,0.0026535533128764005,0.00473309863435191,0.004250327455865113
-0.09161416349986296,0.42987702673042705,0.3127333951013218,-0.10375908075841078,-0.44275675762029953
