Care,Fairness,Loyalty,Authority,Sanctity
Harm,Cheating,Betrayal,Subversion,Degredation
0.00626765330975321,0.00650014899328249,0.005580805851980724,0.006298599320827609,0.007501794104555983
-0.015778317854477364,0.24598051671655763,0.15119876599211235,-0.08782534222397786,-0.2127854823553822
