Care,Fairness,Loyalty,Authority,Sanctity
Harm,Cheating,Betrayal,Subversion,Degredation
0.0031806440052430623,0.003472629512021489,0.003477008887258282,0.0046986073581130414,0.0043615529607555666
-0.0284858513181665,0.18268727446065114,0.25803226828492654,-0.1588899942200659,-0.2541228165980651
