Care,Fairness,Loyalty,Authority,Sanctity
Harm,Cheating,Betrayal,Subversion,Degredation
0.004352708807491916,0.005215325515763446,0.0041992309121702594,0.005551322789686465,0.006951694550214869
0.18245724089836557,0.4069514666875407,0.35704935753189604,0.09312340964317234,-0.11829404053620418
