Care,Fairness,Loyalty,Authority,Sanctity
Harm,Cheating,Betrayal,Subversion,Degredation
0.0036647509063239153,0.005435813022645222,0.003890413455623187,0.005583503634210243,0.0049948660945295775
0.04734931477643167,0.40705029392176617,0.348659257306015,0.005975312685329248,-0.20675977838505477
