Care,Fairness,Loyalty,Authority,Sanctity
Harm,Cheating,Betrayal,Subversion,Degredation
0.0041281049320886646,0.004682603198860389,0.003718208120614659,0.0051752259296143415,0.005851659157104361
-0.5066615634994507,0.354571449198235,-0.24743963480028008,-0.47648286715651744,-0.4462826789638351
