Care,Fairness,Loyalty,Authority,Sanctity
Harm,Cheating,Betrayal,Subversion,Degredation
0.005438258847210487,0.005011526676470783,0.0053875264106040795,0.006010145478071545,0.0069775635640844345
-0.06430526263899461,0.08752789540317041,-0.07236620403630567,-0.16668690283141574,-0.19514646968325833
