Care,Fairness,Loyalty,Authority,Sanctity
Harm,Cheating,Betrayal,Subversion,Degredation
0.005106564927847442,0.004307803029998044,0.004404791907840742,0.005442123140482505,0.006077247219677712
0.01202593085073822,0.13543684654155208,-0.03815649251522801,-0.2086386854888892,-0.30491856927345984
