Care,Fairness,Loyalty,Authority,Sanctity
Harm,Cheating,Betrayal,Subversion,Degredation
0.0047906095903472974,0.004339075072056006,0.005583003128404232,0.006126614494549869,0.006567550678108709
0.022736118394892646,0.12361914523152806,-0.037009356304872676,-0.21020456878525895,-0.23565218388961007
