Care,Fairness,Loyalty,Authority,Sanctity
Harm,Cheating,Betrayal,Subversion,Degredation
0.004658685299778385,0.003976401161027293,0.004875869768430065,0.005802248167343909,0.006641773662228065
0.03546828390301848,0.16705981532514658,0.00865190185551823,-0.15585603619113553,-0.1590346028313322
