Care,Fairness,Loyalty,Authority,Sanctity
Harm,Cheating,Betrayal,Subversion,Degredation
0.004952494562152873,0.004314245697793767,0.004749798036190976,0.00615205074784676,0.006332620627403083
0.09802781358154888,0.1127408392266609,0.0647948081276617,-0.19666160147442757,-0.17733047942602087
