Care,Fairness,Loyalty,Authority,Sanctity
Harm,Cheating,Betrayal,Subversion,Degredation
0.005080952574297138,0.0048214052455009026,0.004973156101105067,0.00560754154893374,0.007108724151172092
0.033386527406887634,0.18610903079822894,0.006395409330014035,-0.15964037199384062,-0.1875621216223513
