Care,Fairness,Loyalty,Authority,Sanctity
Harm,Cheating,Betrayal,Subversion,Degredation
0.005176025660815689,0.004797046704070659,0.005029456349747166,0.005947427575361038,0.0072824557321816185
-0.004373242020348722,0.14598404045190594,-0.014730193924493484,-0.15157372068780017,-0.18579144681372528
