Care,Fairness,Loyalty,Authority,Sanctity
Harm,Cheating,Betrayal,Subversion,Degredation
0.004847524223769409,0.004609668279161134,0.005107105702231036,0.006279508163902151,0.006623345564310924
-0.027549606358004075,0.16630879616911076,-0.07933245221096219,-0.13796523860519405,-0.22426298461296945
