Care,Fairness,Loyalty,Authority,Sanctity
Harm,Cheating,Betrayal,Subversion,Degredation
0.004753601307511777,0.0044715121371153785,0.004950250792766835,0.006164322604343609,0.006318088436397237
0.0018585778141713138,0.17750777607783186,-0.049137722110205284,-0.08312614174642641,-0.1289941188499456
