Economic,Capacity,Morality,Fairness,Legality,Policy,Crime,Security,Health,Quality,Cultural,Public,Political,External
0.9425633549690247,0.7049751877784729,0.09457998722791672,0.36659836769104004,0.2703954875469208,0.18921072781085968,0.04245588928461075,0.6231799721717834,0.016883892938494682,0.6054892539978027,0.12564736604690552,0.8402303457260132,0.9633396863937378,0.042763013392686844
0.17574742436408997,0.2750858664512634,0.018961984664201736,0.01255458127707243,0.01906818524003029,0.08464226871728897,0.0031688788440078497,0.09324001520872116,0.0005020135431550443,0.06027493253350258,0.010472575202584267,0.04771876335144043,0.026627067476511,0.005495887715369463
0.966988742351532,0.5843479633331299,0.006557499058544636,0.02059745229780674,0.033507004380226135,0.13456717133522034,0.004572673700749874,0.39457154273986816,0.002496408997103572,0.44364410638809204,0.035942744463682175,0.24625179171562195,0.9406883120536804,0.07225464284420013
0.5764331221580505,0.7758225798606873,0.028252430260181427,0.04890980198979378,0.17643889784812927,0.37051886320114136,0.038512442260980606,0.43500998616218567,0.0021751609165221453,0.24777427315711975,0.08417365700006485,0.33144447207450867,0.5939481258392334,0.07945048809051514
0.20945805311203003,0.24488379061222076,0.013823186047375202,0.02370264194905758,0.02926410362124443,0.040080178529024124,0.0023361677303910255,0.16968965530395508,0.0011484603164717555,0.12832139432430267,0.015662163496017456,0.3384666442871094,0.0628141388297081,0.008918925188481808
0.9687216281890869,0.6034632921218872,0.004973740316927433,0.029919089749455452,0.035039834678173065,0.012972733937203884,0.0009700467926450074,0.3787738084793091,0.0005313408910296857,0.0683404877781868,0.01859186217188835,0.03317487984895706,0.026244211941957474,0.011655081994831562
0.4570879638195038,0.41176295280456543,0.025977015495300293,0.06613534688949585,0.09067978709936142,0.3413020074367523,0.03503644838929176,0.28969553112983704,0.01387692615389824,0.17190933227539062,0.059261124581098557,0.2823334336280823,0.31259167194366455,0.009914458729326725
0.6623159646987915,0.7177898287773132,0.013932652771472931,0.5122183561325073,0.4253813624382019,0.6891845464706421,0.09264984726905823,0.058071695268154144,0.00486491434276104,0.4586784541606903,0.2753261923789978,0.8674975633621216,0.5921801924705505,0.004173154477030039
