Economic,Capacity,Morality,Fairness,Legality,Policy,Crime,Security,Health,Quality,Cultural,Public,Political,External
0.5886078476905823,0.7785184979438782,0.07041673362255096,0.24741427600383759,0.2687544524669647,0.663416862487793,0.0812823697924614,0.16969850659370422,0.0025518243201076984,0.31987282633781433,0.24080988764762878,0.7811720371246338,0.6252379417419434,0.11629227548837662
0.6247689723968506,0.5934811234474182,0.10602551698684692,0.37426307797431946,0.27431994676589966,0.23141655325889587,0.100070521235466,0.4843103587627411,0.010014042258262634,0.2503625452518463,0.175604909658432,0.3962107002735138,0.6659289002418518,0.06403345614671707
0.73597252368927,0.460016667842865,0.029935915023088455,0.34376978874206543,0.23486515879631042,0.7605559229850769,0.04253305494785309,0.3041599988937378,0.003168695606291294,0.30719292163848877,0.2105824202299118,0.6209724545478821,0.8493828773498535,0.02559462934732437
0.5782595276832581,0.5389786958694458,0.16906554996967316,0.1867281049489975,0.3108316659927368,0.3108406960964203,0.04279019683599472,0.3880097270011902,0.003694121027365327,0.3454267978668213,0.18901437520980835,0.7424004077911377,0.601040244102478,0.07533440738916397
0.7427940964698792,0.4250795841217041,0.15354712307453156,0.14092394709587097,0.17834562063217163,0.4848857522010803,0.056304167956113815,0.16549809277057648,0.003415468381717801,0.26595622301101685,0.2595589756965637,0.46842318773269653,0.5723056793212891,0.036396268755197525
0.755222499370575,0.6604366302490234,0.6372748017311096,0.743486225605011,0.5250700116157532,0.7049660682678223,0.3789525032043457,0.6366235613822937,0.3056541085243225,0.6823306083679199,0.4541257917881012,0.7575417757034302,0.6396193504333496,0.07399657368659973
