Economic,Capacity,Morality,Fairness,Legality,Policy,Crime,Security,Health,Quality,Cultural,Public,Political,External
0.890694797039032,0.4942035675048828,0.7961686849594116,0.030109381303191185,0.09827526658773422,0.36880216002464294,0.08560873568058014,0.592431366443634,0.0005974950618110597,0.3753949999809265,0.24123838543891907,0.8740191459655762,0.9606308937072754,0.8301124572753906
0.09842745959758759,0.2614574432373047,0.016248689964413643,0.020502200350165367,0.03885933756828308,0.13218212127685547,0.005230146925896406,0.0519905760884285,0.0004250855417922139,0.14411808550357819,0.029939109459519386,0.4157785475254059,0.1792771965265274,0.02831064723432064
0.8527924418449402,0.5314452648162842,0.09987843781709671,0.07305644452571869,0.13347341120243073,0.7635452151298523,0.1453990638256073,0.6680545210838318,0.02886272594332695,0.7011337876319885,0.3938756585121155,0.7914453148841858,0.8251945972442627,0.781252920627594
0.14948952198028564,0.4910835921764374,0.5924143195152283,0.0002916839730460197,0.012141047976911068,0.015359267592430115,0.13654400408267975,0.046140156686306,0.00022926449310034513,0.2566961348056793,0.1292230635881424,0.7002571821212769,0.4177647829055786,0.011201695539057255
