Economic,Capacity,Morality,Fairness,Legality,Policy,Crime,Security,Health,Quality,Cultural,Public,Political,External
0.9029868245124817,0.7723535299301147,0.26605841517448425,0.2852334678173065,0.6264682412147522,0.5366255044937134,0.21231211721897125,0.7764269709587097,0.007117333356291056,0.714716374874115,0.5270581245422363,0.9454705715179443,0.9743406772613525,0.23954778909683228
0.409920334815979,0.3505992293357849,0.33048126101493835,0.14196324348449707,0.2762760818004608,0.19288723170757294,0.04080789536237717,0.4115331470966339,0.003547870786860585,0.5143194794654846,0.20199450850486755,0.6540881395339966,0.9195531010627747,0.5335619449615479
0.779914379119873,0.6030935645103455,0.41709429025650024,0.3540055751800537,0.5099300146102905,0.5406777262687683,0.18999895453453064,0.6155691742897034,0.006401095073670149,0.43066465854644775,0.239340677857399,0.8150771260261536,0.888670027256012,0.042270854115486145
