Economic,Capacity,Morality,Fairness,Legality,Policy,Crime,Security,Health,Quality,Cultural,Public,Political,External
0.9545866847038269,0.7799921631813049,0.9299531579017639,0.2268044352531433,0.28982704877853394,0.8276320695877075,0.029430260881781578,0.635470449924469,0.007926239632070065,0.7062548398971558,0.6014360785484314,0.9375510811805725,0.8831290602684021,0.050370994955301285
0.5115706324577332,0.6936684846878052,0.9810587763786316,0.3480026125907898,0.05167108774185181,0.23853740096092224,0.0034783866722136736,0.02415315993130207,0.05284176394343376,0.29268500208854675,0.267376184463501,0.5223228335380554,0.2634255588054657,0.010604497976601124
0.8335340023040771,0.5760573744773865,0.727757453918457,0.21280896663665771,0.022307459264993668,0.05321074649691582,0.003232823219150305,0.014615865424275398,0.00029167733737267554,0.1435350924730301,0.08347256481647491,0.2892247140407562,0.03455548733472824,0.005459522362798452
0.9778230786323547,0.6977638602256775,0.2329210638999939,0.5021964311599731,0.4294010400772095,0.5455994606018066,0.33256664872169495,0.5023176670074463,0.03200805187225342,0.7078636884689331,0.28799188137054443,0.7131905555725098,0.3568352162837982,0.08402758091688156
