Economic,Capacity,Morality,Fairness,Legality,Policy,Crime,Security,Health,Quality,Cultural,Public,Political,External
0.9647139310836792,0.9203798770904541,0.42153167724609375,0.32861262559890747,0.3922974765300751,0.8422156572341919,0.12029705196619034,0.5939494371414185,0.022117210552096367,0.43429815769195557,0.3427625298500061,0.9476460218429565,0.8422453999519348,0.056768473237752914
0.9688805937767029,0.8424192667007446,0.11572837084531784,0.2344774603843689,0.1272887885570526,0.4715898931026459,0.02097841538488865,0.42713743448257446,0.0005661629838868976,0.06906665116548538,0.1029970645904541,0.15302003920078278,0.20308592915534973,0.024483690038323402
0.7471643090248108,0.5462751388549805,0.08332610875368118,0.09358176589012146,0.0796385109424591,0.5344926118850708,0.01227397657930851,0.11465592682361603,0.001663713133893907,0.10428934544324875,0.06201489269733429,0.3379244804382324,0.10024084150791168,0.012494668364524841
0.7968137860298157,0.5917521119117737,0.020058931782841682,0.03536263480782509,0.07665202766656876,0.1282331347465515,0.00388482422567904,0.2695976495742798,0.0013466225937008858,0.14834079146385193,0.03351458162069321,0.13660821318626404,0.17986248433589935,0.015818150714039803
0.709536075592041,0.20863787829875946,0.026328986510634422,0.014163296669721603,0.030265843495726585,0.06374134868383408,0.03703781217336655,0.2954494059085846,0.001559695927426219,0.11507929116487503,0.021448232233524323,0.12582674622535706,0.1977294385433197,0.007178656756877899
0.699556291103363,0.6002682447433472,0.029312869533896446,0.0665806382894516,0.05841176211833954,0.34984880685806274,0.02050652541220188,0.10798551142215729,0.0003350480692461133,0.07686964422464371,0.03670274838805199,0.28855186700820923,0.14735427498817444,0.024705560877919197
0.9114471077919006,0.7321746349334717,0.0708993449807167,0.27053725719451904,0.03751714900135994,0.29434216022491455,0.008229096420109272,0.6760697960853577,0.00032244218164123595,0.24619968235492706,0.040120337158441544,0.1435324251651764,0.10309047996997833,0.01955576054751873
