Economic,Capacity,Morality,Fairness,Legality,Policy,Crime,Security,Health,Quality,Cultural,Public,Political,External
0.9398580193519592,0.8114253878593445,0.1470126509666443,0.41877251863479614,0.3732607960700989,0.5076058506965637,0.09744018316268921,0.7875771522521973,0.03183596208691597,0.7340442538261414,0.3615475594997406,0.9947443604469299,0.8760542273521423,0.03870008885860443
0.7999165058135986,0.7258687019348145,0.12603037059307098,0.22766819596290588,0.4431178569793701,0.2913582921028137,0.032533787190914154,0.36092817783355713,0.014217489399015903,0.5414997935295105,0.18546564877033234,0.9435913562774658,0.4955589175224304,0.022179236635565758
0.647828996181488,0.5957382321357727,0.03652823343873024,0.15516866743564606,0.31647396087646484,0.5144655108451843,0.04081205278635025,0.3950774371623993,0.0011390302097424865,0.22020599246025085,0.3739287853240967,0.9387177228927612,0.6234803795814514,0.02715219184756279
0.8686972260475159,0.8010242581367493,0.06830494850873947,0.12684740126132965,0.05297199636697769,0.21292327344417572,0.01128159649670124,0.13267332315444946,0.01671508513391018,0.38979271054267883,0.040230851620435715,0.34563082456588745,0.03689105436205864,0.004223867319524288
0.8846248984336853,0.5961039066314697,0.17632202804088593,0.17005403339862823,0.2735963463783264,0.185655415058136,0.018837016075849533,0.2655215561389923,0.016112755984067917,0.38125044107437134,0.07843188941478729,0.958160400390625,0.20674020051956177,0.004209933336824179
