Economic,Capacity,Morality,Fairness,Legality,Policy,Crime,Security,Health,Quality,Cultural,Public,Political,External
0.8310293555259705,0.42444515228271484,0.17885170876979828,0.28232795000076294,0.3324985206127167,0.42494070529937744,0.08466945588588715,0.12125974148511887,0.012059317901730537,0.406735897064209,0.28682249784469604,0.8650962114334106,0.7273236513137817,0.025019317865371704
0.8803821206092834,0.7393518090248108,0.051513317972421646,0.18617033958435059,0.1295430213212967,0.47606757283210754,0.04134281724691391,0.05382644385099411,0.0012722194660454988,0.22279085218906403,0.13652440905570984,0.28599992394447327,0.2946799099445343,0.002982894890010357
0.9500449895858765,0.5526797771453857,0.1529613882303238,0.10517411679029465,0.14338694512844086,0.5441070795059204,0.0386214405298233,0.17984791100025177,0.0007724774186499417,0.14299719035625458,0.10842500627040863,0.9142394065856934,0.2839135229587555,0.023876195773482323
0.7437072396278381,0.45610979199409485,0.03326580300927162,0.11812429875135422,0.09995350241661072,0.8902401924133301,0.0077736335806548595,0.09575407207012177,0.0010619880631566048,0.15599969029426575,0.318026602268219,0.5653061866760254,0.7066593170166016,0.004573169630020857
0.8215946555137634,0.5605611801147461,0.13309991359710693,0.7431854009628296,0.5362300872802734,0.6033061146736145,0.44975462555885315,0.5171205401420593,0.5981737971305847,0.5089581608772278,0.49736157059669495,0.6382978558540344,0.6838931441307068,0.006775280926376581
0.9853106141090393,0.4444965422153473,0.025144679471850395,0.43832358717918396,0.16241566836833954,0.3989466428756714,0.0739961639046669,0.08075115829706192,0.04765640199184418,0.12076305598020554,0.13330933451652527,0.2359907329082489,0.0645567923784256,0.0025666591245681047
0.6692723631858826,0.17802992463111877,0.013550900854170322,0.010489175096154213,0.028016550466418266,0.41597187519073486,0.002367156557738781,0.011231773532927036,7.974320760695264e-05,0.03486761823296547,0.0353095717728138,0.5149598717689514,0.1235283836722374,0.001309090992435813
