Economic,Capacity,Morality,Fairness,Legality,Policy,Crime,Security,Health,Quality,Cultural,Public,Political,External
0.8573146462440491,0.32990336418151855,0.0017993057845160365,0.06139249727129936,0.0313681960105896,0.23440831899642944,0.003816397860646248,0.009223448112607002,0.00024717077030800283,0.04492522031068802,0.02138734608888626,0.06160900741815567,0.006068219430744648,0.0018448198679834604
0.35347023606300354,0.4148399531841278,0.0037560872733592987,0.29398396611213684,0.020626584067940712,0.028052687644958496,0.0012520544696599245,0.007341493386775255,0.0009323881822638214,0.03441264107823372,0.013205744326114655,0.018083009868860245,0.004428473301231861,0.0007468017865903676
0.6378188729286194,0.5045920014381409,0.004894810263067484,0.04254123196005821,0.06346219033002853,0.12790386378765106,0.009856713935732841,0.056582074612379074,0.00027614281862042844,0.019441034644842148,0.013264503329992294,0.11413624882698059,0.02549377642571926,0.00457121292129159
0.08614909648895264,0.1296846717596054,0.0031838263384997845,0.014215090312063694,0.02218407206237316,0.08784841001033783,0.0006232273299247026,0.01253485307097435,0.00023370669805444777,0.0017116322414949536,0.007043870165944099,0.01115026231855154,0.004536711145192385,0.0012074662372469902
0.7864484786987305,0.5285155773162842,0.29183170199394226,0.48324671387672424,0.3663381338119507,0.3823590874671936,0.23189936578273773,0.5298100709915161,0.15818345546722412,0.38983097672462463,0.2509719431400299,0.5347583889961243,0.41119512915611267,0.06946514546871185
0.5962073802947998,0.3934101164340973,0.009981974959373474,0.05777392536401749,0.0121331000700593,0.6989118456840515,0.005990240722894669,0.0955057144165039,0.0006991979316808283,0.03812744840979576,0.013663841411471367,0.17240722477436066,0.03476038947701454,0.010352537035942078
0.8245365023612976,0.724929928779602,0.2002228945493698,0.600444495677948,0.42077192664146423,0.3612585663795471,0.2645275592803955,0.5331575870513916,0.05960317328572273,0.4831539988517761,0.17825447022914886,0.37757837772369385,0.21551920473575592,0.04784385859966278
