Care,Fairness,Loyalty,Authority,Sanctity
Harm,Cheating,Betrayal,Subversion,Degredation
0.015652021957131224,0.3123573564237927,0.15827229350069483,-0.07415822829380081,-0.34515530869395905
