Care,Fairness,Loyalty,Authority,Sanctity
Harm,Cheating,Betrayal,Subversion,Degredation
0.5122136846395844,0.8548620825837643,0.605491717990627,0.28986104553293623,0.3493271170018104
