Care,Fairness,Loyalty,Authority,Sanctity
Harm,Cheating,Betrayal,Subversion,Degredation
0.00027522465669971297,0.26140517087053117,0.049838102745164425,-0.03168463333995275,-0.2799928093325099
