Care,Fairness,Loyalty,Authority,Sanctity
Harm,Cheating,Betrayal,Subversion,Degredation
-0.29894927842765273,0.06668216345029387,-0.2662733672298053,-0.36721307144746196,-0.48745722793743484
