Care,Fairness,Loyalty,Authority,Sanctity
Harm,Cheating,Betrayal,Subversion,Degredation
0.13919896992471847,0.30868602945910983,0.2163201936446919,-0.02972790991251384,-0.31189591513293113
