Care,Fairness,Loyalty,Authority,Sanctity
Harm,Cheating,Betrayal,Subversion,Degredation
0.06519078174096804,0.5466878749520057,0.4804285558535535,0.2606280265121066,-0.14065748363910502
