Care,Fairness,Loyalty,Authority,Sanctity
Harm,Cheating,Betrayal,Subversion,Degredation
0.47619789323943684,0.677456968959085,0.9069606814396691,0.6508058299604698,0.20503155226874759
