Care,Fairness,Loyalty,Authority,Sanctity
Harm,Cheating,Betrayal,Subversion,Degredation
-0.37404020504591495,-0.10724624149509898,-0.2761493747983407,-0.2961473347625132,-0.3588371903242774
