Care,Fairness,Loyalty,Authority,Sanctity
Harm,Cheating,Betrayal,Subversion,Degredation
-0.06495132195334108,0.22044943726852817,0.09975711472590931,-0.09266975618929141,-0.45629537693333144
