Care,Fairness,Loyalty,Authority,Sanctity
Harm,Cheating,Betrayal,Subversion,Degredation
0.0795026411286679,0.30998784309648797,0.2438392891394625,-0.04276387675457127,-0.2986218190085821
