Care,Fairness,Loyalty,Authority,Sanctity
Harm,Cheating,Betrayal,Subversion,Degredation
-0.2926448048470438,-0.00840109498195829,-0.09506724838278247,-0.19116428562915777,-0.2070258599146232
