Care,Fairness,Loyalty,Authority,Sanctity
Harm,Cheating,Betrayal,Subversion,Degredation
0.3709578606462991,0.6992613000385266,0.5289849043214421,0.5020746696777505,-0.1391130584742457
