Care,Fairness,Loyalty,Authority,Sanctity
Harm,Cheating,Betrayal,Subversion,Degredation
0.2222234587556009,0.7338413817771583,0.4642598168083125,0.4523989467748204,-0.2888901923242406
