Care,Fairness,Loyalty,Authority,Sanctity
Harm,Cheating,Betrayal,Subversion,Degredation
-0.09831034733946376,0.6288356267262969,0.38981990076311135,0.3285621732609656,-0.03431279642750806
