Care,Fairness,Loyalty,Authority,Sanctity
Harm,Cheating,Betrayal,Subversion,Degredation
-0.07078378599894464,0.2887660340723943,0.21971405837920033,0.08235355456503402,-0.30404588198630467
