Care,Fairness,Loyalty,Authority,Sanctity
Harm,Cheating,Betrayal,Subversion,Degredation
0.2318857326197863,0.8538278103181549,0.9198207783702177,0.5821672193204093,0.22327097924693873
