Care,Fairness,Loyalty,Authority,Sanctity
Harm,Cheating,Betrayal,Subversion,Degredation
0.03293344551387678,0.23689392956475497,0.19724381138639568,-0.055286674186822315,-0.4460867172842713
