Care,Fairness,Loyalty,Authority,Sanctity
Harm,Cheating,Betrayal,Subversion,Degredation
0.4674307497084085,0.5684414741097825,0.5420323016308679,-0.03783082881042121,0.10078037585219923
