Care,Fairness,Loyalty,Authority,Sanctity
Harm,Cheating,Betrayal,Subversion,Degredation
0.47619789799667545,0.6774569670894945,0.9069606798914289,0.6508058339120832,0.20503155704848952
