Care,Fairness,Loyalty,Authority,Sanctity
Harm,Cheating,Betrayal,Subversion,Degredation
0.14324891107619542,0.36267237809005914,0.28177855798172224,-0.018790892807858506,-0.23510257827594794
