Care,Fairness,Loyalty,Authority,Sanctity
Harm,Cheating,Betrayal,Subversion,Degredation
-0.23733394758702364,0.26209089641169037,0.22382186055707765,0.17320719593487133,-0.12867392477962247
