Care,Fairness,Loyalty,Authority,Sanctity
Harm,Cheating,Betrayal,Subversion,Degredation
-0.07356037834183615,0.46895401674385195,0.6071529023135915,0.325971470590912,0.06084895997365414
