Care,Fairness,Loyalty,Authority,Sanctity
Harm,Cheating,Betrayal,Subversion,Degredation
-0.09627125828673744,0.19521178538044537,0.26556302106349183,0.019040865328397105,-0.49745502264643393
