Care,Fairness,Loyalty,Authority,Sanctity
Harm,Cheating,Betrayal,Subversion,Degredation
0.16564581791618793,0.9523809523809523,0.6201002524780557,0.3825805765521606,-0.14601491362117913
