Care,Fairness,Loyalty,Authority,Sanctity
Harm,Cheating,Betrayal,Subversion,Degredation
-0.02268904776082059,0.27848083911611043,0.33033373424750634,0.09112571738043007,-0.46719212494986584
