Care,Fairness,Loyalty,Authority,Sanctity
Harm,Cheating,Betrayal,Subversion,Degredation
-0.0880117796503147,0.5793949291431879,0.15392581959789298,0.040017176138275934,-0.29267770820504657
