Care,Fairness,Loyalty,Authority,Sanctity
Harm,Cheating,Betrayal,Subversion,Degredation
0.14045618168018037,0.3127668768898302,0.40865965132269966,0.24843191664564768,0.0020918107950684828
