Care,Fairness,Loyalty,Authority,Sanctity
Harm,Cheating,Betrayal,Subversion,Degredation
-0.012704623441027407,0.23917302509839233,0.16139832186454428,-0.09279310838197807,-0.2130728515936784
