Care,Fairness,Loyalty,Authority,Sanctity
Harm,Cheating,Betrayal,Subversion,Degredation
-0.028119484521643034,0.18363919199975887,0.26460295425758695,-0.1565903601855244,-0.251883815355991
