Care,Fairness,Loyalty,Authority,Sanctity
Harm,Cheating,Betrayal,Subversion,Degredation
0.20922935348036975,0.7913958263854326,0.38229504129957914,0.19104514902133696,-0.11407280579646373
