Care,Fairness,Loyalty,Authority,Sanctity
Harm,Cheating,Betrayal,Subversion,Degredation
0.03441302096507748,0.33292081114234273,0.37572750193917703,0.10155997965842767,-0.04776314863878728
