Care,Fairness,Loyalty,Authority,Sanctity
Harm,Cheating,Betrayal,Subversion,Degredation
0.456008187315315,0.7254643983521063,0.44844383355780604,0.15669545335460056,0.23641677163903907
