Care,Fairness,Loyalty,Authority,Sanctity
Harm,Cheating,Betrayal,Subversion,Degredation
-0.02447735035477483,0.15469491408153369,0.2673585723981773,-0.15548526306861488,-0.2672669711472594
