Care,Fairness,Loyalty,Authority,Sanctity
Harm,Cheating,Betrayal,Subversion,Degredation
0.10044823237087619,0.3160246940076079,0.2222169342341973,0.0410115495214638,-0.06512186191523672
