Care,Fairness,Loyalty,Authority,Sanctity
Harm,Cheating,Betrayal,Subversion,Degredation
0.21827431265414332,0.3182728307679543,0.3557946691842948,-0.028494849801581457,-0.17332482139355043
