Care,Fairness,Loyalty,Authority,Sanctity
Harm,Cheating,Betrayal,Subversion,Degredation
-0.12154574347074354,0.054634681123481244,0.12085020393872603,-0.2625149640714297,-0.6197313984996772
