Care,Fairness,Loyalty,Authority,Sanctity
Harm,Cheating,Betrayal,Subversion,Degredation
-0.09280976488755588,0.368083755858686,0.2771015507468224,-0.0033664318101406243,-0.297585043139154
