Care,Fairness,Loyalty,Authority,Sanctity
Harm,Cheating,Betrayal,Subversion,Degredation
-0.020896314664866522,0.355684851101713,0.20567229913057505,0.02733035996532074,-0.45243027424655646
