Care,Fairness,Loyalty,Authority,Sanctity
Harm,Cheating,Betrayal,Subversion,Degredation
0.004456906928449023,0.12474192228135239,0.2416217217348815,0.022676149355266517,-0.14552029545860212
