Care,Fairness,Loyalty,Authority,Sanctity
Harm,Cheating,Betrayal,Subversion,Degredation
0.12377179402938165,0.4202464859812629,0.01560170758162549,-0.15275035734045017,-0.24421291470134543
