Care,Fairness,Loyalty,Authority,Sanctity
Harm,Cheating,Betrayal,Subversion,Degredation
0.6314743041210682,0.6359632714859351,0.5997369454742687,0.27873109112921424,0.39598070432965793
