Care,Fairness,Loyalty,Authority,Sanctity
Harm,Cheating,Betrayal,Subversion,Degredation
0.1768177562985207,0.3364974451948346,0.35951217460999363,0.03023623976132095,-0.2471659438479732
