Care,Fairness,Loyalty,Authority,Sanctity
Harm,Cheating,Betrayal,Subversion,Degredation
0.23976329475046332,0.42645157736754347,0.2924545126540756,0.11933812031291535,0.031991225717913796
