Care,Fairness,Loyalty,Authority,Sanctity
Harm,Cheating,Betrayal,Subversion,Degredation
0.16764995839361152,0.3745552678814157,0.383027539074704,0.047058087790530445,-0.03641813465899235
