Care,Fairness,Loyalty,Authority,Sanctity
Harm,Cheating,Betrayal,Subversion,Degredation
-0.09046037147525254,0.429355302608577,0.3158316764292992,-0.1042129840697058,-0.44523966818090877
