Care,Fairness,Loyalty,Authority,Sanctity
Harm,Cheating,Betrayal,Subversion,Degredation
0.4385010110020977,0.5260703685333259,0.5379591703782547,0.2651183018028387,0.17227516721530023
