Care,Fairness,Loyalty,Authority,Sanctity
Harm,Cheating,Betrayal,Subversion,Degredation
0.04865221481607085,0.6351496474736185,0.24774715634168576,-0.0011744608236259335,-0.25716245159857076
