Care,Fairness,Loyalty,Authority,Sanctity
Harm,Cheating,Betrayal,Subversion,Degredation
-0.13553532879791774,0.3643835181868682,0.31487228124419375,0.35012323575892945,-0.09582897475676078
