Care,Fairness,Loyalty,Authority,Sanctity
Harm,Cheating,Betrayal,Subversion,Degredation
0.1779742427366251,0.4017735809676324,0.45989600669211583,0.38020950248640695,0.1891824718653865
