Care,Fairness,Loyalty,Authority,Sanctity
Harm,Cheating,Betrayal,Subversion,Degredation
0.40423743573412185,0.5911007057257207,0.5359856397930018,0.34736688390047066,0.13918591508373912
