Care,Fairness,Loyalty,Authority,Sanctity
Harm,Cheating,Betrayal,Subversion,Degredation
-0.5106698135858911,0.3457387766724711,-0.24517644557968743,-0.4758157558832995,-0.45034240013142535
