Care,Fairness,Loyalty,Authority,Sanctity
Harm,Cheating,Betrayal,Subversion,Degredation
-0.0142032949481955,0.14106746337037834,-0.08001000135041525,-0.23364451873893588,-0.36102334839540773
