Care,Fairness,Loyalty,Authority,Sanctity
Harm,Cheating,Betrayal,Subversion,Degredation
-0.04123751215728644,0.10199625501742449,-0.017676183738475237,-0.18438136311821018,-0.295518493786446
