Care,Fairness,Loyalty,Authority,Sanctity
Harm,Cheating,Betrayal,Subversion,Degredation
-0.030865727454335357,0.16588876586497525,-0.08260525505464666,-0.13764408750783064,-0.233516725454196
