Care,Fairness,Loyalty,Authority,Sanctity
Harm,Cheating,Betrayal,Subversion,Degredation
-0.05282219415563627,0.10620540921916355,0.0009583600908418255,-0.19249362754257981,-0.21799732076658984
