Care,Fairness,Loyalty,Authority,Sanctity
Harm,Cheating,Betrayal,Subversion,Degredation
-0.03946600551145074,0.12253882106719516,-0.05049223490513188,-0.10669792644897447,-0.2014954137809578
