Care,Fairness,Loyalty,Authority,Sanctity
Harm,Cheating,Betrayal,Subversion,Degredation
0.003138245972978959,0.1338653904853191,-0.04348431390791618,-0.20123068778854614,-0.30985582116970445
