Care,Fairness,Loyalty,Authority,Sanctity
Harm,Cheating,Betrayal,Subversion,Degredation
-0.04202263550985408,0.11751783461140652,-0.1145460194401966,-0.223048238074531,-0.35740461411257096
