Care,Fairness,Loyalty,Authority,Sanctity
Harm,Cheating,Betrayal,Subversion,Degredation
0.03391941642565577,0.16788318068540642,0.007692765318740413,-0.15857703279753566,-0.15893695592708812
