Care,Fairness,Loyalty,Authority,Sanctity
Harm,Cheating,Betrayal,Subversion,Degredation
0.09604525251883178,0.11495121319654045,0.06664740941464209,-0.191369799530958,-0.17638557896587104
