Care,Fairness,Loyalty,Authority,Sanctity
Harm,Cheating,Betrayal,Subversion,Degredation
-0.053508387538459656,0.07163158656340274,-0.07534943146856354,-0.13487410440073533,-0.15274096656982405
