Care,Fairness,Loyalty,Authority,Sanctity
Harm,Cheating,Betrayal,Subversion,Degredation
0.021167656455062467,0.1794296412947607,-0.006238935243830346,-0.14702092774813402,-0.20093391162169338
