Care,Fairness,Loyalty,Authority,Sanctity
Harm,Cheating,Betrayal,Subversion,Degredation
-0.010836582286145702,0.14238856511351794,-0.020960651764293736,-0.14464132003355445,-0.19419416798060019
