Care,Fairness,Loyalty,Authority,Sanctity
Harm,Cheating,Betrayal,Subversion,Degredation
0.048523540489872286,0.1608723746081282,0.015151354064294686,-0.06558608328495641,-0.10691635705473723
