Care,Fairness,Loyalty,Authority,Sanctity
Harm,Cheating,Betrayal,Subversion,Degredation
0.0019772828972746126,0.15722593324820178,-0.045315466086435885,-0.12545126106543503,-0.19561490850086993
