Care,Fairness,Loyalty,Authority,Sanctity
Harm,Cheating,Betrayal,Subversion,Degredation
0.028494119811232066,0.1900711306708449,-0.009705230963777067,-0.14806989276300586,-0.3163476117115469
