Care,Fairness,Loyalty,Authority,Sanctity
Harm,Cheating,Betrayal,Subversion,Degredation
0.021664521868800746,0.12113724732048436,-0.03798264010784613,-0.20232715145970037,-0.242270580458815
