Care,Fairness,Loyalty,Authority,Sanctity
Harm,Cheating,Betrayal,Subversion,Degredation
0.5110741428270926,0.8545317609497878,0.6017240472425633,0.2898946642409026,0.3462492024114743
