Care,Fairness,Loyalty,Authority,Sanctity
Harm,Cheating,Betrayal,Subversion,Degredation
-0.09047082536827988,0.6099579995159761,0.3803442460938089,0.3171755204298694,-0.04634685018778917
