Care,Fairness,Loyalty,Authority,Sanctity
Harm,Cheating,Betrayal,Subversion,Degredation
0.05168332630855654,0.4641493721483243,0.2077659543835264,-0.023101445075855098,-0.15119821290023272
