Care,Fairness,Loyalty,Authority,Sanctity
Harm,Cheating,Betrayal,Subversion,Degredation
0.08243210345611418,0.3893654765219112,0.42569492051548186,0.13782648434481537,-0.08427583819730733
