Care,Fairness,Loyalty,Authority,Sanctity
Harm,Cheating,Betrayal,Subversion,Degredation
0.46585105446427355,0.5664385917705903,0.5401053802963243,-0.03750517149156696,0.1009013721699854
