Care,Fairness,Loyalty,Authority,Sanctity
Harm,Cheating,Betrayal,Subversion,Degredation
0.020237069448589606,0.2346455922820121,0.19167433015921098,-0.04975505941228453,-0.4468647831118605
