Care,Fairness,Loyalty,Authority,Sanctity
Harm,Cheating,Betrayal,Subversion,Degredation
-0.0763967739480208,0.2786891077256788,0.13362134450921714,-0.01863877897215327,-0.42488374414710983
