Care,Fairness,Loyalty,Authority,Sanctity
Harm,Cheating,Betrayal,Subversion,Degredation
-0.0914185592972071,0.3126731594205816,0.18417530549583305,-0.01028179698765308,-0.35559527878857533
