Care,Fairness,Loyalty,Authority,Sanctity
Harm,Cheating,Betrayal,Subversion,Degredation
0.04943202450145612,0.331742689446735,0.32766169393740063,0.10840861628969312,-0.10098783592127292
