Care,Fairness,Loyalty,Authority,Sanctity
Harm,Cheating,Betrayal,Subversion,Degredation
0.12023807504429396,0.43750783170368,0.00035968815536024934,-0.17428723240913702,-0.24260530107497247
