Care,Fairness,Loyalty,Authority,Sanctity
Harm,Cheating,Betrayal,Subversion,Degredation
-0.1392475177226674,0.3677858411031487,0.31236911635499265,0.35316050858602144,-0.0963152726552553
