Care,Fairness,Loyalty,Authority,Sanctity
Harm,Cheating,Betrayal,Subversion,Degredation
-0.026996442761827555,0.3568491605011981,0.19774199238486756,0.014886299443703122,-0.46133395244359787
