Care,Fairness,Loyalty,Authority,Sanctity
Harm,Cheating,Betrayal,Subversion,Degredation
0.11124866041445425,0.3233289921325322,0.21393330453388937,0.017899491871119277,-0.06473442409310726
