Care,Fairness,Loyalty,Authority,Sanctity
Harm,Cheating,Betrayal,Subversion,Degredation
-0.021233711652945297,0.15918709407481457,0.25929513601777,-0.1770491672398814,-0.266162422404689
