Care,Fairness,Loyalty,Authority,Sanctity
Harm,Cheating,Betrayal,Subversion,Degredation
-0.0021665438957416683,0.14246983625905685,-0.07951141782834015,-0.25031296848303775,-0.3620824022692589
