Care,Fairness,Loyalty,Authority,Sanctity
Harm,Cheating,Betrayal,Subversion,Degredation
0.055819417419788575,0.20096593349403546,0.026882816968020862,-0.11437487193505069,-0.08793145760281196
