Care,Fairness,Loyalty,Authority,Sanctity
Harm,Cheating,Betrayal,Subversion,Degradation
0.04341996,0.0038303398,0.0008341335,0.029344987,0.050828468
0.13016237,0.07180014,-0.01841984,0.117801115,0.06526388
-0.047890916,-0.0066389926,-0.027237803,-0.069798276,-0.028366502
0.082223095,0.10062581,0.126297,0.02145722,0.07149239
-0.07416269,-0.04984472,-0.12506162,-0.124388404,-0.077772975
0.06379289,0.04446077,0.032997273,0.05410532,0.030813914
0.094607994,0.03291215,-0.001663547,-0.033499315,0.10353158
0.048134148,-0.01797894,-0.06611915,0.016152954,0.084357224
0.010226902,0.015107507,0.052435994,0.10942942,0.014744259
-0.029563319,0.061736483,0.040884305,0.03649232,-0.05592498
-0.013227448,-0.03411424,0.008492454,-0.08850618,-0.048730515
-0.022104336,-0.007860275,-0.04734102,-0.12044209,-0.053651292
-0.052673496,0.024190363,-0.062098537,-0.07517399,-0.07956119
0.074448675,0.101265915,0.03910764,-0.0036263885,0.030216549
