Care,Fairness,Loyalty,Authority,Sanctity
Harm,Cheating,Betrayal,Subversion,Degradation
0.013316705,-0.0025128825,0.031960644,-0.05593823,-0.09220801
0.10497673,0.110529654,0.115920596,0.06885155,0.007216446
0.05834738,0.08133739,0.083231136,0.019256808,-0.016407404
-0.08272083,0.013999945,-0.07612671,-0.016761474,-0.07536885
-0.0443511,-0.038739644,-0.1552463,-0.13848361,-0.017360358
0.026952757,0.09688054,0.015973758,-0.03147778,-0.010558824
0.049809523,0.06556253,0.012727521,0.022656031,0.0360871
0.03715662,0.08758919,0.024778929,0.09329665,-0.00066314265
0.07815991,-0.005389046,0.01272552,-0.077324055,-0.032842238
0.06631,0.12704869,0.05303835,-0.00630188,-0.0036457516
0.12138116,0.12840354,0.11354935,0.007468098,0.08230285
0.04374955,0.12426747,0.049376704,0.0035524527,-0.005826693
0.05344428,0.08786309,0.02576875,-0.008305902,0.0019853506
0.068532646,0.107874215,0.109756425,0.044640996,-0.0010007303
0.0681707,0.13686006,0.07218575,0.06673584,-0.05764386
0.08426831,0.08002394,0.08281283,0.011058491,0.046665594
0.09919962,0.014170446,0.08335724,0.00568598,0.00092759356
0.048139635,0.04772149,-0.00750863,-0.0010873415,0.036697697
-0.0144652445,0.020177547,0.046113584,-0.011391038,-0.041298088
-0.14954743,-0.0007426739,-0.14899115,-0.13588327,-0.06892432
-0.009959469,-0.0054859854,-0.0265347,0.039690755,0.00049923547
0.034243762,0.041911982,0.0017566346,-0.07056922,-0.08892538
-0.13673759,-0.0064745527,-0.14229792,-0.08751468,-0.13115168
0.02906696,0.03072623,-0.04280654,-0.10219656,-0.089783445
0.11661151,0.1049536,0.047793627,0.038848348,-0.009571012
0.07262933,0.00017710589,-0.049810156,-0.029245108,0.0438793
0.03601785,0.0977816,-0.0023844987,-0.04207847,-0.08435154
0.062393636,0.07399951,-0.0164112,0.004587585,-0.024666477
0.05547963,0.063309595,0.047217246,0.0053750463,0.024249487
0.025637634,0.084803715,0.13075516,0.024414986,0.01628751
0.06323508,0.032863386,-0.020942086,-0.02126244,-0.04790588
