Care,Fairness,Loyalty,Authority,Sanctity
Harm,Cheating,Betrayal,Subversion,Degradation
0.011503238,0.045158222,-0.004773235,0.033817317,-0.045451324
0.07892994,0.056947917,0.083652265,0.10652995,0.050762877
-0.088888,0.0016673747,-0.07971491,-0.08922813,-0.079983994
0.0538525,0.01979771,0.08406327,0.00777522,-0.019157879
0.066739246,0.025005454,0.10079941,-0.00596652,0.05462382
0.0740463,-0.023168506,-0.0027808826,0.016381647,0.046539657
-0.08289163,-0.05810572,-0.051629692,-0.027344402,-0.0896491
-0.007124003,0.05999777,-0.060679905,-0.04587254,-0.059850883
0.020788414,0.10236283,0.07668044,0.049378075,0.0419544
0.024340315,0.03406714,0.016356176,0.07527649,-0.009758068
-0.006840379,0.06081311,0.07878814,0.08178705,-0.04640127
0.072870225,0.09657279,0.10398157,0.11156434,0.04885987
0.05750098,0.08567053,0.03776844,0.09670155,-0.030289384
0.031024942,0.025883138,-0.0153453685,-0.027683036,-0.05563087
-0.040139318,0.015137233,-0.050296538,-0.078502774,-0.06805067
0.0378064,0.052670754,-0.016782321,-0.013570799,-0.01107317
-0.1007147,-0.030207267,-0.09423454,-0.07388584,-0.076468214
-0.17085735,-0.09446944,-0.12718023,-0.13404028,-0.17753503
-0.088463984,-0.016505176,-0.12520067,-0.13768232,-0.11319854
0.033010464,0.121544376,0.2361974,0.20312786,0.10007097
0.0025829421,-0.09439108,-0.066211656,-0.016105447,-0.023699267
-0.02314713,0.033284135,-0.08624037,-0.0360156,-0.041796822
0.024693891,0.013858247,0.0052528456,-0.021216042,0.04326092
0.039320383,0.028107245,0.15572354,0.07716007,0.09959495
0.06190823,0.079203665,0.1467106,0.13025676,0.082328044
0.06627258,0.07875621,0.17665544,0.085425556,-0.0025394745
0.050314117,0.016824305,0.12127498,0.011968074,-0.038672905
0.06325783,0.05440136,0.10180724,0.04656358,-0.027145127
0.051148325,-0.025255792,0.075825706,-0.025149215,0.051759433
-0.10268931,0.0315509,0.0050334176,0.022723341,-0.044362076
-0.03789853,0.03812416,0.15050304,0.04756755,0.0037782397
0.03637671,0.098195605,0.11115265,-0.04568814,0.11101724
-0.025122698,-0.027966885,-0.023407664,-0.10893644,-0.027801283
0.016886462,0.008847754,0.057922304,0.016735297,0.00032027252
