Care,Fairness,Loyalty,Authority,Sanctity
Harm,Cheating,Betrayal,Subversion,Degradation
0.012066423,0.038510263,-0.08564623,-0.050130345,-0.039373934
-0.01739476,0.024872838,-0.08754685,-0.08341921,0.003297924
-0.031042721,0.05057103,-0.089180864,-0.043211468,-0.0057754256
-0.043687083,0.0989767,-0.006019608,0.014009673,0.014583027
0.0051009804,0.040237945,0.015941728,-0.05232706,-0.07003177
0.008859773,-0.012354773,-0.017974645,-0.013478115,-0.107282616
-0.10011233,0.046022885,-0.074231096,-0.055163845,-0.07042173
-0.034705468,0.05424247,-0.04020405,0.0741595,-0.03904126
-0.12834036,0.049718484,-1.4451332e-05,-0.033441555,0.053689443
-0.024836518,0.12280756,-0.049664218,0.0006298423,0.051106997
0.045652457,0.20579255,0.16672152,0.0115879085,0.17245924
0.03862201,0.058169566,0.13872103,0.07691243,0.059862886
-0.040441595,0.051935364,0.019594122,0.1806905,0.08775527
