Care,Fairness,Loyalty,Authority,Sanctity
Harm,Cheating,Betrayal,Subversion,Degradation
0.03592269,0.0020395229,0.027937029,0.07451739,-0.028028268
-0.03743323,0.008904548,0.049091164,-0.007591064,-0.06586146
-0.0486134,0.030137505,-0.026888255,-0.06040874,-0.04022739
0.124016665,0.049540244,0.08687779,0.050966136,0.0053381044
0.025964545,-0.023757715,0.022630358,-0.017440317,-0.046841104
-0.13745509,-0.010615046,-0.055741914,-0.10140859,-0.18397658
-0.028232535,-0.030140035,0.0013515633,-0.122997105,-0.102005854
0.05021458,0.12195919,0.14496848,0.032705575,0.089728326
-0.013013301,-0.0292568,-0.004078435,0.00095854327,-0.025529193
-0.05307715,-0.048398957,-0.06312871,-0.096059665,-0.09205464
0.005038717,-0.033468917,0.007399454,0.029944273,-0.06490549
0.043998614,-0.0135308895,0.027581047,0.038425818,-0.100181185
-0.007136518,0.004646044,-0.018084098,0.00767996,-0.03822304
