Care,Fairness,Loyalty,Authority,Sanctity
Harm,Cheating,Betrayal,Subversion,Degradation
-0.06488586,0.052436642,-0.064857155,-0.08431675,-0.041002594
-0.031787947,-0.1102629,-0.047240876,-0.031511664,-0.15275627
0.039588243,0.042242803,-0.076572955,0.06151868,0.057788398
-0.039456382,0.014858524,-0.08813502,-0.109369785,0.072653934
0.052682746,0.10543458,0.12460525,0.1122618,-0.008659474
0.010768841,0.0062917015,0.077857,-0.0060776025,-0.016428223
-0.01468128,-0.10441884,-0.05157236,0.024682451,0.008138679
-0.08521145,-0.0705107,-0.13889545,-0.1846506,-0.10819326
-0.024723234,-0.057958182,0.004299919,-0.06412944,-0.052268684
-0.024519615,0.030216409,-0.06733331,-0.0808063,-0.1113608
-0.016220734,0.06313281,0.01448665,0.010115991,-0.037828468
-0.090123504,-0.015670022,-0.07680529,-0.072212905,-0.046748973
0.033208646,0.0444464,-0.016992241,-0.039221607,-0.0034880945
0.0062177926,0.0824243,0.07843367,0.047970876,-0.023856502
-0.053384647,-0.023069715,-0.05757033,-0.07977585,-0.100380495
-0.10499948,0.005660196,-0.012510451,-0.0064932453,-0.027670426
0.009864111,0.12710416,0.08925592,0.015653297,0.048628435
0.023709223,0.016670942,0.010738909,-0.021128112,0.037189566
-0.0017270613,0.09599986,0.0687368,0.06777567,0.0075673554
-0.08832213,0.025333019,0.012578767,-0.04503787,-0.08469641
-0.027368756,0.049159843,0.075948626,0.029482195,-0.05522587
-0.043513883,-0.052532263,-0.08835441,-0.07777864,-0.22157326
0.03349709,-0.0022776425,0.036459114,0.0009002667,-0.018774407
0.011610332,0.024216525,-0.027411964,-0.057219498,-0.04048766
-0.024680074,-0.10255852,-0.07836181,-0.09844085,-0.14066473
0.02574617,0.023906225,-0.0231218,-0.001833654,-0.03402917
0.08039597,0.08973118,0.1404185,0.050641283,-0.06782903
0.05803593,0.07044847,0.1193297,0.046584446,-0.049921855
0.0052466057,0.109771445,0.06414207,0.02021871,-0.034119062
-0.051932573,-0.050353147,-0.06301279,-0.095574126,-0.0503109
0.0054003596,0.07104576,-0.0063079353,0.021612912,-0.007138431
0.078080334,0.008491084,0.106843635,0.038182966,-0.028744316
-0.020820381,-0.056534857,-0.13343407,-0.05507498,-0.10545757
0.016546384,0.018329613,-0.04333234,-0.02544995,0.071629
0.063157424,-0.010442495,-0.054120477,-0.056689322,0.048370566
0.056202963,0.11406307,-0.017125295,-0.06952572,-0.012584459
