Care,Fairness,Loyalty,Authority,Sanctity
Harm,Cheating,Betrayal,Subversion,Degradation
0.0039290693,-0.01777178,-0.04045024,-0.0836794,-0.09032351
0.017103989,0.047221527,0.043491416,0.008003276,-0.033942547
-0.00614395,0.06010794,0.051006444,0.01726571,-0.07878762
0.060878694,-0.008614,0.01400296,0.033964682,-0.051139887
0.045463145,-0.0013705082,0.051452518,-0.044206806,-0.033620097
0.002261212,-0.013375156,0.04300095,-0.05506349,-0.09383046
0.012720277,0.074408494,7.998757e-05,-0.020900764,-0.07354229
0.072614565,-0.10229388,0.012308276,0.041657865,0.03450664
0.018264433,0.06668466,0.11616543,0.039484825,-0.046384882
-0.017598942,0.037001897,0.00075544976,0.032449514,0.029557943
0.015971579,-0.067007825,0.0019135685,0.028816503,0.043364305
