Care,Fairness,Loyalty,Authority,Sanctity
Harm,Cheating,Betrayal,Subversion,Degradation
0.010687847,0.07595247,0.020540405,-0.029207017,0.04177051
-0.0026748888,0.06255811,-0.013011842,0.015466616,-0.022905698
0.040597044,0.07160236,0.029593829,0.021094259,0.035382956
-0.011170153,0.081514776,-0.0038883588,-0.011670987,0.041008662
0.029068686,0.13114864,0.048846148,0.015763823,0.02221054
0.11741835,0.07183681,0.007931532,0.012964808,0.02239577
0.0054614246,0.02025287,0.024344178,0.09007201,-0.06462577
-0.008952034,0.021938603,-0.022260545,0.026941996,0.013518698
0.036918767,-0.037890825,0.04299395,-0.05351705,-0.0042226966
-0.00419097,-0.015458662,0.0050752466,0.0030104127,0.04496223
0.051631693,-0.010874343,-0.021016607,-0.024577139,0.045087915
-0.10002181,-0.03995315,-0.052026857,-0.08501707,-0.027052484
0.04765601,0.10913742,0.062186517,0.027565807,0.043821592
-0.009227769,0.052882247,0.060430836,0.009915946,-0.009820694
-0.002588747,0.05322148,0.033714123,0.0736084,0.0655918
-0.020830382,-0.0042459145,-0.05400697,-0.009587215,-0.0070320144
-0.05118251,0.0077000204,-0.006934425,-0.029412977,0.024107175
0.015817825,0.06404739,0.08384154,0.06885635,0.093063705
0.04934649,0.033598848,0.0320647,0.009203041,0.031666745
0.065259725,0.061109968,0.1453045,0.03606818,0.11754675
0.04430809,0.03458629,0.108467266,-0.010638111,0.037650377
0.03537134,0.105315186,0.09387819,0.013667685,0.020018432
0.04491287,0.041251525,0.061467193,0.045749746,0.035515144
-0.018776983,-0.0036483053,-0.03463514,-0.0023337621,0.044707935
-0.014964443,0.03921435,-0.006874904,0.013311638,-0.0063661146
0.08290775,0.09301224,0.08440295,0.07735014,0.04963372
-0.09467207,-0.04615584,-0.06979874,-0.03159522,-0.048494965
-0.025252793,-0.044774298,-0.022146542,-0.011433607,-0.0040407474
-0.019520197,0.046774786,0.04498567,0.029733544,-0.047379866
