Care,Fairness,Loyalty,Authority,Sanctity
Harm,Cheating,Betrayal,Subversion,Degradation
0.015139535,0.045253202,-0.0024390812,-0.009990992,-0.033751614
0.119199164,0.10375702,0.078379355,0.11738701,0.015324522
0.08519122,0.07067245,0.043805942,0.09314826,-0.046955578
-0.011366101,-0.03465081,-0.015550127,-0.053773142,-0.14189413
0.07570621,0.107911326,0.06090816,0.07298087,0.1102695
0.009013383,0.03462077,-0.016735135,0.0052906387,-0.08003968
0.013045648,0.058941092,-0.00016203895,-0.021465395,-0.08992506
0.022500895,0.06799927,0.103217214,0.028550033,-0.0704035
-0.02285109,-0.07255258,-0.016394148,-0.09007813,-0.09216733
0.06084152,0.0541362,0.12948133,0.102258496,0.08852633
0.036113583,0.04908624,0.025273083,0.032488685,-0.053251505
0.08412401,-0.044669215,-0.012604795,0.028175283,0.00924915
