Care,Fairness,Loyalty,Authority,Sanctity
Harm,Cheating,Betrayal,Subversion,Degradation
0.010122354,-0.03219391,-0.12614831,-0.118265375,-0.102701135
-0.055640277,0.006671982,-0.13600206,-0.07496017,-0.124801315
0.040299345,0.020613048,-0.00493702,-0.0052683316,0.024906518
0.027796308,-0.0073475507,-0.15682402,-0.04103902,-0.023486532
0.01848811,-0.037141114,-0.13108973,-0.05882308,-0.086298704
-0.03220487,-0.066681795,-0.103686646,-0.009346178,-0.037491485
-0.01744197,0.026854148,0.03193556,-0.011419656,-0.020200305
0.10197955,0.039515108,-0.025514435,-0.064482965,-0.04041308
0.035743475,-0.06933725,-0.016943548,0.0014898311,-0.07753889
0.013273343,-0.02938104,-0.11708508,-0.105615035,-0.07783729
0.055668153,0.053716585,-0.03595699,0.03386133,0.015052034
-0.057438865,0.020585893,-0.057075415,-0.009180385,-0.0866929
-0.062297184,-0.017429013,-0.08575839,-0.1150517,-0.0356355
0.035902742,0.030373774,-0.04884383,-0.012733632,0.015898362
0.0070759617,-0.06663715,-0.076051354,-0.08645291,-0.081154816
0.011678974,-0.05945347,-0.15362546,-0.12049507,-0.015584228
0.012938355,-0.04079287,-0.005730476,-0.020439986,0.047392294
-0.00035348535,-0.026510794,-0.108115315,-0.052752025,-0.032129165
-0.012245119,-0.019134533,-0.1799017,-0.1298174,-0.121992216
-0.14373262,-0.11420138,-0.22618012,-0.18219389,-0.30172476
0.019498328,0.011157153,-0.08318061,-0.027626744,-0.07070941
0.08516975,0.009038966,-0.04470607,-0.019111546,0.029040236
0.10245201,-0.021839552,-0.065601446,0.009031685,0.063860185
0.033003666,0.0016612466,-0.08586826,-0.0015426278,-0.035488766
-0.013514814,0.032386955,-0.014480108,0.028808802,-0.010933643
0.0273089,-0.0059914803,-0.121316895,-0.035265043,-0.009584902
0.024103366,0.031920668,-0.037643205,-0.06408084,-0.12838267
0.06489232,0.009149551,-0.08921826,-0.016591618,-0.041077793
-0.00891743,0.03440348,-0.08665219,-0.08134471,-0.045142535
0.026480917,0.058353882,-0.08374297,-0.046519477,-0.043937035
0.015456864,0.096849196,-0.05978467,0.007668048,0.013205007
0.019484244,0.019549195,0.028163891,-0.011026517,-0.002407262
0.026196463,-0.008574078,-0.08204143,-0.0023738476,0.01003075
-0.0074625993,-0.0060491078,-0.0095402645,-0.04941067,-0.03943762
