Care,Fairness,Loyalty,Authority,Sanctity
Harm,Cheating,Betrayal,Subversion,Degradation
-0.014938322,-0.008508988,-0.06943618,-0.06576597,-0.032079615
0.035219528,0.045866344,-0.02768439,-0.09387352,-0.0036232136
0.0009879624,0.06636174,0.056781836,0.03968393,0.020610332
-0.12785736,0.045802332,-0.0018488159,0.039273888,0.07753748
-0.05343233,-0.03567098,-0.07735534,-0.042165257,0.038617034
-0.08312019,-0.034034245,-0.04687472,-0.031412903,-0.02381692
-0.040090814,-0.027999477,-0.09705156,-0.056332137,-0.011192294
-0.112004,-0.118171304,-0.27744097,-0.2020023,-0.23056346
0.06302465,0.01682983,0.023124414,0.045990776,-0.025679499
0.070993334,0.1265842,0.0066348463,0.08784471,0.012587257
0.07123961,-0.013146102,0.0029729847,0.059472676,-0.008389391
0.0015741363,0.094722986,-0.09663913,-0.0526235,0.08841687
0.025302,0.020579718,0.027838206,-0.023183292,0.013678305
-0.11468722,-0.10069163,-0.15103108,-0.092371434,-0.07825069
-0.0020636804,0.025747605,0.06939956,0.058540802,0.07440611
-0.034958437,0.1269836,0.16413656,0.08785619,0.14122322
-0.0042269975,0.0020166598,0.049442194,0.011790313,0.008862194
-0.17265664,0.15587182,-0.031938378,0.061892096,-0.057102084
0.006809,0.02527878,-0.0006466452,0.034934666,-0.049869947
