Care,Fairness,Loyalty,Authority,Sanctity
Harm,Cheating,Betrayal,Subversion,Degradation
-0.02756394,-0.055280436,-0.08728874,-0.067669176,-0.08051956
0.013472449,-0.002008818,-0.015063324,0.03489457,0.0064146854
0.072037116,0.08725099,0.10874124,0.039293826,0.15223265
0.073271394,0.07258397,0.1272314,0.13679191,0.123541206
0.03887067,0.05805635,0.06990573,-0.003022356,0.034719214
-0.05402041,-0.01807079,-0.004389504,-0.07204099,-0.13187063
-0.034375466,-0.01769954,0.020082302,-0.02523715,-0.07553019
0.046086114,0.06132558,-0.057244856,-0.10883135,-0.023177102
0.07079767,0.066658504,-0.005693932,0.14181235,0.12312308
-0.066456884,-0.0035470221,-0.047305636,-0.04567954,-0.015313072
0.07141584,0.01709607,-0.054686204,0.1145515,0.10858656
0.07878727,-0.0064289514,-0.02350847,0.06930037,0.10926931
-0.0396806,-0.03256059,0.0100603495,0.051249757,0.0033530341
0.15041092,0.07403089,0.07299903,0.19089013,0.049881443
-0.16535477,-0.106445104,-0.13917053,-0.20677242,-0.15058789
0.016946258,0.015661016,0.09363626,0.08050914,0.0002156645
0.04354021,0.07695373,0.07212537,0.04410731,0.009770118
0.03795933,0.103139676,0.09466267,0.11691027,0.08971174
0.03564746,0.027060678,0.02276775,0.07646838,0.039998602
0.012068126,0.06529206,-0.02127395,0.07280332,0.03770658
-0.07123254,-0.04092373,-0.08821651,-0.01841988,-0.019422518
