Care,Fairness,Loyalty,Authority,Sanctity
Harm,Cheating,Betrayal,Subversion,Degradation
-0.0050587663,0.07630202,-0.035013556,-0.07661439,-0.07365378
0.039209455,0.08712125,-0.040380634,0.058983028,0.07235989
0.107808344,0.08318472,0.06766354,0.017091421,0.09682927
0.09259917,0.10231621,-0.005550629,-0.035986383,0.008552603
-0.02966122,0.106768705,0.06951775,0.041904893,0.049111314
0.031057583,0.041207172,-0.023731906,0.10184295,0.011482462
0.08681948,0.14248678,0.06731379,0.074662,-0.03610401
0.010428585,0.03948417,-0.013314843,-0.04636302,-0.084656015
0.06198767,0.14367011,0.09650188,0.0737991,0.07782515
0.056573793,-0.0002608979,-0.002651872,-0.041798174,-0.012341447
-0.12173334,-0.09762591,-0.041081447,-0.0758857,-0.09536432
0.074732184,0.06314355,0.097885214,0.029805038,-0.05108341
0.09844795,0.115382984,0.10109172,0.049558148,0.059229515
0.020437833,-0.0014008563,0.0679242,-0.0690978,-0.05782894
0.07140883,-0.080356434,0.05647226,-0.08769605,-0.005700549
0.07069811,0.019447923,0.018113827,-0.015817475,-0.003437722
0.060900185,0.0076018963,-0.01637185,-0.035781547,0.02468099
0.08165925,0.035049878,0.04569289,0.019785592,0.025419798
0.06867898,0.032683313,0.052245464,0.013032671,0.032918617
-0.046879325,-0.057131864,-0.03229876,-0.06786218,-0.10336818
