Care,Fairness,Loyalty,Authority,Sanctity
Harm,Cheating,Betrayal,Subversion,Degradation
-0.06683488,0.012914623,-0.12551048,-0.0942321,-0.14479274
-0.05579278,-0.110007845,-0.14180982,-0.14457397,0.014141412
-0.05563748,-0.049267005,-0.0058042887,-0.06354118,-0.105274074
-0.04010041,0.013206493,-0.041326787,-0.05533127,0.050416686
0.012431174,0.04407732,0.03847383,-0.061064113,0.060046304
-0.008849,-0.012037757,-0.07385668,-0.045324203,-0.05855489
0.047163036,-0.02182924,-0.022736985,-0.0669221,-0.06587288
0.010894524,0.026111804,0.073771894,0.07717405,0.0782492
0.060553804,0.13190714,0.14381972,0.07471846,0.015307145
0.06410854,0.05691164,0.077100545,0.029457482,0.07155709
-0.126639,-0.096187755,-0.15339927,-0.036937863,0.09600134
0.015261398,0.05386033,0.09147891,0.03038038,0.08342567
0.02506864,-0.003569331,0.08325881,-0.008571028,-0.10108079
0.07806353,0.09576285,0.044298295,-0.009846937,0.14073113
-0.085078396,-0.14867042,-0.139125,-0.1213148,0.021405315
0.07417666,0.11017226,0.08189964,0.050337475,-0.0048495065
0.05909491,0.118316114,0.05621714,0.04981084,0.017639682
0.09298654,0.06639747,-0.008566523,0.030626532,0.01633609
0.10011357,0.07232076,0.07570396,0.097174294,0.060952608
-0.04153986,-0.067747764,-0.090180784,-0.04824532,0.011796927
0.056560088,0.00681746,0.083354056,0.06768185,0.15188175
-0.01166496,-0.10233915,-0.05214803,-0.06944624,-0.07774103
-0.03737957,0.0904732,0.12106825,0.076584086,0.011454631
-0.049505785,-0.080226965,-0.035143584,0.0380929,-0.0022042524
-0.15006773,0.029551039,-0.024614152,-0.08918059,-0.27008414
0.11114341,0.06846671,0.1157798,0.07234818,0.10246618
0.015591942,0.07196225,0.015906382,0.003539633,0.017165102
0.0148273315,0.025216196,-0.059315488,0.0059151165,-0.0019462332
-0.030665547,0.03569646,0.058417507,0.052425496,-0.05037203
0.0406716,-0.01588557,0.036876317,0.0026216358,-0.066803604
0.07933885,0.042976715,-0.054063246,-0.051485814,-0.12539652
0.05900524,-0.009323787,0.11807175,0.064626195,0.04637251
0.06387295,0.028094597,0.0036162362,-0.06708265,0.06081982
