Care,Fairness,Loyalty,Authority,Sanctity
Harm,Cheating,Betrayal,Subversion,Degradation
0.034154236,-0.026920762,0.0533584,-0.07148507,-0.08885674
-0.071503714,-0.079763256,-0.019489542,-0.10256839,-0.14156745
0.062686056,0.042049915,-0.0036117723,-0.028284421,-0.02389095
0.062236268,0.016912183,0.037531003,-0.031008014,-0.017205883
0.039440073,-0.06973608,-0.044489745,-0.07933034,0.011716504
0.0486173,0.0063013826,0.040664017,-0.030295074,-0.044450156
-0.011501058,0.091833815,0.14669394,0.1669308,0.06709321
0.0839933,0.072556436,0.13354169,0.047754593,0.017405365
0.104748875,0.10296296,0.03231726,0.036132276,-0.01435419
0.11132554,0.013256987,0.07964234,0.02801324,0.002895751
0.06329405,-0.034897394,-0.07204318,-0.09352625,0.005912237
0.0606654,0.111671194,0.1107126,0.06994074,0.035403397
-0.02627879,-0.093606666,-0.08831356,-0.058593936,0.0043126345
0.07642986,0.04882991,-0.035969295,0.034859575,0.070342116
0.07809454,0.07645817,0.11378315,0.055753607,0.0023490814
0.030862594,0.08942559,0.17941526,0.03791932,0.029769534
0.0021476,0.034636278,0.012278512,0.052920565,0.007893756
0.07129561,0.052371226,0.15670128,0.012246821,-0.035265468
-0.011831474,-0.05569477,0.02404818,0.03499143,-0.09209514
0.077033415,-0.0061047766,0.019281656,-0.012531449,-0.074319206
0.058489677,0.03128749,0.033055775,-0.028319847,-0.039121434
0.030326506,-0.015748885,-0.0003697388,-0.064171985,-0.07078484
0.041952565,-0.067044124,-0.028413735,-0.065266766,-0.12040095
0.027156556,-0.020595169,-0.0017543156,-0.032556996,-0.08586356
0.018474711,-0.027852561,0.039223067,-0.09883018,-0.0058522746
0.02944768,0.059812047,0.11195123,0.023015397,-0.04714456
0.042553313,-0.018314796,-0.017219711,0.014434125,0.017100446
-0.1114293,-0.035575822,-0.05903693,-0.11717531,-0.123635866
0.08993778,-0.036829874,0.003247383,-0.023073768,-0.039414175
0.0470246,0.02673377,0.044269376,-0.044725385,-0.019485716
0.06787501,0.10756953,0.2102786,0.14321475,0.052415818
0.044471607,0.008716415,-0.0044717584,0.031236995,-0.0058530346
0.022260513,0.03766136,0.14276618,0.10193117,-0.021660823
0.052620176,0.020799588,0.099741325,0.09023031,0.0005286131
0.018694041,0.010740155,0.09448957,0.027786056,-0.057681024
