Care,Fairness,Loyalty,Authority,Sanctity
Harm,Cheating,Betrayal,Subversion,Degradation
0.04083594,0.026712008,-0.06951859,-0.030906554,-0.056053996
0.003727924,-0.034922406,-0.13086481,-0.044805747,-0.018243158
-0.06901938,-0.019923043,-0.083570294,-0.049744643,-0.057276115
0.023255285,0.048589364,-0.014967348,0.078559846,0.030167341
-0.042827845,0.05670459,0.022837147,-0.0019307397,-0.025217878
-0.08559419,-0.079694755,-0.15533486,-0.14287046,-0.06945155
-0.05100611,0.026988897,-0.057963204,0.10150355,0.052873634
-0.05411521,-0.0008387361,-0.107117295,-0.019122735,-0.038941424
-0.12805568,-0.051333167,-0.15546912,-0.14358672,-0.08309373
-0.034870386,-0.055472337,-0.19716778,-0.054567136,-0.0363866
-0.07367863,-0.054839168,-0.13935548,-0.08455293,-0.08480209
-0.086544484,-0.03753795,-0.11441921,-0.008713996,-0.029133454
0.0019831173,-0.032142207,-0.018757066,-0.029304232,0.019369211
-0.058516577,-0.2572956,-0.15731663,-0.14818922,-0.074344955
0.10904977,-0.031094633,0.051347412,0.02067832,0.043813445
0.0029854942,-0.008472927,-0.0034314245,-0.04516301,-0.010440953
-0.062344413,-0.01637344,-0.023489747,-0.026888775,-0.06370896
0.13751802,0.08758128,0.11102788,0.025732884,-0.013284363
0.018440105,0.09163126,0.10569696,0.06444867,0.015841948
0.025690163,-0.046453837,-0.1059805,-0.050225742,0.07259537
0.02538994,-0.0291207,-0.055490576,-0.033288646,0.026572857
-0.016660178,0.044518866,-0.1036202,-0.023360722,-0.08285794
0.02322117,-0.028747275,0.008256707,0.041832913,-0.00065746903
-0.0047920104,-0.014926266,-0.15387206,-0.008941192,-0.088692576
0.04835645,0.030084817,-0.03427502,0.057594683,-0.007982407
