Care,Fairness,Loyalty,Authority,Sanctity
Harm,Cheating,Betrayal,Subversion,Degradation
0.036879048,0.05596633,0.021824945,-0.0019681938,0.026997395
0.045819595,0.09615576,0.007144222,0.10126291,0.062845975
-0.018912788,-0.049753148,-0.03743035,0.010292431,0.008357972
0.051517628,0.08286928,0.020532774,-0.074969776,0.04299406
0.04701006,0.1203354,-0.016889006,0.058454342,0.050336055
0.06569159,-0.011770587,0.048362583,0.0339902,0.025320351
0.0717662,0.05392012,0.11782731,0.08318244,0.033307184
0.060823433,-0.01241242,0.06525761,0.007088246,0.015176743
0.042909898,0.08638083,0.13313362,0.08353436,0.11718871
0.045537136,-0.0046282187,0.13669592,0.040225666,0.01087787
0.065019734,0.094824806,0.08611901,0.011465482,-0.025935337
0.012793758,0.07208514,0.06926869,0.09770638,0.032871693
0.033247057,0.110922515,0.1371259,0.11859204,0.01676077
0.03718017,0.019860074,0.07227018,-0.012586226,-0.045323245
0.044357743,0.08988361,0.057304088,0.008807832,0.040841483
