Care,Fairness,Loyalty,Authority,Sanctity
Harm,Cheating,Betrayal,Subversion,Degradation
-0.055049345,-0.02539579,-0.13137701,-0.097644195,-0.04995422
-0.019648787,0.016875744,0.011823377,0.031015616,-0.066798896
-0.10355855,0.024003485,0.020466853,-0.037999954,0.0035270983
-0.12392874,-0.022469714,-0.09930486,-0.13047367,-0.04540183
0.009485414,0.082492605,-0.025799822,0.08270219,0.07729597
-0.06876834,0.039949782,-0.074404135,-0.059316646,0.01606524
-0.02710899,-0.032268316,-0.107775696,-0.13605991,0.0007261671
0.073562294,0.08496326,-0.03035744,-0.022553498,-0.028551904
0.03284269,0.05307368,-0.019035215,-0.06720635,-0.061025325
0.006029181,0.00085276365,-0.032634217,-0.023001717,-0.033523824
0.020999048,-0.017217824,-0.050685927,-0.028366415,-0.048723754
0.0021022633,0.045308486,0.0011357283,-0.03965797,-0.027240425
-0.111713275,-0.06904521,-0.16804597,-0.11358516,-0.30101186
-0.042539455,0.08152543,0.027417386,-0.00011822395,0.013628418
0.034377865,0.034174137,-0.032131612,-0.02849238,-0.06428095
