Care,Fairness,Loyalty,Authority,Sanctity
Harm,Cheating,Betrayal,Subversion,Degradation
0.033975087,-0.030802157,-0.02619721,0.04276329,0.031302527
0.018305602,-0.023408197,0.120149985,0.052904543,0.02880979
-0.017722756,0.021674339,0.033836752,0.059763648,0.08492388
-0.032920655,0.015933834,-0.019287866,0.030104456,-0.026857391
0.10166179,0.058337525,0.11878305,-0.011760723,0.07548067
0.007948425,-0.051090743,0.06736839,-0.018654596,-0.06729637
0.02623934,0.00026334822,-0.0013508368,0.020021476,-0.054343365
0.02623934,0.00026334822,-0.0013508368,0.020021476,-0.054343365
0.008734373,-0.016798364,0.012432244,0.026586825,-0.054485597
0.068472,0.09848477,0.19384074,-0.006666315,0.041262325
0.058790434,0.096032225,0.032093138,0.033310063,0.10084438
-0.007858656,-0.000755202,-0.049978457,-0.04009362,-0.07879845
0.04437091,0.081952035,0.007076597,0.030011896,0.034237284
-0.0053087473,0.14512832,0.0011409847,0.040562484,0.007019581
0.013971215,0.08438512,0.033900946,0.032302782,0.13585497
0.02410012,0.017178982,0.070420064,0.04133595,0.10835163
-0.05856777,0.016019538,-0.0631335,-0.013196408,0.027760908
-0.025365025,0.030522197,-0.055949207,0.010551057,0.030815613
0.117407285,0.018382328,-0.007183496,-0.0167519,-0.01914623
0.13338992,-0.023288516,0.09815313,0.00042847265,-0.043714084
0.035603594,0.023686007,0.051135153,-0.022172526,-0.016353369
0.090063326,0.018155947,0.04957076,-0.0067730397,-0.08006751
0.11707828,-0.036150396,0.08384198,0.017121311,-0.004432354
0.020304183,-0.0060502887,0.035612077,0.024486026,-0.07931986
