Care,Fairness,Loyalty,Authority,Sanctity
Harm,Cheating,Betrayal,Subversion,Degradation
-0.08966771,-0.0048733093,-0.004893397,0.0035551852,-0.05522475
0.00556146,-0.062319804,0.029908966,-0.035549313,-0.081811264
-0.07046172,0.0137431165,0.016203105,-0.022011412,-0.06355116
0.03533328,0.054226816,0.06803647,0.02113859,-0.008792046
-0.09092239,0.07158934,0.08032313,0.039040796,-0.041285407
-0.09417367,-0.052945357,-0.067433715,-0.041756585,-0.08800709
-0.14039432,-0.09201825,-0.09230656,-0.077086344,-0.14004965
0.03271699,0.14332159,0.12380266,0.07114353,0.019912738
-0.016999576,0.0048999693,0.08887385,-0.019490954,-0.07493558
-0.14001039,-0.063297845,-0.115217716,-0.086071074,-0.17230913
0.087531246,0.005966639,0.09649217,0.054357897,-0.024190929
-0.054196563,0.05874731,0.11966069,0.079956435,0.044884067
-0.094663866,0.006502621,-0.015100386,-0.03194922,-0.10676614
-0.12558004,-0.054540552,-0.045952093,-0.099876985,-0.15113375
-0.011182793,0.036805652,0.05213837,-0.0063253045,-0.0073100682
0.00023060106,-0.088827126,0.018758975,-0.041023813,-0.09990439
-0.0031871353,-0.055913895,0.049019486,-0.035494402,-0.068822816
0.0053260815,0.023086485,0.07253139,0.08393781,-0.015827183
-0.073893055,0.06911328,0.07560491,0.05563866,-0.08327152
0.016886504,0.008847697,0.057922296,0.01673526,0.00032023247
