Care,Fairness,Loyalty,Authority,Sanctity
Harm,Cheating,Betrayal,Subversion,Degradation
0.031425267,0.031952772,0.043066084,0.04939268,-0.07712203
-0.00047680736,-0.016041707,-0.023079654,-0.052380696,-0.039878078
0.059516862,-0.0011485843,0.047993645,0.03118999,-0.0021610744
-0.022270836,-0.078921795,-0.09550703,-0.07927857,-0.012413848
0.009264775,-0.0033570211,-0.005847983,0.034640126,-0.0417653
0.017633073,-0.0113628395,-0.07426903,-0.11656841,-0.08541596
-0.020815343,0.09290107,0.070094496,0.055945672,-0.043097455
0.031266324,0.034666397,-0.06536566,-0.108460456,-0.046721026
0.042501986,0.03911283,0.043525137,-0.005077881,-0.029941369
0.06531663,-0.03388643,0.0076455264,-0.07177676,-0.018367715
0.07775345,0.002457526,-0.039822973,0.0051159803,-0.04294182
-0.029316872,0.014232578,-0.035665497,-0.037724506,-0.08491588
-0.07545143,-0.028021436,-0.13375008,-0.063468516,-0.07548666
0.016679375,0.019900126,-0.025589418,-0.09613682,-0.003789289
0.00441447,-0.07131374,0.055922143,-0.014763212,-0.073545605
0.07634877,0.060223103,0.044187024,0.010097537,-0.07591036
0.015559509,0.059781756,0.18238728,0.06555203,-0.0057610013
0.021682762,-0.018350417,-0.01148842,-0.025133168,-0.09670623
-0.030215822,0.010839393,0.00052498933,-0.064980246,-0.14500697
-0.012477543,0.0770466,-0.00984606,0.06552775,-0.028086644
-0.15174958,-0.07477294,-0.16564852,-0.14290595,-0.24498427
-0.13693395,-0.059498407,-0.064751536,-0.036558185,-0.112184614
-0.09620419,-0.08009381,-0.12848838,-0.08551191,-0.07971926
-0.05131584,-0.040802486,-0.11186036,-0.030926585,-0.0247773
-0.011292204,0.0062716957,-0.078869715,-0.053182375,-0.06121156
-0.10973971,-0.07263808,-0.1693791,-0.109347165,-0.127386
0.010994285,0.11369531,0.104722336,0.124089435,-0.013091896
0.13597086,0.013752449,0.053990684,0.05085436,0.025324196
