Care,Fairness,Loyalty,Authority,Sanctity
Harm,Cheating,Betrayal,Subversion,Degradation
-0.074564844,-0.031481035,-0.08866431,-0.09181274,-0.1421076
-0.07013406,0.018194938,-0.07285763,-0.092075266,-0.13017094
0.06427565,0.09393893,0.04706669,0.11335932,0.03976901
-0.05323814,0.111555085,-0.016723458,0.033923455,-0.01207873
-0.113924176,-0.027560372,-0.076626435,-0.07234872,-0.06699287
-0.04152389,0.0059999432,-0.041542426,0.022621512,-0.038102165
0.026239263,0.00026322342,-0.0013509551,0.020021398,-0.054343425
0.026239263,0.00026322342,-0.0013509551,0.020021398,-0.054343425
-0.14626247,-0.09407988,-0.18790299,-0.16022539,-0.16205782
-0.09644085,-0.0514842,-0.11667732,-0.16305986,-0.07876535
-0.06597283,0.051106926,-0.018647414,-0.07403652,-0.07412398
-0.023273207,0.015435458,-0.016907834,-0.021966603,-0.058036044
-0.054449383,-0.013631947,-0.105617635,-0.04526612,-0.13833348
-0.0059815818,0.04228966,-0.008639801,-0.03649983,-0.0013355091
-0.018403132,0.021437764,-0.08104724,-0.048115842,-0.05564221
-0.08329962,0.02156205,-0.048334796,-0.044201165,-0.11833024
-0.10228728,0.0055335634,-0.01170492,-0.041714743,-0.16349919
-0.08707322,0.0077593448,-0.06622576,-0.08689754,-0.030528776
-0.12191972,-0.023350967,-0.07905793,-0.08117373,-0.076815285
-0.036681466,0.03637307,-0.10376573,-0.10199645,-0.08819634
