Care,Fairness,Loyalty,Authority,Sanctity
Harm,Cheating,Betrayal,Subversion,Degradation
-0.030066049,0.003063749,-0.018266493,-0.010734427,-0.13242266
0.09066877,0.031210592,-0.04267036,0.002123475,-0.04756967
0.03295137,0.14065942,0.01514261,0.015207947,-0.036653135
0.0022709752,0.014459752,0.03362419,-0.03528346,-0.05172924
-0.02799164,0.015986286,-0.040150046,-0.011950485,-0.05345905
0.061962023,0.11028363,0.06782593,0.04697751,0.01939727
-0.014791135,0.06546344,0.0044102194,0.011119809,-0.07251088
-0.03590628,0.013544466,-0.037581995,-0.0812522,-0.15181595
0.056156974,0.05687886,0.013638015,0.012839167,-0.06811857
0.024249725,-0.013399782,-0.0058792094,-0.032555237,-0.10138528
-0.04438506,-0.05453325,-0.11314361,-0.082424805,-0.15960026
0.055465143,0.09971887,0.03037474,-0.04833571,-0.046325848
-0.01555794,-0.031275824,-0.03247795,-0.004821727,-0.025397463
-0.030886415,-0.006712204,-0.022750402,-0.056583997,0.0005009454
0.008525449,-0.0046812072,-0.044430465,-0.022465572,-0.09435248
-0.107872725,-0.07777927,-0.05666242,-0.012049434,-0.079968855
0.079085074,0.23456329,0.21654384,0.18103546,0.10854447
-0.014637502,0.07696421,-0.036733303,-0.042017475,-0.0903504
