Care,Fairness,Loyalty,Authority,Sanctity
Harm,Cheating,Betrayal,Subversion,Degradation
-0.0012916476,0.014103318,0.031021498,-0.0058367085,-0.030885652
-0.096260436,0.010056835,-0.054328293,-0.0057683517,-0.14036368
0.0019641407,0.046165753,0.03339953,0.004045088,0.013672603
-0.09965631,0.022179704,-0.070077166,-0.031290323,-0.12764284
-0.021088412,0.036844477,0.008825918,0.0056005865,-0.06793435
0.0025936607,-0.011438919,0.03292101,0.016937446,-0.023023497
-0.091646545,0.030925527,0.015308121,0.02144165,-0.16963011
-0.027179109,0.104115605,0.041024268,0.048068687,0.022843232
0.026987081,0.104627535,0.03820161,0.028607741,0.0033130315
0.0003253147,0.037962325,0.053402852,0.08725292,0.013866397
-0.045237012,0.00816622,-0.023347953,0.04270018,0.02561092
0.050742403,-0.026392922,-0.0374181,0.037453707,0.01461768
0.0019252393,-0.002785664,0.07857155,0.05647733,0.0030290578
0.015969146,0.12002667,0.14841747,0.08317998,0.0095792655
-0.07864255,-0.06969474,-0.08956306,-0.06965412,-0.11944668
-0.008273867,0.00899408,0.017534595,-0.000991744,0.07363399
0.0142876,-0.01934823,0.047034472,0.030684605,-0.03925887
