Care,Fairness,Loyalty,Authority,Sanctity
Harm,Cheating,Betrayal,Subversion,Degradation
-0.09239291,-0.03729815,-0.0611747,-0.030326076,-0.05342833
-0.12893024,-0.10703084,-0.2108139,-0.09317683,-0.049625352
-0.12599388,0.005703952,-0.060320765,-0.010140184,-0.005098643
-0.057148498,-0.10574924,-0.07598697,-0.026899803,-0.04028852
-0.13051137,-0.097212456,-0.160292,-0.108732805,-0.12673765
-0.19149855,-0.056102198,-0.11056042,-0.02702241,0.006713681
-0.06085529,0.028378382,-1.4672987e-05,0.04387247,-0.0028767567
-0.10557146,-0.07103048,-0.024565374,0.066029266,-0.031245803
-0.19091803,-0.09947853,-0.16123042,-0.1271643,-0.081227265
-0.01398031,0.03128319,0.04907097,0.015441563,0.028267931
-0.1267047,0.001498783,-0.04194083,0.014028149,-0.06148567
-0.1089979,-0.09300631,-0.14590523,-0.097433284,-0.11680964
-0.13692299,-0.07009709,-0.12438363,-0.0371706,-0.06912323
0.023667501,0.062259033,0.1264179,0.031606685,0.05999204
-0.037226297,0.017839778,0.0554112,0.007057769,-0.017237915
0.04489413,0.0018678252,0.12076707,0.02830016,-0.010283659
-0.056913607,0.039116837,0.10494367,0.09278326,-0.047199845
-0.06389766,0.029057425,0.068928406,0.08826694,0.015530223
0.047126096,0.032938797,0.0843653,0.103935905,0.01757056
-0.04955353,0.08522713,0.034575194,0.054690104,0.030461777
0.049607374,0.09071779,0.12027554,0.11454068,0.021286294
0.014522505,0.07750371,0.080491774,0.08594284,0.10634241
-0.016347904,-0.03260337,-0.017750796,0.042810768,0.033282265
-0.12750578,-0.032461986,-0.054478124,-0.044895384,-0.062335584
0.013819017,0.09150855,0.024848249,0.036958754,-0.017982628
