Care,Fairness,Loyalty,Authority,Sanctity
Harm,Cheating,Betrayal,Subversion,Degradation
0.05671633,0.06460003,0.05477312,-0.035776515,-0.032597207
-0.0031170389,0.041843615,-0.037565082,-0.023756344,-0.0012939442
-0.038147897,0.017609242,-0.044920597,-0.045626163,-0.0042349305
0.07600347,0.12321388,0.06279248,0.073784366,0.038740303
0.035770692,0.09223938,0.06862552,0.044074196,-0.039417267
-0.09352407,-0.03996551,-0.15871492,-0.11788225,-0.058527686
-0.077857554,0.090134844,0.039512515,0.009801965,-0.0012069657
0.03697258,0.14577936,0.010193214,0.03005606,-0.04219147
