Care,Fairness,Loyalty,Authority,Sanctity
Harm,Cheating,Betrayal,Subversion,Degradation
0.012469687,-0.0069432557,0.0152408825,-0.041481815,-0.045629412
-0.043206707,-0.021530235,-0.00017493963,-0.0046597626,0.028680826
0.028836178,0.054168463,0.077070445,0.011407018,0.050696537
0.11547657,0.03671193,0.08594781,0.038639374,0.0086778905
0.137306,0.13998011,0.23877859,0.042156816,0.07274476
0.0064015593,0.021521568,-0.010429794,-0.0423987,-0.050965574
-0.017223816,0.07780565,0.043333776,-0.017702578,-0.0076677427
-0.0633146,0.029926935,0.031667423,-0.043476716,0.06624259
0.050610267,0.13253345,0.11711474,0.03941961,-0.008700784
-0.009344927,0.017898098,0.10042262,0.09679258,0.09852387
-0.03413545,0.10706739,0.069128394,0.107621625,0.08557664
