Care,Fairness,Loyalty,Authority,Sanctity
Harm,Cheating,Betrayal,Subversion,Degradation
0.0029457565,-0.023341622,-0.09384346,-0.077590495,-0.029329889
0.036320362,0.009528697,0.031124739,0.08056224,0.14751726
-0.08835477,-0.07330902,-0.19805145,-0.20105764,-0.28076735
-0.010939753,0.026520684,-0.012611017,-0.04690697,0.005674232
0.101204835,0.039086066,0.004805457,-0.08406923,0.028185504
0.09669401,0.09277351,0.05037743,0.06404281,0.08067678
-0.025015008,0.063878514,-0.08367577,0.094147936,0.081605226
0.036485463,-0.02233242,0.015451021,0.10466974,0.06233553
0.13645306,0.110036604,0.04655264,-0.017897077,0.091396004
-0.03337849,-0.05409506,-0.008704658,0.013448902,0.0016466901
-0.05322456,0.06391239,0.07285757,-0.01553324,0.015557703
-0.01966549,0.05350759,0.09690042,0.070878305,0.001178096
0.06902913,0.035770223,-0.0014685588,-0.009910812,0.014961138
-0.008073954,-0.0036072694,-0.11941205,-0.06831493,-0.0070878416
-0.12601882,-0.08752025,-0.14523622,-0.047540292,-0.00039822236
0.026137391,-0.0055370573,-0.03432989,0.014380553,0.08005
0.06277337,0.022633415,0.00027855393,0.061091766,0.06051357
-0.005236312,0.05623632,0.01550604,-0.021809459,-0.032179564
-0.12458436,0.04344901,-0.15579388,-0.15794535,-0.22877091
-0.06057461,-0.068436936,-0.0790571,-0.09842908,0.021977592
-0.059476748,-0.071892716,-0.041639745,-0.031241152,-0.027735978
-0.037107985,-0.13709863,-0.04184178,-0.0052373735,0.0063990112
0.08174629,0.032998797,-0.0014782227,0.016395528,0.11758064
0.02131661,-0.009844795,0.12669265,0.03748291,0.06579007
0.011238198,0.033969432,-0.03479048,-0.08293833,-0.04772014
