Care,Fairness,Loyalty,Authority,Sanctity
Harm,Cheating,Betrayal,Subversion,Degradation
-0.038891718,-0.0027366485,-0.033739645,-0.050233275,-0.09054683
0.030736258,0.05578819,0.1054752,0.060246218,0.0051922537
0.018821098,-0.001225438,-0.06527318,-0.035671376,-0.04829841
-0.0204658,0.038159013,0.038348902,-0.018533206,-0.050378475
0.052633952,0.06431506,0.06537254,0.016863715,-0.058296595
-0.039831247,0.06634176,-0.0978515,-0.013248134,-0.029526781
0.055447347,0.022705693,0.06503527,-0.001287953,0.0045794398
-0.0130884,-0.011877354,-0.06795769,-0.010270448,-0.066134885
-0.0012771236,0.0107659325,-0.07075393,-0.013212195,0.0654041
-0.034575097,0.038423255,-0.029601783,-0.022561165,0.0123246685
-0.092385784,0.084515974,-0.007222781,-0.06451597,-0.092534006
-0.0556959,0.11969526,-0.03304293,-0.053906687,-0.0012798589
0.006189609,0.036081865,-0.0014963225,-0.044890102,-0.01050538
-0.082156494,-0.019756291,-0.050494798,0.020153848,-0.066832095
-0.028215464,0.014757175,-0.048023697,-0.054199263,-0.050642718
-0.095768526,0.023567632,-0.11613168,-0.08954113,-0.10844967
-0.06806396,0.07259852,-0.023209972,0.013061423,-0.009023257
-0.07517708,-0.038052596,-0.107952036,-0.09855415,-0.04024212
-0.03678022,-0.02296451,-0.033822678,-0.026601557,0.07086406
-0.082261115,-0.081543356,-0.05321338,-0.04271941,-0.14806822
-0.040467743,0.03502557,0.02722552,-0.042770468,0.04114354
-0.06356518,0.013021797,0.042070817,0.15043579,-0.00862151
0.0020820312,0.08663195,-0.044213936,-0.046286594,-0.0029000118
0.060434207,0.058868255,-0.008072814,0.0215591,0.0567322
0.050249606,0.032054484,0.015287995,-0.053386673,0.020718068
0.085233465,0.14836481,0.13309796,-0.034927852,-0.026799925
0.028534217,0.0623909,-0.032279503,-0.010606428,-0.042641617
0.05955218,0.054211177,0.08600719,0.013921291,0.05536801
-0.06812672,-0.06249899,-0.07891968,0.067069575,0.029992681
-0.07461124,0.028796673,-0.065801255,-0.09077611,0.038696855
-0.004073454,0.09952226,0.04365348,-0.010927163,0.046503063
0.0541618,0.04571543,0.06416899,0.026291857,0.0009971261
