Care,Fairness,Loyalty,Authority,Sanctity
Harm,Cheating,Betrayal,Subversion,Degradation
-0.031866208,-0.074874505,-0.093178615,-0.0007670694,-0.10603326
-0.06517492,0.029233146,-0.027924035,0.07878734,-0.028629458
-0.08694191,-0.034441624,0.003401326,-0.03145472,-0.07450819
0.012968697,0.04956416,0.09492099,0.09474327,0.063198544
-0.022712337,0.0042189825,-0.022515941,-0.0119352685,-0.09510809
-0.13491277,0.038476378,-0.06270364,-0.0023701014,-0.09226642
-0.056474455,-0.09115954,-0.122073084,-0.035327077,-0.05231314
-0.106011644,-0.092378266,-0.11985785,0.009580378,-0.026493564
-0.06632511,-0.082188554,-0.05188948,0.0045589404,-0.06538899
-0.03715781,-0.16961779,-0.21996428,0.008483677,-0.067725
-0.010224612,0.054782867,0.014209946,0.0075485297,-0.02234966
-0.060851283,0.02010484,-0.070419855,-0.022640698,-0.09151345
-0.060994156,-0.013909114,-0.071857736,-0.011600453,-0.063694164
0.0028218208,-0.10889497,-0.051557638,-0.007187359,-0.021581449
-0.03898801,0.028516978,0.034168642,0.00073778443,-0.051053107
-0.06407973,-0.008091826,-0.05576447,-0.08096601,-0.09655348
