Care,Fairness,Loyalty,Authority,Sanctity
Harm,Cheating,Betrayal,Subversion,Degradation
-0.080454215,-0.05210439,-0.07503255,0.015721604,-0.06331459
-0.02611309,-0.008583026,-0.056041017,0.0077734627,-0.09727874
-0.03374012,0.062886655,0.0016270429,0.01847823,-0.031203505
0.023103558,0.024106286,0.009058231,0.025521714,-0.07631831
-0.18711942,-0.076516956,-0.11398688,-0.05325583,-0.21243048
-0.029038358,0.031307384,-0.0590418,-0.0043923473,-0.089760795
-0.15609857,-0.091426566,-0.17488167,-0.088721514,-0.18938795
0.004530726,0.048413236,0.048553243,-0.010505576,0.0003361972
-0.075547606,-0.06918825,-0.05575587,-0.08297155,-0.11596279
0.047886368,-0.0067258123,-0.0029219496,0.040772147,-0.06268133
-0.12238458,0.06762997,0.04524125,0.07234943,-0.013193892
-0.009644024,-0.0006876439,-0.032170027,-0.0038209893,-0.0037784586
0.09325863,-0.005053034,0.02577591,0.017688852,-0.043210395
0.04535585,0.05451008,0.024345947,0.07021512,0.012840815
0.007217179,0.0516302,0.020505829,0.064653136,-0.020811968
0.01846584,-0.0019321665,-0.013057102,-0.048871614,-0.1177409
0.011395669,0.10414851,0.15245932,0.10125682,-0.021859888
0.0063869283,0.043368243,-0.0054726233,-0.030207526,-0.052148934
-0.08117424,0.06384511,-0.006344565,-0.02401616,-0.009841215
-0.04910408,-0.10254534,-0.021159079,-0.004057221,-0.042048566
0.07747923,0.064166546,0.14621113,0.09249161,0.08199802
-0.13379145,-0.046921976,-0.07531602,-0.018568205,-0.11502105
-0.0051605636,0.021956563,-0.046244964,-0.046315268,-0.0023414837
0.044438347,0.009306607,0.018047914,-0.023209538,-0.058141366
-0.05912018,-0.05916789,-0.07116981,-0.028585758,-0.1309922
0.024242515,0.035959866,0.015757676,0.008272251,0.044931
0.0036438983,-0.013940615,0.029451765,-0.0768045,-0.004824116
-0.019847937,-0.004968076,0.04856608,-0.023471633,-0.028871352
-0.059478715,-0.16538936,-0.013842748,-0.09567586,-0.019739278
