Care,Fairness,Loyalty,Authority,Sanctity
Harm,Cheating,Betrayal,Subversion,Degradation
-0.07735722,-0.01724691,-0.0933416,-0.04931183,-0.11365248
0.03376606,0.06234045,0.044411816,0.078450374,-0.04233782
0.06425642,0.078805074,0.08959589,0.0587482,0.115083784
0.043233126,0.091222405,-0.027194552,-0.06558617,-0.0035302006
-0.0032640826,0.0479792,-0.033432264,-0.03505152,-0.13500571
0.046079505,0.043657105,0.0426168,0.0816689,0.11008815
-0.09585752,-0.040275924,-0.14505464,-0.083189204,-0.09753516
-0.0014614519,0.037440363,-0.0430247,0.03246307,0.020643719
