Care,Fairness,Loyalty,Authority,Sanctity
Harm,Cheating,Betrayal,Subversion,Degradation
0.014896017,0.06311273,0.045467563,0.05118196,-0.02323614
-0.023402687,0.044421647,-0.036132503,-0.057864033,-0.09949787
0.13637596,0.12767258,0.08267529,0.059372347,0.02812064
0.078456536,0.017400073,0.11347484,0.05374251,0.0074690655
0.11779744,0.049337555,0.11761557,0.041281108,0.0031293584
0.06957322,0.019854754,0.045633692,0.06477315,0.031350322
0.041977797,0.012095339,-0.020124817,-0.0021065585,-0.023597965
0.01954696,-0.023915634,-0.01626731,-0.015616987,-0.061111744
0.058354963,0.067862675,0.054247983,0.045956746,0.011514507
-0.03466777,-0.08194511,-0.04145678,-0.02297026,-0.1253862
0.03933201,0.040090606,0.06275587,-0.011613624,-0.0025165621
0.0656631,0.033229973,0.065201595,0.026607918,-0.055950426
0.010074407,-0.027518712,0.04182763,0.03822022,0.025792513
0.1108367,0.13593265,0.09898347,0.08450627,0.031039216
0.06802259,-0.027204849,0.050340958,-0.007333044,0.021203367
0.06485365,0.06083246,0.0006489847,-0.01715368,0.088474065
0.1084757,0.1666028,0.109255254,0.17262861,0.07121485
0.008573398,-0.032948337,-0.09924235,0.030719465,-0.021222439
0.05779779,0.06331466,0.042441893,0.059855543,0.055404507
