Care,Fairness,Loyalty,Authority,Sanctity
Harm,Cheating,Betrayal,Subversion,Degradation
-0.04262712,0.016745614,-0.090949,-0.07220301,-0.08714181
0.06325723,0.06684897,-0.02203403,0.0023949612,0.017138641
-0.036667746,-0.0035301726,-0.07373435,-0.10209041,-0.120898515
0.06891969,0.02542384,-0.030845063,0.07203907,0.04372912
0.014869685,0.011426892,-0.062834114,-0.009203576,-0.116401136
0.051409334,0.035128355,0.013272497,-0.032886952,-0.06772206
0.044078086,0.05245879,-0.08478877,0.034222815,-0.03195496
0.028682087,0.04387767,0.03090619,0.022579083,-0.015131051
0.064155504,0.043928135,-0.017902011,-0.004242819,-0.038783684
0.025475554,0.02697664,-0.0017006481,-0.022189453,-0.1204602
-0.014780786,-0.053857252,-0.10100822,-0.120564505,-0.22557287
0.08099286,0.018971391,0.019859653,-0.058417752,-0.18308659
