Care,Fairness,Loyalty,Authority,Sanctity
Harm,Cheating,Betrayal,Subversion,Degradation
-0.02388829,-0.03418539,-0.030401317,-0.034305982,-0.090450354
0.032186575,0.004145896,-0.024396477,0.026095938,0.13910091
0.008519898,-0.0030137086,0.000912359,0.021989489,-0.028122323
0.022315137,0.030722182,0.031921923,0.033094984,0.06728301
0.01089229,0.06731914,0.16034393,0.065878175,0.07186581
-0.022909928,0.09530462,0.055794515,0.07087503,0.001852287
0.07821564,0.06703066,0.1471987,0.14072683,0.052067414
