Care,Fairness,Loyalty,Authority,Sanctity
Harm,Cheating,Betrayal,Subversion,Degradation
0.029524267,0.03442596,0.040371623,-0.0020267582,-0.052141637
0.09729008,0.08127764,0.09536113,-0.055226155,0.011277672
-0.11740377,-0.027264442,-0.08427106,-0.040556896,-0.123892315
0.07278292,-0.0035815686,-0.029783702,0.023131073,-0.0282425
0.05883583,-0.0028533945,0.03514941,-0.043993514,-0.073361024
0.0415978,-0.0013267195,0.06363515,-0.015869472,-0.036134142
-0.062489122,0.039645486,0.07818755,-0.03527835,-0.11602628
0.047504738,0.07400577,0.12180814,0.019718116,0.013128545
-0.047813516,0.07181856,-0.0064896913,0.011170079,-0.12473318
