Care,Fairness,Loyalty,Authority,Sanctity
Harm,Cheating,Betrayal,Subversion,Degradation
0.04219173,0.07305341,0.03034978,0.018640641,-0.020503221
0.0023091547,0.101315655,-0.012359369,-0.03312123,-0.025406854
0.09685026,0.0653146,0.05233021,0.034895092,0.14522833
0.12177789,0.13251835,0.16678348,0.15254311,0.22184011
0.07545924,-0.05514,-0.09657038,-0.04429341,-0.010347443
0.11185284,0.06915847,0.03892774,-0.0007937774,-0.06619523
-0.039988905,0.037417606,-0.027668187,-0.02243206,-0.07672453
0.057361744,0.099238746,0.06343009,0.024448432,-0.10419441
0.07922229,-0.0002861293,0.033840097,0.03893001,0.0494022
