Care,Fairness,Loyalty,Authority,Sanctity
Harm,Cheating,Betrayal,Subversion,Degradation
0.003167701,0.050940078,-0.056097567,0.057773136,0.017147724
-0.024266165,0.012474064,-0.054357205,-0.040608987,-0.049588762
-0.01078639,0.05414313,-0.019582093,0.07725787,0.08629848
-0.07813859,-0.029915955,-0.11430823,-0.12385441,-0.005375605
0.07616588,0.04204634,0.0382033,0.035010096,0.041655004
-0.025558513,0.09983572,0.04550264,0.038682632,0.00942198
0.028084341,0.15350387,0.14793195,0.06806914,0.12606192
0.07143045,0.11697604,0.13750276,0.09851885,0.16295546
0.045005314,0.04764506,-0.10066061,-0.08772245,-0.15178752
-0.032437235,0.066082746,0.10067549,-0.034436855,-0.0035550352
0.07338458,0.052699097,0.13109717,0.041901287,0.010809489
-0.069346085,0.030706953,-0.026557999,-0.035580076,-0.051049635
-0.09213695,0.0066294186,-0.08774294,-0.029072614,-0.10266054
0.0019227541,0.07627015,0.015978754,0.040105507,-0.066392556
0.07683577,0.070437744,0.13527544,0.039355416,0.010169998
0.023701202,0.08514476,0.029583368,0.034297455,0.05360288
-0.11663685,0.06968644,0.08700399,-0.024795044,-0.03585402
0.035279185,0.09224468,0.01916036,0.0359865,0.053606685
-0.071993954,-0.029123686,-0.11609,-0.05608882,-0.07390538
-0.10172984,0.005312076,-0.13572884,-0.076339155,-0.06521948
0.029429365,0.09141454,-0.03129686,0.01226943,-0.0088525
-0.022295952,0.0292179,0.04196351,0.02329988,-0.028958831
