Care,Fairness,Loyalty,Authority,Sanctity
Harm,Cheating,Betrayal,Subversion,Degradation
-0.043119393,0.014360365,-0.04037024,-0.0048214523,-0.067120306
0.014834576,0.12849697,0.0306749,0.014608162,-0.039366424
-0.03295843,0.0062701656,-0.05725404,-0.08153185,-0.04623848
-0.013585903,0.047301807,-0.031429954,-0.016295826,-0.13281442
0.015255866,-0.037195597,0.018407777,0.056458727,0.041363798
-0.18325046,-0.15825246,-0.24001767,-0.111025035,-0.137522
0.049719036,-0.03248423,0.032541446,0.043105222,-0.027229143
0.0471664,0.047176026,0.055187386,0.04196561,0.014322944
-0.0874283,-0.12922537,-0.16881844,-0.17891558,-0.18314902
-0.018922081,-0.0062085353,-0.026641114,0.024300026,-0.065130375
-0.036255546,-0.09718743,-0.057179872,-0.08927585,-0.062334273
-0.050436378,0.061743096,-0.055856995,-0.0915478,-0.123193726
0.0117856935,0.0861145,0.01314689,0.016966317,0.001699388
0.04473629,0.10877457,0.045349456,0.0052707437,-0.005687453
0.019373091,0.10106811,0.11115822,0.08016732,0.122193225
0.024359908,-0.102005735,-0.040457677,-0.05536077,-0.047272786
0.019750644,0.124903105,0.0192137,0.12505853,0.1352469
-0.07463632,0.01716927,-0.07517996,0.008324657,0.04835168
-0.019110598,-0.037822306,-0.022198128,-0.05337073,-0.056899667
0.0022857562,-0.10484846,-0.050542988,-0.060928356,-0.04632145
-0.046562113,-0.028226258,-0.06797871,-0.003959371,0.023367302
