Care,Fairness,Loyalty,Authority,Sanctity
Harm,Cheating,Betrayal,Subversion,Degradation
-0.004333036,-0.01779902,-0.024352232,-0.073098175,-0.11552562
0.09247735,0.0319056,0.2184441,0.068651676,0.06176329
0.0015656566,-0.0049091447,0.098386064,0.09893405,0.045746166
-0.0061028358,-0.04243359,-0.02739989,0.029170752,0.037998337
0.027797315,0.04384521,0.14176218,0.07120316,0.07298872
0.069284916,0.02466329,0.20283827,0.13836521,0.06505863
0.04634407,-0.010749059,-0.04273676,-0.019510549,-0.11166465
-0.05568012,-0.00422078,0.01933118,0.092344046,-0.0064123403
-0.0068374295,-0.013997335,-0.04057899,-0.0062150247,-0.027718103
-0.008069169,0.032602366,0.05660108,-0.041961864,-0.063617
0.037103437,0.038744338,0.015897749,0.043234773,0.033587843
0.0066946233,0.023953099,-0.014677245,-0.0580754,-0.053437963
0.04159563,0.015376033,0.12523824,0.027950235,-0.027409766
0.07547185,0.10757896,0.11670925,0.13146147,0.10293143
0.06633291,0.08533895,0.12976962,0.0408924,0.019117082
0.06993422,-0.013340663,0.105874434,-0.020678625,-0.010158383
0.07554858,0.00418604,0.14586334,-0.0317423,0.021197971
0.09544328,0.090645164,0.1983868,0.024767898,0.06001506
0.06581093,-0.04604961,0.017392779,0.028857214,0.009193837
-0.04849938,-0.09432442,-0.0613921,-0.024661621,-0.07438376
0.034357272,0.05274111,0.092021085,0.065274775,0.0070199156
0.073441155,0.06254122,0.090828225,0.045177914,0.03939345
0.035017908,0.027934032,0.031314842,0.073008984,-0.04859317
-0.0017025357,0.013797929,0.09459758,0.10071673,0.06969008
0.011958067,0.021117974,0.08412629,0.004230516,-0.026662238
0.08014432,-0.022662964,-0.024914825,-0.06957692,-0.040065475
0.15424635,0.06818268,0.087849125,0.012695288,0.066855945
0.14272274,-0.02883418,0.060766462,0.10555531,0.05549802
0.060883474,0.054331776,0.071974926,0.009345792,-0.040267922
0.08264332,0.033958316,0.102054276,-0.01611849,0.018967884
