Care,Fairness,Loyalty,Authority,Sanctity
Harm,Cheating,Betrayal,Subversion,Degradation
0.0539495,0.012967076,-0.026411928,0.009840451,0.030666446
0.002376821,0.06835571,0.09375861,0.06480453,-0.060421508
-0.049446035,-0.1430788,-0.0088595925,-0.0748597,-0.06256258
0.07648751,0.061546348,0.082135275,0.057535388,-0.015784264
0.04858301,0.10871688,0.08718377,0.08897577,0.016943838
0.023183575,-0.014335271,-0.00640535,-0.029479856,-6.0323626e-05
0.016081864,0.09874666,0.025095828,0.06325422,0.014733715
0.05616055,0.078853965,0.06902146,0.062903956,-0.03336697
0.063150294,0.046269726,0.06728389,0.029435689,0.03883896
0.024326198,-0.02771721,0.055502325,0.119525805,0.06585779
0.11268305,0.05297999,0.08282904,0.013311126,0.029328749
0.08147678,0.034461904,0.09312258,0.020758875,0.01920691
