Care,Fairness,Loyalty,Authority,Sanctity
Harm,Cheating,Betrayal,Subversion,Degradation
0.083772585,-0.05310513,0.008383513,-0.04683122,-0.016046422
0.046487868,0.11438021,0.15530257,0.06747235,-0.0038887481
0.047081314,0.04712031,0.060412675,-0.028694477,0.042574815
0.070005015,-0.041501015,-0.02079415,-0.062647894,0.05276461
0.036560073,0.064990655,0.078587316,-0.023138463,-0.0004348969
0.00756062,0.036791176,0.017814755,-0.018814784,0.023668109
0.08410564,0.07875586,0.16193517,0.053099055,0.04673784
0.055625703,0.06482704,0.08476834,-0.015171405,-0.030884199
0.016642278,0.12453869,0.071860746,-0.013874818,-0.09509628
0.12478623,0.07017329,0.13450184,0.06857657,0.11180277
-0.04231458,-0.040288128,-0.0036774278,-0.049069002,-0.002360832
0.024997544,0.14073883,0.06390108,0.0776651,0.081823975
0.0046282895,0.031111125,0.07759768,0.027939131,0.0073979124
-0.0027230103,-0.009943053,0.014669256,-0.10870307,-0.040221673
-0.034678433,-0.0071843527,-0.097146116,-0.039253905,-0.118624255
0.09523131,0.0147507675,0.05733401,-0.018931203,-0.030850487
0.12269076,0.0068546683,0.019678755,0.059025094,0.0488186
0.07515085,0.088697955,0.07309335,-0.013565037,-0.031027954
0.023265678,-0.02021185,0.045516577,-0.010949874,0.038798586
0.059868127,0.01376643,-0.06381771,-0.07473932,-0.08031129
0.051492747,0.042181358,0.035516746,-0.10143405,0.009604184
0.041879065,0.03556541,-0.0016496461,9.064376e-05,-0.047577858
0.061880536,0.08805139,0.026404817,-0.077878185,-0.01931205
0.06258498,-0.010764731,0.0047512837,-0.12231623,-0.043306407
0.043342113,0.035040066,0.024566,-0.066978276,-0.028653806
