Care,Fairness,Loyalty,Authority,Sanctity
Harm,Cheating,Betrayal,Subversion,Degradation
0.0025774483,-0.024030497,-0.06411281,-0.06605432,-0.110907175
0.022993192,0.014321259,0.0049413424,0.061027292,-0.02237403
-0.10587327,-0.010227369,-0.03964137,-0.060379166,-0.08443507
-0.042238306,0.121380344,0.10583358,0.029112874,-0.027784044
-0.092948005,-0.16539514,-0.1078033,-0.06556283,-0.17505176
-0.11440535,-0.006453854,-0.055293806,-0.11579637,-0.12743337
-0.08635859,-0.088216245,-0.051329076,-0.09119746,-0.12051786
0.030764982,0.006845883,0.035048574,-0.049490225,-0.012827406
0.041070808,0.036361415,0.10276781,0.05229297,-0.048125036
-0.0025937464,0.083837226,0.04693719,0.054568626,-0.10220866
0.08570191,0.0033849133,0.01281501,-0.04586797,0.009590259
0.02024233,0.047451664,-0.053054366,-0.08514399,-0.16954
0.05041321,0.07910212,0.064529054,0.013484709,-0.0007431805
-0.06297826,-0.058391217,0.0016162349,0.020759754,0.08531271
-0.055840485,0.0021551158,0.16222398,0.2002968,0.071877435
-0.014084905,-0.045186874,0.01952399,-0.023725457,-0.031840302
-0.039324626,-0.085012436,-0.09214356,-0.09613563,-0.1417504
-0.11788709,-0.17524095,-0.09483519,-0.18110147,-0.1587101
-0.046310827,-0.025441218,-0.06201536,-0.009382892,-0.07031314
