Care,Fairness,Loyalty,Authority,Sanctity
Harm,Cheating,Betrayal,Subversion,Degradation
-0.045903884,-0.044553593,-0.077075705,-0.03273524,-0.037777305
-0.033957377,0.018454775,0.0112366695,0.011352153,-0.012646221
0.0061632125,0.07713688,0.13232145,0.07969315,-0.006296497
-0.01702527,0.0048435125,-0.08337419,-0.0071900897,0.0128332935
0.028926924,0.072506815,0.14157198,0.042778086,0.0135502
0.0058316514,0.025066784,0.034314465,0.01536877,-0.04526581
-0.10084291,0.07501978,0.048870318,0.019804776,0.029085647
-0.019430116,0.009015657,-0.014603425,0.0076005813,0.050843783
0.014539864,-0.11063249,-0.066652305,-0.0472882,-0.051730417
0.023543049,0.06253345,0.12776029,0.02984752,0.014540279
-0.012133926,0.11142044,0.04837648,-0.01014687,0.008996788
-0.03748987,0.026894724,0.028219327,-0.033163205,-0.029706493
-0.11498613,-0.02221407,-0.15128565,-0.14796206,-0.039533593
-0.18203342,-0.031195309,-0.057140224,-0.0601099,-0.00255437
0.06334914,0.033320405,0.040266752,0.0731575,0.01774511
-0.15310365,-0.016332973,0.016198648,0.022560434,0.0492841
-0.011343098,-0.07150275,-0.09706719,-0.06831254,-0.10151639
0.05952414,0.0041250437,0.0058217524,-0.004767146,0.00025670603
-0.08362072,-0.03083301,-0.05052538,-0.055116802,0.0068272036
0.08625662,0.021164706,-0.01356563,0.019764598,0.049404733
0.017181821,0.074468195,0.051698502,0.08845201,0.045100465
0.023529094,0.06508674,0.10521459,0.086414024,-0.013729457
0.0034200493,-0.021775419,-0.009672571,0.012344192,0.04655545
-0.03140308,0.013131419,0.0009360686,0.009560905,-0.05615168
0.005773872,0.061923184,0.17661749,0.11740327,0.15536758
0.046316326,0.09923172,0.04920545,0.011334126,0.06346537
-0.005047716,0.04502285,0.090458885,0.050548445,0.07506672
0.007947138,-0.005163353,-0.057181925,0.021747239,0.011616675
0.06874118,0.11453578,0.0034071384,0.08130047,0.0010336079
-0.013108134,0.02111685,-0.039100442,-0.06440157,-0.1007424
-0.13676491,-0.087678604,-0.089221805,-0.088942476,-0.10843702
0.049737334,0.03029485,-0.035929814,-0.062257864,-0.02066711
-0.015017889,0.038159493,0.040146105,0.018774658,-0.0403265
