Care,Fairness,Loyalty,Authority,Sanctity
Harm,Cheating,Betrayal,Subversion,Degradation
-0.029208768,-0.041929897,-0.074647725,-0.06341441,-0.142332
-0.08801402,-0.14331305,-0.11445995,-0.18216692,-0.13447228
0.02623934,0.00026334822,-0.0013508368,0.020021476,-0.054343365
0.02623934,0.00026334822,-0.0013508368,0.020021476,-0.054343365
-0.15170614,-0.1279007,-0.15782258,-0.21902645,-0.20234536
0.02623934,0.00026334822,-0.0013508368,0.020021476,-0.054343365
0.02623934,0.00026334822,-0.0013508368,0.020021476,-0.054343365
-0.056610316,-0.013464913,-0.07057785,-0.090540834,-0.12926528
0.0037214058,0.03701034,-0.0220702,-0.040782295,-0.07946391
-0.05794645,0.025982387,-0.013660671,-0.06807819,-0.058140263
-0.0109080635,0.014028567,-0.04416545,0.0057894923,-0.089410275
-0.08111582,-0.034187667,-0.103501156,-0.13797644,-0.091881715
-0.0051722936,0.08945919,0.011116173,0.02389465,-0.016075943
-0.04057336,-0.001178721,-0.10096355,-0.13296124,-0.17257427
-0.18670762,-0.12211135,-0.048223823,-0.10694671,-0.11780665
-0.17601493,-0.08169506,-0.066946745,-0.13880739,-0.1447159
-0.01853803,0.057843357,0.023531547,-0.11181198,-0.08264631
0.008147722,0.03722329,0.14053047,0.07489067,0.11288912
0.031561386,0.14463228,0.10561484,0.053715244,0.021762218
0.0026945807,-0.064033866,-0.05690963,-0.09313088,0.017266717
0.046571728,-0.0053750016,0.09330771,0.018243415,-0.017376652
-0.13446704,0.044351086,-0.05750437,-0.052130986,-0.12032649
-0.051806033,-0.08470513,-0.036881417,-0.085944295,-0.13833416
