Care,Fairness,Loyalty,Authority,Sanctity
Harm,Cheating,Betrayal,Subversion,Degradation
0.034194805,0.03496292,0.013858419,0.010320086,-0.026947338
0.04605087,0.092404224,-0.011596058,-0.039217133,-0.041770753
0.12363877,0.08088967,0.026898552,0.03931636,-0.0188509
0.015949056,0.12505612,-0.03562002,-0.015370756,-0.04116773
0.027841937,0.028574683,-0.047757067,-0.038575757,-0.06291518
0.07014955,0.009476595,0.027800806,-0.0289402,-0.013793126
0.030652743,0.03099709,-0.022737287,-0.016547278,-0.03953711
-0.025109729,0.06566876,-0.0038445294,-0.054009978,0.011566538
0.007820876,0.061262153,-0.010247789,-0.018542893,-0.022398314
0.08485944,0.089773804,0.11034179,0.04979211,0.025912052
0.09498232,0.11003995,-0.0069626253,0.04182581,-0.020354513
-0.042547826,-0.04961461,-0.090850614,-0.10500827,-0.013669403
