Care,Fairness,Loyalty,Authority,Sanctity
Harm,Cheating,Betrayal,Subversion,Degradation
-0.04840191,0.0022383798,-0.0983251,-0.05876816,-0.11962895
-0.08395941,-0.04147424,-0.077240966,-0.06320015,-0.082252935
-0.1877297,-0.05069413,-0.041481502,-0.03391044,-0.1880902
-0.07300806,0.0052362196,-0.073036864,-0.07460853,-0.02044779
-0.06615838,0.04202597,-0.045546226,-0.04200021,0.02016443
-0.100601256,-0.016135912,-0.08130376,-0.049844682,-0.06563951
-0.0051500583,0.028532375,-0.023877803,-0.026158124,-0.10572014
-9.003654e-05,-0.06773288,-0.060915824,-0.076193646,-0.108236544
0.0075357407,-0.011614051,0.016699467,0.039597645,-0.04313103
-0.16477402,-0.04199724,-0.06264563,-0.06637199,-0.15515403
-0.24549994,-0.059785005,-0.12185858,-0.09198226,-0.18647823
-0.12572601,0.010483794,-0.034274105,0.047171194,-0.055011883
0.05850957,0.053368386,0.014494618,-0.002191797,-0.00060908496
0.060911637,-0.01459297,0.061998494,-0.004328659,-0.0751943
-0.13071077,-0.095206514,-0.06240411,-0.11467673,-0.23217899
-0.09968513,-0.077273995,-0.062429897,-0.15629156,-0.2400405
-0.047962423,0.015562467,-0.015670381,-0.005501938,-0.06267343
0.032801203,-0.033916473,-0.041651316,-0.04730559,-0.05739289
0.05134114,0.09187338,0.115795776,0.009644776,0.068515345
0.016886504,0.008847697,0.057922296,0.01673526,0.00032023247
