Care,Fairness,Loyalty,Authority,Sanctity
Harm,Cheating,Betrayal,Subversion,Degradation
0.007682533,0.01500663,-0.05454414,-0.043869086,-0.064458504
-0.23542182,-0.060110517,-0.16441686,-0.17560838,-0.07816639
0.09767554,0.030956306,0.009848857,0.03878787,-0.034772117
-0.06039234,-0.062080152,-0.0776719,-0.066014014,-0.08829702
0.04951258,0.08821786,0.0506532,0.08389643,-0.014124639
-0.060296282,0.03106277,0.019318335,-0.10929222,-0.12965527
