Care,Fairness,Loyalty,Authority,Sanctity
Harm,Cheating,Betrayal,Subversion,Degradation
0.013657036,0.0078996215,0.0064535914,-0.006865579,-0.042491764
0.025029993,0.04636966,0.1118865,0.077016845,-0.019716648
-0.021567702,0.007825723,-0.011666303,-0.03405354,-0.02516747
0.09535113,0.09548018,0.07043099,0.038908683,0.033147298
0.033068124,0.075188,0.037059233,0.055714864,-0.016966375
0.0011175391,0.09090211,0.0070117563,0.06577084,-0.07391575
-0.046731055,-0.023299444,-0.0914316,-0.058989536,-0.11866151
0.066100374,0.021823976,0.026075356,-0.00053532794,-0.043274514
-0.010863863,-0.04574243,-0.00885761,0.0020225393,-0.14294577
0.050839856,0.0872863,0.0003968468,-0.018709552,-0.061543886
-0.015322035,-0.10577018,-0.15110803,-0.10519035,-0.02542695
0.04192742,0.04575301,0.008523907,0.0031304392,-0.018400384
0.041309416,0.09699704,0.03097911,0.114621356,-0.07745734
0.012857171,-0.055339992,0.0444026,-0.03550282,0.013673812
