Care,Fairness,Loyalty,Authority,Sanctity
Harm,Cheating,Betrayal,Subversion,Degradation
0.018868983,0.0067819376,-0.02079501,-0.065409385,-0.024224447
0.042293776,0.018258912,-0.061903443,0.054407693,0.104267746
0.05545224,0.077816784,0.06637531,0.04466762,0.12541427
0.009113822,0.07279797,0.044163212,-0.0026785564,-0.052715063
0.006453356,0.036289137,0.05495603,-0.073078394,0.032955185
-0.08924377,0.0077420995,-0.04872051,-0.09577919,-0.0022232654
0.09983037,0.017944805,0.11079444,0.0055567976,0.06199439
0.026239304,0.00026332214,-0.0013509206,0.020021409,-0.054343373
0.026239304,0.00026332214,-0.0013509206,0.020021409,-0.054343373
-0.10041654,-0.067153394,-0.11304617,0.0011699204,0.079172164
-0.016666684,0.0035780668,0.050229236,-0.0019364003,-0.098021254
-0.014573301,0.21872418,0.17080614,0.15813065,0.035827555
-0.039237328,-0.0020280248,-0.028294098,-0.060869366,-0.063952655
0.03601357,0.1025656,0.04918029,-0.018878981,0.0295892
0.0773986,0.09701786,0.07316566,0.053551473,-0.0140308365
0.08496224,0.11796385,0.09695097,-0.05821617,0.13817145
-0.013224512,-0.0058987103,-0.03601945,-0.030003062,-0.0024778312
