Care,Fairness,Loyalty,Authority,Sanctity
Harm,Cheating,Betrayal,Subversion,Degradation
-0.012227879,0.011302371,0.02097329,0.059014045,-0.07084993
0.032027572,0.038914993,0.008440715,-0.0020548627,-0.039011706
-0.027223697,0.028952911,-0.105808005,-0.07319395,-0.11302302
0.061248228,-0.05485692,-0.016195692,-0.02284359,-0.021369385
0.027252952,-0.0039609056,0.045168728,-0.023146894,-0.00017104112
0.016816463,-0.038166594,-0.064582154,-0.01965177,-0.04277438
0.021661233,-0.020702388,-0.05524099,-0.1157285,-0.07358469
0.044196878,-0.0016993154,-0.05026882,-0.042550575,-0.07219989
0.009500366,-0.010791133,-0.011051932,-0.11109046,-0.085053235
0.04562341,-0.015085131,0.006712958,0.014961693,-0.016190987
-0.041289695,-0.09195155,-0.107403874,-0.14181983,-0.15102668
0.030303456,-0.029358137,0.047894962,-0.029258046,-0.09480746
-0.004187705,0.0231213,-0.0003792327,-0.0534019,-0.020102354
-0.037517503,-0.074108586,-0.089836895,-0.043677427,-0.1304332
-0.012102377,-0.019374244,-0.10757681,-0.09402874,-0.09401744
