Care,Fairness,Loyalty,Authority,Sanctity
Harm,Cheating,Betrayal,Subversion,Degradation
0.005674703,-0.031541865,-0.0491603,-0.040129084,-0.088606946
-0.09355472,-0.042613782,-0.06476715,-0.058890782,-0.15450466
-0.088835746,0.008327622,-0.085155874,-0.096377656,-0.08731982
-0.010169418,-0.029461047,0.04123153,-0.038852654,0.009477636
0.09149296,0.0059624678,0.06899334,-0.021350833,0.072095305
-0.0799772,-0.03400155,-0.095837235,-0.13157922,-0.13933888
-0.005404656,-0.010995997,-0.0037649185,0.0055883825,-0.049652986
0.0017566988,-0.0559436,-0.03652928,-0.14692089,-0.10126356
0.015488157,-0.029862285,-0.027445737,-0.042317748,-0.10032885
0.057257675,-0.06489625,0.00042630755,-0.06557043,-0.023435073
0.009652846,0.0050484426,-0.014543436,-0.054396927,-0.20122238
0.07117192,0.068602264,0.11961184,0.08683052,0.02807213
-0.01226964,-0.043534156,-0.002045717,-0.028769892,-0.06951632
