Care,Fairness,Loyalty,Authority,Sanctity
Harm,Cheating,Betrayal,Subversion,Degradation
0.019464761,-0.0133158015,0.0031439234,0.002823527,-0.06552505
-0.03846486,-0.036654003,-0.1133397,-0.060943432,-0.09221759
0.016709927,0.052441366,0.03442453,0.06601256,-0.033976607
0.026760101,-0.051544785,-0.016941622,-0.025756674,0.013369679
-0.0031540347,0.05750464,0.09722097,0.09225558,0.04731457
-0.05955969,-0.002675986,-0.12403896,-0.054103874,-0.17318057
0.07096557,0.08638435,0.117001705,0.053830907,0.032421507
0.09968804,0.020687528,0.12615544,0.12011009,0.14269501
0.046423763,-0.020171132,-0.01873494,-0.019197082,-0.08420049
0.047969908,0.044992913,-0.023685556,-0.025728509,0.011984065
-0.11596593,-0.15700224,-0.22461423,-0.17543739,-0.091168486
