Care,Fairness,Loyalty,Authority,Sanctity
Harm,Cheating,Betrayal,Subversion,Degradation
-0.032984838,0.025241263,-0.043957468,-0.0068016443,-0.108272836
0.025040198,0.06822151,0.03451921,0.045508407,-0.086383015
0.03205976,0.07704643,0.1345309,0.06724838,0.04789608
0.106790476,0.0142312795,0.025949938,-0.026641684,-0.07074635
0.04575812,0.036131814,0.03396211,-0.039956484,0.0191404
0.11825819,-0.013773814,-0.020649683,-0.05271633,-0.04161284
0.07998211,0.07171956,0.021111911,0.018189643,-0.04734991
0.06653688,0.016229343,-0.07194726,-0.10732613,-0.01777878
0.026735516,0.08555308,0.027128406,0.08477704,-0.05006105
0.07324865,0.1298046,0.14857195,0.14171255,0.06254736
0.010732522,0.0055652056,-0.029129341,-0.034063805,-0.12623538
-0.0006180685,0.032699175,0.09369511,-0.013535226,-0.15198822
0.08475593,0.0054423986,0.008875996,0.117238946,-0.13871612
0.08155682,0.14291202,0.16450182,0.03843551,-0.013794728
-0.016722027,-0.02736544,-0.021242786,-0.046440966,-0.17174818
-0.035638344,-0.02771602,-0.062445264,-0.03364309,-0.1173289
-0.021364767,-0.014863094,-0.009772457,-0.057210445,-0.010999538
-0.06570257,0.023763215,-0.032579344,-0.06663491,-0.15367281
-0.13465735,-0.025521632,-0.123612314,-0.089083776,-0.22855765
-0.080604404,0.07197873,-0.009881116,-0.059119344,-0.03839501
-0.14728576,-0.071286514,-0.113010965,-0.09071696,-0.23222834
-0.046978354,-0.08066368,-0.058161072,-0.04250277,-0.09895641
-0.16587237,-0.1475749,-0.0939054,-0.1468648,-0.17370598
-0.12578765,-0.058612715,-0.036892217,-0.025736082,-0.08193864
-0.17823398,0.00790854,0.018832602,-0.02581734,-0.008382471
-0.16455024,0.0056288093,-0.05727317,-0.10164139,-0.15250248
-0.079425104,-0.050640132,-0.1931647,-0.06347934,-0.12298813
-0.0491615,0.015109105,0.0140034,0.038644865,-0.03628806
0.011402177,0.1766813,0.039976984,-0.0038660867,0.0068315286
