Care,Fairness,Loyalty,Authority,Sanctity
Harm,Cheating,Betrayal,Subversion,Degradation
-0.0297478,-0.02973296,-0.043869454,-0.038214445,-0.116986595
-0.03611457,-0.07494484,-0.0948962,-0.065854385,-0.12874782
-0.045833774,-0.10495175,-0.0913299,-0.07349208,-0.118300475
0.0055975458,0.04578157,-0.0054292027,-0.06636971,0.0025560074
-0.05861272,-0.229393,-0.21303308,-0.20989352,-0.06799031
-0.1290574,-0.14775127,-0.24778184,-0.24042748,-0.044827964
-0.07044721,-0.040788792,-0.08792718,-0.035190605,-0.008944204
0.027142249,-0.020158129,-0.005843295,-0.040010992,0.028193299
-0.020903181,-0.26081127,-0.09138614,-0.119054705,-0.02861031
0.021747362,-0.1319109,-0.0865546,-0.15902194,-0.12285495
0.034519985,-0.13262737,-0.00073853135,-0.087614685,-0.040547483
-0.05782745,-0.12992504,-0.06714314,-0.07549034,-0.037581936
0.04678765,0.037845064,0.061415106,0.02196073,-0.0036624596
0.069480486,-0.019418914,0.06947715,0.027747137,-0.042209864
-0.06504568,-0.10341074,-0.1715216,-0.191594,-0.070199534
-0.049322452,-0.14939427,-0.131082,-0.19167659,-0.09654755
0.006140705,-0.039438345,-0.06846026,-0.077822536,-0.09822855
0.08297025,0.035913553,0.05985799,0.09387166,0.041205518
-0.053058036,-0.004636267,-0.11132504,-0.011796847,-0.106095
-0.0679736,0.027793042,-0.07774222,-0.002041392,0.09747748
0.01882192,-0.0073504336,0.009998517,-0.0087416675,0.0051377565
