Care,Fairness,Loyalty,Authority,Sanctity
Harm,Cheating,Betrayal,Subversion,Degradation
0.06032244,0.010750091,0.02200572,0.052662376,0.056162883
-0.0017114729,0.048963387,-0.043144282,-0.071140036,-0.013998397
0.08871746,-0.081351385,-0.021322144,-0.036143307,-0.012977664
0.06539817,0.046159178,0.10897082,0.04248234,0.07257261
0.053484887,-0.04084625,0.06273645,0.01020479,0.06663333
-0.11123577,0.03241197,0.059987076,0.022071134,-0.023102995
-0.008095749,0.0494413,0.082128175,-0.016509319,-0.072916545
-0.028583424,0.021443348,0.06893503,0.077017054,0.044462122
0.015719179,0.08844836,0.12958105,0.03344123,-0.031727053
-0.046302404,-0.020796634,-0.025748633,-0.075729825,0.026059216
-0.036456577,-0.139629,-0.111158036,-0.06568901,-0.06834708
-0.023683226,0.0042655244,0.030921042,0.028593294,0.0080116615
0.016764618,-0.015388232,-0.07138704,-0.017395072,-0.064635515
-0.08099222,0.076493695,-0.03954069,-0.02228788,-0.017199107
0.032860197,0.028057618,-0.017136326,0.04861582,0.11536101
-0.03249327,0.060116835,-0.0048597697,0.1282244,0.11323011
