Care,Fairness,Loyalty,Authority,Sanctity
Harm,Cheating,Betrayal,Subversion,Degradation
0.042407144,-0.038494457,-0.040834013,-0.03221706,-0.098314226
-0.021820702,-0.058665223,-0.09479074,-0.07770303,-0.051075164
-0.04478317,-0.092715144,-0.09095144,-0.02806478,-0.06387828
-0.040296018,0.041257758,0.0034392402,0.03189745,-0.03396983
0.014099775,0.08202204,0.069627926,-0.05473114,0.06729034
-0.036197208,0.05771287,0.029980527,-0.0550616,0.0010132715
-0.004103735,0.050656617,-0.052344717,0.03562426,-0.012628909
0.027810294,0.009694522,0.022242174,0.026848767,-0.038599614
-0.008759347,-0.02453816,-0.053054567,-0.03707379,-0.068496644
-0.0885921,0.014363874,-0.030063806,-0.029792521,0.011629516
-0.007192323,-0.015951911,0.031748023,0.07748168,-0.08458392
-0.019491432,-0.05602867,-0.07148336,-0.027485603,-0.052579455
-0.009313254,0.036152992,0.050769288,-0.00022167154,-0.02933208
-0.015754484,0.042412817,0.06059875,0.06477579,0.08514995
0.047415204,-0.028732348,-0.044262007,-0.1458703,-0.02860905
0.029931284,-0.036211558,0.016387511,0.0008392185,0.01316791
-0.069887444,0.056094468,0.016067727,0.044141624,0.043160107
-0.02502476,-0.020577151,0.0401021,0.004965022,-0.025571186
-0.016632807,-0.032844603,0.1006415,0.10122869,0.026136633
-0.16776511,-0.009106686,-0.039266944,-0.095997505,-0.11958714
0.04550599,-0.027218137,-0.014605651,-0.023579687,-0.020958494
0.082371205,0.06979403,0.03902226,0.032467697,-0.025747478
0.066049084,0.089443654,0.09570704,0.021779604,0.0103174895
0.11055821,0.15823966,0.13563654,0.14980382,0.081343874
0.050829068,0.1062428,0.051486466,0.04340884,-0.045789108
0.08685313,0.095145315,0.14403853,0.014488554,0.08530585
0.09276478,0.060225774,0.06320247,0.027723879,0.02513879
