Care,Fairness,Loyalty,Authority,Sanctity
Harm,Cheating,Betrayal,Subversion,Degradation
-0.008244775,-0.0029369397,-0.0033927285,-0.0005502845,-0.0319847
0.026110034,0.025823247,0.014897627,0.053908225,0.013323609
-0.0036400133,0.06328599,0.06423713,-0.005002483,-0.032034263
-0.048352707,0.117126055,0.086175576,0.005995747,0.02100257
0.019256782,0.12055821,0.030222598,0.0024101716,0.025472607
0.008191843,-0.019359555,0.03492348,0.036781207,-0.021459894
-0.016276265,-0.02171908,0.06659387,0.008745059,-0.01888084
0.04652632,0.008523896,0.098675095,0.049136247,0.018292328
0.073286735,0.038085595,0.073274046,0.027556684,0.046461575
-0.016487014,-0.03210564,0.028148513,0.04965962,0.017679868
0.042929526,0.033328917,0.09461736,-0.010166149,0.062209968
0.045558244,0.0036742128,-0.003336798,0.011580074,0.023191541
0.0629338,-0.03446536,0.030775651,-0.043568257,0.009471884
0.08111991,0.075172506,0.061488096,-0.035536923,-0.046935525
0.16092584,0.033104584,0.17502122,0.08851172,0.025179058
0.10573211,0.06794281,0.11436581,0.053000733,0.07840774
0.108951226,0.012596289,0.16095811,0.09131565,0.12768944
0.020023325,-0.005463477,0.05356184,0.0033261124,-0.026104275
0.023332331,-0.052016824,-0.0004508663,-0.025953643,-0.055748433
0.044097856,-0.030204237,0.014093651,-0.075075366,-0.04917464
0.016900754,0.05667046,0.16418746,0.13612702,0.11628739
0.06441733,0.014206447,0.09353846,0.045866475,0.055325225
0.0834568,0.0403808,0.10587683,0.022533271,0.07477573
0.09472564,0.057635568,0.12806942,0.08765869,-0.01931713
0.060226403,0.021502223,0.058129355,-0.03304093,-0.0077131502
0.10378446,0.060413692,0.24752823,0.012468351,0.09773458
