Care,Fairness,Loyalty,Authority,Sanctity
Harm,Cheating,Betrayal,Subversion,Degradation
-0.008578051,0.016967203,-0.08191067,-0.07548103,-0.029070478
0.0723348,0.04808306,-0.09208314,0.040897828,0.043806747
0.0139006395,0.068124965,-0.044029217,0.09914733,-0.03559405
0.04966083,0.027525052,-0.023432504,0.03739705,0.02223422
0.04067392,-0.0017988011,-0.04534991,0.027023965,-0.014795106
0.086242855,0.0026852135,-0.05849397,0.0056697316,0.047463804
-0.030937165,-0.008960184,-0.12371418,-0.03782603,0.067031614
0.024682455,-0.008669758,-0.032494042,0.013910758,0.031271856
0.043396622,0.058126308,-0.028396204,-0.03517544,0.008904064
0.06971659,0.026574455,0.08805375,0.046310008,0.07928647
-0.025218539,-0.013264626,-0.06627218,-0.071729064,0.0029215813
0.0643151,0.07738808,-0.00030334946,-0.024061555,0.044068314
0.07712273,0.10227015,-0.013912668,-0.055200126,-0.016823448
-0.08003056,0.00741658,-0.09266515,0.034306157,0.042670794
0.036577962,-0.013407007,-0.04896084,-0.087856464,0.020319454
0.015959155,-0.03555048,0.043718528,0.06315884,0.04399139
-0.06983451,-0.0699746,-0.070261955,-0.027926337,0.017583992
-0.047271922,-0.0771409,-0.12646721,-0.026043085,-0.032474056
-0.11208466,-0.1148356,-0.19338135,-0.15452519,-0.163618
0.082152694,0.093866795,0.10180402,0.082848944,0.08038768
-0.085809864,-0.054292254,-0.072950184,-0.07957669,-0.18668345
