Care,Fairness,Loyalty,Authority,Sanctity
Harm,Cheating,Betrayal,Subversion,Degradation
0.038126737,0.012636788,-0.014938102,0.038099512,-0.0074992664
-0.10072188,-0.044294026,-0.119668566,-0.11909847,-0.03790384
-0.029725188,-0.03858167,-0.030921469,0.017238216,0.012647578
0.00799975,0.014866155,-0.12485419,-0.06902966,-0.044307683
0.0058605047,0.018554486,0.10676007,0.0533997,0.004003521
0.028854458,0.09334552,0.06668428,-0.0075855944,-0.014047651
-0.006946113,0.014058702,0.0096676,-0.04676286,-0.117068425
-0.18647383,-0.07834681,-0.14544131,-0.11889236,-0.19918157
-0.12500507,-0.06865701,-0.16790152,-0.13473532,-0.101427086
-0.06037596,0.0019123778,0.00021353923,0.036413506,-0.044881705
0.1102536,0.13755938,0.10294468,0.039478224,0.07039038
0.053732514,0.10241103,0.09383458,0.17548159,0.0956989
-0.10644916,-0.03812106,-0.001910489,0.097704634,0.030180741
0.057165116,0.12660532,0.1045604,0.08331305,0.050843444
-0.07463984,0.013548104,0.045105048,0.058983613,-0.01522954
0.1267938,0.02311463,0.078067325,0.023506055,0.043375365
-0.04603464,0.045176037,0.013937669,-0.034717176,-0.013894482
-0.059782635,0.002510693,0.013953889,0.008458809,0.058816936
-0.010681447,0.007521102,-0.09027606,-0.113809474,-0.11612862
0.021832718,-0.042109523,0.062301368,0.01992913,0.04532981
0.0094505595,0.006525319,0.014500394,-0.03315836,-0.14336435
