Care,Fairness,Loyalty,Authority,Sanctity
Harm,Cheating,Betrayal,Subversion,Degradation
-0.0113647785,-0.014890752,-0.04789811,-0.010126523,-0.05509397
-0.06908156,-0.037186973,-0.05287409,-0.022831284,-0.078259096
-0.025091276,0.0485285,0.023671636,-0.0076364717,-0.014215393
-0.12605353,0.032436337,-0.0032635303,-0.07553631,-0.14143595
-0.2047947,-0.12293358,-0.08520345,-0.1644682,-0.14261013
0.026239332,0.00026328675,-0.0013508913,0.02002149,-0.054343402
0.026239332,0.00026328675,-0.0013508913,0.02002149,-0.054343402
-0.0408622,0.025734808,0.0015350077,0.006536152,-0.06310502
0.05567646,0.07357728,0.08198582,0.049017508,-0.04248945
0.040846854,-0.035305083,-0.019802187,-0.065296434,-0.13191158
0.009820871,-0.034662,-0.02595692,-0.035945997,-0.1032891
0.01638892,0.14299825,0.13394472,0.07140738,0.03537122
0.027621672,0.0605584,0.12317878,0.052118093,0.053302504
-0.040827762,0.06484191,0.08333872,-0.038651347,-0.07629229
-0.0052037197,-0.033884306,-0.05114036,0.014541611,-0.026276654
-0.0068094195,0.017724596,0.06456874,0.057189375,0.01842875
0.009700312,0.008423717,-0.002413869,0.012723957,-0.061753
-0.11296676,-0.03269694,-0.10442628,-0.03304918,-0.07250864
-0.012651619,0.014719833,0.019628834,-0.025470128,-0.029210754
-0.06139475,-0.006553985,-0.04764286,-0.11461387,-0.100043565
0.018999863,-0.059160598,0.024680916,-0.042719774,-0.075138465
0.012298517,0.111294895,-0.015383454,0.0026522502,-0.023171945
0.02851336,0.03132151,0.05311329,0.06310806,0.01344734
0.037866354,0.089930765,0.09093523,0.06246683,-0.008782038
0.031873297,0.02597231,0.075626634,0.07825343,-0.03044091
-0.010427792,-0.06696989,-0.03800268,-0.018543707,-0.04198631
-0.044272665,0.101545736,0.018486962,0.013109658,-0.05242154
-0.036247708,-0.042319216,-0.052887462,-0.043338113,-0.14021297
