Care,Fairness,Loyalty,Authority,Sanctity
Harm,Cheating,Betrayal,Subversion,Degradation
-0.07715218,-0.046904445,-0.11262916,-0.06813688,-0.13223982
-0.0790979,-0.030379685,-0.12591057,-0.060291186,-0.2302001
-0.14913052,-0.08220548,-0.09374403,-0.09799963,-0.120279625
-0.02294176,-0.029320283,-0.041299343,-0.0421388,-0.07430425
-0.11805774,-0.10007828,-0.12140782,-0.17385136,-0.15069064
0.009293947,-0.021287499,0.00529233,0.0035887528,-0.069814965
0.06422297,0.112052284,0.035326716,-0.013683787,-0.03439121
0.047766134,-0.04400393,-0.046495035,-0.044612397,0.00906465
-0.2635974,-0.13119227,-0.1395364,-0.17231633,-0.20298672
-0.019317172,-0.024760496,-0.068088956,-0.07245648,-0.11686297
-0.08485103,-0.07170853,-0.12378596,-0.10152234,-0.14753507
-0.028847832,-0.028927434,-0.008687317,0.010769144,-0.016888624
-0.07620889,-0.019289315,-0.004313465,-0.036862772,-0.15129581
0.01799275,-0.06634809,-0.044427197,-0.035249803,-0.1140372
-0.045232274,-0.040323704,0.016253619,-0.0715313,-0.06793206
-0.024693415,-0.03553789,-0.0021295324,-0.0840945,-0.049592335
0.017300367,-0.00081078336,-0.028287683,-0.08712559,-0.0903884
0.028338071,-0.08581032,-0.06753439,-0.09161813,-0.09739153
