Care,Fairness,Loyalty,Authority,Sanctity
Harm,Cheating,Betrayal,Subversion,Degradation
-0.10569687,-0.069741204,-0.15644288,-0.12997597,-0.12651986
-0.07305798,-0.029370403,-0.092931464,-0.11924028,-0.09373105
-0.06938624,-0.036022805,-0.08222839,-0.0983927,-0.06973253
-0.023714878,-0.048058916,-0.092440054,-0.16774061,-0.17371455
0.041507572,-0.041211493,-0.028726555,0.009591119,-0.077637225
0.033095535,-0.04977592,-0.06019568,-0.10862221,-0.09079059
-0.07775214,-0.036700413,-0.18433203,-0.13405254,-0.13681076
-0.05824355,0.04868696,0.0019570356,-0.017293356,0.06002687
0.00950793,-0.046985265,-0.007863764,-0.083579406,-0.08755159
-0.007434968,-0.036914036,-0.060616802,-0.12427385,-0.07662117
