Care,Fairness,Loyalty,Authority,Sanctity
Harm,Cheating,Betrayal,Subversion,Degradation
0.016622234,0.014833258,0.00933064,0.024723748,-0.050526433
-0.012195352,-0.0074574947,-0.043000363,-0.0047222553,-0.1354195
-0.01905663,0.08638364,-0.004629357,0.020099785,-0.019935355
0.0077158045,0.09803312,-0.013232969,0.017292585,0.028663013
0.009807024,0.021858178,0.077394046,0.039948396,0.010021685
0.08710131,0.1264965,0.013391821,0.0011936631,0.012599334
0.011498369,-0.07594553,-0.041583456,-0.13054849,-0.07605146
0.08373183,0.018935256,0.113834515,0.024463817,-0.039851755
0.026239319,0.00026325881,-0.0013509123,0.020021379,-0.054343395
0.026239319,0.00026325881,-0.0013509123,0.020021379,-0.054343395
0.10710351,0.037914608,0.108304285,0.037521172,0.032393545
0.013839049,0.059058897,0.0018941853,-0.052190226,0.02062601
-0.058299515,0.015053306,-0.036249846,-0.023943095,-0.048114248
-0.008691329,0.013630853,-0.074035764,-0.029760186,-0.09717001
-0.043994963,-0.06677014,-0.06699407,-0.12257725,-0.11064638
-0.025903083,0.064764954,-0.019359019,0.10501339,0.037214085
0.015489224,0.05414384,-0.077879496,-0.015942315,-0.047226183
-0.09449932,-0.04514523,-0.07611033,0.00056497194,-0.01966581
0.122146524,0.10845293,0.05303655,0.024500625,0.0036285762
0.051244684,0.13558628,0.020936545,0.018767368,-0.021579502
-0.0823292,-0.030996535,-0.16466284,-0.15119511,-0.05751655
-0.013920544,0.028391615,-0.009027045,0.016071966,-0.028055213
