Care,Fairness,Loyalty,Authority,Sanctity
Harm,Cheating,Betrayal,Subversion,Degradation
-0.085278995,-0.015393655,-0.06834916,-0.07995827,-0.05820987
-0.07012837,-0.018266056,-0.05939312,-0.05173154,-0.037407678
-0.107371,0.0015327041,-0.079429835,-0.089475736,-0.13547364
-0.14742258,-0.028130785,-0.11756947,-0.052793756,-0.055004966
0.0021266374,0.010285674,0.046408165,0.06038438,-0.06382244
-0.10521253,-0.030023072,-0.10338618,-0.0682856,-0.103380546
-0.05546398,-0.021093816,-0.089228936,-0.06702501,-0.1190061
-0.11363865,-0.035071645,-0.15127946,-0.09940553,-0.091267414
-0.13194208,0.02747214,-0.08269403,-0.14271492,-0.12008493
-0.12199837,-0.027263675,-0.10826105,-0.14624614,-0.15224557
