Care,Fairness,Loyalty,Authority,Sanctity
Harm,Cheating,Betrayal,Subversion,Degradation
0.012764284,0.0011220649,0.0075106733,0.03549849,0.026169518
0.026345916,0.083356544,0.05078546,0.0390239,-0.0041224696
0.011853809,0.030641202,0.03388893,-0.004017895,0.00515634
0.037483413,0.06046111,-0.04405047,0.0802764,-0.019254543
0.025037292,0.06527999,0.02035566,0.045196056,0.02174398
0.041808147,0.013957765,-0.010599572,0.03409891,0.037009172
-0.00861451,0.004371593,0.050312184,0.03415372,-0.022587467
0.08624284,0.013907976,0.21032861,0.028515475,0.029734934
-0.02767212,0.024657015,0.025571357,0.038530692,0.014492836
0.07246187,0.18412168,0.110980906,0.035241928,0.12544769
0.056360006,0.07941529,0.12135582,0.007874283,-0.0069578346
-0.10945146,-0.08254591,-0.036821507,-0.010791679,-0.061988775
0.01304541,0.02966747,-0.04446867,-0.14872131,-0.060947455
0.009643872,-0.0032713376,0.011035454,0.040966075,0.013029324
0.006601548,0.026894584,0.008150438,-0.04218767,-0.07106909
0.041094124,0.026256097,0.073652476,0.040332615,-0.009035893
0.02307551,0.019937538,0.05659486,0.021772964,0.09190595
-0.025897296,0.050579995,0.015945815,-0.03590767,-0.019432466
