Care,Fairness,Loyalty,Authority,Sanctity
Harm,Cheating,Betrayal,Subversion,Degradation
0.071845315,0.025700677,0.07638888,-0.007022558,-0.0077069327
0.061887704,0.12000293,0.03609189,0.01692988,0.054695353
0.050385423,0.020910107,-0.07180324,-0.030284908,-0.09556011
-0.059145693,0.021633158,-0.058465667,0.012871703,0.015090988
-0.009046413,0.030576624,-0.010036558,-0.007974705,-0.004367426
0.051329967,0.07252614,-0.04817287,-0.05412206,-0.047071066
-0.02655986,-0.0028103273,-0.054590385,-0.04515735,0.02207863
0.031862166,0.01686182,0.008360162,0.017951159,-0.04003584
-0.067539826,0.010174995,-0.042308375,-0.056312352,-0.064220294
0.08892809,0.024986725,0.0002583759,-0.020094987,0.009659942
-0.104486644,-0.047972858,-0.08419936,-0.058835223,-0.11167088
0.01129837,0.07632638,0.031239204,0.05530982,-0.012810884
0.036941674,0.042880945,0.00017788261,0.043120373,-0.019752165
0.087058425,0.06286499,0.23349522,0.13014442,0.078045666
0.07721671,0.07701964,0.17963248,0.1048736,0.04633987
-0.058405317,-0.009747632,-0.025545897,-0.047158662,-0.026674744
0.058341376,0.024439551,0.058924124,0.033479452,0.012674626
0.06374289,0.031608403,0.0166113,-0.011158308,-0.06026342
-0.008721205,0.094010994,-0.028493514,-0.0041056126,0.003977906
0.035584234,0.03298446,0.00752955,-0.043915696,-0.013048729
-0.028316012,-0.04608898,-0.07108447,-0.04206726,-0.10903868
-0.009611908,-0.033350367,-0.0038989577,-0.07975476,-0.02001841
0.0705333,0.032637585,0.12426719,0.07155438,0.012774244
-0.025514625,-0.034614105,-0.11649322,-0.08101692,-0.033760544
-0.01637271,-0.031080425,0.071844906,0.0125435535,0.12548321
0.09076598,0.09956308,0.20469257,0.10530473,0.10267566
0.12375903,-0.028965082,0.22632769,0.056125563,0.082001075
-0.036298987,0.005706912,-0.080800265,-0.054062277,-0.024765186
-0.09323612,0.0077069625,-0.030507276,0.0013616933,0.011460632
-0.064457506,0.011447836,0.054572918,0.02857269,0.068962075
-0.023273828,0.041002475,0.050369486,-0.01494075,-0.074170075
