Care,Fairness,Loyalty,Authority,Sanctity
Harm,Cheating,Betrayal,Subversion,Degradation
0.05260909,-0.021402404,0.023752846,-0.039100964,-0.017714992
0.009598116,0.027462345,0.06865529,0.07478801,-0.02111448
-0.09891534,-0.10181615,-0.17115103,-0.10366081,-0.13798836
0.009520917,-0.045498304,-0.04777311,-0.01745563,-0.023207985
-0.1407267,-0.06417007,-0.13398916,-0.08921428,-0.16070138
0.10203063,-0.033625003,-0.033188306,-0.08627015,0.0029694159
0.03161357,-0.012466965,0.019431075,0.003283007,-0.06921347
0.12199506,0.0390928,0.054817025,0.13885275,0.14547697
0.07893206,0.0055448636,0.04034132,-0.0232043,0.054327235
0.07505828,0.036962736,0.056999788,0.051603995,0.07484994
0.10964971,0.024937823,0.06566671,0.046693537,0.08895641
-0.022746699,0.043520525,-0.08194736,-0.024730481,-0.06661984
-0.036118902,0.018380854,0.011835542,0.013205422,0.04879444
-0.022836844,0.09433015,0.04173723,0.042885754,0.12953791
0.05098945,0.062427774,0.029514816,0.104267344,0.042967524
0.09256821,0.11581191,0.09238057,0.062477566,0.14592198
-0.061492305,0.06176967,0.014242493,0.101448916,0.13566858
0.12796974,0.06993371,0.1161669,0.091488674,0.09131741
-0.022135723,-0.007812148,-0.027898634,0.009478431,-0.06439407
0.029773539,0.06177111,0.11958815,0.016285261,0.007839046
0.075823486,0.06246356,0.047424763,0.03762022,0.035662726
0.034126304,0.054991752,0.114236385,0.117399186,0.012450546
-0.01487374,-0.039795615,0.013232449,0.010608024,-0.021235764
-0.010722401,-0.012739345,-0.09134108,-0.05789104,-0.095868886
-0.066738375,-0.04193783,-0.10142694,0.012704026,0.0092179775
0.004751632,-0.018299788,0.058617264,-0.013278633,-0.033825748
-0.0013782317,0.092009254,0.010198972,0.014091844,0.011508621
-0.022598246,0.025712073,0.03600605,-0.0002672691,-0.060770683
0.009063937,0.010132572,0.019010559,-0.020620653,-0.03312979
-0.014011599,0.046176795,0.06702183,-0.07237151,-0.019059666
-0.06486826,0.05130204,-0.016471334,0.04228198,0.016090635
-0.009650134,-0.095024906,0.010186836,-0.03139288,-0.05462598
-0.004208619,-0.020314671,-0.05764024,-0.0323512,0.016388606
