Care,Fairness,Loyalty,Authority,Sanctity
Harm,Cheating,Betrayal,Subversion,Degradation
0.012955168,-0.040781736,-0.014994245,-0.08063774,-0.047179203
0.0695078,-0.04862141,0.046413288,-0.037932742,-0.07708954
0.016599879,0.036472443,0.055742547,-0.093011886,-0.051241674
0.065956585,0.1009376,0.14970735,-0.002132807,0.09736696
0.09061304,0.11843479,0.12673926,0.036358394,-0.013241763
0.016504277,-0.0006993627,0.016424874,-0.04805679,-0.10695037
0.03840164,0.0100807175,0.0031265514,-0.03462691,-0.034369845
-0.0065497197,0.07678221,0.061612368,0.09016101,0.012336016
0.021445325,-0.021274434,0.005708767,-0.11293745,-0.031136025
0.04140387,0.015157952,0.034916934,-0.056233622,0.02756916
0.07677336,0.04184556,0.04705771,-0.10257362,-0.0688386
0.08933459,0.012881333,0.021744872,-0.067676514,-0.034427274
0.07853758,-0.019555207,-0.00073530804,-0.094699845,-0.081422694
-0.016948335,0.026065525,0.06289601,0.08552958,0.032644354
0.05713105,0.02485953,0.052192386,-0.03444072,-0.050387204
0.084215924,0.041522544,0.07491313,-0.028323919,0.019733872
0.031738505,0.0181083,0.058725893,-0.03152588,0.022139601
0.0766206,-0.022268748,0.1535437,-0.03294173,0.028812943
0.08065605,0.05842963,0.06316688,-0.044775963,-0.030104661
0.058953587,0.024704598,0.052277513,-0.03532324,-0.007272194
0.14666197,0.068840474,0.11901981,0.097773746,0.07884994
0.04624511,0.10387682,0.100668214,0.036123686,0.0067571513
-0.014816221,-0.010886392,0.12183871,0.04255817,0.0074044317
0.053413466,0.00690306,0.051283546,-0.05432042,0.01615742
0.051844858,0.04138488,0.08805416,0.046863273,-0.011152806
0.03592918,0.06988248,0.056844253,-0.044644244,0.017573014
0.06966968,0.06193142,0.1452838,0.008431405,0.08702755
0.07758012,0.041955534,0.07253119,0.025293253,-0.007103212
0.029794194,0.065461844,0.05186726,0.017419657,-0.037589125
0.11601867,0.13527673,0.16937108,0.057356607,-2.2929162e-05
0.023563327,0.13840625,0.17679526,0.20376402,0.1507698
0.060906775,-0.027790505,0.031133559,-0.06882067,-0.0036949143
0.1336497,0.09687131,0.1445628,-0.03533379,0.015221758
-0.035489712,0.06260644,0.033882007,-0.042917725,-0.018576216
