Care,Fairness,Loyalty,Authority,Sanctity
Harm,Cheating,Betrayal,Subversion,Degradation
0.047848895,0.033481978,0.038095158,0.049031954,-0.06529024
-0.04982116,0.06024043,0.1019713,0.14625028,0.011752535
-0.039299138,0.050057705,0.10633663,0.05997146,-0.02188864
-0.13476406,0.059436973,0.05682002,0.054186985,-0.009069454
0.018985093,0.07295651,0.043300975,0.023550931,-0.03559392
-0.025230126,0.07898897,0.04436708,-0.062235985,-0.014192626
0.10221407,0.049825612,0.17375329,0.082370065,0.09565205
0.037285283,0.106439315,0.070003524,0.15260565,0.03177257
0.05545415,0.090641685,0.0010156306,-0.048707005,-0.056732245
0.025253488,0.014912983,0.073914945,0.008251967,0.014776219
0.020737134,-0.003068488,0.05133851,0.032958224,0.09817115
-0.0022807773,0.0039581433,0.077037245,-0.047662787,0.039430194
-0.082462214,0.030312445,0.027785404,0.032134324,-0.013507023
-0.17833403,-0.04020597,0.030771345,0.05663522,-0.053702414
0.026239263,0.00026322342,-0.0013509551,0.020021398,-0.054343425
0.026239263,0.00026322342,-0.0013509551,0.020021398,-0.054343425
-0.08857489,-0.00791917,-0.12171429,-0.10400133,-0.09980034
-0.09584633,0.031202866,0.10618733,0.012955416,0.025289472
0.06653364,0.14637627,0.19566534,0.1258896,0.13874619
