Care,Fairness,Loyalty,Authority,Sanctity
Harm,Cheating,Betrayal,Subversion,Degradation
0.013700582,0.044075847,0.023489535,0.004978515,-0.0019279197
-0.019520072,0.12719068,0.039894897,0.017686704,0.01883063
0.04703944,0.0042028595,-0.05502745,-0.020514514,0.0019726
-0.07370182,-0.04586915,-0.09291728,-0.1138989,-0.014946853
0.030642405,0.17427446,0.17421636,0.15601598,0.19551867
-0.04122507,0.07651611,0.0033811834,0.031939574,0.010544479
0.0031497916,0.06735368,0.122933716,0.06794709,0.030317329
0.038937166,0.016658006,0.06661872,0.10187184,0.11463234
0.00052285194,0.06322955,-0.012205275,0.081397496,-0.027964331
-0.012719677,0.044618346,-0.039226875,0.09245641,0.020435214
-0.09475361,0.02477491,-0.08768214,-0.0070117074,-0.13987905
-0.06735356,-0.042498354,-0.12677933,-0.05402434,-0.09702093
-0.00707552,0.102524325,0.007925274,0.0076946877,-0.06022221
0.02232426,0.022488639,-0.013965683,0.11239339,-0.044426378
-0.03323634,0.08565356,0.0123619735,-0.019603357,0.031769946
-0.07427374,0.13090718,0.01985316,0.0051428247,0.014912022
-0.021444269,-0.03138955,-0.018059984,0.017355144,0.01957915
-0.009780022,-0.0063550808,0.04037663,0.08646112,-0.017999742
-0.027709026,-0.052038383,-0.11700067,-0.11990043,-0.061979737
0.040497947,0.07529856,0.02957387,0.06483987,-0.012855836
0.026726842,0.052856304,0.04507042,0.057341218,-0.10550147
0.040256448,0.04884636,-0.03495148,0.08007689,0.047079783
0.06211626,0.067435324,0.026218453,0.03414309,0.024721058
0.020544745,0.0074103056,0.053671762,0.082668364,0.010981806
0.0072838375,0.06615191,0.0011860665,0.007995696,-0.034812994
-0.05839366,0.09820044,-0.042772908,-0.03403598,-0.015057286
-0.12802786,-0.096738756,-0.104440294,-0.041893244,-0.16984847
-0.040864408,-0.01594941,-0.04877953,-0.08722644,-0.09277612
