Care,Fairness,Loyalty,Authority,Sanctity
Harm,Cheating,Betrayal,Subversion,Degradation
-0.09255122,0.024751533,-0.028478425,-0.016552486,-0.10990069
0.07619281,0.09329938,0.106939495,0.14133202,0.123537004
-0.041974016,0.006148871,0.05704183,0.018820275,-0.046188235
-0.0639185,0.0067735855,0.04204505,-0.05028069,-0.010245467
-0.05860293,-0.10822521,-0.17333129,-0.19751751,-0.050442915
-0.005706545,0.026830573,-0.007151948,0.0797557,0.07333839
-0.05734323,-0.10543767,-0.07887712,-0.061830416,-0.07252854
-0.04312758,0.061662164,-0.06875474,0.024680205,0.023768239
0.036483187,-0.02141917,-0.14429641,-0.027406326,0.0508078
0.055763654,-0.027304864,0.028973456,0.039189044,-0.077960745
0.060889512,0.13057324,0.14986062,0.124429464,0.20789118
0.015074546,0.02654684,0.06287743,0.2012994,0.1206295
0.048640855,-0.024638316,0.021963906,0.045383,-0.06389086
0.09575389,0.15486223,0.115734234,0.1257936,0.036081992
0.029695593,0.10167472,0.099374175,0.0660446,0.13694113
-0.009318704,0.011755876,-0.04830991,-0.0055267275,-0.0005668774
-0.018731445,-0.018100102,-0.080991,-0.13983135,-0.08572864
-0.010988827,-0.11087064,-0.034766674,-0.13443583,0.012181226
