Care,Fairness,Loyalty,Authority,Sanctity
Harm,Cheating,Betrayal,Subversion,Degradation
0.034221977,0.1060574,-0.045280274,0.06742963,0.07791788
-0.04302945,0.037627056,-0.07572472,-0.0042218063,-0.014069224
0.07566826,0.07139331,0.06277671,-0.0064721294,0.027058266
0.035891652,0.100210674,-0.005873615,-0.002815634,0.037568875
-0.009324606,0.012993597,-0.046534933,0.021380259,-0.0493204
-0.0034148945,0.014251013,0.022836925,0.031422943,-0.017394178
-0.05421456,-0.027541552,-0.13488314,-0.10706212,-0.035910428
-0.12522525,-0.037022352,-0.10839313,0.01638635,-0.018942658
-0.007173728,-0.0036367066,-0.043633312,0.022583432,0.08872507
0.04931269,0.17745514,0.091561615,0.06279069,0.055380367
0.09082236,0.04513152,0.047981042,0.06914446,0.08428548
0.11936395,0.05630607,0.06089265,0.026119819,0.07494977
0.057561573,-0.030049697,0.050243653,0.05445722,0.09643413
0.014235651,-0.06118108,-0.07476635,-0.07441376,-0.013144188
0.18705934,0.119714566,0.19337562,0.09028036,0.14100623
