Care,Fairness,Loyalty,Authority,Sanctity
Harm,Cheating,Betrayal,Subversion,Degradation
0.007077193,-0.0076970793,-0.047222864,-0.00473182,-0.06752927
0.011358686,0.06913914,-0.039346226,-0.007828153,0.021830203
0.011506583,0.076259024,0.024958584,0.039985687,0.13644865
-0.10226701,0.005569709,-0.042739056,-0.034605145,-0.05180451
-0.02353264,-0.041229952,-0.095881574,-0.050682954,-0.031807322
0.01193066,0.10426167,-0.0051711574,0.058741584,0.047318228
0.040278133,0.012985535,-0.033766463,0.050660565,0.05968462
0.050389923,0.020510573,0.028858267,0.11759217,0.011222748
-0.13750187,-0.107073925,-0.0884299,-0.061446372,-0.15426221
0.011976674,0.06517651,0.042283706,0.1087371,0.05365654
0.07955434,0.07589763,0.061531868,0.059568837,-0.008264806
-0.22410412,0.015066078,-0.054437697,-0.034413576,-0.1572014
-0.10178028,-0.013644386,-0.09225419,-0.09294919,-0.13816687
-0.18848896,-0.11479933,-0.22259763,-0.13898046,-0.122518055
-0.0054811463,0.121657655,0.089599885,0.1419772,0.02970541
-0.17007942,-0.05752516,-0.106465146,-0.0604671,-0.15876547
0.037316658,-0.026418619,0.03605943,0.0055276286,-0.026511237
0.034030195,0.09999428,0.046824947,0.06111395,0.0827059
0.048985153,-0.0576694,0.036025677,0.059359536,-0.0041798432
