Care,Fairness,Loyalty,Authority,Sanctity
Harm,Cheating,Betrayal,Subversion,Degradation
-0.067680016,0.01812237,-0.09075981,-0.09172435,-0.12787196
-0.06333478,-0.04188583,-0.08067658,-0.0383333,-0.06460996
-0.10395637,0.0047469027,-0.018155742,-0.007941809,0.061757848
-0.03666599,-0.010926731,-0.08380667,-0.049911838,0.06562564
0.0068438957,0.049065724,0.056512423,0.10666372,0.05562774
-0.06385826,-0.061891716,-0.1289644,-0.048658196,-0.054722928
-0.025518203,0.037804436,-0.09635531,-0.08031449,-0.10913691
-0.01946352,0.031760924,-0.013079638,0.090440795,-0.000116396695
-0.029354623,-0.031538874,-0.09227826,-0.06644549,-0.060397312
-0.15779525,-0.053923354,-0.15935044,-0.13104165,-0.13795854
-0.019328767,-0.059984643,-0.12299634,-0.0735377,-0.05108633
0.08450954,0.050741617,0.047264982,-0.052761756,0.07444276
-0.14769651,-0.12574065,-0.16327605,-0.06591278,-0.05534496
-0.039626412,-0.097212344,-0.10934132,-0.06998713,-0.09831589
-0.054527372,0.02925523,-0.14262888,-0.07466167,-0.0073804967
-0.11096513,0.03797566,-0.08842385,-0.059474353,-0.1561869
-0.008788085,-0.031128578,-0.008597844,0.0032706112,-0.015232896
