Care,Fairness,Loyalty,Authority,Sanctity
Harm,Cheating,Betrayal,Subversion,Degradation
-0.0342343,0.06696052,0.033804666,0.0855449,-0.0656113
0.052627906,0.09911558,0.025875371,0.07108343,-0.083424106
-0.051592007,-0.0018779375,-0.09099426,-0.102644436,-0.15679613
-0.103573844,-0.025220662,-0.052743006,-0.029513989,-0.11595988
0.02708022,0.15987371,0.09674187,0.10912654,-0.043830544
0.041771814,0.051437683,0.09825507,0.075267315,0.005310083
0.027502649,0.13476877,0.044553444,0.050461583,-0.07051538
-0.007858615,0.11351421,0.025833135,0.10283154,-0.056277297
0.039121863,0.025965597,0.0077140406,0.05292552,0.041950427
0.1118756,0.051067412,-0.008507321,-0.024685314,0.120373964
-0.024404831,0.08574598,0.036044013,0.10663244,-0.073767826
-0.023856506,0.096384145,0.017760975,0.0075230263,-0.03216924
-0.033708904,0.021473594,-0.06993041,-0.008127107,-0.05827479
-0.051232405,0.02105863,-0.009797947,-0.0050213747,-0.057971336
