Care,Fairness,Loyalty,Authority,Sanctity
Harm,Cheating,Betrayal,Subversion,Degradation
-0.05296446,0.033218183,-0.1081836,-0.07804136,-0.028463343
0.02980247,0.045650147,-0.004403966,-0.025310468,0.038239032
-0.06293626,0.0074025756,-0.1684664,-0.12810524,-0.070230916
0.05320369,-0.026989967,0.013533321,-0.08048081,0.054991044
-0.058556065,0.088862516,0.058734503,0.06560127,-0.069558725
0.01826942,0.013013248,-0.060404338,0.084281616,-0.031481937
0.035044488,0.07508803,0.12414237,0.061169785,0.04018492
-0.009698565,-0.0025465135,-0.0070419107,0.07460041,-0.061895527
0.012202041,0.051442266,0.013645391,0.025348548,0.023526585
0.023613285,0.06254994,0.1361255,-0.0040159617,0.0025344864
-0.10482025,0.041891508,0.004969227,0.06287227,-0.07537699
0.01832499,-0.03570028,-0.12564217,0.049173795,-0.0066079292
0.06650376,0.039640624,0.020071065,0.048855644,0.02415885
-0.033710938,0.058573924,0.009586884,0.09038602,-0.00751042
-0.008228965,0.09952573,-0.010690585,-0.016372694,-0.014839105
0.050365865,0.06385335,0.09003283,0.15288281,0.06557813
