Care,Fairness,Loyalty,Authority,Sanctity
Harm,Cheating,Betrayal,Subversion,Degradation
-0.010294425,-0.0026786309,-0.07385521,-0.043499768,-0.06504799
-0.005565118,-0.0037262347,-0.0436839,-0.0027917223,-0.060249314
-0.20592016,0.0026480518,-0.112736456,-0.007959275,-0.0727852
-0.032819986,-0.1498002,-0.18174455,-0.06581038,0.0066032745
-0.024128333,-0.009908855,-0.06279644,-0.033766486,-0.049153924
0.044368193,0.040197115,0.009924024,-0.044609513,-0.045212742
0.002381761,-0.010607246,-0.069181696,-0.07834436,-0.038447164
-0.18683392,-0.07666228,-0.13060907,-0.12088292,-0.2348384
-0.040599298,-0.039159775,-0.087796345,-0.03469491,-0.07625782
0.010211731,-0.018678762,-0.058760736,-0.007826056,-0.031234428
-0.05782037,-0.08888459,-0.011797199,0.043267053,0.014717823
-0.09064162,-0.09855616,-0.024740448,-0.02089991,-0.1010437
-0.15451604,0.052584395,-0.053272936,0.021456264,-0.07656783
-0.09668441,0.07104827,-0.06532568,0.06334628,-0.013728507
-0.12156596,-0.025462788,-0.05317834,0.05068648,-0.04815866
-0.061636105,0.060984213,-0.07720615,0.010293952,-0.04524921
-0.098526,-0.0052760122,-0.13517398,-0.04937932,-0.06850639
-0.10936345,0.014603362,-0.060816757,0.013868141,-0.035087664
-0.1193938,0.018117383,-0.034390643,-0.01664496,0.00035984628
-0.23712683,0.035377268,-0.04872068,-0.052467845,-0.16778174
0.05880989,0.06358989,0.08593869,0.11483568,0.18693373
-0.049747594,-0.006798234,-0.07557538,0.033443812,0.04095143
0.059395235,0.021463186,0.08271581,-0.098881036,0.020359948
0.0101889465,-0.064975776,-0.06792618,-0.12624119,-0.117011234
