Care,Fairness,Loyalty,Authority,Sanctity
Harm,Cheating,Betrayal,Subversion,Degradation
0.081778854,0.07145142,0.017199527,-0.018499343,-0.070403814
-0.048110064,-0.027401622,-0.08963388,-0.018716602,-0.1359697
-0.073310144,-0.029979665,-0.0049584284,0.027764337,-0.03025279
-0.037152506,0.0068315044,-0.03366613,-0.015203221,-0.123080894
-0.025743913,0.01342224,0.012667585,0.02591937,-0.048972234
0.036983907,-0.035541862,0.020657578,-0.06688422,-0.06869536
0.092043474,0.07305114,-0.015114773,-0.002049476,-0.014989931
-0.0028436212,-0.05091801,-0.06675581,-0.056020003,-0.03287281
0.025984503,0.024923405,-0.026160214,-0.010370494,-0.034851562
-0.088492356,-0.05279947,-0.11192753,-0.033356335,-0.09100541
-0.009632353,0.07148159,0.0119306315,-0.014376998,-0.07379927
-0.014784506,0.16759524,0.025886167,0.023041205,0.09184003
-0.029609617,0.08838313,-0.07279973,-0.051200323,-0.13214578
-0.057765037,0.0539117,-0.009973432,-0.02239155,0.04034504
0.053234465,0.032939266,0.08766623,0.048086993,-0.05042901
0.020750942,0.07051187,0.031950306,0.022484094,-0.032276038
0.08595954,0.08403579,0.10400617,0.13966493,0.00757687
0.0788795,0.119660564,0.16172257,0.022451786,0.04729961
0.050064616,0.0921281,0.1572752,0.11918318,0.071292415
-0.07419763,0.058282577,-0.06582327,-0.02880995,-0.018646013
0.05334861,0.06982333,0.0959235,0.07505228,0.025414757
0.053917304,0.086264506,0.02470481,-0.028621735,-0.019937038
0.061236322,0.02017977,-0.010342427,-0.03601799,-0.012994051
