Care,Fairness,Loyalty,Authority,Sanctity
Harm,Cheating,Betrayal,Subversion,Degradation
0.017286088,0.10984133,-0.032659777,-0.0127151795,0.02891507
-0.005559694,0.103149295,-0.07355222,-0.029358318,0.071838096
0.014792832,0.03596364,-0.10063697,-0.021936344,-0.07025406
0.015594598,0.09965967,0.044308685,-0.010032521,-0.010159053
-0.045875452,-0.004434161,-0.06874014,-0.030908305,-0.03055536
0.011332585,0.0780327,0.06502701,0.06240042,0.028308187
0.026418133,0.04136219,0.099831544,-0.015155673,-0.07454085
-0.0515306,0.045043036,0.014636435,0.026301535,0.0016066488
0.017742895,0.051226106,0.04350379,0.01956819,-0.0023776628
0.06714609,0.091168195,0.16771121,0.09031115,0.063398115
-0.004579738,-0.07510632,-0.011970157,0.09965208,-0.04120877
0.057757016,0.12579733,0.036996268,0.07041967,0.0070326515
0.054549307,0.12219178,0.17597097,0.15001294,0.16387445
0.1073593,-0.009286117,0.0441492,0.039835013,0.10315673
0.009805747,0.10314298,0.1320498,0.06373858,0.08024189
0.026891002,0.07271558,0.05377639,0.030559085,0.14251235
-0.0013519544,0.09622308,0.20688012,0.08913274,0.117630824
-0.06990202,0.007880209,-0.022913216,0.02614266,-0.02184147
-0.041066565,0.06496512,0.025062729,0.116659425,0.03890356
-0.027039925,0.062163636,-0.02932715,0.039980795,0.020197118
-0.0566645,-0.08800141,-0.112936795,-0.013911506,-0.08962639
-0.016128512,0.053739365,0.030152846,-0.034012128,-0.09836297
-0.09115249,0.03020421,-0.044316523,-0.07395971,-0.1985926
-0.07286168,0.02153562,-0.004338936,-0.049049392,-0.09063672
0.022508074,0.0137849115,0.0196184,0.010335407,-0.007949904
-0.12873173,-0.08253986,-0.15576485,-0.113584936,-0.032575008
-0.007013539,0.036849074,0.010346737,0.014645659,-0.028196817
-0.010261733,0.029892184,-0.040420737,0.04325329,0.04681568
0.15498969,0.087718464,0.08563868,0.075097375,0.1974807
0.026629834,0.11474623,0.05672937,-0.04335322,-0.03965994
0.03780119,0.06610832,0.09443121,0.047331646,0.06183841
