Care,Fairness,Loyalty,Authority,Sanctity
Harm,Cheating,Betrayal,Subversion,Degradation
-0.014782082,0.038860515,-0.07125251,-0.0696682,-0.052830473
-0.02175367,0.011302995,-0.044082344,-0.0063122176,-0.03130422
-0.04535348,-0.02061676,-0.12873855,-0.13024358,-0.10956414
0.08088994,0.056771543,0.048976354,0.08761318,-0.0054505058
0.008166172,0.037820444,-0.06180174,-0.048927903,-0.045655973
0.058930106,0.048884388,-0.024220513,0.033810176,0.031829163
-0.06961853,-0.09987658,-0.07544415,-0.0015209,-0.15835881
-0.04910089,0.050609246,-0.047544017,-0.01544293,0.016975662
0.02050624,0.010063336,0.009787367,0.033237092,0.037406184
-0.015179469,0.041994993,-0.014006691,-0.004598313,-0.09188865
-0.06855965,0.02698031,-0.0077493526,0.058971304,0.032313045
0.01620148,0.023648538,-0.020589944,-0.012311213,0.046792187
0.07335702,0.20100048,0.13254654,0.062997416,0.06769875
-0.092002004,0.028230436,-0.002872007,0.016597342,0.010954106
-0.036121685,-0.10270691,-0.1143589,-0.034447636,-0.1921715
0.0782995,-0.025234923,-0.022623425,-0.124965414,0.042788036
-0.050041787,0.009531874,-0.14597988,-0.14429742,-0.1331524
0.0070257317,0.048774946,-0.05688977,-0.09802542,-0.05972513
0.054113377,0.039786257,0.08799545,-0.057705097,-0.021745838
-0.04113376,0.07001488,0.002181882,-0.015554764,-0.044321503
0.09972109,0.083728895,0.083172314,0.103579074,-0.03333992
0.09561395,0.00074479077,-0.022701595,0.004789117,0.03693597
0.011424535,-0.10577269,-0.103216246,-0.15330508,-0.046372347
-0.083554536,-0.09982556,-0.0063428096,-0.036731247,-0.06604925
0.11245234,-0.10001189,-0.0038549555,-0.04240289,-0.00021633506
0.034886893,0.07551234,0.071561545,0.05734932,0.046011135
-0.0271242,0.015068872,-0.062499586,-0.08362745,-0.10757128
0.09778627,0.028474994,-0.039448373,0.036892243,0.03577247
0.059995633,0.04827697,-0.057789173,0.0025470052,-0.0057277326
0.14307447,0.06004257,0.110269375,0.099686235,0.056275893
0.08108404,0.012239745,0.010662135,0.034569215,0.05032547
-0.032623015,0.009818014,-0.10817514,-0.0320142,-0.14480901
-0.033241674,0.004197087,-0.12381292,-0.07723288,-0.015409119
0.036879916,-0.03760585,0.03350301,-0.0036992766,-0.12773381
0.058114283,0.047619883,0.010565144,-0.0018252591,0.054187797
0.019782491,0.03524741,0.0015718266,-0.010654793,-0.0021363292
