Care,Fairness,Loyalty,Authority,Sanctity
Harm,Cheating,Betrayal,Subversion,Degradation
0.01234059,0.013324011,-0.0039355643,0.049801674,0.023628367
-0.005328914,-0.05888575,-0.050750084,-0.02005689,-0.026057659
-0.010262731,0.00512583,0.005904358,-0.008837226,-0.06524438
0.021645442,-0.03629849,-0.069977775,-0.03748527,0.09450552
0.013657108,-0.0011262773,-0.06361577,-0.006600365,0.032394443
-0.008624662,0.015341191,0.05873159,0.052158505,0.0732135
0.034972385,-0.037698008,0.018765986,0.07396462,0.019997448
-0.04406765,0.019890768,-0.040560853,-0.020757036,-0.014852406
0.041056708,0.21843624,0.060781952,0.04953754,-0.0029146597
0.066976465,0.10557071,0.12846297,0.02980901,0.09427017
0.010275522,0.08945188,-0.0581717,-0.015916795,0.02425243
0.026684789,-0.020157795,-0.08535114,-0.024257975,-0.044770494
-0.0076974425,0.10100992,0.03323423,0.0018899459,-0.013159059
-0.11455357,-0.09361419,-0.15801361,-0.113380715,-0.15276295
-0.025001302,-0.014926244,-0.0575733,-0.047873415,-0.034799732
-0.05877913,-0.0555482,-0.058927767,-0.06518698,-0.038689516
0.019895066,0.029126666,0.0720819,0.08572022,0.07034622
-0.013088196,0.053221535,0.14498286,0.15212744,0.11374368
0.06594278,0.039025567,0.08957659,0.097955525,0.11097191
0.045466006,-0.013872884,0.032267265,0.07849966,0.039743688
0.00080067106,0.0056002513,-0.003765855,-0.067233235,-0.07206542
0.12535888,0.07639609,0.094460964,0.073855914,0.066851914
0.095525205,-0.00792351,0.08167665,0.012114722,0.07771978
0.12795842,0.072659135,0.108261555,0.06015534,0.14076158
0.0036155786,0.044253096,0.014235446,0.045750204,0.02802438
0.0047403825,-0.081033915,-0.06789572,-0.05782985,-0.023580192
-0.11430092,-0.029560741,-0.060086332,-0.12406663,-0.04274732
-0.020069458,-0.043275952,-0.08948824,-0.07143088,-0.15938614
-0.021249464,0.019649414,-0.071118236,-0.12103985,0.021173222
0.048234016,0.096022986,0.009346323,0.005905509,-0.037866957
0.008960529,-0.033668097,0.0009795539,0.016816488,-0.0049226116
