Care,Fairness,Loyalty,Authority,Sanctity
Harm,Cheating,Betrayal,Subversion,Degradation
-0.09757146,0.03197792,-0.026518943,-0.02445549,-0.07971509
-0.09324997,0.052084837,-0.08617674,-0.02740573,-0.06145907
-0.078124866,-0.033229806,-0.042541765,-0.005958978,-0.12769292
-0.059128426,0.058812056,-0.06888968,-0.021821793,-0.07347871
-0.094135836,-0.11906543,-0.10264869,-0.03174873,-0.10129885
-0.02534819,0.021809952,-0.018751359,0.1405994,0.00052143633
-0.2599371,-0.09347414,-0.2063506,-0.1615804,-0.22253448
-0.102797724,0.073558204,-0.09629819,-0.019101419,-0.05598792
-0.059740074,-0.037643563,-0.028887065,-0.007750609,-0.072051466
-0.14037287,0.036975212,-0.11623798,-0.11293492,-0.17250508
-0.04764298,0.06545715,-0.019737896,-0.04352358,0.049630344
-0.044336513,-0.008585181,-0.043911554,0.0074317604,0.058959812
-0.034833353,0.06796983,-0.08397483,-0.099592835,-0.06643048
-0.008739774,0.025205135,-0.0060885865,0.076306075,-0.0574858
-0.024057144,-0.04150034,-0.10245462,-0.027500063,-0.06451799
-0.09620091,-0.010985427,-0.104088396,-0.12202121,-0.03254959
-0.0208445,0.039016224,-0.017600594,0.06985962,0.04570989
-0.042509615,0.053965665,-0.04910927,-0.01913334,0.026253607
-0.0048756525,0.06304835,0.003735017,-0.038755458,0.0886965
0.00019371323,0.0838673,-0.035112932,0.006698996,-0.005386049
-0.045874525,0.025829708,-0.13098657,-0.04279782,0.02376468
-0.06413094,-0.034806162,-0.11994064,-0.045569092,-0.15143304
0.027906867,0.12876748,0.11193235,0.10967688,0.05461911
-0.022623522,0.058043852,0.009684828,0.008312561,-0.09134327
-0.052981146,-0.029284082,-0.07856505,-0.010842606,0.01943804
-0.028812023,-0.031156065,-0.038849857,0.07232349,-0.060056176
-0.22186193,-0.054884948,-0.11088754,-0.078466475,-0.20649925
-0.07753722,0.050411306,-0.13411614,-0.10562773,-0.059756275
0.02289546,-0.062456377,-0.012985464,-0.0037342962,0.09010957
0.043512177,0.09443638,0.026333205,0.04972195,-0.030442487
-0.023725301,0.04267983,0.09036338,0.07476279,0.018722154
-0.08491072,-0.03132037,-0.020607095,0.106622286,-0.03803344
-0.026478447,0.07226286,-0.052830353,-0.09086797,-0.14172432
0.005279798,0.10956353,0.05598347,0.13061151,0.0006054323
0.05155797,0.036328904,-0.08445108,-0.12344684,-0.012002064
-0.019958712,-0.031419493,0.028249893,-0.0023694304,-0.11136569
