Care,Fairness,Loyalty,Authority,Sanctity
Harm,Cheating,Betrayal,Subversion,Degradation
0.042552814,-0.04451268,0.0192682,-0.050180517,-0.010092888
0.050006054,0.016495403,0.09491545,0.021976048,0.07157296
0.076597944,0.03645907,0.012704458,-0.061791822,-0.018928163
0.07188277,0.004799247,0.007997226,0.0032409504,-0.040138714
0.13356751,0.029824238,0.105225414,0.0024514236,0.04352618
0.02904625,0.13151972,0.06205607,0.0032332595,-0.0028948672
0.08050955,-0.022506883,0.061263908,-0.042630892,-0.0100790225
