Care,Fairness,Loyalty,Authority,Sanctity
Harm,Cheating,Betrayal,Subversion,Degradation
-0.010349012,-0.11047601,-0.1342608,-0.14704648,-0.060299933
-0.009372994,-0.053678866,-0.113363996,-0.1247959,-0.06607275
-0.112330645,-0.15345502,-0.25190172,-0.2043767,-0.114778355
-0.04634143,0.01017425,-0.085305914,-0.043120213,0.0552636
0.07984303,-0.06130907,0.0073932353,-0.029560806,-0.0062193386
0.0068307295,0.04969736,-0.0066388585,-0.037994683,-0.09329169
0.007302126,0.01750196,-0.049495623,-0.0408181,-0.030990172
-0.02022541,-0.009797294,-0.07877253,-0.079768404,-0.11877381
-0.003983043,0.08611025,0.003298182,0.028969858,-0.044784725
0.022063272,-0.01415528,-0.02064237,-0.101177596,-0.020635022
0.045882456,-0.10452378,-0.04993453,-0.10442121,-0.049231507
0.04352416,0.10750281,0.07663765,0.037052788,0.00887987
-0.02307335,-0.08159491,-0.10258351,-0.027350815,0.05098097
-0.052199513,0.0073976107,-0.12317517,0.003141623,-0.027306449
-0.0008764025,-0.044781,-0.11355791,0.07560184,0.020364594
-0.008196443,0.13641296,0.055406224,0.048219066,0.069618076
0.016867228,-0.09369089,-0.029291814,-0.08999359,0.026795425
0.016886504,0.008847697,0.057922296,0.01673526,0.00032022968
