Care,Fairness,Loyalty,Authority,Sanctity
Harm,Cheating,Betrayal,Subversion,Degradation
0.03786859,0.08239497,-0.014033383,-0.10590342,-0.13784489
-0.06640036,0.035565503,-0.09035771,-0.10686061,-0.16336298
0.07355182,-0.003987655,0.042673208,-0.078327246,-0.05101104
0.11699572,0.05654738,0.111897945,-0.01071726,-0.02630532
0.04035724,0.101115994,0.026570166,-0.038484756,-0.111391954
-0.0036691278,0.016876336,-0.10449162,-0.1633849,-0.13019475
0.113922805,0.07926339,0.23580222,0.057762362,0.056544006
0.06089855,0.15543872,0.19320336,0.10325758,0.1004873
-0.03293309,-0.0012979452,-0.09828237,-0.05496911,-0.18660752
-0.005724514,0.037980057,-0.003447689,-0.103180036,-0.1045581
-0.05906901,-0.04173943,-0.051397562,-0.107741706,-0.1376366
0.027296059,0.013739387,-0.010386528,0.010570765,0.07008029
-0.035794795,-0.030588448,-0.08579258,-0.09156054,-0.19197762
0.06390509,-0.025836788,-0.076874666,-0.17635448,-0.08271383
0.042086896,0.11672047,0.12055311,0.05377128,-0.035400532
-0.10064918,-0.043871112,-0.10598109,-0.19507064,-0.1373152
0.0711205,0.09634239,0.078565024,0.06713088,-0.00047287717
0.092831776,0.041567475,0.10300914,0.07832469,0.015828874
0.06764056,0.09284218,0.12234905,-0.006849683,0.09213804
-0.07566896,-0.06842041,-0.055595536,-0.011383947,-0.032712467
0.045167107,-0.010361254,0.15317936,-0.029815763,0.03362724
