Care,Fairness,Loyalty,Authority,Sanctity
Harm,Cheating,Betrayal,Subversion,Degradation
-0.02060265,0.039887417,-0.027213912,0.030050665,-0.07399233
-0.07057102,0.022765491,-0.028078932,-0.0141950045,-0.14024818
-0.022413721,0.04887843,-0.002586089,-0.029487176,-0.03167945
-0.15262964,0.08367874,0.037158135,0.061772197,-0.101478145
0.032855324,-0.0074939914,0.0005723797,-0.005773902,-0.098591566
-0.024996877,0.115657136,0.017564815,0.06423232,-0.050608084
-0.08522023,0.040942594,-0.015122013,-0.057961185,-0.101308934
-0.090405636,-0.025188347,-0.05614194,-0.06661091,-0.11802007
-0.10905652,0.010632764,-0.06749949,-0.06186629,-0.11212951
-0.10997483,-0.030100787,-0.0838933,-0.043475315,-0.15541746
0.07106808,0.04328345,-0.044638775,-0.08615947,-0.054320727
-0.017498145,0.0039326027,-0.09050726,-0.06625784,-0.056075208
-0.083708785,-0.046955917,-0.09606899,-0.08029665,-0.15115893
0.058121487,0.04941545,0.10918188,0.05996278,0.049553894
-0.033596665,0.089380875,0.10357471,0.036665455,0.042303693
-0.087938815,0.0002177991,-0.078584895,-0.06674996,-0.039445397
-0.037053816,0.0051530767,-0.0077200583,0.04607611,-0.077784285
-0.07038429,-0.033664007,-0.006738761,0.019776154,-0.057413716
0.04018694,0.033051945,-0.043573014,-0.05758025,-0.057295702
