Care,Fairness,Loyalty,Authority,Sanctity
Harm,Cheating,Betrayal,Subversion,Degradation
-0.059935313,0.0033584489,-0.072930865,-0.009410089,-0.12020004
-0.16194344,-0.003167484,-0.096223466,-0.0370957,-0.16638577
-0.13442433,0.02811401,0.013209735,0.027463825,-0.16100398
-0.008340142,0.010789486,-0.08294129,-0.008064011,-0.095530495
0.046244472,0.015449587,-0.018829674,-0.064444125,-0.107095025
-0.061314162,0.041917637,0.0010907948,-0.051716916,-0.063747875
0.0839726,0.0038018045,0.09836045,0.06747826,0.0026281588
-0.022365237,-0.0075926986,-0.09383437,0.03170483,-0.16995113
0.06281006,0.1824981,0.09415883,0.08251876,-0.00089036766
-0.0065600118,0.06255831,0.042122617,0.02954811,-0.06904866
-0.020922288,0.05702684,-0.0119416,0.0049848426,-0.12132527
0.013861412,-0.0726745,0.009275499,-0.028080445,-0.116311945
0.08346642,0.09069453,-0.0266833,-0.0071173855,-0.0692289
0.029937377,0.15919948,0.069513306,0.049681842,-0.0017105676
-0.00726836,0.046427533,0.024736881,-0.05294992,-0.03258035
0.066369414,0.008045478,-0.02019523,0.0328927,0.028376432
0.0024058372,0.0637212,-0.042118527,-0.01698229,-0.08453177
-0.010175054,0.13047104,0.09830682,0.137467,-0.0050046314
-0.08098342,0.042602457,-0.032768648,0.013674343,-0.08207914
-0.0246899,0.031181887,-0.08236775,-0.055513013,-0.06382461
-0.027567487,0.014822062,-0.052366745,0.007183628,-0.05109942
-0.027208984,0.014774164,-0.019474663,-0.01633559,-0.109687895
-0.08209707,-0.021450873,-0.10664439,-0.038231738,-0.08160563
0.13548264,-0.050832637,0.099937305,0.07374407,-0.032062896
-0.0032924628,0.012776228,0.013978306,0.015464335,-0.035944827
-0.055638477,0.04685153,0.016534358,0.006461424,-0.03725581
-0.023738388,0.031373933,-0.06177582,-0.038423702,-0.15168333
0.104209274,0.048437506,0.08021152,-0.037828542,-0.06679767
-0.045517452,0.07230796,0.014453607,-0.011463085,-0.13329856
-0.080085255,-0.021036517,-0.09373443,-0.15327562,-0.16180947
