Care,Fairness,Loyalty,Authority,Sanctity
Harm,Cheating,Betrayal,Subversion,Degradation
0.024540577,0.025245678,0.011447158,-0.0009001773,-0.026524145
0.014930116,0.066054724,-0.018817006,0.092294656,0.06708953
-0.04868441,0.052680537,-0.022539731,-0.029977033,-0.0339936
-0.054895386,-0.031368077,-0.11193189,-0.011325379,0.022495821
-0.0056748018,0.0040838234,0.014821369,0.014302213,0.012012035
-0.058139887,-0.08579171,-0.112390645,0.041753348,-0.037750147
0.06958408,0.05906858,0.084947385,0.1453196,0.054633148
0.04492356,0.08139438,0.13950738,0.13395897,0.12066625
-0.0068894234,0.03252828,-0.07397814,0.023111738,0.066777036
-0.078028075,0.0072326623,-0.043045774,0.032098144,0.035870753
-0.014928164,-0.076437585,-0.047767267,-0.0031712577,-0.021077547
0.04932996,0.051507708,0.07303779,0.09164769,0.078360245
-0.07078254,-0.020587854,-0.090913594,-0.021149442,-0.055126227
-0.0733352,0.0072927102,0.012946598,0.03320316,-0.03353139
0.014441448,0.06910169,0.029884327,0.008212678,0.034513213
-0.05095954,0.092762604,0.038702913,-0.018807631,-0.0050471453
-0.08482475,-0.06985529,-0.088715106,0.028889429,0.0056671053
-0.09357008,-0.03598124,-0.075499445,-0.014821915,0.02602557
-0.02238433,-0.0922493,-0.08909448,-0.046590574,-0.0539166
0.030829862,0.07620125,-0.015282884,0.12751421,0.08408442
0.10478109,0.08529068,0.009388732,0.034821987,-0.020160377
-0.004246846,0.030549798,-0.024634652,0.0066126585,-0.02651545
0.092227235,0.09696081,0.107948214,0.15294209,0.15758774
-0.06333706,-0.04966605,-0.10150875,-0.021238428,-0.010310618
0.09159329,0.042058673,0.037806936,0.034227986,0.06199291
