Care,Fairness,Loyalty,Authority,Sanctity
Harm,Cheating,Betrayal,Subversion,Degradation
0.041017085,-0.029252406,-0.026937153,-0.032674316,-0.08057876
0.031041764,0.04688131,-0.026972845,-0.0040777028,0.016139781
0.1884603,0.13434851,-0.0030696057,0.0331573,0.04183315
-0.05484068,0.037287805,-0.049314737,-0.050752737,-0.085130066
0.011339582,0.116839014,0.072445594,0.086790904,0.060249403
0.048536494,0.0018673353,0.04448498,0.033341013,0.093331695
-0.0026633227,0.05890286,-0.019154182,-0.058393877,0.004440382
0.011885058,0.051431317,0.033893563,0.006084945,-0.05352322
-0.023629248,0.05281242,0.042402316,0.05127398,-0.020367254
-0.04135689,-0.101574756,-0.049526244,-0.0527095,-0.060859412
0.037275653,-0.06409074,-0.05382093,-0.01964292,-0.016317578
0.031133462,0.08422614,-0.06545518,-0.028868062,0.040485095
0.023357011,0.053287085,-0.050809372,-0.026892364,0.16053855
0.121475615,0.09465541,0.0088721085,0.09177822,0.18610704
-0.0039599407,0.04524131,-0.10962301,-0.019290857,0.018429693
-0.043022364,0.07171599,-0.028569017,0.058795147,-0.015666649
0.06312439,0.036494404,0.06862618,0.08917683,-0.027954813
0.06563582,0.07936318,0.09750596,0.050721906,0.13282289
0.03378821,-0.061038673,-0.08529797,-0.014569588,0.08751524
0.11765462,0.11837765,0.01703715,-0.020074882,0.06859942
0.07992765,0.09643918,0.0975097,0.022950495,0.03805998
-0.00548256,-0.05363712,0.047471087,0.003103722,-0.043473087
0.13817088,0.09281433,0.14696532,0.11528736,0.21702544
