Care,Fairness,Loyalty,Authority,Sanctity
Harm,Cheating,Betrayal,Subversion,Degradation
0.06803625,0.051796883,0.018265082,0.060609546,0.046825413
0.06170615,0.085801825,0.022474084,0.06459274,0.12362483
-0.002460001,0.029835146,0.049760617,0.06374185,0.050736718
0.03166955,0.004082185,0.015501971,0.018045066,0.15107271
0.101316996,0.07862029,0.039930843,0.099029124,-0.049975447
-0.02672534,-0.0034950003,-0.08191134,-0.1380435,-0.08418126
0.02335991,-0.103686,-0.00035149232,-0.054035336,-0.113937095
0.037003115,0.015686603,0.06569238,0.010744266,-0.0039304458
-0.029542355,0.039580617,0.06534742,0.12763979,-0.002653174
-0.08615539,-0.064717524,-0.054978177,0.059781786,-0.035531417
-0.015432283,0.10728994,0.15567017,0.20711765,0.11923659
0.03172651,0.10620968,0.05089522,0.14100555,0.022939345
-0.065655105,-0.021581776,-0.14151359,-0.061817974,-0.16871887
-0.034909777,-0.009946015,-0.030420352,0.022607496,-0.053309485
0.033239063,0.04824113,0.010159757,0.05607056,-0.060341034
0.04004035,0.0559731,0.01319958,0.111755006,0.0360045
0.033076644,0.14919928,0.14145786,0.06238525,0.027036957
0.04491152,-0.041729625,0.005661453,0.021741174,-0.07450737
0.08822938,0.05084417,0.11008121,0.05879792,0.037636258
-0.04249453,-0.10917244,0.038253862,0.07553756,-0.020862784
-0.023213325,0.089544386,-0.092090204,0.0046728607,0.042489737
0.10046579,0.069996744,-0.0067176223,-0.0050272923,-0.05024332
0.045242272,0.046936423,-0.0150657855,0.028560728,0.022231024
0.018268852,0.017924413,-0.10362902,-0.0229881,0.058423415
-0.05133748,0.048045564,-0.111011334,-0.021042965,-0.122827806
0.05749984,0.034356736,0.01248697,0.042149425,0.0057283826
-0.032668278,0.06264456,0.03526465,0.051476564,-0.025939362
0.024647705,0.07928948,-0.07702369,-0.012032231,0.015466675
0.057093438,0.10135084,0.10873474,0.1293233,0.08716428
0.014941668,0.09682003,0.053345002,0.06789035,0.09100619
-0.01469426,0.17737909,0.043397136,0.23481213,0.105692
-0.1529446,0.044259995,0.003922334,-0.00470634,-0.109562635
-0.02459703,0.06070263,0.0718673,0.11553684,-0.044508155
-0.09072063,0.05285257,0.13742018,0.18002473,0.029155307
-0.065889165,0.08620797,0.009649336,0.10755802,0.09104289
-0.09096352,-0.021797478,-0.08915202,-0.034446426,-0.030730594
-0.106961876,0.015538121,-0.011815781,0.035844892,-0.11728007
-0.019459676,0.045356438,0.03467138,0.033432703,-0.0027875789
-0.015462814,0.09238566,0.011558665,0.06730336,0.032944
-0.00059433095,0.057806283,0.01282642,-0.016865978,-0.06111066
