Care,Fairness,Loyalty,Authority,Sanctity
Harm,Cheating,Betrayal,Subversion,Degradation
-0.049932655,0.04199382,-0.12053816,-0.071929455,-0.010805391
0.02974879,0.08219172,-0.059543982,-0.057172492,-0.00086181983
0.069519624,0.047876135,0.122290544,0.066427514,-0.0013336726
0.114457056,0.13508779,0.14869806,0.037777096,0.091469646
0.114635065,-0.023935635,0.09751603,0.026999751,0.0149196675
-0.08470583,0.03998851,-0.11621214,-0.044720776,-0.04733198
-0.05875048,0.0010535866,-0.0880422,-0.042240277,0.027885491
0.033323064,0.14681032,0.024949968,0.04720917,0.03623678
0.0049031796,0.14719453,-3.3168122e-05,-0.026315829,0.029640455
-0.0047938684,-0.0114366235,-0.04599464,-0.07269041,-0.1235344
0.04906631,0.05775816,0.052272487,-0.035123955,-0.069430605
0.0057722256,0.050947107,-0.010371111,0.009330178,-0.003264673
-0.0340406,0.11292136,-0.022586452,-0.0010450594,0.013448495
-0.15476736,0.111945204,-0.06168481,-0.010152069,0.011653611
-0.04596504,0.025285944,0.05413699,0.032914646,-0.03468246
-0.0060516032,0.04225395,-0.084921256,-0.05798931,-0.011875123
-0.02131512,0.14285807,-0.016733892,-0.026163887,-0.06293459
-0.17340636,0.022593182,-0.16369247,-0.05404421,-0.15382567
-0.112769954,0.08090183,-0.048333444,-0.06952657,-0.014697666
-0.17181402,0.006478017,-0.04713106,0.023647621,-0.072053835
0.09283125,0.041901838,0.021407228,0.17081681,-0.018975955
-0.01995356,-0.062050823,-0.16010502,-0.10308443,-0.08769955
0.03801008,0.1117091,0.077516675,0.091916904,0.034427416
0.081348136,-0.0063694026,-0.07199492,-0.016203592,-0.034485742
0.08991445,0.019274835,0.01698714,-0.01628177,0.060131498
0.11472492,0.12989026,0.0031351363,0.053463567,0.1414599
0.08033603,0.07913044,0.018381529,0.024706881,-0.03421198
0.11358456,0.1285061,0.17839052,0.1475976,0.05845659
0.013537387,0.038871475,-0.0095383,-0.040220313,0.05924129
-0.022658814,-0.07287119,-0.15409404,-0.11615904,-0.14136796
-0.12748471,-0.14184676,-0.26942164,-0.06964351,-0.08431006
-0.007847223,-0.03556652,0.011388467,-0.025197055,-0.069714196
