Care,Fairness,Loyalty,Authority,Sanctity
Harm,Cheating,Betrayal,Subversion,Degradation
-0.004251808,0.052966878,-0.017086942,-0.00055102725,0.0053656287
-0.040145487,0.020281674,-0.008388798,-0.03908145,0.0021174308
-0.06377691,-0.024872117,-0.055469565,-0.058264084,-0.18007639
-0.0680953,-0.052456617,-0.11740054,-0.059265234,-0.048208456
-0.10149368,0.037190493,-0.095547855,-0.063446715,-0.10597658
0.0072912863,0.06444455,0.0011309143,0.028613148,0.04251027
0.019388258,0.008776382,-0.002104978,-0.017015072,-0.038332514
-0.090448216,0.028601484,-0.058706105,-0.052343428,-0.11301926
-0.06968481,0.0279531,0.031649973,0.02047652,-0.0052098073
-0.11214469,0.035836414,-0.056359895,-0.048281133,0.048197493
-0.055088274,-0.01658152,-0.08631043,-0.112189546,-0.059635043
-0.08494225,-0.04829898,-0.078445494,-0.05096952,-0.0856328
-0.092888296,-0.0015038839,-0.08556943,-0.040269475,-0.06896917
-0.0844368,-0.13251515,-0.120260164,-0.09790794,-0.15782294
-0.019271744,0.0685251,0.03793658,0.077024296,0.06604909
-0.10827032,0.015561708,-0.009170398,0.027598817,-0.03417138
-0.060091626,0.092740834,0.03385156,0.0933997,0.08438264
0.044814557,0.14442265,0.113073744,0.07306103,0.11612816
-0.012835435,0.10502476,0.03095658,-0.077283375,-0.07138456
0.05387856,0.115176894,0.09114037,0.03403105,0.04021381
0.041332804,0.12886623,0.05918987,0.019736707,0.078701004
-0.0443514,-0.2143324,-0.07668802,-0.18997917,-0.025542825
0.008351175,0.022507172,-0.038791988,-0.017260548,-0.0041582603
0.15415132,0.1150032,0.052259363,0.12344578,0.068566844
-0.017097777,0.022051396,-0.09147887,-0.011894905,-0.11580181
0.016886503,0.008847695,0.057922296,0.016735256,0.00032023154
