Care,Fairness,Loyalty,Authority,Sanctity
Harm,Cheating,Betrayal,Subversion,Degradation
0.051712625,-0.001125101,-0.043625876,-0.04572898,-0.06855892
-0.09297872,-0.065303735,-0.078690894,-0.079068355,-0.08882666
0.037157267,-0.03080626,-0.1357105,-0.04066488,0.09924278
0.076203234,0.048467103,-0.013972212,-0.02071701,-0.008104926
0.0077169556,-0.0010928195,-0.08638144,-0.008889727,-0.070002295
0.01878942,0.11708053,-0.0422242,-0.0050617997,-0.011308231
0.09315733,0.03433078,0.050031696,0.0004738085,-0.01922832
0.027899763,-0.042316563,-0.0012452118,-0.10988179,-0.12053211
0.02370666,0.035283517,-0.04824051,-0.020445384,-0.08104678
0.0557338,0.004774224,-0.016443655,0.028668445,-0.08763449
0.10338603,0.15592489,0.15808079,0.065255664,0.007253822
-0.08896819,0.031214753,-0.14281109,-0.09158177,-0.12904829
-0.008031492,-0.027525377,-0.08312588,-0.08017472,-0.1115398
-0.0033376995,-0.07668309,-0.16418764,-0.1502417,-0.08290455
0.03661419,-0.05401651,-0.13749969,-0.05430088,-0.06613917
0.0077120718,-0.07824083,-0.08389391,0.023664806,0.01613145
0.067685604,-0.028639756,0.058532044,0.04662916,-0.04403315
-0.021579184,-0.046473168,-0.031712133,-0.01127339,-0.07804629
0.019933924,-0.0041583143,0.020861195,-0.01066694,-0.06837863
0.0012285449,0.009354865,-0.011372192,0.011894863,-0.010522326
0.0748445,-0.0238516,-0.021418052,-0.041010734,0.095560536
0.09712307,0.02762332,0.00096892053,0.022499794,0.0075487904
