Care,Fairness,Loyalty,Authority,Sanctity
Harm,Cheating,Betrayal,Subversion,Degradation
-0.014575252,0.028567154,-0.04562162,0.008689609,0.008689079
-0.0005652085,0.064767264,-0.0663845,0.04301544,-0.06896382
0.07740903,0.055597216,-0.033419956,0.011842486,0.044070244
-0.06241406,-0.016278993,-0.05422757,-0.012106852,-0.008435685
0.07831988,0.061420444,0.0721719,0.062993445,0.04188272
0.012060147,0.07641033,0.021677023,0.08324725,0.045142867
0.105312735,0.090909705,0.037981335,0.11682578,0.07550437
0.041278943,0.04083135,-0.11004851,-0.06944893,-0.03783025
-0.061218504,-0.00022521056,-0.06226264,-0.048410084,-0.0636023
0.05172917,0.07450065,-0.020185322,0.07511395,0.013711006
-0.0010412084,0.10676377,0.06433043,-0.029070722,0.0050618164
-0.049914703,0.055162914,0.0017437823,-0.011214605,-0.047147084
0.03213259,0.1053291,0.02634386,0.073346086,0.075402066
-0.10772964,-0.002070278,0.014189087,0.03645564,0.0062720105
-0.16203718,0.014445517,-0.001136519,-0.027736805,-0.09697662
-0.016031746,-0.010487377,-0.017611016,-0.052334942,-0.018781623
0.11451588,0.09682187,0.061319068,0.09357027,0.055513382
-0.038796373,0.084544145,0.0670973,0.03684587,0.075965494
-0.027174227,-0.00047316402,0.0026362576,0.06897021,-0.032831185
-0.06978631,-0.008415498,-0.091582745,-0.052067965,0.060424387
-0.025282247,-0.06254278,-0.07758117,-0.048045784,0.004251294
0.033034436,0.014414642,0.059383474,0.056084994,0.0309914
0.025737375,0.020309776,-0.019936081,0.005798012,0.020387132
0.005557105,-0.00882538,-0.069923446,-0.117170975,-0.047083173
0.01384945,0.15558922,0.036466103,0.0047251475,-0.036362838
0.07918277,0.116722256,0.057436943,-0.021128112,-0.0058209784
-0.016050365,0.017802637,-0.048703574,-0.026964424,-0.0031107478
0.10755634,0.15297577,0.15524621,0.0197958,0.068527855
0.04575549,0.087023534,0.1405606,0.025831752,-0.0002484508
0.04105814,0.05344174,0.11641225,0.118555516,-0.009820446
0.050470654,0.09207768,-0.043826446,0.02165129,0.06100051
0.068572596,0.06423639,-0.012942326,-0.040332988,0.12701622
0.13124394,0.05311819,0.21647045,0.061005376,0.21887866
0.045060445,-0.00046849716,0.052931514,-0.04413098,-0.00753054
-0.0183114,-0.010564054,-0.066012025,-0.060723137,-0.031899482
-0.026487684,-0.0023707822,-0.03440971,-0.032424226,-0.07651166
