Care,Fairness,Loyalty,Authority,Sanctity
Harm,Cheating,Betrayal,Subversion,Degradation
-0.02734656,0.042726062,-0.06770791,0.0443662,-0.0024392419
0.0040951893,0.009974832,0.016244432,0.09996116,0.044419706
0.07960418,0.03769947,0.015619517,0.07010986,0.02733247
-0.06207585,0.056441836,-0.022133851,0.048889816,-0.008057378
-0.018473625,-0.05160488,-0.10765051,-0.026847422,-0.064246796
0.055800334,0.10096142,-0.004314091,0.09038426,0.05008188
0.03903199,0.085014455,0.06301765,0.16048521,0.11469658
0.04177657,0.06918245,0.0465932,0.033933632,-0.011546873
-0.138323,0.07974343,-0.06073129,-0.09479664,-0.14797729
-0.09861845,0.028555417,-0.06450914,-0.04747945,-0.051851045
0.014240656,0.036395118,-0.004943817,0.03846387,0.1442656
0.04142601,0.11870764,0.0363303,-0.036191914,0.10553755
-0.04305151,-0.004684982,0.0260545,0.050575208,0.03822406
0.058507096,0.08183183,0.11113288,0.07128292,0.019037887
0.022166643,0.062275875,0.02514262,-0.0381594,-0.050211664
-0.035856497,-0.028648831,-0.0036803782,0.056278564,-0.04781617
-0.10222464,0.017771685,-0.08322394,0.013115566,-0.048536666
-0.026694514,0.049591854,-0.04999533,0.02621818,-0.063090086
-0.06628287,0.06335434,0.020456947,-0.080569476,-0.051687397
0.096021354,0.09382898,0.15798987,0.06840271,0.04217354
-0.16204321,-0.0051407367,-0.1358144,-0.0806026,-0.07855809
-0.14251548,-0.05831919,-0.08075707,-0.05429487,-0.13351874
0.04145315,0.1479078,0.20015675,0.15013342,0.036085293
0.08643854,0.118569136,0.06848029,-0.005635295,-0.027046058
-0.098827526,0.007996017,-0.0731068,-0.057046518,-0.14606763
-0.058942888,-0.05629893,-0.017341087,0.017998828,-0.115059026
-0.022575742,0.044089228,-0.016474482,-0.007522177,-0.022961024
-0.016353894,0.03465016,-0.099722914,-0.014509354,-0.07919842
-0.10657069,0.04082217,0.10251211,0.07170932,-0.051100675
0.01845375,0.05202835,-0.01043075,0.078979924,-0.02902015
0.00021403842,0.105753295,0.08586229,0.045186095,-0.014547057
0.074116275,0.12637277,0.05889921,0.1440843,0.08096191
