Care,Fairness,Loyalty,Authority,Sanctity
Harm,Cheating,Betrayal,Subversion,Degradation
-0.0064501762,-0.022693623,-0.068591736,-0.01280712,0.012730841
-0.01333772,0.005245276,0.013798229,0.10441114,0.07492877
0.009388533,-0.040986057,-0.06846863,-0.0082258005,0.013895202
0.077165075,0.0035511777,0.026295519,-0.018090287,0.09255114
-0.027713524,-0.036123715,-0.10499839,-0.093153544,-0.072485946
-0.010911452,-0.036646016,-0.018727751,-0.011681927,0.036608502
-0.03215541,0.00097461045,-0.08727643,-0.06411129,-0.08393564
-0.09675215,-0.057027496,-0.11488253,-0.023152852,-0.056084737
-0.05842802,-0.013494046,0.041853942,0.032731473,0.055000592
0.012227297,0.039712705,-0.011729911,0.0025859177,0.06637912
0.07467444,0.037328072,-0.050144125,0.031684484,0.1131535
0.041397996,0.08273862,-0.016087603,0.08278773,0.101455525
-0.015035121,0.055365935,-0.045557685,0.0439531,0.05040432
-0.042618193,0.025887862,-0.13295107,-0.035417505,-0.048017748
-0.053288758,0.008895859,-0.11330279,-0.048900776,-0.03752868
0.12553519,0.088875934,0.19949216,0.07697253,0.1212516
-0.17183216,-0.131435,-0.23868155,-0.16238639,-0.11936381
0.06439424,0.057380084,0.018428758,0.07344225,0.11409825
0.068169504,0.100025654,0.06046951,0.12715062,0.09014686
0.056532234,0.043412592,0.040901907,0.083665475,0.01615645
-0.09261749,0.064881355,0.039885536,0.022164058,-0.00043947622
-0.11479696,0.04732444,-0.04820732,-0.051826444,-0.034528114
-0.16031474,-0.05716999,-0.07408625,-0.08257667,-0.053117365
-0.2174002,-0.03974464,-0.096801035,-0.052125555,-0.17501195
-0.047469165,-0.046432965,-0.07524777,0.0061164424,0.018278627
-0.020001482,-0.03310613,-0.07153259,0.0017271955,-0.07051431
-0.06361428,0.05813784,0.06892387,0.029240448,0.0056380704
0.059722666,0.029886877,0.08704637,0.054194663,0.10019209
-0.011449054,0.039844453,0.0058947746,0.06281972,0.117945924
-0.095543,0.032037623,-0.09110895,0.0010152059,0.018460186
0.09181895,0.044169545,0.10134849,0.07161848,0.09985499
-0.028516691,-0.055241846,0.0075877937,0.04483921,0.08004265
0.090141706,0.12339576,0.06858751,0.13271452,0.07240293
0.0033060368,0.0166215,0.0039402787,0.0745775,0.07248147
0.01977948,-0.039283603,-0.008054489,0.03130927,0.102161184
0.057953075,0.023040015,0.02605909,0.02539285,0.0799374
