Care,Fairness,Loyalty,Authority,Sanctity
Harm,Cheating,Betrayal,Subversion,Degradation
-0.01935344,0.04567401,-0.00033979304,0.03464923,0.0072299466
-0.02204721,0.018130995,0.0411796,0.06820825,0.022098191
-0.0027607456,0.07804771,0.018165499,0.026371432,0.014895791
0.0049516493,0.0062843235,-0.045307133,-0.042345382,0.030807517
0.032111652,0.06372996,0.046648465,0.030071905,0.035095554
0.039713666,-0.0234011,-0.025763791,-0.057616524,0.050311714
-0.09151104,-0.058082856,-0.1028642,-0.03749098,-0.08138153
0.03612881,0.094478525,0.10156093,0.012866448,0.033205487
-0.053917825,0.046242088,0.060027055,0.02023434,-0.063971624
0.059556313,0.08121243,0.094095856,0.03983599,0.06581272
-0.050512563,0.03487321,-0.036901668,-0.08179043,-0.060884345
0.057875883,0.0406351,0.013459837,-0.008884715,-0.021022432
0.09529901,-0.016986184,-0.03575998,-0.00026019895,-0.03206536
-0.035553988,0.017948546,0.069769405,0.018142238,-0.011282789
0.025460653,0.0059233783,-0.025068969,-0.04017261,-0.0587183
-0.0146292355,0.0071912557,0.048036966,-0.016479392,-0.02278254
0.01506242,-0.01708044,0.035094745,-0.017148126,-0.0050037475
-0.08144234,0.024226472,0.019162804,-0.13133594,-0.05275492
0.02950168,0.11017915,0.04898631,0.008987475,0.042411283
0.042379696,0.05911037,0.12856081,-0.023600332,0.050439466
-0.007978625,0.01108214,0.119218424,0.117089525,0.11211797
-0.03572707,0.019538702,0.07705,0.019275002,0.017915325
-0.001042569,-0.0030211909,0.040232114,-0.026531786,0.020968955
-0.044902675,-0.006860148,0.042036913,0.017590847,-0.0041387603
-0.028738149,0.087277114,-0.044950776,0.028730541,-0.033671442
0.08825338,0.115381196,0.11899548,0.10037213,0.18185717
0.07115382,0.06264046,0.12212877,0.06459143,0.050980605
