Care,Fairness,Loyalty,Authority,Sanctity
Harm,Cheating,Betrayal,Subversion,Degradation
0.0627311,0.011654897,0.013927242,0.04516711,-0.035805114
0.07736518,0.03040129,-0.005322966,0.009517406,-0.060792536
-0.14104873,0.011148148,-0.05643988,-0.081661105,-0.13939853
0.034097314,0.08433073,-0.036753796,0.047429398,0.043636866
0.034341894,0.01749108,-0.001181189,0.0036935844,-0.052752938
0.006663847,0.14341296,0.020956198,0.12572017,0.06705523
0.06303351,0.17561391,0.30193108,0.13527757,0.08950554
-0.050590057,-0.0039842054,-0.012246817,-0.056252673,-0.076654896
0.14734215,0.00956223,0.101252,0.0519355,0.10866194
0.08868171,0.06638976,0.18716559,0.032426197,0.055604115
0.04541368,0.07196631,-0.04719113,-0.046660736,-0.008220695
0.043356203,0.015429865,0.0855361,-0.019036513,0.007336132
-0.123706415,-0.036234982,-0.1325312,-0.07039133,-0.18607758
0.06298847,0.14088218,0.15426849,0.06947199,-0.039785877
-0.07232526,0.030736104,-0.05027592,-0.019304179,-0.084711365
-0.011142943,0.08422414,0.10499966,0.092093505,0.047692697
-0.038060192,-0.03170986,0.020073798,-0.020188931,-0.14692143
-0.07729704,-0.055061623,-0.044997964,-0.01777114,-0.16247265
-0.1267527,-0.051556226,-0.115715936,-0.16163889,-0.18055832
-0.1411643,-0.091960005,-0.05575811,0.010330085,-0.10783738
-0.08306528,0.078585565,-0.037125044,-0.005487507,0.025555992
0.07509209,0.04896356,0.071116924,0.07001232,0.023438757
0.03643066,0.00042187423,0.00063716806,-0.026669592,0.011194147
0.04070224,0.0057785176,-0.08910157,-0.09614991,-0.080725804
-0.08956096,0.03706458,-0.019831017,0.024938595,-0.013893524
0.08989522,-0.05397995,0.012996345,-0.055361778,-0.04946755
0.10093421,-0.0011114776,0.05802695,0.045032553,0.043843053
0.008686785,0.023294894,-0.024162158,0.057588506,-0.020934906
0.07334072,0.027119264,0.018214466,0.0245557,0.03202717
0.08681313,0.014328862,0.08450382,-0.026159564,-0.0044325297
