Care,Fairness,Loyalty,Authority,Sanctity
Harm,Cheating,Betrayal,Subversion,Degradation
-0.10418992,-0.016368087,-0.1438082,-0.09045077,-0.08890296
0.008078799,-0.012770351,-0.031399406,0.006030352,-0.03208492
0.037431385,0.026249737,0.05206112,-0.04976238,-0.012237897
-0.022151608,0.025472797,-0.10450647,-0.12034479,-0.106942736
-0.11603271,-0.015806839,-0.1451767,-0.05713089,-0.16689177
-0.16901198,-0.024970338,-0.14292435,-0.068844095,-0.10315476
-0.040136855,0.01206664,-0.09353383,-0.012936417,-0.072763085
-0.08236674,-0.032577127,-0.054975305,-0.05408781,-0.09240945
-0.02426546,0.03080872,0.055332698,0.04166971,-0.0040052515
-0.05710134,0.0247065,-0.065458946,0.01517433,-0.029440343
0.029487807,0.087268665,-0.07050888,-0.003985783,0.04102585
-0.009214688,-0.047551986,-0.05113016,0.026885426,-0.024427827
0.049185928,0.0673186,0.024713362,-0.01729806,-0.0013474394
-0.18457341,-0.0012684278,-0.121577784,-0.08340332,-0.19780655
0.03249648,0.024123823,0.15461427,0.09054722,0.15679209
-0.075786225,0.044862326,-0.020384492,0.020377688,-0.05441498
-0.113101944,0.014040202,-0.02357804,0.05976197,0.029668903
-0.059169114,-0.060480826,-0.14626631,-0.08627282,-0.17184246
-0.016714826,0.0003489852,0.01032017,0.14484069,-0.08279191
-0.035923887,-0.028275046,-0.05236475,-0.12113727,-0.11602815
-0.025712714,0.011187181,-0.12102501,-0.06746753,-0.0038623773
0.052976944,-0.021241726,0.03316444,-0.019528255,-0.045608487
-0.06367594,0.023480825,0.014333736,0.045294188,-0.0283885
-0.068461254,0.015126237,-0.026226662,-0.039603997,0.011423584
-0.04899531,-0.08470355,-0.055871923,-0.060293384,-0.10794207
-0.10368414,-0.044751994,-0.09224568,-0.013471133,0.02687808
-0.13573678,-0.14181933,-0.2009199,-0.14252703,-0.16536164
0.019207979,0.024767768,0.01644503,0.02536028,0.008425993
0.051619902,0.05512457,0.06454613,0.058905818,0.08810372
-0.043332547,-0.032559007,0.0049840435,-0.019007288,0.07901064
-0.053549845,-0.000101186335,-0.08607101,-0.043048285,-0.043921705
-0.025475532,-0.031446215,0.056216598,0.015873842,-0.04410138
