Care,Fairness,Loyalty,Authority,Sanctity
Harm,Cheating,Betrayal,Subversion,Degradation
-0.022427335,-0.038087927,-0.07179793,-0.050200917,-0.16504452
-0.03794976,-0.07909085,-0.05825157,-0.013936547,-0.11497195
-0.15017426,0.09086789,-0.0241675,-0.022477776,-0.20893347
0.0041381884,0.04943057,-0.049975067,-0.11040832,-0.096018925
0.044029497,0.015385198,0.0022796765,0.04174024,-0.047071278
-0.13302475,-0.02613692,-0.10842648,-0.07088685,-0.12398656
-0.03164439,0.03802756,-0.06344753,-0.0722905,-0.11814182
-0.032329455,0.07790091,0.0025238264,-0.011152033,-0.06894518
-0.056144442,-0.06145385,-0.08274655,-0.10451719,-0.10158439
-0.01789441,-0.0088278465,-0.023680327,-0.14457986,-0.083227865
-0.014158998,-0.008218013,0.03718669,0.0080751255,-0.0149051715
0.0049710567,0.055664215,0.009440858,0.0082976185,-0.116851225
-0.0968469,-0.040504776,-0.08228092,-0.059880123,-0.20289189
-0.015567433,-0.058206,-0.12460071,-0.08783673,-0.16510665
0.149032,0.0022555366,0.077001065,0.08267823,0.039979883
-0.04171581,-0.06079272,-0.12020111,-0.08474806,-0.027506914
-0.045188453,0.020629263,-0.016333798,0.019856844,-0.076754265
0.047405854,-0.04373327,-0.09096658,-0.07683669,0.024685625
0.016373118,-0.009050222,-0.025765639,-0.024092061,-0.07113689
0.012060389,0.06219042,-0.029239468,-0.057467137,-0.1239762
-0.15002552,-0.07009328,-0.20449916,-0.12039587,-0.14605278
0.032761965,0.005371399,0.00956361,0.045170896,-0.07286332
0.012605477,0.08549633,-0.03824964,-0.0022895364,-0.13837819
-0.05591619,0.030446839,-0.0674653,-0.06574279,-0.08672552
-0.010781368,-0.023014612,-0.04121389,-0.03956961,-0.085768074
