Care,Fairness,Loyalty,Authority,Sanctity
Harm,Cheating,Betrayal,Subversion,Degradation
-0.01944676,-0.024700604,-0.078876376,-0.08140552,-0.037245557
-0.06673376,-0.020865632,-0.11832917,-0.107798085,-0.09161521
-0.050968464,0.05726064,0.062373802,0.037854243,0.023265596
-0.0097314045,0.06283519,-0.010421652,0.011855913,0.020484269
-0.0488797,0.07574634,-0.057938773,0.008526996,-0.02485431
-0.108957835,-0.029285705,-0.053852387,-0.072016515,-0.08209748
0.015096452,0.040479533,-0.015956769,-0.03627426,-0.062735975
-0.10106689,0.0224546,-0.12013243,-0.038301677,-0.0646282
-0.06240414,-0.061215967,-0.10610007,-0.11107339,-0.06210947
-0.028166326,0.03829775,-0.06761417,-0.0098601915,-0.10636984
-0.11030358,0.09086289,-0.11917284,-0.08061412,-0.09062673
-0.056903914,0.027769107,-0.07603896,-0.04973618,-0.12634826
0.081926465,-0.024000276,0.00020139432,0.08880666,-0.055518843
-0.030579325,-0.0034185573,-0.10142611,-0.021891419,-0.08492561
-0.058038116,0.0473651,-0.023629887,-0.044769898,-0.08395808
-0.01224197,0.029378159,0.0065127923,0.0152135715,-0.024717683
0.0049041836,0.020241534,0.00026846956,-0.04172067,-0.0175809
0.035262518,0.012021072,0.07679652,0.11450926,0.052597284
0.032556172,0.05179745,-0.05002056,-0.06988805,-0.009121228
0.036655746,0.018720973,-0.0054851063,-0.07229993,-0.089346126
-0.06539953,0.091229275,0.029994637,0.07256535,0.00436978
-0.16289926,0.03856547,-0.05539843,-0.071885556,-0.14920539
0.024183016,0.055283915,0.019158391,-0.030946149,-0.061519276
