Care,Fairness,Loyalty,Authority,Sanctity
Harm,Cheating,Betrayal,Subversion,Degradation
0.016545938,-0.042054713,-0.01369257,0.004065728,-0.020830803
0.015001731,0.09398822,0.017285302,0.006803343,0.026666492
0.03589499,0.11395863,0.08084095,0.04953869,0.06503117
0.042349346,0.032451488,-0.13382787,0.019062925,-0.07508469
-0.003848616,0.08791475,-0.067321494,0.04655298,-0.03195782
-0.06597557,0.011925966,0.04522101,0.07054186,0.05399726
0.06827259,0.06376809,0.020015718,0.046960123,0.02116964
-0.007940431,0.018697467,-0.015556162,-0.036096055,-0.093782865
-0.07248283,0.02659547,0.055135883,-0.05616416,0.066284314
0.032733046,0.06887896,0.13219275,0.09841471,0.08848053
0.012998894,0.05187927,0.10871324,-0.014614847,-0.004849544
-0.020299297,0.0444934,0.08430359,0.019259777,0.012319282
-0.1269513,-0.01218343,0.040146858,0.02741869,-0.03391055
0.060240086,0.050692923,0.05224366,-0.041738294,0.03224481
0.059195023,0.05341013,0.004895393,-0.04717601,0.088812344
-0.017526101,0.06144926,0.04101403,0.059939705,0.022899274
-0.110637605,0.009128073,0.010763397,-0.089672446,-0.08423608
0.04896099,0.059403554,0.10936327,0.05710887,-0.005647868
0.006355565,-0.053464353,0.0009814473,0.058614593,-0.016660586
0.019186625,0.022282964,-0.059012562,-0.056690324,-0.073084086
0.05397313,0.08550829,0.018721493,-0.053158812,-0.08232255
-0.057842746,0.017246217,-0.16098544,-0.11180342,-0.24938697
0.061027326,-0.119059384,0.0011959411,-0.06916776,-0.0737467
