Care,Fairness,Loyalty,Authority,Sanctity
Harm,Cheating,Betrayal,Subversion,Degradation
-0.017091945,0.034660984,-0.020517271,-0.022694914,-0.03890615
-0.036524124,0.009093549,-0.099870324,-0.113577574,-0.06829694
0.0052043237,0.14943472,0.06361083,0.08200443,0.040926576
-0.11428217,0.042711522,-0.053525366,-0.055316307,-0.053119667
0.04988739,0.012483634,0.022107653,-0.030268248,-0.076577544
-0.01578721,-0.01148206,0.0007418897,-0.057252355,-0.12126144
0.009142058,0.014066294,0.030711181,0.02164171,-0.03591363
0.04564041,0.031725865,0.11468463,0.03628096,0.049657777
-0.1675851,-0.039914835,-0.011030571,0.017227568,-0.06049479
0.06486553,0.06954532,0.14099973,0.046650365,0.019937012
0.025054198,0.0013438053,0.060555078,0.065078,0.057321325
-0.086494945,0.018783145,-0.028501205,0.041090675,-0.041024685
-0.054164045,0.08390377,-0.041152872,0.011309707,0.023840854
0.06021445,0.13740924,0.08514124,0.043298416,0.008193985
0.047493752,0.07588389,0.121864714,0.056917693,0.06394477
0.019225333,0.11301454,-0.010659657,0.051175553,0.021423874
0.006071849,0.10834704,0.043052077,0.08497885,0.11442891
0.043033436,0.07662309,-0.006360762,0.08933235,0.08934033
