Care,Fairness,Loyalty,Authority,Sanctity
Harm,Cheating,Betrayal,Subversion,Degradation
-0.025809078,0.03144925,-0.016978154,-0.032681122,-0.053452425
-0.008449696,0.040573496,-0.04885036,-0.07825412,-0.046775058
0.0426948,0.06267094,0.08766797,0.06363258,0.10449346
0.019971691,0.07771017,0.069357075,0.07353559,-0.034668937
-0.08178324,-0.083241835,-0.039330732,0.0078052273,-0.024395734
-0.0580749,0.038599484,-0.009540025,0.007362962,0.04162766
-0.086764716,-0.03717139,-0.02474901,-0.05117512,-0.08508637
0.11864978,0.1373181,0.10313082,0.11907627,0.04907732
-0.0042991564,-0.0036230627,0.014454154,0.041443013,-0.07612264
-0.050957866,-0.08719874,0.013906516,-0.040860042,-0.07176239
-0.05713861,-0.0040975884,-0.08314633,-0.09409185,-0.060533285
0.0033525387,0.027021706,-0.011792805,0.027830686,-0.08281887
-0.11088401,-0.11775459,-0.16361074,-0.1491114,-0.05435625
0.065877296,0.007991515,-0.097233266,-0.04904529,0.0040295217
0.030189073,0.06290528,0.0014344454,-0.0139135355,-0.0018980652
-0.11359151,-0.020707589,-0.060322918,-0.069648474,-0.10529173
0.03822382,0.05998819,-0.036470335,-0.06693071,-0.11456193
-0.062216334,-0.0063737202,0.019959997,0.024928436,-0.0036019646
0.02581034,0.01318542,-0.005922873,-0.013851823,0.059720736
-0.07403097,0.055888306,0.013297841,0.03652013,0.07131373
-0.004737297,0.06111914,0.060652748,0.05430062,0.23747331
0.063916534,0.07346031,0.040065315,0.06300561,-0.057850562
-0.04979135,0.056967556,-0.02578744,0.086588696,-0.019732852
-0.047878057,0.017157104,-0.059790533,-0.059756987,-0.13125318
0.021037547,0.05567583,0.027806668,0.038845353,-0.0069276486
-0.0683092,-0.07613748,-0.13235265,-0.06630799,-0.0869056
-0.04155228,-0.006099741,-0.06832016,-0.0717226,-0.094720155
0.019382546,0.11929566,0.052370474,0.091096364,0.05326135
-0.038441285,0.016820764,-0.032002226,0.007010239,0.06539685
0.070818886,-0.03309994,-0.10554169,-0.07671749,-0.01573407
-0.058397654,-0.055853024,-0.13457012,-0.087234676,0.007462468
-0.010612877,0.03148204,-0.0124027915,0.036374304,-0.029079698
-0.0027571414,-0.08776303,-0.15910482,-0.1795267,-0.009074308
0.09080382,0.008788439,0.050964326,0.010329841,0.041044377
-0.08075376,0.086130865,-0.08245789,-0.08609532,-0.09567258
0.03367328,0.07849607,0.08727828,0.06710842,0.20380864
-0.024934657,0.036727645,-0.0016375147,-0.016280701,0.022285668
-0.012468194,0.112192824,0.051583234,0.048109155,-0.047474325
-0.012027158,0.0049498677,-0.073238105,-0.055717982,0.044182498
