Care,Fairness,Loyalty,Authority,Sanctity
Harm,Cheating,Betrayal,Subversion,Degradation
-0.067364484,-0.002317842,-0.11794091,-0.040450238,-0.005192375
0.0071501145,0.05091027,-0.04686193,-0.08578436,-0.024267996
-0.05463754,0.056729656,0.008812511,-0.029987846,-0.09176861
-0.07083814,0.033252634,-0.027376657,-0.019872101,-0.054744653
-0.020634595,0.0017663655,-0.026953004,0.026088256,-0.06454213
-0.13406576,-0.071792066,-0.14547914,-0.14098719,-0.041209064
-0.22801363,-0.017416488,-0.1082802,-0.08349557,-0.069275744
-0.051615357,0.0513995,-0.057135873,0.023832794,0.012486488
0.030974593,0.038491897,0.06959068,0.09338051,0.0693509
0.016384073,0.082256116,0.112379506,0.03932327,0.09538436
0.009789565,0.06283659,-0.032408185,0.024173232,-0.028347066
-0.10742457,-0.04642602,-0.06775214,0.030529147,0.035307825
-0.02283342,0.08361357,-0.046090156,-0.003924532,-0.0007451903
-0.037515014,0.09337245,-0.021242097,0.025094304,-0.01966336
-0.025719695,-0.0031659119,-0.05972504,-0.11778948,-0.019688386
-0.027190257,0.09001183,-0.06808381,0.06334645,0.02071491
0.085531816,0.04382827,0.0447862,0.07579935,0.060852803
0.008820722,0.05974084,-0.08621797,0.0073576253,0.01730052
-0.011381958,0.02274653,-0.03822547,-0.028061261,0.026877744
0.006250696,0.088507794,0.17067274,0.10255785,0.11146316
-0.08645563,0.0043090954,-0.040830925,-0.0569228,-0.012936913
-0.0004761261,0.06927181,0.095517196,0.008888039,0.057725836
0.018250508,0.08434006,-0.083249174,-0.029814824,0.027944492
0.0550472,0.0557839,-0.012247521,-0.007528782,0.06461686
0.09003585,0.02745059,0.08084841,-0.0052501727,0.10122484
