Care,Fairness,Loyalty,Authority,Sanctity
Harm,Cheating,Betrayal,Subversion,Degradation
0.008045036,0.020530853,-0.0025311,0.03560247,-0.088735186
-0.012080403,0.06886531,0.0627151,0.04125818,-0.02619067
0.10634123,0.14284086,0.15939704,0.09979959,0.12072489
0.017632945,0.065834105,-0.034535356,-0.04755246,-0.023534391
-0.03548408,-0.066537715,-0.07732519,-0.024750613,0.01774545
-0.026747385,0.0474528,-0.089226365,-0.025663469,0.03626375
0.008207667,-0.025662541,-0.020278038,-0.064101,0.00278984
-0.019358918,0.056943648,-0.038036644,-0.038616713,-0.07967854
-0.023857705,0.06728786,0.08888479,0.019871185,0.0046251845
-0.0047095977,0.100734696,0.0982059,-0.001987853,0.016064482
0.0167338,-0.023653228,-0.005471155,-0.029147472,-0.05130771
-0.009921118,-0.04422123,-0.047064416,-0.02921441,-0.04762772
0.04542836,0.09828002,0.08452478,-0.041556,-0.06232322
-0.12642586,-0.040622476,-0.06684604,-0.07886682,-0.1047022
-0.0090380255,0.022587676,-0.0043687075,-0.0049072467,-0.17525691
0.030468851,-0.019964099,-0.009501498,-0.03341132,-0.20773108
-0.004207479,0.005048871,0.015441453,-0.0071037766,-0.008590164
-0.04779528,0.039934758,0.084508136,0.06223032,-0.015362415
0.10249984,0.13719392,0.22308366,0.11569226,0.12885217
0.0852445,0.026504023,0.08161527,0.026179343,-0.09186758
0.053257734,0.092589684,-0.011103593,0.015322575,-0.00769775
0.0033199228,0.12754816,0.057768025,0.08252287,0.018604409
-0.042156905,-0.061156314,0.014821591,-0.0531376,-0.1120199
-0.09342259,0.046426624,-0.053544987,-0.10526287,-0.113395765
-0.014251092,0.09867497,0.020559786,0.011711147,-0.05359394
0.01602697,0.021815881,0.10660955,0.0054098703,0.07486412
0.013912484,0.10496609,0.02992621,0.077497795,0.026126359
-0.13945031,-0.06998107,-0.122975975,-0.06448019,-0.119830444
0.011069405,0.07515451,0.001797677,0.026506387,0.04814966
0.12824893,0.121582806,0.034885917,-0.014551577,0.05239116
-0.07896087,0.021298278,-0.042103495,-0.083558,-0.053336553
0.02366148,0.09678906,-0.03860848,-0.0445673,-0.08241537
-0.08625491,-0.21617518,-0.20700082,-0.12453572,-0.10896461
-0.020032074,0.05584282,0.007038757,0.081852615,-0.04821971
0.13707933,0.1130103,0.098246045,0.041045774,0.05912304
0.16250321,0.088126704,0.15614176,0.15553463,0.16075718
0.12060189,0.07654986,0.2230487,0.037744153,0.10806873
