Care,Fairness,Loyalty,Authority,Sanctity
Harm,Cheating,Betrayal,Subversion,Degradation
0.016477196,0.00074703246,0.04554601,0.025759645,-0.022804793
0.01058397,0.05737986,0.12264453,0.07481123,0.031334184
0.010175595,-0.027133131,0.068123996,0.06101826,-0.00570973
0.0047671376,0.05856298,0.02464481,0.09496996,0.08315555
-0.048568316,8.631125e-05,0.00078848936,0.0154274255,-0.055932023
-0.00080523174,0.04220356,0.07607846,0.08099959,0.024450636
0.07852704,0.018009715,0.15347227,0.14222136,0.1335328
-0.11383019,-0.13572231,-0.18587188,-0.09241004,-0.09665929
0.0064640604,0.040579595,0.00040447526,0.057582904,-0.017938044
0.068381354,0.031705864,0.13720235,0.062818706,0.05470683
-0.005360719,0.03938389,-0.014201889,0.053000778,-0.042180583
0.01594829,0.025222603,0.041241962,0.0339829,-0.03381025
0.073085465,0.08058775,0.03796306,0.04012844,0.009231117
0.016169935,-0.010398399,0.029109124,0.0090475455,0.009460159
-0.11528519,0.05383709,-0.008506151,0.035107862,-0.062496614
0.022462392,0.114423916,0.04147468,-0.010794582,0.007996149
-0.0011874046,0.026610434,0.122372195,0.09962173,-0.010350917
0.05184178,0.040848695,0.046619695,0.005024679,0.027534258
0.064535566,0.074181825,0.14772934,0.099839255,0.1959556
0.030121386,0.10716376,0.025521083,0.000997873,0.04376556
0.1462694,0.09053987,0.060381867,0.06365274,0.022243923
0.017201576,-0.016760092,-0.024284914,0.09351679,-0.005617641
-0.01159535,0.046022225,-0.009951806,-0.015768632,-0.053435702
0.1295494,0.10939947,0.10333542,0.050432853,0.037860323
-0.046153534,0.0068205334,-0.07110569,-0.049693014,-0.09319678
0.02013021,-0.12799843,-0.14212517,-0.07427737,0.029072173
-0.057442024,-0.033839718,-0.17416015,-0.078643575,-0.069690675
-0.080216944,-0.051835764,-0.1427257,-0.12539518,-0.037882008
-0.13271055,-0.06320488,-0.13081324,-0.045128606,-0.07482951
0.06954984,0.03632789,0.07226874,0.022118162,0.02152903
-0.16591953,-0.12337063,-0.09026379,-0.027682913,-0.051604252
0.024916476,0.030569108,0.12236955,0.0856406,0.019767217
-0.031868026,-0.06209943,0.01573009,-0.00957695,-0.04317386
0.00015838537,-0.04267045,0.06153593,0.005674487,-0.020580342
0.035263542,0.07624054,0.14277582,0.008111222,0.041818757
0.09834322,0.03702511,0.17008749,-0.03430979,0.08773678
0.08543372,0.11777256,0.17628579,0.07718596,0.050591305
0.030817382,0.09532159,0.046914004,0.012723066,0.014218889
0.055889018,0.01702832,0.026230915,0.050455425,0.029376373
-0.013466539,0.0071091577,0.083109654,-0.0037837178,0.04811344
