Care,Fairness,Loyalty,Authority,Sanctity
Harm,Cheating,Betrayal,Subversion,Degradation
-0.06774573,0.010251382,0.016286852,-0.0008407356,-0.08590089
-0.003930548,-0.055487998,-0.07614489,-0.04718916,-0.18337709
0.032509457,0.027195238,0.018904371,0.008879896,-0.0009065941
0.059865437,-0.01609126,0.0012479527,0.0242268,-0.079712786
-0.035857663,0.013077858,-0.027234998,-0.07471277,-0.14041701
-0.061916042,0.014149316,0.041897826,0.079271734,-0.0858393
-0.057298113,-0.04473375,-0.03487302,-0.065171264,-0.16791072
0.094315484,0.10987089,0.19108939,0.08547528,0.027979892
0.029864363,0.091717325,0.0718822,0.056715686,-0.006095741
-0.19936192,-0.084277295,-0.053997494,-0.064902365,-0.12190914
0.026556958,0.092059374,0.015830858,0.025192786,-0.004412975
-0.028917082,-0.016151126,-0.06775002,-0.09218275,-0.13750291
0.03142651,-0.049372144,-0.023497216,-0.023023471,-0.046463437
0.055749446,0.016589046,0.08744305,0.09583524,0.009928704
0.039985113,0.071766496,0.08797664,0.06459979,0.17414856
0.03271212,-0.004861649,0.08262813,0.0316382,-0.04381162
-0.022152055,0.013324653,0.02587067,0.040848676,0.01654363
0.02694014,-0.009831613,0.0108763,-0.009613641,0.022366393
