Care,Fairness,Loyalty,Authority,Sanctity
Harm,Cheating,Betrayal,Subversion,Degradation
0.01869763,-0.018661866,-0.04738574,0.019863449,0.01511047
0.027641699,0.04623879,-0.047555055,0.0023561902,-0.024004515
0.023623696,0.051016483,-0.048857465,-0.0044569615,-0.029962316
-0.040670887,0.03749524,-0.07154605,-0.041361347,0.009771765
-0.06395717,0.060096502,-0.11756906,-0.03704785,-0.07707295
0.061734404,0.04203901,0.053123884,0.024669997,0.043139197
-0.01591918,0.087643184,-0.047189254,0.024093749,0.020493262
0.051095694,0.09325603,0.091666475,0.1550624,0.052823387
0.09069335,0.15266412,0.16038552,0.10174319,0.066569895
0.12790817,0.08370388,0.17020233,0.08450836,0.07157375
0.06613251,0.09754035,0.10622517,0.15161735,0.13733584
0.096570425,0.16874963,0.1527603,0.23311636,0.20510185
0.0069767656,0.02001386,0.06630759,0.15144354,0.045301396
-0.018710801,0.0874373,-0.036705583,-0.07988608,-0.026889011
-0.061742015,0.028448597,-0.06329203,-0.120838925,-0.0662628
-0.050332524,0.05017973,0.013640746,-0.04643715,-0.08991959
-0.09499268,-0.024772896,-0.102338314,-0.07525255,-0.09078068
-0.18521199,-0.02859713,-0.07137999,-0.018566743,-0.19230549
0.08135362,0.019702738,-0.07996663,-0.027212527,0.004949227
-0.100954935,-0.049137827,-0.102969944,-0.07252869,-0.047349766
0.09344673,0.07932594,0.11451822,0.038823105,0.051006798
