Care,Fairness,Loyalty,Authority,Sanctity
Harm,Cheating,Betrayal,Subversion,Degradation
0.025275456,-0.06412228,-0.009801346,-0.05375938,-0.00413057
0.07517626,-0.019433284,0.102317184,-0.073728494,-0.059232276
0.01579294,-0.031725246,-0.042655487,-0.072074115,-0.087450795
0.09244396,0.041682463,0.007019653,-0.020123884,-0.02082927
0.051091284,0.0550823,0.14806814,-0.0019651079,-0.020313242
0.0841232,-0.03391597,-0.02055938,-0.0464612,-0.0055784974
0.07893105,0.040624045,0.06278421,0.034014925,0.06284693
0.0482343,-0.01115277,-0.06926127,-0.08603378,-0.11745836
0.14309467,0.0075422963,-0.013001695,0.010824167,0.0003227815
-0.06831532,-0.030672004,-0.0895653,-0.00752319,0.007741212
0.12699404,0.10991502,0.09660223,0.047250204,0.058974795
0.042735767,-0.0015389412,0.032874454,-0.13278328,-0.0032096924
-0.16253181,-0.07684616,-0.09059687,-0.064853944,-0.165705
-0.07986508,-0.059514076,-0.05526077,-0.06770586,-0.13210908
-0.0078045763,0.043558583,0.0007675197,-0.03681405,-0.02697339
-0.016109537,-0.08951932,0.020927845,-0.1355951,-0.069853276
0.08405124,0.036134757,0.05766596,-0.085345596,-0.08317758
0.057907116,0.023663482,-0.053989768,-0.06113082,-0.042476542
