Care,Fairness,Loyalty,Authority,Sanctity
Harm,Cheating,Betrayal,Subversion,Degradation
-0.048990738,-0.009077109,-0.09095205,-0.12811044,-0.09635305
-0.01719783,-0.004718678,-0.07894689,-0.1015688,-0.056101523
0.046972662,0.08453255,0.03305559,-0.011688761,0.015736932
0.0021247389,0.03790222,0.022356618,-0.083656855,-0.039950974
