Care,Fairness,Loyalty,Authority,Sanctity
Harm,Cheating,Betrayal,Subversion,Degradation
-0.018288542,-0.050232377,-0.10322127,-0.026282098,-0.06099581
-0.101585835,-0.06996591,-0.110338956,-0.05748016,-0.04752422
0.10199949,0.041219585,0.024585918,0.0053242818,0.025960617
-0.04568421,-0.096222,-0.10178564,-0.07090327,0.069012396
-0.104153864,-0.08765357,-0.16868334,-0.23067826,-0.031726427
-0.08544938,-0.20413023,-0.21662903,-0.15377286,-0.12491521
0.04301303,-0.10993098,-0.07210534,-0.093069434,-0.077540316
-0.0061928113,-0.13069884,-0.15480018,-0.1465814,-0.10293046
0.006402878,-0.127052,-0.17964762,-0.20713401,-0.163548
-0.114350595,-0.006932378,-0.14360878,-0.10822411,-0.17092787
-0.028644796,-0.028558943,-0.1585787,-0.06380626,-0.044895463
-0.18196,-0.102775894,-0.14861044,-0.03410772,-0.14237514
-0.03406589,-0.06274813,-0.08183572,-0.053958956,-0.03177068
0.030981068,-0.046633102,0.041723788,-0.02183912,-0.051804375
0.05628734,0.14153633,0.1932466,0.17831764,0.122555874
0.018789556,-0.053326823,-0.12486422,-0.05431651,0.061527073
-0.0055195,-0.06215366,-0.06274338,0.024712037,-0.06168482
