Care,Fairness,Loyalty,Authority,Sanctity
Harm,Cheating,Betrayal,Subversion,Degradation
0.012448731,0.06534557,0.0026765,0.029953422,-0.056992292
0.035070084,0.053782664,-0.046946313,0.013910517,-0.04410336
0.044293057,0.022451803,-0.0450937,-0.058149192,-0.13335639
0.03302055,0.057887428,-0.06148084,-0.10767053,-0.05559521
0.039130833,0.11722465,0.10520771,-0.04303105,-0.004889846
0.14449242,0.163713,0.14353499,0.08577064,0.059135336
0.12570164,0.10998496,0.078069605,0.05576525,0.022459272
-0.15190184,-0.02055062,-0.042482324,0.0072821435,-0.085979775
-0.013642687,0.10401805,-0.010664195,0.047112018,-0.085619316
0.018780997,0.045112316,0.01689326,-0.041377004,-0.023389239
0.0020068064,0.12232853,0.02800801,-0.011692656,-0.011350933
0.09081359,0.06377062,0.040019326,-0.021759672,-0.0040651485
0.029220708,-0.034525786,-0.026944965,-0.06676008,-0.06648124
0.021186534,0.06347829,0.047999766,-0.02720265,-0.010267722
0.08280606,0.033159904,0.06322851,0.10751222,-0.011437438
0.092008814,0.025969047,0.19374737,0.15117541,0.0811416
