Care,Fairness,Loyalty,Authority,Sanctity
Harm,Cheating,Betrayal,Subversion,Degradation
-0.030162692,0.072992764,-0.04893209,-0.039896622,-0.16140585
-0.015697554,0.044845402,-0.014912851,0.056443393,-0.11456024
-0.046122223,0.06872297,-0.089168504,-0.050650224,-0.064032696
-0.05359064,-0.029634282,-0.15112856,-0.16442421,-0.18825382
-0.1020827,-0.08688712,-0.13327573,-0.09495534,-0.14460796
-0.014953788,0.1795308,0.08751397,0.07088828,0.050738283
-0.04268913,-0.10055819,-0.14084882,-0.11502982,-0.107523054
-0.10993986,-0.17913571,-0.23557776,-0.15844686,-0.09323847
0.039444875,-0.019028034,-0.05686471,0.014851438,0.04637764
-0.01983203,0.119902715,0.08812904,0.083341375,0.0714732
0.080291204,0.13617599,0.14687157,0.12043028,-0.07811568
0.016379394,0.05936894,-0.044189967,-0.116631866,0.055958703
-0.10286714,0.003009066,-0.12825216,-0.025163155,-0.110437125
0.003186271,-0.0004040636,0.017457105,0.01465317,-0.03988192
-0.020816047,0.049206227,0.0861931,0.08433372,-0.00048500672
-0.06969794,0.047805108,-0.06662272,-0.07304695,-0.09440224
-0.08456121,-0.15572715,-0.17131746,0.02693887,0.008531859
0.019863348,0.083581716,0.0503262,0.04583325,0.026113013
-0.09917166,-0.080161534,-0.16346216,-0.096931465,0.029134436
-0.00072524045,-0.018357439,-0.08721688,0.007920712,-0.12228184
0.016061235,-0.0012631454,0.0047899187,0.10420803,0.0059618596
-0.013874378,0.11678577,0.026895922,0.047036335,0.06427817
0.09243235,0.1972853,0.15958515,0.12700626,0.13280973
0.07536569,0.10707772,0.16061902,0.14568189,0.02137139
-0.032357983,0.02502175,0.005470307,-0.009411506,-0.0033351667
0.019554917,0.041756682,0.037421566,-0.0299075,-0.041157585
-0.09630364,-0.1501032,-0.18949178,-0.20187603,-0.20521684
0.11694798,0.11968282,0.0917081,0.06539315,0.03689652
0.14482811,0.13539672,0.06136187,0.0016077422,0.1242584
