Care,Fairness,Loyalty,Authority,Sanctity
Harm,Cheating,Betrayal,Subversion,Degradation
0.0051497985,0.07976262,-0.002360026,0.011543942,-0.09250002
0.007799303,0.053007588,-0.07886189,-0.03796587,-0.08062419
0.018545732,0.004575083,0.09021169,0.06168689,0.004538337
-0.12309894,0.0033541592,-0.07666361,-0.058112223,-0.15693927
-0.03762927,-0.007840842,-0.108369194,-0.038089346,-0.28005734
-0.024006391,-0.049774144,-0.13676324,-0.14282875,-0.21919356
0.0038531446,-0.023457456,-0.15314636,-0.113299176,-0.07976003
0.015156822,0.0001667738,-0.09222677,-0.03991118,-0.06290421
-0.018233743,-0.06919217,-0.052116632,-0.08645502,-0.15034671
-0.0068096286,-0.032302674,-0.13074742,-0.049598753,-0.09596385
0.008223943,0.01100244,-0.03157951,-0.025025878,-0.077411965
0.0056084674,-0.074713744,-0.022485904,0.006783343,-0.12632254
0.05924543,0.018979967,-0.0051017515,0.05855494,0.031930264
0.0013177097,0.05622316,-0.0148274,0.01882855,0.0023230556
