Care,Fairness,Loyalty,Authority,Sanctity
Harm,Cheating,Betrayal,Subversion,Degradation
0.0013251621,-0.038812947,-0.1085665,0.0072407015,-0.029739205
-0.051763907,-0.07813676,-0.12582915,-0.030219067,-0.18873724
0.005629614,-0.036985256,-0.0812492,-0.04140736,-0.1532321
-0.09314501,0.012714851,-0.095087975,-0.03011616,-0.06503788
-0.037870154,-0.062257018,-0.05366368,-0.035266552,-0.06455081
0.0055783894,-0.037287,-0.10521369,0.04631161,-0.056161076
0.058607146,0.02489864,-0.06624037,-0.026977504,0.044419844
0.019675806,-0.03641618,-0.059405133,-0.0038042404,0.055534814
-0.14987877,-0.016938718,-0.16786698,-0.11798957,-0.15841311
0.0002661692,0.06892003,0.093342386,0.044225875,0.08762614
-0.05997842,0.067182556,-0.075125694,0.015048178,-0.0450314
0.044286348,0.023732267,-0.066220716,-0.058699835,-0.04182802
-0.019370686,0.000112995505,-0.037135225,-0.04478845,-0.026174229
-0.13042751,-0.06746088,-0.17270699,-0.14251953,-0.09538706
-0.15674314,-0.0027815793,-0.13955362,-0.08144142,-0.075489074
-0.10316891,-0.07587227,-0.0976964,-4.0121377e-05,-0.021832468
-0.19290124,-0.07425869,-0.24416576,-0.11778047,-0.10921327
0.031524204,0.05628921,0.03925733,0.08591631,0.010971107
-0.030722797,0.057196736,0.035287626,0.004667435,-0.040817823
0.018250253,0.13152286,0.10024539,0.0413486,0.056693494
0.047712684,0.120391786,0.036978643,0.016836451,0.014077828
0.009357597,0.026237067,-0.0055554984,-0.0135407485,0.02317038
0.06962071,0.0997795,0.01917199,0.030878343,0.070044816
