Care,Fairness,Loyalty,Authority,Sanctity
Harm,Cheating,Betrayal,Subversion,Degradation
0.065925166,0.016691677,-0.077922285,0.013082212,0.027922103
0.044075772,0.030000873,-0.010713674,0.054740783,0.08610428
0.022399634,-0.010663087,-0.06308455,0.0036427993,0.003174238
-0.019757744,0.05915382,-0.07573732,-0.016209122,-0.041558493
0.0655268,0.17212616,0.24064957,0.17693639,0.14778267
0.045646124,0.011237413,-0.0003904216,-0.08365305,-0.02918385
-0.103661105,0.048493836,0.058438085,0.03178326,-0.04565374
0.08272141,-0.008634694,-0.025834952,0.00011221692,-0.09519216
0.028349759,0.16786319,0.13975954,0.09823932,-0.012053274
0.118194,-0.020860154,0.11854757,0.009208884,0.054381363
0.10488394,0.109453246,0.07258703,0.032706086,0.05082649
0.050493907,0.004297234,0.08843175,0.039820462,0.07428423
0.102122724,0.09652888,0.091667324,0.03035589,0.026256276
0.0019848552,0.03174244,0.037824154,-0.028502122,0.09157816
-0.04006066,0.05984626,0.04117144,0.08201061,-0.023306793
-0.009089394,0.059450638,0.114467144,-0.03142701,0.047073223
0.012546644,0.04985693,0.011466658,-0.091815874,0.043330796
