Care,Fairness,Loyalty,Authority,Sanctity
Harm,Cheating,Betrayal,Subversion,Degradation
-0.057799138,0.107352056,0.00015511736,-0.032519013,-0.1177856
0.047486857,0.119463846,0.006224176,0.0031784624,0.0060820617
-0.08907448,-0.068469614,-0.07708871,-0.058656156,-0.08385313
-0.026928026,0.016431497,-0.07519679,-0.07571279,-0.09199762
-0.02854164,-0.01416439,-0.10070221,-0.04846414,-0.11393421
-0.07274249,0.085537374,0.007439809,-0.111068755,-0.16279049
-0.04245553,0.0724171,-0.050622582,-0.054922,-0.04078599
-0.025829155,0.039108373,0.034890562,-0.006103063,-0.07098083
0.006423897,0.13981804,0.06509328,0.0966064,-0.044967603
-0.034855198,-0.10378089,-0.08633148,-0.036395572,-0.22312562
0.083893314,0.20084736,0.16016468,0.046835694,0.09242705
0.0033952612,0.07621022,0.1746737,0.045260057,0.028528567
0.07386877,0.06560096,0.12397003,0.16914305,0.07660219
-0.1523363,0.08267223,0.016264651,0.037731834,-0.043408968
0.038903892,0.14676401,0.18643455,0.14913997,0.07466349
0.05421336,0.036022827,0.09278998,0.07953714,0.12746644
-0.00621639,0.107482746,0.12827456,0.119083166,0.08462918
-0.027840769,0.063645974,0.09223754,0.07820282,0.027453277
0.048912775,0.04756902,0.029874938,0.047078554,0.02238736
-0.07293921,0.029211763,-0.10622125,-0.123112105,-0.1553227
0.06804614,0.04317543,0.034775846,0.042699777,0.09862856
-0.034963354,-0.03778444,-0.069440395,-0.08794382,0.022464175
-0.029825747,-0.041036494,-0.03875915,-0.063013464,-0.004891745
-0.05382325,0.05043061,0.010115522,0.0065709953,-0.16097173
0.04223831,0.00845316,0.030801032,0.026290573,-0.050853867
0.021509804,-0.04252209,-0.085491836,-0.04475415,-0.046146333
-0.03442803,0.00862805,-0.006047046,-0.005767105,-0.040615242
0.032080054,0.17937185,0.10496034,0.040194094,-0.03942823
0.016495552,0.049138468,-0.014733376,-0.03486613,0.06405465
0.0016375668,0.052370917,0.024804834,-0.02407711,-0.035146862
0.060138453,0.059131503,0.08766196,0.036982805,-0.021607416
0.02846356,0.091587834,-0.029585421,-0.013068847,-0.041175462
-0.029183626,0.0192472,0.04546445,0.13778779,-0.060488805
0.031665936,0.029778844,0.0750761,0.10712722,-0.0045243837
0.031141492,-0.03424269,-0.018477365,-0.047774583,-0.041449055
-0.16876552,-0.033939224,-0.10396586,-0.07751575,-0.09522085
-0.071346976,-0.02866704,-0.12576891,-0.15954949,-0.17942429
