Care,Fairness,Loyalty,Authority,Sanctity
Harm,Cheating,Betrayal,Subversion,Degradation
0.09742268,0.08256682,-0.041640036,0.025338292,0.03152968
-0.03738699,0.018139213,-0.016830351,-0.01102275,-0.010884149
0.039903726,0.09061207,-0.051672786,0.06553611,0.0046258476
0.044929434,0.13983026,-0.046712987,-0.026114503,0.06399335
0.022633022,0.11946177,0.067172006,-0.005973365,0.074496195
0.095097855,0.06666586,-0.05570226,-0.06114246,-0.033242896
0.018094819,-0.010410048,0.0057049505,0.019076666,-0.02026333
0.116411805,0.12801635,0.1423041,0.08064602,0.10425335
0.06621431,0.08824384,0.14224209,0.013990346,0.054696366
0.12526304,0.1158977,-0.003943598,0.055912875,0.051993027
0.091166705,0.059186064,0.06316968,0.049519144,0.065240264
0.025078725,0.00570721,-0.030546395,-0.0013587736,0.020987518
-0.034767978,0.0030916966,0.029433344,0.088216886,0.0018990971
0.054215897,0.051709212,0.029119719,0.025167307,-0.009810585
-0.059576422,0.057591148,-0.008175133,-0.022918984,-0.062460385
-0.031517062,-0.0055275448,-0.07123604,-0.037517115,-0.10622972
-0.14696941,-0.032122947,-0.15139769,-0.05236005,-0.149418
0.004938731,0.12755084,0.030701753,-0.003162425,-0.0007161014
0.101727866,0.054885056,0.04027929,0.041995466,0.08856149
0.076665215,0.10227969,0.09738863,0.07050936,0.0584895
0.0353318,-0.040968217,-0.08019213,0.04591796,-0.073296174
0.038723968,0.03604326,0.068227164,0.06536027,-0.003815651
-0.03990849,-0.019275552,-0.015391575,-0.06731115,-0.11349869
-0.1033722,-0.117951885,-0.030213524,0.010629969,-0.1532379
0.03247372,-0.064461716,0.050763406,0.008773215,-0.061325546
