Care,Fairness,Loyalty,Authority,Sanctity
Harm,Cheating,Betrayal,Subversion,Degradation
0.02415825,0.04299268,0.03611287,-0.05307243,-0.05000169
-0.051161885,-0.07223667,-0.08825114,-0.11448518,-0.13099322
-0.015647322,0.036446445,-0.022065464,-0.058276042,-0.04427421
0.020298796,-0.07138409,-0.053566407,-0.014082419,-0.01764806
-0.021308467,-0.0505724,-0.09330392,-0.10197905,-0.027952477
-0.0149629675,-0.04955178,-0.05127581,-0.061436146,-0.0682392
0.023911294,-0.011310265,0.024580408,-0.06516717,0.02099172
0.036527753,-0.0824977,-0.03701415,0.016798787,-0.058173522
-0.09623723,-0.052281655,-0.09221311,-0.090009645,-0.0011767233
0.019883968,-0.0031208843,0.010331384,0.006791061,0.0003339355
0.030229505,-0.010802276,0.023728292,0.011530362,0.06432934
0.107612126,0.03635107,0.063388035,-0.0072234804,0.0069638677
0.061253782,0.03064447,-0.016151218,-0.064134344,-0.08926806
-0.025390267,-0.11490492,-0.12746419,-0.14806339,-0.1363714
0.1145875,0.036554698,0.026925487,-0.0652171,0.017889317
0.070369266,-0.02617884,0.06973827,-0.008324766,0.033285253
0.03320625,0.0045609903,0.033819333,-0.01102223,0.024184614
