Care,Fairness,Loyalty,Authority,Sanctity
Harm,Cheating,Betrayal,Subversion,Degradation
-0.011557274,0.013418794,-0.01421942,0.015233595,-0.049316965
-0.00072404556,0.018963281,-0.046152107,-0.050617732,0.05872561
-0.022172859,-0.016846944,0.00056531467,0.008981764,0.052121013
0.05164368,0.082882375,0.06759031,0.012924945,0.02872688
-0.047559768,-0.022244835,-0.14547378,-0.10794443,-0.13017668
-0.0502213,0.051998906,-0.04778199,-0.026565518,-0.07562841
0.07079799,0.096517175,0.08009815,0.014865175,-0.0077025183
0.062120277,-0.01601462,-0.041583937,-0.065119915,0.10764411
0.027549665,0.0490994,-0.057449616,-0.07490727,0.022639655
0.050454937,-0.0183023,-0.055871643,-0.07820129,0.07117049
0.021817325,0.13925189,0.033257082,0.06839006,0.054816145
-0.008476455,0.130609,0.034246687,-0.012856401,0.0032619238
-0.05265986,0.07466592,0.070755795,-0.03865765,0.083044656
-0.124626026,-0.014051326,-0.06323794,-0.036735248,-0.060591057
-0.07200848,0.016795784,0.032434627,0.07027879,-0.02057983
