Care,Fairness,Loyalty,Authority,Sanctity
Harm,Cheating,Betrayal,Subversion,Degradation
-0.038201556,0.062795945,-0.06674499,-0.07484113,-0.054706953
-0.013094641,0.07332018,-0.06396456,-0.029517945,-0.06597833
-0.021403577,0.0012042709,-0.03260697,-0.021485718,-0.10027127
-0.009324239,-0.010036979,-0.1073542,-0.09729556,-0.1164491
0.039403163,0.046571523,-0.045952283,-0.023750244,-0.11201936
0.12149078,0.007163289,-0.04311694,-0.043894187,-0.0566258
0.060487695,0.062336892,-0.0026712995,-0.011055829,-0.029380154
0.073969215,0.00727069,-0.09137049,-0.113520846,-0.0767166
0.08963361,-0.040718004,-0.019146957,-0.011753332,0.012348114
-0.028631762,-0.031044997,-0.0751795,-0.045718666,-0.0828586
0.047214057,0.0290727,0.0119023435,0.0004204437,-0.011486096
-0.1057726,-0.15077382,-0.27638656,-0.24100313,-0.20645812
-0.13902958,-0.017094634,-0.020365847,0.015626524,0.0077982536
-0.121430114,-0.035279147,-0.1450301,-0.06714999,-0.102369115
0.08344546,0.07682813,-0.085242435,0.047430046,-0.05017815
-0.04505439,-0.10385116,-0.104405895,-0.15640514,-0.15453622
-0.11958154,-0.07095458,-0.10726185,-0.0762258,0.0009363182
-0.017943341,-0.030792067,-0.12424801,-0.10367706,-0.0954617
-0.042880047,0.040114895,-0.011349669,-0.010190643,-0.11963303
0.02987637,-0.01005473,-0.06962283,-0.08111909,-0.061859604
0.082831435,-0.02247686,-0.035865463,-0.08221172,-0.029535515
0.05366678,0.08649722,0.09202705,-0.006185203,-0.031003268
0.00807149,-0.04683402,-0.1329427,-0.050801,-0.03302627
