Care,Fairness,Loyalty,Authority,Sanctity
Harm,Cheating,Betrayal,Subversion,Degradation
0.020032471,-0.026650637,-0.023208562,-0.05370803,-0.13932689
-0.022675186,0.07299906,-0.02779107,-0.1321879,0.006178409
-0.06771205,-0.040833086,-0.078185774,-0.09510297,-0.12850334
0.056918606,0.013888709,-0.022243379,-0.00096469,-0.07784835
-0.011463348,0.06315047,-0.048357956,-0.057684377,-0.09307435
0.04743597,0.054551437,0.14474514,0.10455154,0.036800034
0.0067952555,0.067320116,-0.0077556483,-0.026701633,-0.0098244175
-0.08104359,0.057648763,-0.076637864,-0.043798596,-0.064010955
-0.06354793,0.06396891,-0.008251045,0.007958835,-0.034772288
-0.028836485,0.064443976,-0.030997507,-0.095907494,-0.06930485
-0.0031942492,0.05430036,-0.050414253,-0.03595674,-0.08983347
-0.0051105823,-0.0848747,-0.14256334,-0.13444361,-0.049787
-0.04635525,0.036762048,-0.10647195,-0.09953648,-0.105471805
-0.12008138,0.06179112,-0.06650962,-0.02892928,-0.009541154
-0.07790498,-0.007097628,0.08681668,0.04333931,-0.048577562
-0.032230787,-0.04541331,0.08928781,0.012992575,0.009744292
0.0953383,0.097976804,0.12778799,0.024424363,0.031828042
0.060643964,0.021364458,0.04729563,-0.076436356,-0.016888978
0.07237151,0.17585635,0.13825412,0.055985123,0.050456535
-0.07817967,0.04793302,-0.018640066,0.017422024,-0.026722696
-0.01866588,0.114890955,0.020886213,-0.04075507,-0.037786327
-0.056111045,-0.056844473,-0.0014803819,-0.04123684,-0.10814285
-0.061760105,-0.020409308,-0.117644124,-0.08524702,-0.112154014
-0.0737242,0.0026475936,-0.056766756,-0.031218853,0.08248207
0.053583153,-0.10535448,-0.022658266,-0.12550443,0.019781778
-0.061787657,0.00805288,-0.06794997,-0.05696992,-0.013618404
-0.09006797,0.058494397,-0.01946045,-0.018368803,-0.036296234
-0.06156731,0.09883586,-0.04558893,-0.066251755,-0.09278369
-0.016979158,-0.00046053343,-0.04605917,0.008476809,-0.08706435
-0.02375982,-0.060035918,0.042901687,-0.058141157,-0.014330771
