Care,Fairness,Loyalty,Authority,Sanctity
Harm,Cheating,Betrayal,Subversion,Degradation
0.01649092,0.05407182,-0.0643303,-0.04001411,-0.025524504
0.0042822603,0.037736174,-0.06973054,-0.038939986,-0.023714542
-0.012176342,0.09387151,-0.030528534,-0.08102314,0.016764233
-0.076065294,-0.025641225,-0.089512266,-0.00012981333,-0.0926984
-0.07054261,-0.016186133,-0.037588842,-0.08609699,-0.06673532
-0.05605053,-0.009060148,-0.1775746,-0.11673327,-0.11441099
0.058492545,0.09410294,0.029673256,0.0790153,0.04556881
0.019930422,0.011530368,0.0024563633,-0.035476174,0.036374684
0.059271954,0.097611144,0.022588894,0.09898306,0.07302707
-0.11794032,0.004825011,-0.15084109,-0.12605338,-0.15207237
0.10791907,0.12489882,0.20674971,0.12438232,0.16834816
0.021308318,0.02160039,0.016930792,-0.03694925,0.025351059
-0.0071109757,0.01291075,0.028523002,-0.036523215,-0.004860647
-0.059068628,-0.0008869581,-0.118254244,-0.09329614,-0.060818724
0.012258951,0.0029739048,0.027840659,0.015372968,-0.060735755
-0.031583354,-0.118227385,-0.10070122,-0.10859066,0.061422743
0.063322306,-0.008688402,-0.07289061,-0.026112555,0.06528436
-0.047314532,-0.06496844,-0.13449079,-0.1178203,-0.066810355
0.058737554,-0.08970463,-0.09971902,-0.103457436,0.042150944
0.05276969,0.009134915,0.02472816,-0.032566957,0.07045351
0.009651201,0.002501415,0.046838656,-0.04900315,0.028576173
0.034241002,-0.0022725612,-0.064227186,-0.059287354,-0.042151358
0.07551234,-0.036703177,-0.060028248,-0.005866438,0.015754703
0.08947398,0.095486425,0.037738413,0.037090022,0.06648071
0.00026803836,0.09350226,0.055728704,-0.027137533,-0.06870599
0.038136646,0.08882263,0.055697527,-0.010790952,0.016853772
0.021729887,0.011845205,0.019327246,-0.061548844,0.03581494
0.061146025,0.113907315,0.054404184,-0.034046963,0.056491453
-0.0032738745,-0.048068695,-0.035200924,-0.011932129,-0.05528903
-0.067538075,0.001206655,-0.08876901,-0.045031935,-0.05620925
-0.03652366,0.009124152,0.006986198,0.012504346,-0.07579035
0.018895486,-0.00032993034,-0.0026252791,0.030625174,-0.038311347
-0.11064277,-0.03348156,-0.030556142,0.017759193,0.0127509255
-0.06571485,0.05111576,-0.1324511,-0.070484355,-0.14316568
-0.012659794,0.04092428,-0.050693214,-0.096640974,-0.032781005
-0.008897803,0.010887761,-0.011079848,-0.039785292,-0.06674747
-0.04991537,0.014537301,-0.02145434,0.030145094,-0.059341695
