Care,Fairness,Loyalty,Authority,Sanctity
Harm,Cheating,Betrayal,Subversion,Degradation
-0.008627766,-0.03347843,-0.046206918,0.002163236,-0.037235945
-0.014802614,0.017443787,0.035609484,0.012422819,-0.053954177
-0.10113357,-0.0094145825,-0.10617213,-0.08971925,-0.15858491
-0.14032234,-0.030308578,-0.079261415,-0.040766228,-0.16646877
-0.0007519312,0.05538465,-0.00942542,-0.09480561,-0.049457062
-0.053773582,-0.023417236,0.04392926,-0.03956615,-0.06123485
0.066768765,0.057714336,0.100350395,0.03043706,0.057754785
-0.019151907,0.0991547,0.03256315,-0.0029805787,-0.061863765
-0.05162314,-0.033764705,-0.048753273,-0.073049195,-0.124161884
-0.0074157533,0.03875311,0.0077761225,-0.015634619,-0.07190333
0.069416925,0.01313037,0.035156414,-0.0016068211,-0.049413502
-0.047043294,0.04082362,-0.012093527,0.01858239,0.011406455
0.0307114,0.07845116,0.0606789,0.08712707,-0.03420385
0.05095402,0.08112346,0.067387715,0.026068274,-0.020541044
0.07555777,0.040317588,0.032156248,-0.004040718,-0.0021406487
0.084420614,-0.016553711,0.19256195,0.014661516,-0.026771097
0.07027916,0.021415101,0.1185454,0.04307265,0.009140652
-0.021386344,0.030219153,0.033720814,0.0042822403,-0.007098157
