Care,Fairness,Loyalty,Authority,Sanctity
Harm,Cheating,Betrayal,Subversion,Degradation
0.012644726,0.02244804,0.03101728,-0.0028070193,-0.02898263
0.032050278,0.0016129538,0.009136133,-0.0032191798,0.010121082
0.008677482,-0.013110021,0.030708734,-0.035559442,-0.06591284
0.06203208,0.06996391,0.056228805,0.030822804,-0.048133276
0.08427169,0.044908535,-0.01895899,-0.014780704,0.05576295
0.009522744,0.048374437,0.16699907,0.15855506,0.07106532
0.052871693,0.08383615,0.0473489,0.1256398,0.040440995
-0.01749421,-0.010577936,-0.022495214,-0.08304574,-0.031102488
0.010210574,-0.045451343,0.04868847,-0.16345796,-0.09664172
-0.034038216,-0.11639845,0.0047566732,-0.09431034,-0.1081184
0.10462885,0.049024872,0.0013148189,-0.05367414,0.008749712
0.00071490556,0.036996484,-0.0044608843,-0.029793348,-0.07470587
-0.033762924,-0.028479058,-0.016579797,-0.02748007,0.007375488
0.016246453,-0.17024706,-0.018672748,-0.14983487,-0.060569614
-0.08420818,-0.010985622,-0.026604392,-0.017863812,0.08604595
-0.015183435,-0.049062315,-0.17615256,-0.11290224,-0.12934771
0.10313484,-0.07850654,-0.08350042,-0.1991271,-0.13143095
0.08523176,0.07312925,0.12074896,0.012456821,0.18596388
0.05093675,-0.011846164,-0.10012144,-0.14222267,-0.14553836
0.112888224,0.08042817,0.032253627,0.08965398,-0.052518398
0.0033553885,0.02813606,-0.040828418,0.017838817,-0.059874628
0.1004067,0.0889537,0.120666295,0.025308475,0.06697771
0.13142595,-0.019403439,-0.02937238,-0.12845895,-0.03542953
0.031583607,0.027378336,0.057788752,-0.036524653,-0.025188342
-0.064828485,-0.10533023,-0.20740563,-0.06534696,-0.15875317
-0.16704011,-0.15668033,-0.23542659,-0.14104846,-0.2473239
-0.0049947277,-0.00147036,-0.078520544,-0.045988396,0.04416237
0.011703894,0.07868972,-0.030222706,0.018322391,0.0333394
0.062425733,0.012263283,-0.002492249,-0.01048653,-0.041932274
-0.018585628,0.005379446,-0.07731142,-0.04921958,-0.13558853
0.030382268,0.03614398,0.06823075,0.07471533,-0.0087450165
-0.011126911,0.017764645,-0.08265817,-0.07023569,-0.046544485
0.04013405,0.058008485,-0.018430704,0.002494405,0.0035804808
-0.0061124815,0.030208265,-0.01855594,-0.12487577,-0.047279395
0.041843995,0.063378304,0.008287022,0.0010527484,-0.024012633
