Care,Fairness,Loyalty,Authority,Sanctity
Harm,Cheating,Betrayal,Subversion,Degradation
-0.019369867,-0.037152726,-0.065099224,-0.019962583,-0.028008338
0.04482369,0.049348608,0.07703717,-0.0005408628,0.061554607
0.07487598,0.028409157,0.028225213,-0.06907907,-0.055244856
0.09411195,0.052579824,0.06496102,0.0014856048,0.08911167
0.054735664,-0.008978993,0.018780287,-0.060265575,0.033754237
-0.012912997,-0.07616551,-0.10204907,-0.08855497,-0.081239924
-0.028421745,-0.02822809,0.076359615,0.0589955,-0.09222388
0.033092592,-0.06177638,-0.02151296,0.02037893,0.03208386
0.058037702,0.03127596,0.082513414,-0.07028285,-0.009516768
0.05170797,-0.00030932575,0.04238619,0.022810806,-0.028725516
-0.0012131925,0.045278,0.051563993,0.030004948,0.028750958
0.05476608,0.025549784,-0.016245458,-0.040765423,0.023121517
0.038997844,0.041911382,-0.009211959,-0.0117289685,-0.04247579
-0.018157352,-0.11202438,0.032647464,-0.050566554,-0.018897738
0.042642504,0.010151479,0.14237472,0.079147786,-0.04432437
0.098171696,0.008806948,0.14372304,-0.022006936,0.0026409356
0.023993956,0.018274505,0.052241657,-0.021811275,-0.017161097
0.01222564,-0.034502953,-0.004562774,-0.017039586,-0.032476265
0.08381109,0.020729382,0.053937666,-0.039098524,-0.046938255
0.12816265,0.09598223,0.053788386,-0.045851883,0.03778676
0.10886898,0.0015776418,0.09042184,-0.00027747452,0.08999342
0.061344475,-0.060717497,0.049434297,-0.04809792,-0.10563189
0.0958314,0.09143691,0.02413875,-0.0036962926,0.10610856
0.07759872,0.029900867,0.07521586,0.011463429,-0.047884837
0.086388126,0.0027970765,0.03703573,-0.034424312,0.0074075935
0.077686585,-0.0021959413,0.09553545,0.018627927,0.056997824
0.025376318,0.053969644,0.05113136,0.011399213,0.04372003
0.03675618,0.006021332,0.020981202,-0.002629823,0.027434807
-0.026568921,0.01181284,0.06180378,0.03410625,-0.00034656376
0.0348783,0.03937199,0.062113844,-0.022347871,-0.047352485
0.08977115,0.05136986,0.056784537,-0.008081593,0.0066839755
0.07578872,0.03565441,0.0462163,-0.022703601,-0.028504971
-0.027425665,0.071828745,0.07809088,0.03881533,-0.058631446
-0.0235463,0.003268483,0.032158695,0.016549123,-0.044549614
0.0654581,0.021633834,0.059346385,-0.026114732,-0.024671944
-0.022664215,-0.082651794,-0.022100732,-0.12393494,-0.07871638
-0.022602677,-0.0678277,-0.021537974,-0.056447025,-0.02821561
0.15730655,0.08163072,0.11200164,-0.024181819,0.11484477
