Care,Fairness,Loyalty,Authority,Sanctity
Harm,Cheating,Betrayal,Subversion,Degradation
-0.04621259,0.025129333,0.014911659,-0.013059411,-0.118573315
0.108734235,0.1832933,0.11363744,0.09713188,0.15141997
-0.07324678,-0.025447626,-0.06717438,-0.13787891,-0.04793974
-0.0012918497,0.06441367,0.14639157,0.022906272,-0.061903484
-0.14763537,-0.041484773,-0.02769633,-0.052480213,-0.16847509
-0.10432181,0.031528704,0.049589198,-0.0074002035,-0.058466278
0.007171818,0.0014074082,-0.067739576,-0.098709404,-0.14053285
-0.0700452,-0.05526988,-0.08294291,-0.0641246,-0.082063235
0.028120335,-0.00979485,-0.07684073,-0.06736523,-0.046636462
-0.050249137,0.013450546,0.05614925,-0.0008297232,-0.016336301
0.019543048,0.0017913328,0.03718072,-0.07938092,-0.0374813
-0.0047341115,-0.024994398,0.014890267,-0.046974074,-0.14817742
-0.024016723,-0.013580919,0.02468963,0.012913399,-0.09988001
-0.12186698,-0.0146267135,-0.029766947,-0.069056645,-0.1502423
-0.12690961,-0.023541989,-0.06140606,-0.07250141,-0.24821831
0.03068152,0.1280666,0.020895336,0.040014684,0.009892895
-0.0019269306,0.08158961,0.09453939,0.057003044,-0.036951438
-0.1211236,-0.012787184,-0.00036594924,-0.022950893,-0.15933803
0.13087243,0.05512208,0.099234074,0.031056387,0.027155958
0.06389402,0.038954496,0.09157358,0.026166918,0.024488503
-0.0096814,0.031184029,-0.0658061,-0.06891281,-0.120664164
0.035505727,0.02655014,0.040611126,0.04299694,0.032961056
0.05501703,0.039427493,-0.0031072204,0.01951768,0.023036502
-0.027252361,-0.0041791573,0.00025592372,0.021501139,-0.065118834
0.05877254,0.047789812,0.14048699,0.15190622,-0.019158278
