Care,Fairness,Loyalty,Authority,Sanctity
Harm,Cheating,Betrayal,Subversion,Degradation
0.08224775,0.00784928,-0.09510186,-0.033298157,-0.02209161
0.037390262,-0.030672986,-0.13968965,-0.121313244,-0.12691954
0.009334314,-0.015365577,-0.005660314,-0.010245492,-0.0022018906
-0.09256151,-0.049888283,-0.16261211,-0.114302635,-0.18849039
0.07068573,-0.0040550325,0.0066954847,0.023670781,0.0029943697
0.115972206,0.018381417,0.04292674,0.021346513,0.04864722
0.030068789,-0.038173046,-0.0064213956,-0.07312828,0.023556013
0.0721358,-0.044976443,-0.005602509,0.056026585,0.0067194365
0.044560436,-0.05224307,-0.08596648,-0.06679679,-0.10219811
0.12743974,0.07553896,0.091589905,0.008934304,0.03591741
-0.035323933,-0.007909228,-0.02491913,0.007024455,-0.112031266
0.14416143,0.053178217,0.23612247,0.11603663,0.06202133
0.056673862,0.04253177,0.022222972,0.020407766,-0.06686409
0.06182264,-0.04340382,-0.09801993,-0.033961754,-0.09916327
-0.07008187,-0.047446456,-0.056654897,-0.07087378,-0.01712532
-0.011967994,-0.0061497986,-0.046545904,-0.060972035,-0.09470631
0.06997283,-0.008411343,0.060014956,0.001532563,-0.060424015
-0.066411406,-0.054230094,-0.04736139,-0.055308674,-0.19321054
-0.037539646,-0.050002135,-0.17326419,-0.10136078,-0.03332798
0.091823414,-0.030616857,0.07066326,0.047066882,-0.0020048637
0.036941208,-0.012351494,-0.04410621,-0.021299906,-0.12878917
-0.16144297,-0.09731904,-0.17724633,-0.15152338,-0.23032257
0.07166767,0.009640329,0.076526865,0.06507717,-0.041703954
0.033130948,-0.013404228,-0.0055491887,0.008383347,-0.040820688
