Care,Fairness,Loyalty,Authority,Sanctity
Harm,Cheating,Betrayal,Subversion,Degradation
-0.04245184,0.017242149,0.029733978,0.05895253,-0.044263296
-0.0089273,-0.09221248,-0.09747662,-0.12690353,-0.11660065
0.039724294,0.05876185,0.004954842,-0.05576018,0.018947268
0.005951233,-0.015009286,0.054454923,0.06078092,0.065632746
0.01875587,-0.08106176,-0.06405377,-0.024247814,0.0026202593
0.08680718,0.036221676,0.036356516,0.024390142,-0.0385138
0.028469438,-0.060073867,-0.06150417,-0.0030658953,-0.096646115
0.08775039,0.056003857,0.074716486,0.06750875,0.038004003
-0.005556738,0.023869239,-0.03257521,-0.054257836,-0.015718907
-0.055691887,-0.031782817,-0.075945325,-0.10712096,-0.023914725
0.079650074,0.08341464,0.08241072,0.016869746,-0.039078742
0.0022989847,0.0007525962,0.037437614,0.015876155,-0.010996167
0.010358907,0.025639374,-0.0032500634,-0.058449283,-0.055247236
0.054402895,0.069208555,0.03711183,-0.020134114,0.0015589725
-0.013143338,-0.0024946053,0.0003112713,-0.035878703,-0.07254858
0.02516093,0.02764212,-0.033911765,-0.04271525,-0.061050758
0.0053560566,0.08685182,0.037258487,-0.046407226,-0.05459724
0.15412173,0.090534315,0.12201037,0.071802065,0.14462093
0.08444728,-0.09065336,-0.03447033,-0.0302644,-0.0085151335
0.053085864,0.103293,0.0034249579,-0.11766735,-0.0691576
0.031162754,-0.09873804,-0.10014523,-0.0865691,-0.0017564408
0.016286273,-0.043947533,-0.0047641266,-0.05195373,-0.07301748
0.046567023,0.039904956,0.008709654,-0.035100386,0.01030549
-0.06928114,-0.13074857,-0.009011652,-0.028887797,-0.10547272
-0.057582356,-0.0127164945,-0.076272875,-0.04015377,-0.06213397
0.0029204432,0.05467993,0.06470601,0.06670201,0.017512007
0.039431714,0.1066061,0.088482484,-0.030574411,0.050488025
0.09348692,-0.047535773,-0.03207265,-0.06755112,-0.10384922
0.13089806,0.04882271,0.28787613,0.15942314,0.0756036
-0.0540466,-0.007913426,-0.048551846,-0.064389415,-0.06445511
0.09861725,-0.0036003087,0.05109758,0.026650492,0.05767867
0.048144843,-0.0923503,-0.008391432,-0.019308105,-0.06858945
0.06321535,0.05459094,0.054773644,0.029807048,-0.036288187
0.027889173,-0.00079051964,-0.05388862,-0.02123747,-0.07159109
-0.049154848,0.036091994,-0.0017207898,-0.06442833,-0.06123015
