Care,Fairness,Loyalty,Authority,Sanctity
Harm,Cheating,Betrayal,Subversion,Degradation
-0.080524445,0.029680025,-0.06607555,0.067509174,-0.01353614
0.022100404,0.0816858,0.032001335,0.081438154,-0.03636027
0.0079411175,0.05919343,0.0133114,-0.008587489,0.026038598
0.12197609,0.11395561,0.05972163,0.12376575,0.1522879
-0.0019571632,0.11674894,0.04272329,0.07918164,0.07204369
-0.019656241,0.09439039,0.09701139,0.039703235,0.00096293166
0.12010959,0.086676724,0.19761617,0.1099692,0.025578147
-0.1012042,-0.044837393,-0.13232112,-0.124901295,-0.17701873
-0.042524118,0.13541274,0.008331284,0.05188304,-0.049533237
-0.13422862,-0.052008025,-0.11244923,-0.109853014,-0.19430673
-0.0027837893,0.03258136,-0.039629877,-0.04304306,-0.13599604
-0.072398104,-0.041479208,-0.04017371,-0.050092377,-0.12049925
0.036580537,-0.088214,-0.16263893,-0.07721474,-0.08133645
0.031323034,0.016450338,0.08374545,0.018980743,-0.0073244125
0.033866525,-0.012279944,-0.09267236,-0.07469618,-0.081913576
0.10448853,0.04954037,0.10488108,0.008685791,-0.015199751
-0.015824843,0.0774326,0.04305697,-0.03127258,-0.057648346
-0.08006781,0.038932253,-0.10802643,-0.065535784,0.0058860853
0.038261794,0.053063482,0.07567503,0.09291625,-0.012803872
-0.05843611,-0.069675855,-0.061590426,-0.027740983,0.04595879
-0.03556854,0.07864144,0.040081196,0.022729125,0.001635246
0.04058934,-0.0351532,0.013075248,0.047404166,-0.004067082
