Care,Fairness,Loyalty,Authority,Sanctity
Harm,Cheating,Betrayal,Subversion,Degradation
0.044676818,0.04550211,-0.057853997,-0.042223062,-0.06007783
-0.0028712228,0.026717031,0.004726165,-0.06214404,-0.05296588
0.0006209444,0.023110906,0.027537081,0.010967918,0.0027652308
0.02000214,0.017209671,0.019811846,0.049753167,-0.02562995
-0.056046896,-0.009365194,-0.033321794,-0.05765573,-0.09017078
-0.0031637843,-0.0020625237,-0.042471103,0.012887906,-0.0054726703
-0.046467125,-0.038214542,-0.09425771,-0.16188738,-0.12637457
0.018364167,-0.008062411,-0.06460758,-0.006365817,-0.062766634
0.0646018,0.03173586,0.0075196694,-0.017215136,-0.04787992
0.11873759,0.13629359,0.18367511,0.0667302,0.14370653
-0.06884967,0.03425783,-0.05025665,-0.07484379,-0.12773374
-0.08365567,0.040375635,-0.0426263,-0.057872064,-0.11601146
-0.058326945,0.0043347217,-0.086204454,-0.10867824,-0.11474424
