Care,Fairness,Loyalty,Authority,Sanctity
Harm,Cheating,Betrayal,Subversion,Degradation
0.0037879795,0.05813628,-0.035204373,-0.011026963,0.014802363
0.1311751,0.040786646,0.12209785,0.08282712,0.08085663
-0.031640157,0.041882895,-0.024395354,-0.058106378,-0.06667166
0.026148506,-0.05347749,-0.020913204,-0.078943744,-0.1451773
0.009042365,-0.059369374,-0.025470424,0.012313401,-0.016940687
0.121501535,0.00656995,0.1010897,0.09684005,0.110140175
0.042907164,0.0696291,-0.00095096976,-0.039539836,0.05336982
0.075011775,0.08651212,0.19910896,0.10924991,0.051541783
0.08166295,0.09029135,0.12246603,-0.0038649947,0.005913008
-0.024686718,-0.051456224,-0.086475395,-0.10925381,-0.0497825
-0.026514767,-0.08321345,-0.031923383,-0.007141278,-0.21276188
-0.02985875,0.063188724,0.049646616,-0.041094117,-0.015217126
0.10203977,0.085856505,0.09895568,0.07605891,0.024230232
0.049302753,0.043984905,0.12900896,-0.020081747,0.05537416
0.078376904,-0.0025867745,0.09770271,0.023796985,0.013214063
-0.038165964,0.01756015,0.004725404,-0.0075721107,-0.0391799
-0.04124971,-0.05099213,-0.0015529711,-0.041157473,-0.04364662
0.025276292,0.02988651,0.0988698,0.009983357,0.008770176
0.06524873,-0.009632605,0.02688678,-0.0054138936,0.0061971555
-0.02606936,-0.004115236,-0.024374366,-0.10530643,-0.090000555
0.04313369,0.08631199,0.08427249,0.014313797,-0.0519993
-0.0036933394,0.029826611,-0.0054644877,-0.006455738,-0.13535944
-0.056407988,-0.011859896,-0.018638521,-0.12208513,-0.0316709
-0.006057863,-0.059791695,-0.017123923,-0.021271069,-0.062432073
-0.042757515,-0.018253556,-0.07540332,-0.050944645,-0.14584118
0.042985294,0.04779982,0.12367681,0.02520356,-0.033207744
-0.07875855,-0.19491696,-0.10043385,-0.050653227,-0.0864553
-0.026019022,0.011544573,0.021468448,-0.0028002523,-0.020594072
0.027168225,0.059170492,0.03420917,0.0454927,-0.122346476
0.067850366,0.07048643,0.040344015,-0.01658582,-0.08497645
0.015876751,-0.043455623,0.015680324,-0.00037444755,0.0124839535
0.014258858,0.034645926,0.059685633,-0.022729613,-0.10112289
0.03581819,0.020537747,0.055225533,-0.027433168,-0.08722884
-0.040472984,-0.008735985,-0.040829927,-0.058469072,-0.18204658
0.08218003,0.081538804,0.07572693,-0.07368896,-0.021142388
