Care,Fairness,Loyalty,Authority,Sanctity
Harm,Cheating,Betrayal,Subversion,Degradation
-0.027015783,-0.17224047,-0.1253559,-0.09985932,-0.13730511
-0.003543267,-0.014323315,0.09320994,0.027752414,-0.017554328
-0.067635514,-0.06383021,-0.088454664,-0.10477547,-0.07175225
-0.0029667746,-0.040804196,0.006960173,0.09171808,-0.0046052784
-0.0035611591,0.116254315,0.107820205,0.02956758,-0.007328355
-0.11517015,-0.052635603,-0.05427918,-0.101117656,-0.11182135
-0.18123643,-0.12717877,-0.07441573,-0.1098838,-0.1134648
-0.05155993,-0.032744735,0.0139626525,0.020232506,0.0074969903
-0.03247866,-0.05822596,-0.03184636,-0.08527864,-0.0888301
-0.09021339,-0.090374015,-0.035305817,0.013217898,-0.09431462
-0.0030040462,0.012875218,0.06391251,0.0038095163,0.042386685
-0.0020187497,-0.01747299,0.059336584,-0.024200866,-0.06558325
-0.066711865,-0.011298366,0.049921848,0.08869171,-0.0069724647
0.043890163,0.07240676,0.080727555,0.079713374,0.00217277
-0.14027216,0.11396808,0.15515353,0.11619864,0.058882102
-0.11735681,-0.1399396,-0.13851026,-0.047360063,-0.17825747
