Care,Fairness,Loyalty,Authority,Sanctity
Harm,Cheating,Betrayal,Subversion,Degradation
0.0065954546,-0.0040365644,-0.052838273,-0.074061126,-0.08945492
-0.043216053,0.0964656,0.10917784,0.11304152,-0.0007291157
0.027551312,0.04059139,0.045402274,-0.016111664,-0.045847747
0.011927874,0.05209915,-0.021631362,-0.036901094,-0.08341528
0.07044373,0.0726563,0.047637515,0.00077102706,0.023480747
0.015202696,0.060369246,0.023243092,-0.043605275,-0.06323453
0.045816235,0.073501356,0.06991088,0.08838557,0.0062652137
0.0702912,0.074071854,0.09599302,0.042435117,0.025118522
0.08419773,0.031144788,0.09166084,0.017437376,0.036149576
0.030206712,0.09466787,0.03660485,-0.001662836,-0.05585952
0.028820958,0.12245779,-0.015091028,0.015349294,-0.07025607
0.005284233,0.043457706,0.012557492,0.04037486,-0.069982335
-0.008348067,0.13494015,0.10882724,0.06270473,-0.013096802
0.09081488,0.059685096,0.036568224,0.016334543,0.058388952
0.013370403,0.093062565,0.0063905995,-0.032682963,-0.075208165
0.055904638,0.07070259,0.10495655,0.029056445,0.083073005
0.02683887,0.066260286,-0.030029953,-0.0478211,-0.014247613
