Care,Fairness,Loyalty,Authority,Sanctity
Harm,Cheating,Betrayal,Subversion,Degradation
0.021174256,0.013433717,0.06058302,0.060571663,-0.017837225
0.03333935,-0.08779395,-0.016080923,-0.05389809,-0.1752123
0.09442336,-0.005084887,0.044748534,-0.07006798,-0.13156189
0.02850046,0.016259197,-0.0559688,-0.10827893,-0.15985544
0.104045644,-0.0691389,0.024729941,-0.032383602,-0.06760468
0.069759056,0.018275544,0.0034323372,-0.047336772,-0.043640662
0.04171653,-0.06508501,0.072197475,0.024550263,-0.062136248
-0.0028557144,-0.054372158,1.3678335e-05,-0.009622742,0.063248485
0.0033080764,0.0065925363,0.06251744,-0.046824846,-0.009828231
0.0041706664,0.03722439,0.062256746,0.032678016,-0.05384192
0.016090747,0.02513876,0.048761785,0.055574104,-0.052930575
-0.0379996,0.0012925044,0.032096706,-0.028048646,-0.019840278
0.06529753,-0.010101053,0.07293024,0.028785238,0.037864693
0.012363579,-0.06362065,-0.02187416,-0.011015384,-0.017685238
0.11652844,-0.054471307,0.0034979181,0.021962821,-0.057500783
0.050062846,0.041479576,0.06155015,0.059632525,0.008249165
0.17553073,-0.0021197293,0.04435318,-0.034746494,-0.019531347
0.008291269,-0.034019087,0.038294,-0.01628836,-0.1503222
-0.014318813,0.017897233,0.08395064,0.054962933,0.025319878
-0.07481231,-0.016492669,-0.04856641,0.01971,0.014070836
0.14362824,0.008892867,0.05639351,-0.03902391,-0.024025127
-0.01074644,0.0021612504,0.04956228,0.09536636,-0.056268543
-0.05579323,-0.09013474,0.070185825,-0.026130358,-0.037264004
0.03398177,0.032739125,0.15258199,0.13979958,0.065919384
-0.04849463,-0.012580987,0.007496137,-0.033133365,-0.05032804
-0.013514771,0.024064213,0.022636496,0.10442866,-0.03906133
0.000219848,0.006029212,0.048801698,0.06037059,0.07077059
0.091514066,0.0229307,0.20572406,0.12682077,0.010761043
0.10845406,-0.003861378,0.032839987,0.07355591,0.025773888
0.093789004,0.025975108,0.0919628,0.020006364,0.023172682
0.07526748,0.0752379,0.1585252,0.08069721,0.12881397
-0.018306933,-0.02643636,0.10561088,0.03859038,-0.010843879
-0.041538477,0.010630915,0.068200395,0.08911806,-0.08926907
-0.029448653,-0.025241457,0.0030801538,0.022631455,-0.13781261
-0.057779446,0.0050182464,-0.006917931,0.03680086,-0.10794545
0.06192362,0.07220979,0.025309622,0.028953195,-0.08467151
-0.017957982,0.0019357298,0.009474006,0.03419738,-0.059781753
-0.051092174,0.026041083,-0.015533076,0.042692684,-0.030793784
-0.01054326,-0.020904945,0.0533437,0.04226319,-0.06251525
