Care,Fairness,Loyalty,Authority,Sanctity
Harm,Cheating,Betrayal,Subversion,Degradation
0.05582908,0.015111407,-0.0881848,0.049600843,-0.03225597
0.01760839,0.0017117057,-0.032028425,-0.029966041,0.04686541
0.11453046,0.036669746,0.028046735,0.021333504,0.07358876
0.025118664,-0.043258168,0.009478122,-0.055950366,-0.0063271374
0.011964723,0.050617166,0.030110363,0.044947393,0.053278547
-0.02158463,0.050657608,-0.0107259825,-0.033704475,-0.07513946
0.05647657,0.105687894,0.046848506,0.022935439,0.0060494076
-0.007864373,-0.009618655,-0.023003213,-0.08017058,-0.03976648
0.039859463,0.041052677,0.07818458,0.018901866,0.022679918
-0.10787173,-0.08564504,-0.091925025,-0.1110279,-0.17664239
7.6215714e-05,-0.07753345,-0.057459157,-0.092025205,-0.123451024
0.06408781,-0.009548577,0.015776537,-0.073949836,-0.042820312
0.051677227,-0.024620472,-0.014157088,-0.08645985,-0.05611633
0.014184876,-0.07334782,-0.03425517,-0.07329495,-0.032962665
-0.044229127,-0.010176277,-0.094581485,-0.0729526,0.017635254
0.10503942,-0.04320827,0.025903106,-0.022993602,0.111074984
0.12903634,0.0974258,0.019369582,0.010227185,-0.044822425
0.10982937,-0.0010683257,0.08706569,0.04239495,-0.097018935
0.046096385,0.04069122,0.05938696,0.053969942,-0.010052515
0.054649338,0.021608587,-0.098563366,0.018910417,-0.029576728
0.123415805,0.07078685,0.08884917,0.12950121,0.09144084
-0.0047625564,0.012147015,0.019762874,-0.035157394,-0.037189458
