Care,Fairness,Loyalty,Authority,Sanctity
Harm,Cheating,Betrayal,Subversion,Degradation
0.08817196,0.02392384,-0.07279752,-0.08473786,-0.03502568
0.061490342,0.078802064,0.033088826,-0.017492672,0.033005666
-0.0068157744,0.0013845824,-0.04487825,-0.07846947,-0.06822641
0.046091158,-0.002764782,-0.074243784,-0.04285406,0.010874493
0.08267541,0.020657407,0.05607222,0.002987518,-0.055659503
0.08457995,0.023400271,-0.00312882,0.0308627,0.029173395
0.08497617,-0.0044600014,0.0071922895,0.027019802,0.010553714
0.0064809816,-0.09410502,-0.083118156,-0.09516506,-0.15337294
0.055997573,0.03128489,0.031592477,-0.026631065,-0.056935944
0.09735868,0.012220538,0.06947242,-0.00013147388,0.030965522
0.079050034,0.08283693,-0.021803083,-0.03179165,-0.014364075
-0.0049673347,0.025855094,-0.08336106,-0.092270195,-0.13446943
-0.039231177,0.0015996639,-0.0020579118,-0.020498838,-0.077174805
0.046408854,-0.037719492,-0.035025526,-0.020352129,-0.03438165
0.044750128,0.0036766585,0.0115908645,-0.0070046727,-0.029676545
0.05151941,0.034130223,-0.009821065,0.054174237,-0.041029584
0.0690645,0.025339404,0.026510809,0.040620103,0.023794092
-0.0036557298,0.0074596526,-0.004081935,0.058323145,-0.02571132
0.12609828,0.012361215,0.000988964,-0.0026139524,0.05289162
0.044092115,0.004626193,0.017415598,0.015451042,0.047099773
0.040819116,0.018439535,-0.009846443,-0.069376804,-0.0100442525
