Care,Fairness,Loyalty,Authority,Sanctity
Harm,Cheating,Betrayal,Subversion,Degradation
-0.052394696,0.008077614,-0.08909322,-0.08564808,-0.08192678
0.06423042,0.032855563,-0.019409528,-0.039302066,-0.053226877
0.10869746,0.047631428,0.026086254,0.04346451,-0.04479298
0.06807262,0.12718569,0.05840735,0.05008788,0.0064389315
0.100068524,0.13835381,0.04131656,-0.005913755,-0.027332926
0.09426272,-0.041458566,-0.15469958,-0.1318571,-0.16074646
0.11192283,-0.02965877,-0.0657395,0.005841993,0.001374986
0.047986634,0.06384688,0.010982584,-0.038980767,-0.008564679
-0.039119218,0.03551133,-0.03673147,-0.014097512,-0.1132581
0.052872673,-0.014119927,-0.036374573,-0.014066071,0.0140186865
-0.015312566,0.013298046,-0.11402488,-0.08782588,-0.03746669
0.051129095,0.020034011,-0.0025895257,-0.023322899,-0.023047946
0.0029823352,0.010301165,0.016702522,-0.07214487,-0.0401815
-0.060169384,0.01085143,-0.07980879,-0.029923648,-0.18967055
-0.008662526,0.08293665,0.070616335,-0.015174083,-0.09538298
0.038589746,0.010777559,-0.049249467,0.002646261,-0.01797549
-0.005083912,-0.012828015,-0.091666706,-0.019629408,-0.035577808
-0.0017862897,-0.014142875,-0.1037161,-0.016857533,-0.20755287
0.026995238,0.061612036,0.023663998,0.03704083,-0.08359973
0.053395316,-0.07315403,-0.0054398235,-0.04409405,-0.03010947
0.04673315,0.06298657,0.06352139,0.06763078,-0.0032994077
0.03385143,0.12706158,0.05262407,0.03337918,-0.020937255
0.037539095,0.07908706,0.072230294,-0.005958163,-0.0090534035
-0.032899506,0.018276768,-0.06537285,-0.03861031,-0.038950056
-0.005868151,-0.0006197449,0.010581501,-0.009905401,0.0034214836
0.022509392,0.014534883,-0.02684293,-0.10134385,-0.1002686
0.05958761,0.019859988,0.03958209,0.025441037,-0.0034275837
-0.036662593,-0.034685533,-0.13316159,-0.09519124,-0.043270476
0.10292591,0.095157005,0.16140728,0.1014725,-0.034655847
0.10664696,0.046311222,0.039711617,0.01720642,-0.023304328
0.015862938,0.07416728,0.09834519,-0.041168448,-0.009669549
0.107641935,0.14463165,0.21084066,0.17364039,0.098601274
0.12888557,0.07621302,0.14203736,0.028492752,-0.018875849
0.05022054,0.068974495,-0.040342808,-0.041598167,0.046162408
