Care,Fairness,Loyalty,Authority,Sanctity
Harm,Cheating,Betrayal,Subversion,Degradation
-0.06460202,-0.041134167,-0.10710235,-0.035695784,-0.08973245
-0.010512465,-0.0053779325,0.02587412,0.029057588,-0.05470532
0.13617781,0.09964595,0.13866451,0.06380597,0.09581318
-0.070979945,-0.09542905,-0.14808649,-0.09079231,-0.095899336
0.0016393419,0.029581677,0.04217563,-0.051975857,-0.060026713
-0.0778421,-0.067449056,-0.0778085,-0.01369244,-0.061427332
-0.033818137,0.029306643,-0.012684624,-0.0633888,-0.006032197
0.018370833,0.08062968,0.15809382,0.08335156,0.05323083
-0.031988677,-0.09898257,-0.049216446,-0.015510287,-0.025014387
0.009923967,0.0049116,-0.05587089,-0.046120577,-0.10095145
-0.043185048,-0.036483716,-0.048434258,-0.03462887,-0.06529858
-0.032424096,0.061212145,-0.010371097,0.013178417,0.030038385
-0.1887047,-0.03533441,-0.10293429,-0.12675546,-0.18586959
-0.03792131,-0.07624002,-0.06897774,-0.073821194,-0.15454191
-0.028526789,-0.09023233,-0.06791514,-0.0053035393,-0.064543284
0.081570834,0.10804108,0.10503337,0.070969895,0.05224106
-0.074718416,-0.01582541,-0.024860635,-0.06931059,-0.015575614
0.035968058,-0.0037844246,0.07018062,-0.10545612,-0.06332283
0.05874725,0.05895334,0.058089305,-0.016082577,0.06812748
-0.058788333,-0.060452435,-0.11203267,-0.06420313,-0.085143924
0.06662118,0.0594263,0.06184856,0.042146146,0.0059929453
0.0273758,0.016026689,0.009291578,-0.042775564,-0.038266316
0.028294645,0.0138616245,0.01197863,-0.03561896,-0.1423
-0.03279885,-0.08891469,-0.089330316,-0.07747875,-0.1564323
0.05338381,0.0039361743,-0.016115956,-0.075092375,-0.13378455
0.047755133,0.013409338,0.027174056,0.032724623,-0.054787643
-0.037101466,-0.0013267398,0.060575705,0.009197306,0.016340569
-0.0030793706,0.018486997,0.0661803,0.034998864,0.08306286
-0.09370895,-0.07991446,-0.012071051,-0.021534897,-0.05952312
0.01560891,0.06732562,0.018076895,-0.11059997,-0.0590018
-0.14263956,-0.1532263,-0.16714779,-0.11687318,-0.19831857
-0.01649476,-0.008910021,-0.05783597,-0.04205731,-0.033919573
0.017186834,0.041627876,0.0005005142,-0.028963484,-0.03657815
