Care,Fairness,Loyalty,Authority,Sanctity
Harm,Cheating,Betrayal,Subversion,Degradation
-0.03484108,-0.095452465,-0.15677652,-0.047722727,-0.08324555
-0.006373374,-0.19832684,-0.17758502,-0.16244116,-0.026790023
0.012853291,0.070694536,-0.000674583,0.10383024,0.13423178
-0.030334506,0.033223238,-0.10997006,-0.010751057,-0.2008362
-0.10334576,-0.112879984,-0.16885501,-0.09147386,-0.16771924
-0.038994264,-0.17404601,-0.21408278,-0.17578027,-0.038647644
0.067350164,0.013605888,0.012534048,0.083766766,0.14136411
-0.04213429,-0.082732596,-0.14290504,-0.03519873,-0.1184035
-0.06826936,-0.105171785,-0.17306875,-0.14322689,-0.07830992
-0.06088007,0.095324196,0.044992425,0.116064996,0.024331147
-0.033051994,-0.009906242,-0.10627819,-0.017681042,-0.031033393
-0.11889531,-0.20802808,-0.18582208,-0.085705504,-0.05868914
