Care,Fairness,Loyalty,Authority,Sanctity
Harm,Cheating,Betrayal,Subversion,Degradation
0.05513743,0.0067470595,0.0071433242,-0.03819017,-0.11316781
0.10055733,0.039284308,0.08707535,0.01104016,-0.07062705
-0.036368452,-0.043246925,-0.15044068,-0.15216675,-0.2059416
0.0059833336,0.011247166,0.0030283723,-0.092228025,-0.046731997
0.01779087,0.0062793614,-0.0023602583,-0.031332493,-0.05198563
0.05914962,0.053493254,0.07104942,0.071369395,-0.005416573
0.013581986,0.008352251,0.043168772,-0.019229725,-0.11766037
-0.04899887,-0.021842858,-0.017650247,-0.0044574253,-0.16389233
-0.08589773,-0.0030262284,-0.07396579,-0.086309806,-0.17379099
0.034866787,0.05236319,0.046162333,-0.051072594,-0.07841495
0.0070719304,0.08312754,0.01868894,-0.0023589935,-0.05439434
0.053743556,0.021735614,0.046558473,-0.024824757,-0.061100684
-0.083297685,-0.042855024,-0.03569835,-0.070245504,-0.16902646
0.1013578,0.0522195,0.0014658794,-0.10403885,-0.040235102
0.026166597,0.04296983,0.041448787,0.029270314,-0.03181911
0.086963624,0.018424204,0.04398869,-0.0020623663,0.032799453
0.029737039,0.06343754,0.08621073,0.07101926,0.012241226
0.09410677,0.0017879875,0.05033955,-0.0060515366,0.037335165
0.06319302,0.06077463,0.057228897,-0.03246108,-0.12300484
0.06835773,-0.005701756,-0.0067018084,-0.05824951,-0.03589253
0.06746592,-0.029193431,0.05851889,-0.02003976,0.015750922
0.018980138,-0.046385236,-0.012101546,-0.04559347,-0.1207222
0.04063288,-0.070444964,0.00065723155,-0.017439589,-0.055714007
0.07161459,0.09910322,0.07464403,0.0050821993,-0.14430618
