Care,Fairness,Loyalty,Authority,Sanctity
Harm,Cheating,Betrayal,Subversion,Degradation
-0.06023596,-0.010030178,-0.10136417,-0.15289198,-0.0067444444
-0.0057312488,-0.013121284,-0.18610641,-0.13490811,-0.1491135
-0.10981639,-0.11044166,-0.17143628,-0.098610274,-0.22249039
0.05141446,0.06345049,-0.023341786,-0.0026326627,0.07182185
-0.006077285,-0.011354275,-0.18395564,-0.14943416,-0.09184392
-0.057519607,-0.03548834,-0.119757056,-0.14221808,-0.09924546
-0.030467775,-0.08944083,-0.12966862,-0.0722067,-0.07206329
-0.061594374,-0.10174095,-0.18054336,-0.13870466,-0.11259258
-0.03911148,-0.05196266,-0.07308839,0.024467109,-0.07416431
-0.1415537,-0.017164636,-0.101999044,-0.044780485,-0.085928276
-0.019025266,-0.023368463,-0.061041888,-0.0006368272,0.00046928972
-0.14106499,-0.08538546,-0.19659272,-0.18568395,-0.16116244
0.002905989,0.055400606,0.007827981,0.047451183,0.14891726
-0.11799666,-0.0073507726,-0.09832238,-0.00858766,-0.14120775
-0.112776116,-0.0011963472,-0.14677472,-0.1426323,-0.16204882
0.020090546,-0.034235314,-0.06141611,-0.0493993,-0.0055421367
-0.07486554,-0.053808898,-0.09024654,-0.03207452,-0.17669007
0.062401447,0.082172066,0.23344651,0.21456572,0.06787953
-0.1032528,0.06423505,0.11387013,0.112481974,0.0098110065
0.0036947,-0.05035606,-0.11407693,-0.031331852,-0.05830354
-0.0054605887,0.040801093,-0.05440216,0.04619333,-0.002693016
-0.01871302,0.053164802,-0.03941494,-0.010575734,0.04446078
0.033535156,-0.049889334,-0.08893132,0.05666876,-0.049100798
-0.1464628,-0.015126634,-0.15603998,-0.10727289,-0.09930183
0.015076645,-0.025091916,-0.104117416,-0.011172723,-0.00912863
-0.1147971,-0.11394417,-0.19920245,-0.15835848,-0.110299386
0.00516586,-0.0116143,0.12098785,0.04139282,0.04661073
-0.04296319,-0.10684671,-0.08268576,-0.09936336,-0.06863849
0.0032662777,0.08119877,0.060923547,0.09831087,0.060492635
0.004770008,0.07232125,0.045353614,0.015205562,0.013750242
0.022380218,0.029633766,0.0033772625,-0.03562779,-0.043895025
-0.1162653,-0.01715304,-0.11128701,-0.10455379,-0.12815976
-0.031159017,0.02754671,-0.053073797,-0.07157031,-0.1373741
