Care,Fairness,Loyalty,Authority,Sanctity
Harm,Cheating,Betrayal,Subversion,Degradation
-0.09342024,-0.025634207,-0.10063847,-0.10462196,-0.10955314
0.042846292,0.0624156,0.047663786,0.040360123,0.03775605
-0.08258963,0.04087647,0.0123013,-0.12371383,-0.03696897
-0.06253831,-0.015077729,-0.11769113,-0.098767295,-0.12113934
-0.026135283,0.08510306,0.00391051,-0.032548014,-0.018030725
-0.019421736,0.024362061,-0.045099106,-0.031628706,-0.056870632
0.0024408877,0.008029442,-0.07101128,-0.03412542,-0.09863696
0.09769049,0.12076693,0.090699926,0.047210794,0.052666437
-0.11845915,0.0004884489,-0.12092796,-0.124331586,-0.048724104
-0.05462575,-0.018005801,-0.045737065,-0.06388378,-0.055303797
-0.02207875,-0.07190128,-0.089342505,-0.045223866,-0.09829719
0.03830612,0.059489638,0.03021697,-0.020394092,0.0020090174
-0.06048738,0.0019044019,-0.041095704,-0.08347279,-0.035460122
-0.001269063,0.013595536,-0.024990626,-0.038801022,-0.08537719
0.08540952,0.0032229107,0.0008670436,-0.04582514,-0.09928839
0.08512664,0.043831833,0.11713754,0.18007535,0.12698728
-0.01934541,0.03443235,-0.0014671152,0.0570224,0.06310879
0.030801684,0.011557795,0.009160778,0.053960133,0.0152901905
-0.051658925,0.053044748,-0.0018680952,0.03218433,0.04754978
0.018547798,0.08607301,0.16482362,0.08700019,0.0830974
0.00038116798,-0.018670954,-0.0041562645,-0.0048215296,-0.036446307
-0.07234403,-0.006388666,-0.109681174,-0.10245615,-0.1588742
