Care,Fairness,Loyalty,Authority,Sanctity
Harm,Cheating,Betrayal,Subversion,Degradation
-0.052240614,0.0062293187,-0.05010683,-0.051207907,-0.07463164
0.024178885,0.02056971,0.001819618,-0.06798798,-0.077614196
-0.023980536,0.03607196,-0.009598506,-0.035594292,-0.08626109
-0.10565248,-0.004310292,-0.031668972,0.0002273717,-0.15392365
0.007415305,0.08541706,-0.04414642,-0.0931171,-0.106482625
0.10170701,0.05513125,0.14822349,0.0067164837,0.02298956
0.12539348,0.063673876,0.12682499,0.04580035,0.07002349
0.04912765,0.009635175,0.0408972,0.013462832,0.03164822
-0.024913173,0.0017886031,-0.04399835,-0.0031759674,-0.11749423
0.035056487,0.0008563353,-0.057586506,-0.008396462,-0.020178128
0.078724355,-0.019661948,0.16462809,0.0067120134,-0.012094803
-0.13408247,0.06271584,-0.076493144,-0.034110848,-0.15490785
0.12467697,0.028803777,0.06497165,0.10441291,0.061281644
0.074451074,-0.02100352,0.057181068,0.063758895,0.05397701
0.068110675,0.011010846,0.021516668,-0.013989082,-0.08446364
0.017267603,0.008673763,-0.008085599,0.026009304,-0.020437185
0.046080235,-0.014935223,0.051657423,0.07359447,0.015338961
0.06771834,0.05611041,0.006115863,0.041720554,0.052280776
0.09876633,-0.020197518,-0.031143896,-0.08532734,0.0037169773
-0.0020674416,0.00217111,-0.005691386,-0.009385035,-0.09397663
