Care,Fairness,Loyalty,Authority,Sanctity
Harm,Cheating,Betrayal,Subversion,Degradation
-0.007936449,0.042925,0.07348899,0.009098824,-0.0830508
0.0015647318,0.040723808,0.0031420346,0.052780535,-0.107648276
0.05508702,0.01402442,0.013184308,-0.0047587696,-0.060030364
0.04188337,-0.024662847,-0.02053777,-0.036777318,-0.023440449
0.087550625,0.07057457,0.1414855,0.023142431,0.11056096
0.02262196,0.07584515,0.030087305,-0.07627021,-0.025872253
0.028534673,0.09319871,0.023604605,0.036163412,-0.025488136
0.06623362,-0.109877236,-0.04066035,-0.033356648,-0.055311587
0.0847927,0.082209535,0.13720584,0.028858177,0.08725943
-0.0018338105,0.041733433,0.08547279,0.037930902,-0.088815145
0.024578443,0.029111989,0.020186331,-0.039782055,-0.08101152
-0.00065323524,-0.029004062,0.03362202,0.047021955,0.016302811
0.08582303,0.10413814,0.14161763,0.12288799,0.02203641
-0.011558043,0.034112904,0.031933494,0.0038205236,-0.052617557
