Care,Fairness,Loyalty,Authority,Sanctity
Harm,Cheating,Betrayal,Subversion,Degradation
-0.023352716,0.02089315,-0.028763283,0.030964661,-0.1210368
-0.10908422,-0.024227383,-0.07334781,-0.03714811,-0.13014916
-0.014927637,-0.08355242,-0.047687825,-0.07120738,-0.074417464
0.079455346,0.0038460232,0.047892965,0.056378536,-0.07981251
-0.04882628,-0.050822236,-0.022370959,-0.06617679,-0.071783796
-0.0509433,-0.019918734,-0.07170893,-0.008113133,-0.09316312
0.059772562,0.08954723,0.04409097,0.03265124,-0.0019352811
-0.050266184,0.08993755,0.031169295,0.013874356,0.011634591
0.06637694,0.0073694214,0.09783186,0.11454589,0.05723075
-0.16165292,-0.117604285,-0.21157682,-0.12045623,-0.22790383
0.111262746,0.0018081572,-0.044134025,-0.010665864,-0.008652614
-0.03138844,0.028763583,-0.056254536,-0.025408603,-0.0948879
-0.07338281,-0.008260866,0.034689263,-0.021186464,-0.15742566
-0.16976446,-0.13028829,-0.09862306,0.009482006,-0.09371691
0.027289469,0.1704483,0.10953099,0.08857489,0.009130472
-0.012123143,0.042718086,0.074996755,0.02884392,0.0394518
-0.03505399,0.030447498,-0.072506495,-0.08421185,-0.19983575
0.021147009,0.03750336,-0.020527976,-0.00561361,-0.06850098
-0.09483719,0.020695625,-0.009872299,0.009828127,-0.09809691
-0.043549772,-0.0075293444,-0.11066185,-0.014141364,-0.097827695
-0.11873084,-0.02790258,-0.073943384,-0.025725767,-0.1353279
-0.09213096,-0.06860636,-0.07613841,-0.032414302,-0.1582594
-0.024428777,-0.015845453,-0.08309986,-0.051671505,-0.1477752
-0.09577164,-0.015964229,-0.11844887,-0.119691245,-0.20373797
-0.13203578,-0.025546022,-0.086048916,-0.06953577,-0.13484544
0.05427134,0.09677127,0.034246128,0.110076405,0.05218915
0.03482212,0.079059154,0.07298754,0.105782524,0.031536344
0.02907218,0.090820506,0.081811294,0.11484528,0.046365634
-0.008968529,0.08124435,0.03774531,-0.05133417,-0.010865565
0.030738058,0.039374705,-0.084146105,-0.050931618,-0.001740966
0.02948014,0.021436369,-0.031613514,-0.026715774,-0.073752515
-0.0919358,0.03246808,-0.029439215,-0.03127633,0.010847824
0.10055713,0.018840697,0.019971037,-0.017496571,-0.010130132
0.027908122,0.074198425,0.08690322,0.06766307,-0.035367124
0.011835506,0.013104521,-0.108771175,-0.068063796,-0.05372656
0.07530582,0.036473498,0.015318088,0.059953734,0.104451805
0.10520767,0.040982068,-0.015732603,-0.009211982,-0.009793795
0.0012822419,0.13473392,0.04765902,0.027074046,0.011771649
