Care,Fairness,Loyalty,Authority,Sanctity
Harm,Cheating,Betrayal,Subversion,Degradation
-0.062123336,-0.0029733684,-0.041315135,-0.0672469,-0.15106037
-0.067410335,-0.0015143678,-0.05479114,-0.07282758,-0.20450604
0.0060659554,0.025280412,-0.0041392916,0.00084328186,-0.052447557
-0.12466821,-0.029004693,-0.020049524,-0.08357609,-0.17016092
-0.014472811,0.029540602,-0.01553059,-0.023686238,-0.12258731
0.04006992,-0.009991333,-0.05530463,-0.13307944,-0.09617208
0.017324898,0.113858625,0.09286044,0.03916698,0.00095329806
-0.039813295,0.09765732,0.08509326,0.05952333,-0.0005482333
0.009772572,0.10028584,0.05113768,0.045710884,0.0401143
-0.10078605,0.020004254,-0.063990995,0.008437958,-0.10105529
-0.057283886,-0.04738849,-0.1543707,-0.1552133,-0.22035411
0.004951506,-0.016081177,-0.08856039,-0.039673544,-0.19856909
0.12548923,0.15250802,0.07439343,0.055883233,0.029443344
0.096424416,0.031453256,-0.051203616,0.013278285,0.09170838
0.036062486,0.052057974,0.07108383,0.004159024,-0.012790823
0.07628071,0.08173107,0.047646835,-0.052264884,-0.15022492
