Care,Fairness,Loyalty,Authority,Sanctity
Harm,Cheating,Betrayal,Subversion,Degradation
-0.0021952738,-0.0036744075,-0.061639577,-0.052350707,0.0013266653
-0.030240059,-0.034920987,0.02752601,-0.027622843,-0.030485492
0.007003627,-0.00031295605,-0.027897669,-0.09247126,0.007690383
0.028238794,0.045922343,-0.005037315,-0.0058232713,-0.0058822734
0.10419844,0.16425449,0.090361,0.051671833,0.06684424
0.057963744,0.057971258,0.118001506,0.0040831044,0.07595703
0.0027266648,0.05535435,0.04107627,-0.06627336,-0.0037846556
0.0028010067,-0.024803028,-0.035301253,-0.011356173,0.0020647123
-0.009469408,-0.10597265,-0.17213401,-0.13462639,-0.17380714
0.0089281835,-0.044832498,0.05186263,-0.0352212,-0.09945958
-0.0095928125,0.04172861,-0.04967075,-0.119663626,-0.13625121
0.0142268725,3.9569102e-05,0.03940899,0.0044628847,-0.10515998
-0.028151078,-0.044655897,-0.14259401,-0.06781965,-0.12276514
0.08432128,0.06314497,0.028990313,-0.080596104,-0.050269566
0.07879649,0.05699807,0.03630267,-0.025345048,-0.041000374
-0.033632472,0.008924747,-0.041732945,-0.10692053,-0.08778961
-0.06954773,-0.050416265,-0.12761196,-0.10766868,-0.25459868
-0.039840996,-0.10968247,-0.15804991,-0.16674265,-0.18576175
-0.01574347,-0.025816886,-0.054086775,-0.095358625,-0.08620475
0.0100137,0.032674395,0.16355798,0.06845317,-0.0006337082
-0.016948413,-0.003417939,0.04400662,0.034384318,0.00636515
0.071627796,0.047742415,0.08579883,0.06623481,-0.0021255314
-0.03373716,0.005860694,-0.039822526,-0.022493154,-0.078522794
0.070634775,0.02784362,0.20822176,0.057616502,0.053805586
-0.063179485,-0.07466905,-0.08813703,-0.18458712,-0.18627074
0.009273898,0.07558885,0.0055445656,-0.0074913697,-0.0069850693
