Care,Fairness,Loyalty,Authority,Sanctity
Harm,Cheating,Betrayal,Subversion,Degradation
0.015518163,0.02962636,-0.033942834,0.04158344,-0.034096476
0.047256768,-0.00018067285,-0.010005893,-0.02362787,-0.043534413
0.01359635,0.011827912,-0.005388069,-0.008689342,-0.038209844
0.016268041,-0.019509615,-0.075616665,-0.024395369,0.0069957636
-0.132911,-0.026758932,-0.061718293,-0.062095005,-0.21096697
0.04035951,-0.011068875,-0.01135443,0.026901273,-0.02788067
0.008121122,0.068801135,0.03525906,0.014612972,-0.0028830934
0.089589134,-0.016865209,0.0036441702,-0.020052724,-0.019595796
0.054189786,-0.008973426,0.0148979025,0.0030891905,-0.020448167
0.0728576,0.005670253,0.038440727,0.049023077,-0.05029945
0.014898986,0.058711994,0.0031386362,0.044638798,0.037988104
-0.029714117,0.036719214,-0.05398175,-0.101734534,0.004628985
0.03252793,0.015054696,0.13830999,0.047423143,0.011531696
0.115203835,0.048073504,0.039298274,-0.026431523,0.016169902
0.01359863,0.068883836,0.005659201,0.057914406,0.030229954
0.017947122,0.05221581,0.07280536,0.12530664,0.02109134
0.056712933,0.06761631,0.11358958,0.104759395,0.06311046
-0.04661373,0.021049524,-0.11806672,-0.14786913,-0.07683953
-0.07424698,0.062006336,-0.09077996,-0.10648738,-0.03805431
-0.056411706,0.11636048,0.14065589,0.06255458,-0.018266382
