Care,Fairness,Loyalty,Authority,Sanctity
Harm,Cheating,Betrayal,Subversion,Degradation
0.015986852,-0.00992595,-0.039556872,-0.03970571,-0.07383655
0.021843024,0.029866103,0.034690753,-0.021053568,-0.012536293
0.04883454,0.02942724,0.069727466,0.029801738,0.03932846
-0.10468681,-0.124468446,-0.13490154,-0.06121134,-0.114219144
-0.04806762,-0.03168831,-0.041945845,-0.005152693,-0.08947541
-0.106642514,0.06731629,0.040624,-0.020134626,-0.10991958
0.06250681,0.03967315,0.054256655,0.034548048,0.026726479
0.10026807,0.04865738,0.19238088,0.067313924,0.06546809
0.10082313,-0.017425697,-0.08651811,-0.07900694,-0.042675465
-0.05463414,-0.018012892,0.004837364,-0.05111484,-0.120954715
-0.00019658543,0.043329537,0.03102502,0.029010795,-0.11661168
0.053304695,0.1457105,0.055389475,0.070605025,-0.040469423
0.044358842,0.073968,0.09249775,0.013261795,0.016958097
0.0040312726,0.048415437,0.028361544,-0.036021195,-0.05725612
-0.01811045,0.047760077,0.01052562,0.013555853,-0.045925707
0.045560285,-0.05042319,0.08830559,-0.024076656,-0.003917194
0.06869682,0.08146669,0.041547343,0.026925638,-0.04444035
-0.051104803,0.094031975,0.026601309,0.08593275,-0.04954858
0.086471885,0.051513627,0.068346314,0.04208614,0.0049677687
-0.033121917,0.07495352,0.027147176,0.0024597757,-0.023037536
0.009546676,-0.010488644,0.043410514,0.004719553,-0.12285517
0.011448194,-0.079141006,0.053639263,-0.031014213,-0.06474179
-0.091837026,0.027398305,-0.05755853,-0.07237089,-0.07161338
0.004363429,0.024117958,0.043286853,0.033362787,-0.019422581
0.12301892,0.0049864985,0.18777257,0.102039814,0.17120758
-0.030926831,0.0054420605,-0.083246015,-0.079563595,-0.12111467
-0.03452488,-0.05685035,-0.025693648,-0.0855708,-0.11964299
