Care,Fairness,Loyalty,Authority,Sanctity
Harm,Cheating,Betrayal,Subversion,Degradation
-0.07556309,0.020527646,-0.113888726,-0.047975056,-0.14252236
-0.07046069,0.05461613,-0.0437841,-0.05510634,-0.1318766
0.00031260354,0.007548056,-0.015074177,-0.013665477,-0.009559201
-0.027897079,-0.010732917,-0.07582986,-0.074276336,-0.1291593
-0.013265384,0.06182171,-0.016777318,0.00034032576,0.035382774
-0.060789257,-0.034639277,-0.048231043,-0.016012043,-0.008890353
0.094525695,0.05557303,0.0009948425,-0.04193757,0.014542682
0.0042798175,-0.0805556,-0.12962237,-0.15679973,-0.07739042
-0.13898605,-0.09976614,-0.18497431,-0.10389767,-0.1563289
-0.013479899,0.048549518,-0.0011683367,-0.011328734,0.033740878
-0.06030721,-0.018512888,-0.14668384,-0.12022258,-0.05595673
-0.20991065,-0.0759278,-0.16825089,-0.1359897,-0.12848899
-0.083622254,-0.057597794,-0.02740263,0.0121914,-0.09443413
0.03254457,-0.098695315,-0.13350026,-0.03445483,-0.0336219
-0.0005534766,-0.013305173,-0.04774142,-0.034206532,-0.04511946
0.054073364,-0.008125944,0.029263556,0.11458418,0.11028454
-0.053691342,0.0040705362,-0.044497043,0.009685919,-0.0049857274
-0.02982535,0.04187755,-0.017709281,-0.10623574,0.006332848
0.005535896,0.033904754,-0.04566668,-0.046013016,0.014730131
-0.12088306,-0.061906397,-0.19459172,-0.17288664,-0.14291793
-0.08758991,-0.02216265,-0.09335713,-0.053357698,-0.08438164
-0.04871043,0.036779813,-0.12364085,-0.0020379499,-0.0335162
-0.057329882,0.058622263,-0.04336471,-0.101040974,-0.07550651
-0.040253226,0.0134782605,-0.097650774,-0.033615336,-0.036357347
