Care,Fairness,Loyalty,Authority,Sanctity
Harm,Cheating,Betrayal,Subversion,Degradation
-0.096642315,0.0497795,-0.05030818,-0.0858008,-0.10548286
-0.029195415,-0.047501415,-0.111397915,-0.11397428,-0.1327833
-0.1032332,0.0053899176,-0.07157639,0.067593865,0.102235064
-0.09701784,-0.09553159,-0.13466108,-0.12433148,-0.14197312
-0.03721331,-0.02961579,-0.08982451,-0.123781055,-0.10532501
-0.12882505,-0.00597967,-0.11955016,-0.09111922,-0.12688768
-0.1657034,-0.107699424,-0.12870829,-0.046344616,-0.038679086
-0.061160892,-0.00081537664,-0.054003995,0.0028595105,0.04073721
0.11087954,-0.0065625524,0.05554463,-0.00955398,0.009797326
-0.068364136,-0.13022575,-0.12967905,-0.08260321,-0.05209379
-0.0030384548,-0.009409883,-0.01310084,0.010566595,-0.033249233
-0.1282405,-0.10429364,-0.10458526,-0.005020559,0.0015785117
-0.017562645,-0.052364353,0.012666531,-0.102987744,-0.07228154
-0.033929437,-0.018683106,-0.10063955,-0.027148658,-0.052904233
0.046242207,-0.016465817,-0.012893007,-0.026371986,-0.0927469
-0.021628458,0.008471545,-0.061958194,0.050189383,0.054183096
-0.016303625,0.025732156,-0.03887119,-0.060481336,-0.074380614
-0.10997976,-0.0019883178,-0.026495501,-0.0013424531,0.056844924
-0.09293558,-0.11566468,-0.21936612,-0.09550032,-0.0049666576
-0.16979605,-0.07707065,-0.22351009,-0.076335296,-0.09568755
