Care,Fairness,Loyalty,Authority,Sanctity
Harm,Cheating,Betrayal,Subversion,Degradation
-0.035232693,0.058002073,-0.019015282,0.035573117,0.0069173854
0.01754268,0.08151898,0.05347582,0.024408728,-0.015909135
-0.04677493,-0.00044436753,-0.0010921601,-0.076861486,0.02729179
-0.09233644,0.009935077,0.0078154,-0.04022343,-0.03067233
0.045184515,0.041470427,0.11568241,0.012216102,-0.026712133
0.03801409,-0.0369502,0.003206742,0.0030551432,-0.018643722
-0.039277118,0.06940393,0.02605279,0.05638831,-0.0739701
-0.046301506,0.024315244,-0.04908091,0.00062405504,0.018567853
0.005329797,0.024799827,0.050530158,0.08424458,-0.035110526
-0.0577752,-0.016673494,-0.015865263,-0.064749345,-0.0989562
-0.022402644,0.011766344,0.0049712006,0.05078655,-0.04884831
-0.025621967,0.088923275,-0.030162688,0.04470764,-0.04651657
0.04146938,0.10439274,0.1219769,0.026519526,0.03837324
0.048218664,0.18207753,0.08287117,0.02533045,-0.04528568
0.09188206,0.09314969,0.11605928,0.109378986,0.068199895
0.0396438,-0.0662304,-0.013114193,-0.00016095489,0.021275606
0.06849711,0.035872947,0.090484455,0.052736316,0.021388154
0.1323903,0.122773185,0.052927356,0.09197956,0.1007956
0.041216522,0.050790716,0.033615466,0.024553724,-0.02504713
0.08620645,0.16033775,0.06695715,0.1392383,0.06934927
-0.033285856,0.040259894,-0.021651533,-0.013375428,0.014221165
-0.09333582,-0.12552916,-0.16856432,-0.14716119,-0.07847943
-0.023369273,-0.0659521,-0.06293779,-0.0342043,0.017446522
-0.04244739,-0.004615698,-0.028335916,-0.0026165545,-0.08438853
-0.06249126,0.027809959,0.04233418,0.0147546455,0.007279014
-0.0044109034,0.04545109,-0.041074086,-0.07921255,-0.16183609
