Care,Fairness,Loyalty,Authority,Sanctity
Harm,Cheating,Betrayal,Subversion,Degradation
-0.11473824,-0.06625481,-0.178733,-0.10466533,-0.092571214
-0.051253397,-0.028837595,-0.08255414,0.035540953,-0.045407355
-0.05802634,-0.09107467,-0.07778884,-0.0655532,-0.081147045
-0.18587235,-0.0246646,-0.1644021,-0.053684928,0.011922824
-0.068401754,-0.057067208,-0.064004816,-0.013533356,-0.06916461
-0.054509237,-0.07730328,0.026112394,-0.030520426,-0.09224381
-0.06090298,-0.10213275,-0.08372019,-0.02637412,-0.0048483163
-0.10997458,0.007052103,-0.11664006,-0.062181443,-0.09590823
0.07339676,0.061482925,0.107204646,0.037921347,0.068910114
0.069723465,0.063813284,0.041890644,0.014653835,0.019043464
0.017603908,0.06820311,0.046706013,-0.027139295,0.03719896
-0.02630255,-0.050622232,-0.027514923,-0.015958864,-0.05128007
0.07671893,0.0049525276,0.05084908,-0.0023998497,0.041543264
-0.03591328,-0.045759816,-0.003594283,0.043642677,-0.059920378
-0.048160948,-0.062394455,-0.08603501,-0.030607842,-0.056139983
0.049568005,0.0602416,-0.048486322,0.011747126,0.04858801
