Care,Fairness,Loyalty,Authority,Sanctity
Harm,Cheating,Betrayal,Subversion,Degradation
-0.007161135,0.018180775,-0.057023495,-0.064372346,-0.053960696
-0.026916772,0.021849543,-0.050936982,-0.04254715,-0.10012642
-0.03471364,0.014384711,0.029437613,0.016834695,-0.06684877
-0.031193875,-0.06827743,-0.031679362,-0.05309321,-0.0039346293
-0.08076208,-0.13762951,-0.119600505,-0.11691471,-0.17229068
-0.07249214,-0.007035277,-0.1027448,-0.062843025,-0.10794016
0.055539533,0.029879507,0.07039357,0.037859812,0.07019564
-0.09927339,-0.016887141,-0.08535594,-0.113625035,-0.10120685
0.049563102,-0.018891992,-0.022169538,-0.04875332,-0.041159876
-0.015287945,0.009367671,0.019200213,-0.024562424,-0.02545692
0.024669379,0.04409203,0.028288107,-0.010933425,-0.03637114
-0.09025031,-0.016721997,-0.090732224,-0.084629394,-0.09392737
0.004093877,0.02333153,-0.07899397,-0.055380635,-0.005212156
0.026895203,-0.043078933,-0.07598473,-0.0802519,-0.016756142
0.016862553,-0.030203689,0.0343442,-0.029947234,-0.064288706
0.061546534,-0.008446118,0.07103114,-0.0017216103,0.017893374
0.013105683,0.01775491,-0.025179332,-0.02159133,-0.035100304
0.03556012,-0.0949028,-0.097534604,-0.09465337,-0.027572453
0.027861431,0.016954482,-0.05826494,0.040537123,0.032067597
0.008000654,0.040799703,-0.023212608,0.026709992,0.033554733
-0.085157186,-0.027345765,-0.09947899,-0.015036019,-0.11180444
0.015218047,-0.023605656,-0.1105351,-0.066228025,0.043756112
0.074107,-0.031367246,-0.02185113,-0.057684723,-0.049909446
0.014925826,-0.065320104,-0.11090959,-0.19201177,-0.060985185
0.015878813,-0.0013122177,-0.0353138,-0.07034231,-0.055879492
0.08835142,0.032204933,0.07392563,0.045848656,-0.0036521507
