Care,Fairness,Loyalty,Authority,Sanctity
Harm,Cheating,Betrayal,Subversion,Degradation
0.025095217,0.057456106,-0.0008354541,0.035001874,-0.033523887
0.038751684,0.07973233,0.008891205,0.005077734,-0.10651968
0.063787684,0.043418325,0.04473677,-0.006393321,0.029509269
-0.12714307,0.0017009098,-0.063619696,-0.032269478,-0.06443384
0.016081303,0.060112134,0.012924591,0.009230578,-0.022370916
0.036963627,0.054089423,0.048919037,-0.068205304,0.010649031
0.08419614,0.11760457,0.08053084,0.04137613,-0.03170581
0.03470603,-0.0038348362,0.06850939,-0.01730011,-0.07120045
-0.009928618,0.14459577,-0.033462703,0.025396667,-0.019864421
