Care,Fairness,Loyalty,Authority,Sanctity
Harm,Cheating,Betrayal,Subversion,Degradation
-0.047568932,0.04871019,-0.08528245,0.017278254,0.0004411973
-0.03404846,-0.019488458,-0.036804173,0.011460524,0.010848915
-0.18060412,-0.0016272739,-0.054708503,-0.0834433,-0.110547796
-0.030039478,-0.024033204,0.012285391,0.008696044,0.003585142
-0.039027944,0.058199964,-0.051125504,0.03712314,0.029682323
-0.19200446,-0.068608366,-0.14024565,-0.11860381,-0.02009426
-0.15905672,0.021914642,-0.13339257,-0.12782496,-0.03561247
-0.089894965,0.022337452,-0.044654436,-0.09651812,0.047692254
-0.08582258,0.025136983,-0.071526185,-0.011042502,-0.0014768839
-0.045836538,0.052598692,0.009488257,0.035095602,0.048888218
0.02534591,-0.021109108,0.031324595,0.053812075,-0.10531257
-0.079236776,-0.047044627,0.016039338,-0.04239851,-0.14851543
0.01140908,-0.02999742,0.044118002,-0.04707733,-0.044498175
-0.04511783,0.31862718,0.07968037,0.031703483,0.16280906
0.08316139,0.23046023,0.13897789,0.08528747,0.065182455
-0.042045478,0.15613358,-0.01878936,0.013641428,0.046697482
-0.09533948,0.033580095,-0.054078188,0.05840874,0.049582697
-0.1114402,-0.12708224,-0.14704522,-0.094495304,0.079516545
-0.15216288,0.014907964,-0.0429236,0.03981714,0.06799481
