Care,Fairness,Loyalty,Authority,Sanctity
Harm,Cheating,Betrayal,Subversion,Degradation
-0.03916067,0.01605396,-0.07151134,-0.10780914,-0.14444387
-0.056575906,-0.01965557,-0.028843507,-0.031465963,-0.09732956
0.0008674185,0.055151787,0.029923122,0.061020754,-0.026869455
-0.109769285,-0.055553745,-0.15011965,-0.14561765,-0.050012574
0.049437143,-0.02753139,-0.01686921,-0.076308474,0.036886804
-0.04965484,-0.02222827,-0.03850559,0.030054351,-0.066034466
-0.11128312,-0.03389936,-0.10476151,-0.08213226,-0.14140752
-0.100826666,0.045576237,-0.07396661,-0.07634255,-0.07245306
-0.16555756,-0.069042444,-0.108740404,-0.09381121,-0.14260365
-0.03014421,-0.0031951908,-0.040499702,-0.010718251,-0.12313489
-0.028267635,0.0091849025,-0.017317448,-0.020168444,-0.090873644
0.011669526,0.006394597,-0.058223616,-0.044316173,-0.14845264
0.011965452,0.059016857,0.13274568,0.14846502,0.0027052015
0.100160256,0.071836814,0.23393327,0.13428119,0.18886027
0.06636331,0.07090352,0.12176645,0.09398414,0.034141906
-0.02840321,0.00404159,-0.0701939,0.06342286,0.0054967897
