Care,Fairness,Loyalty,Authority,Sanctity
Harm,Cheating,Betrayal,Subversion,Degradation
-0.0017478764,0.023123583,-0.04843477,-0.006040283,0.0062518287
-0.051642753,0.011714129,0.052620117,0.034717172,-0.011035264
-0.18228272,-0.033740513,0.0016267765,0.0101923905,-0.13611601
-0.011896614,-0.018468771,0.03775697,0.04911972,0.013020942
0.03571395,0.00011470169,-0.020588923,-0.11467578,-0.012780871
-0.01618051,-0.10666798,-0.06323584,-0.10038031,-0.107394844
0.010101813,0.10538503,0.12189685,0.06271709,-0.006783913
0.02154294,0.022054028,0.08496304,-0.0051031355,-0.0313283
-0.0046642963,0.018620744,-0.0026686173,-0.026145566,-0.028698757
0.06425239,0.06573986,0.120076045,0.11895455,0.017536182
-0.074792616,0.015959702,-0.0025422694,-0.08551596,-0.03769858
0.090956785,0.083713286,0.05682842,0.026272751,0.03334294
0.011616884,-0.049288783,-0.085533604,0.027608436,0.09281802
-0.16261186,-0.083195135,-0.105584994,-0.040821355,-0.10248498
-0.00959315,0.009399001,-0.09926955,-0.008905288,0.0120468205
-0.0295333,-0.016059859,-0.03728213,-0.03987623,0.0054585356
-0.04881902,0.096236765,0.17888811,0.09323512,0.06245559
-0.052943654,0.08056882,-0.0252093,-0.006432797,-0.032886006
