Care,Fairness,Loyalty,Authority,Sanctity
Harm,Cheating,Betrayal,Subversion,Degradation
0.012811099,-0.00789541,-0.0576751,-0.037241254,-0.102847844
0.0048729395,-0.038329888,-0.09732415,-0.025142001,-0.07714687
-0.037854146,0.035966117,-0.027208913,0.00036895275,-0.043148927
-0.024930736,0.015970355,0.007623179,-0.068204075,-0.046270035
-0.0193952,-0.13646188,-0.19287673,-0.15876564,-0.08096189
0.002013538,-0.014202191,-0.10261603,-0.114512764,-0.12161331
-0.013176088,-0.025615703,-0.035245553,-0.034065742,-0.03874933
-0.03835927,0.042244613,0.04925438,0.055130567,-0.026087657
-0.007623408,-0.0040996224,-0.104488775,-0.1428044,-0.037735563
0.015768765,0.011695264,0.005036197,-0.041580282,-0.1091851
0.051079236,0.0058330474,-0.030772539,-0.056778174,-0.022119751
-0.016297255,-0.03243259,-0.057583597,-0.04712954,-0.12699065
0.024583757,-0.032669827,-0.019893471,-0.095622584,-0.0056700073
0.07668181,0.049453344,0.055886693,0.06555777,0.028635891
-0.0480007,-0.064330965,-0.023257736,-0.06425229,-0.063028306
0.06212784,0.029592957,0.062092096,-0.0130012855,0.086233504
-0.044227697,0.016013946,-0.057211146,-0.07640708,-0.060527895
0.0028318763,0.0020365864,0.06598631,0.007771294,0.008192371
0.009200279,0.024765342,-0.033002384,-0.06176427,0.027160946
-0.0066978177,0.0034036115,0.0833047,-0.00063692965,0.027496677
0.016343586,0.05776187,0.034901164,0.06462232,-0.089170486
0.048292667,-0.026065387,-0.022456238,-0.06572069,0.055602957
0.030827237,-0.055116206,-0.019010656,-0.054095846,0.020964386
-0.014234142,-0.04100328,-0.12042135,-0.10225891,-0.13837966
0.040302668,0.008594607,0.013406074,-0.044917237,-0.011883303
