Care,Fairness,Loyalty,Authority,Sanctity
Harm,Cheating,Betrayal,Subversion,Degradation
-0.038930215,-0.07893741,-0.10418525,-0.07042174,-0.070553154
0.019752294,0.029340055,-0.05367013,-0.016176738,0.021754762
-0.17163567,-0.04825691,-0.11009568,-0.057043478,-0.010581391
-0.037096426,-0.08591786,-0.019584361,-0.035052754,-0.075508945
0.02722082,0.050184034,0.046103593,0.021053383,0.049562156
0.026239332,0.00026328675,-0.0013508913,0.02002149,-0.054343402
0.026239332,0.00026328675,-0.0013508913,0.02002149,-0.054343402
-0.13023554,-0.08944133,-0.09873885,-0.021466319,-0.03480968
-0.060650256,0.07560362,-0.078300506,-0.11668724,-0.15259047
-0.11414321,-0.098884895,-0.10592871,-0.10739194,-0.041184902
-0.023824478,-0.10935821,-0.1631894,-0.09137399,-0.124541365
-0.07390731,-0.04221916,-0.087247685,-0.06463494,-0.019305496
0.11774297,0.047475778,0.012220064,-0.0013021016,0.0014608242
-0.005606773,-0.0038164612,0.022053637,0.038332976,-0.015574175
-0.08968933,-0.017374724,-0.090095624,-0.103451096,0.02641438
0.069319025,0.097082876,0.030046625,0.07906122,0.065252416
-0.08106354,-0.014286455,-0.09755619,-0.08903506,0.044776578
-0.026182186,-0.12544468,-0.030698482,-0.049855422,0.08090795
-0.13891533,-0.092179775,-0.12757525,-0.121570416,-0.095160365
0.018973615,0.042544793,-0.025571432,-0.025843935,0.015203027
0.032859474,0.019492261,0.026256451,-0.02696906,0.068364054
