Care,Fairness,Loyalty,Authority,Sanctity
Harm,Cheating,Betrayal,Subversion,Degradation
0.047837727,0.01861236,-0.013054809,-0.005230409,-0.08577458
-0.10760526,0.01521601,-0.068643525,-0.05226373,-0.13465448
-0.077654496,-0.07304028,-0.119120724,-0.07614705,-0.081056796
-0.027325915,0.03656023,-0.037760854,-0.018824976,-0.1308129
-0.04757935,-0.060480684,-0.12350186,-0.07383905,-0.07284427
-0.054232843,-0.102271006,-0.1576,-0.12390371,-0.210213
-0.13229394,-0.05757167,-0.14334266,-0.10979487,-0.101760834
-0.005069308,0.02058606,-0.017913684,-0.017402548,-0.056124844
0.0013126936,0.09056967,0.02189013,0.0042117983,0.016044639
0.02272033,0.025406264,-0.083447814,-0.084746405,0.008006688
-0.04240577,0.020904036,-0.09608019,-0.009716023,-0.06739734
-0.058656808,-0.07953215,-0.1577678,-0.05658813,-0.13981032
-0.0708458,0.04440116,-0.028583288,-0.05128011,-0.08579053
-0.12075597,0.052786194,-0.057370126,-0.0926328,-0.12167966
-0.023593899,-0.037160814,-0.101973675,-0.026053108,0.04480807
0.019859944,0.1511144,0.095811956,0.036250535,0.07770002
0.010046802,-0.03503537,-0.09022232,-0.04862484,-0.08908741
0.024447396,-0.0072496086,0.0050166473,-0.05331961,-0.048678286
0.016350918,0.0328761,0.01202881,0.00968943,-0.018060228
0.0034868037,0.0007461384,0.0044206614,-0.062904164,-0.037607457
0.0514274,-0.02604905,0.06958937,0.007202139,-0.05162453
0.052689098,-0.106873825,0.009323789,-0.04590575,0.017080907
0.03823986,-0.07998963,-0.0400941,-0.031649254,-0.014764646
0.009294342,0.017562723,-0.038427472,-0.08348587,-0.03884334
