Care,Fairness,Loyalty,Authority,Sanctity
Harm,Cheating,Betrayal,Subversion,Degradation
0.070029005,0.03429052,0.052455597,-0.022595761,-0.02928983
0.11161322,0.091302894,0.12749885,0.08240832,0.05017713
0.027204875,0.09988765,0.05863538,0.041922513,-0.03680624
0.08463998,0.046887103,0.098815456,0.041506227,0.04594899
-0.0024449714,0.00020514242,0.031470492,-0.028630093,-0.092901066
0.032432027,-0.051890135,0.019903967,-0.042389825,-0.024430191
0.009776432,-0.113873534,0.044007912,-0.021848068,-0.030717872
-0.046867523,-0.06870329,-0.13061513,-0.10266073,-0.12373706
0.057537396,-0.007846564,-0.042128973,0.0485354,0.0007402329
0.108484074,0.092992276,0.08300653,-0.00536675,-0.010781521
0.10487915,-0.01983436,-0.01924546,0.0943566,0.024295248
-0.04109752,0.053079,0.051167216,0.109972395,0.0075656306
0.045340754,0.07153675,0.07378329,0.020229675,-0.007912382
0.08379069,-0.026766557,0.014156604,-0.04699229,-0.0014706673
-0.058492288,0.02523521,-0.0032862537,0.06724764,-0.086985596
-0.04923518,-0.016667813,0.039799463,0.02627875,-0.09199439
0.09373626,0.073455594,0.17791787,0.14821285,0.11498605
0.06573971,0.024444286,-0.043397546,-0.071261816,-0.06585729
0.05102798,-0.032609604,-0.0313464,-0.035125762,-0.036808934
-0.02958331,-0.00028643198,-0.09623734,-0.0703026,-0.016506365
0.04995376,0.013232304,0.08193026,0.04156567,0.056183375
-0.06418736,-0.06870964,-0.0991203,-0.059721887,-0.05222944
-0.04779938,-0.03979223,-0.059766196,-0.106764585,-0.15635222
0.10593307,-0.07508214,0.049351208,0.004235795,0.029415777
0.032975294,-0.100798875,-0.00076171756,-0.04593407,-0.085142314
0.03708767,-0.050997686,-0.038520038,-0.08589568,-0.07168763
0.12508217,0.039820842,0.13116641,0.00523695,0.015084905
0.16056956,0.09961026,0.12714455,0.03103374,0.07128747
0.07411177,0.071579374,0.06969459,0.04747664,-0.002556418
-0.077053666,-0.010029421,-0.010538302,-0.026490547,-0.09464386
0.02455981,-0.042761557,0.028043864,0.01353964,-0.014983201
0.026541414,0.0094932765,-0.05848415,-0.014287403,-0.0033535566
0.099312276,-0.008676335,0.02036413,-0.029034762,-0.08550515
-0.013978205,0.029799078,0.062492512,0.04471131,0.004852021
0.13431725,0.00674673,0.06485528,-0.026090322,-0.05048883
0.037470296,0.03503506,0.041601222,-0.003189152,-0.10205638
-0.022809673,-0.036877792,-0.08939171,-0.039739087,-0.08353756
