Care,Fairness,Loyalty,Authority,Sanctity
Harm,Cheating,Betrayal,Subversion,Degradation
-0.045953542,0.10642667,-0.012086926,0.0032939943,-0.09406434
-0.030053813,0.04623914,-0.03446498,-0.09459455,0.015716676
-0.010015151,0.010366928,-0.011501856,0.0017517433,-0.08111396
0.0015016105,0.08818239,-0.01730209,0.06916531,0.02707489
0.052291356,0.112559006,0.115328975,0.09060621,0.014842374
0.026239315,0.00026326068,-0.0013509076,0.020021383,-0.054343395
0.026239315,0.00026326068,-0.0013509076,0.020021383,-0.054343395
0.027725557,0.091961905,0.15273024,0.04256567,0.05674068
-0.057523757,-0.05291909,-0.1326143,-0.13833481,-0.18423161
-0.038481735,-0.053801205,-0.07236089,-0.069417164,-0.13208619
-0.10347836,-0.1619514,-0.19606544,-0.16168045,-0.15004107
-0.01659129,0.09390867,-0.0045607127,0.0956773,0.05596552
0.05249372,0.111509405,0.03635946,0.10671113,-0.03518505
-0.011971127,0.07848312,-0.011329537,0.03328383,-0.062770344
-0.00975786,-0.004436722,0.10037781,0.078890406,0.007842396
0.08148744,0.0970035,0.10640631,0.10931377,-0.012433961
