Care,Fairness,Loyalty,Authority,Sanctity
Harm,Cheating,Betrayal,Subversion,Degradation
0.06405569,0.03157532,-0.015642744,0.03445597,0.027790297
0.028855357,-0.016170137,-0.055907894,0.009333938,-0.017309379
0.11335385,0.122201554,0.08547586,0.012535805,0.09825303
0.014027365,-0.0045371335,0.049254745,0.016659953,0.05974448
0.052059524,0.08656617,0.03609824,-0.035645593,0.043918233
0.028462727,0.0849952,0.13741028,0.03873003,0.09618085
0.11203524,0.09804903,0.071763635,0.01762598,0.07049684
0.07106605,0.09214572,0.023915803,0.006880823,0.05137681
-0.04105346,0.006096082,0.044679232,-0.03408534,-0.02825504
0.006206801,0.016105015,0.038143586,0.052390065,0.003999077
0.015116331,0.10552083,0.11974644,0.044512216,0.0038950294
0.08032271,-0.0010955222,0.09999483,0.037294336,0.060761735
0.09033589,0.073945835,0.07079096,0.08797452,0.042348906
-0.04296401,0.07037088,-0.07443623,-0.0083736405,-0.061195422
0.065276876,0.080164775,0.1236258,0.07496147,0.04179661
-0.020998167,0.013118088,-0.039213523,-0.0057633985,0.04288172
0.061250772,0.13330856,0.12886134,0.08463485,0.09473905
