Care,Fairness,Loyalty,Authority,Sanctity
Harm,Cheating,Betrayal,Subversion,Degradation
-0.007002689,0.00655126,-0.041966688,-0.12743646,-0.12140917
0.052730575,-0.006339987,-0.08301413,-0.1487878,-0.0857499
0.039188135,0.035519086,-0.028894275,-0.110713616,-0.007941943
0.008909231,-0.04783829,-0.11254779,-0.07562391,-0.055714007
-0.024769682,-0.06444362,-0.122567825,-0.06839434,-0.04075229
-0.004988577,-0.017718907,-0.13988139,-0.18441816,-0.12192833
-0.0159924,-0.05666638,0.011298228,-0.05398924,-0.0140797
0.0020059664,-0.0115694925,-0.043213546,-0.05939707,-0.04693742
0.023148429,0.03162591,-0.09842451,-0.11231032,-0.076912105
0.05934436,-0.11789858,-0.0703586,-0.043473326,-0.047933526
-0.022942135,-0.081845835,-0.118209295,-0.10489172,-0.06688061
-0.17775989,0.041639782,-0.062381838,-0.04279726,-0.0708042
-0.16257225,0.022375733,-0.05549162,-0.109465554,-0.15555355
-0.106220946,-0.060727555,-0.1697779,-0.2036442,-0.06793167
0.052440107,-0.027416423,-0.096977435,-0.05637663,-0.084255196
0.012422629,0.058453403,-0.09786899,-0.09948922,-0.07162742
0.023317654,-0.0030148178,-0.10487332,-0.105597064,-0.1284549
0.10343416,0.008491959,-0.026311085,-0.065875076,-0.03504231
0.008699575,0.049117193,0.008692904,-0.023536967,0.0067455154
0.015537368,-0.013274953,-0.053886227,-0.08780119,-0.099294215
0.042009506,-0.01667305,-0.040558457,-0.09983883,-0.07068473
-0.036292896,-0.055967115,-0.14801857,-0.16045521,-0.19062316
-0.06917398,-0.039952107,-0.021304779,-0.1390721,-0.07118797
0.04067064,-0.044683762,-0.0012689363,-0.07899398,0.022768576
0.035040654,0.017305778,-0.03617128,-0.05838609,-0.043679148
