Care,Fairness,Loyalty,Authority,Sanctity
Harm,Cheating,Betrayal,Subversion,Degradation
-0.11304303,0.026775293,-0.03399864,-0.0032656137,-0.07137745
-0.02241917,-0.012936029,-0.027112648,0.00084136985,-0.06733878
-0.016781304,0.0068108225,-0.027270794,-0.08046824,-0.06474427
-0.005082668,0.039334096,0.036998436,0.0077543557,0.008829449
-0.018213214,-0.019994915,0.017551802,-0.029254885,-0.029428521
-0.01526094,0.029653104,0.004330162,-0.0018999279,0.020376049
0.05155231,0.108059056,0.11842734,0.07225365,0.023701362
0.015519447,0.08282837,0.055371437,0.038712494,-0.076535895
0.09741679,0.03543364,0.06142508,0.022228852,0.061191525
-0.00946237,0.05270825,0.08156665,0.030452698,-0.048590276
-0.092481256,0.039480172,0.018812874,0.007958067,-0.12201744
-0.03507743,0.072628826,0.06421534,0.041520618,-0.0997788
0.017604705,0.09302035,0.07547476,0.039926045,0.02018977
-0.014473798,-0.05051148,-0.025258139,-0.08396522,-0.0925943
-0.06970333,-0.01487893,-0.12770611,-0.047352623,-0.09977579
-0.121385455,-0.064166375,-0.14096078,0.01815055,-0.041841768
-0.066913724,0.053908236,0.06594166,0.035051443,-0.08433169
0.06931111,0.0010206103,-0.023401275,-0.014444952,0.02898445
0.00032347627,0.078319885,0.024717916,-0.037953362,0.022853082
-0.03927424,-0.09626114,-0.042524412,-0.059984326,-0.055789143
-0.12119758,-0.09732695,-0.104388945,-0.038242515,-0.09646574
-0.14550436,-0.06116772,-0.10981028,-0.08932387,-0.12869294
-0.15741178,-0.097681716,-0.16876747,-0.12968074,-0.17472118
0.09052239,0.08671464,0.0783104,0.045854628,0.025170771
-0.1695153,-0.05366613,-0.09270885,-0.101014346,-0.075931475
-0.077262215,0.017767021,-0.077154756,-0.057279646,-0.07896763
0.11605356,0.018807694,0.07955047,0.013383566,0.053397126
0.0036811922,0.099074766,0.11105498,0.07029584,0.12330077
-0.009164827,0.042735845,0.013545189,-0.010480833,0.017510278
-0.042454053,-0.0407402,-0.081113756,-0.059016246,-0.10317734
-0.04108265,-0.055829715,-0.09948151,-0.06250267,-0.04147196
-0.060071073,0.0017920583,0.00033267261,-0.03356379,-0.09656253
-0.100872956,-0.005286701,-0.17727335,-0.06775987,-0.17815253
-0.10887858,-0.04648999,-0.090443656,-0.0242132,-0.1327346
