Care,Fairness,Loyalty,Authority,Sanctity
Harm,Cheating,Betrayal,Subversion,Degradation
0.0338168,0.10538344,0.047213502,0.076920144,-0.013073795
-0.05378593,0.040234767,0.002649285,0.005083546,-0.17713085
-0.040414006,0.064858064,0.00079262536,0.02608461,-0.11314921
-0.094400436,0.049068846,-0.04406809,0.054172687,-0.018443942
0.012053013,0.1349996,0.04980711,0.05885216,0.029451214
-0.016402446,0.106573924,0.07745897,0.03733826,-0.040804137
-0.003378734,0.16030589,0.06866485,0.02320146,0.033156127
-0.023583014,0.07751763,-0.012504889,-0.03432142,-0.03765695
0.016929263,0.0021101078,0.010577962,0.0023514926,-0.026179869
0.021015175,0.0563363,0.116301134,0.0691032,0.047116034
-0.0074044243,0.07104394,-0.026102511,-0.00033631362,-0.08157993
0.060081657,0.07759863,0.101595,0.0297968,0.020148922
0.103319876,0.111477986,0.13741708,0.07208647,0.057677053
0.032479983,0.05872477,0.018699624,0.012553055,-0.06604934
0.08946712,0.055154618,-0.07619157,0.0423123,-0.0048892237
0.030933352,0.22430244,0.16125032,0.2615401,0.08012992
0.02220317,0.033169955,-0.055719964,-0.061794773,-0.10182021
0.1112849,0.14248793,0.11302602,0.14634992,0.07018014
0.021962726,0.08603666,0.0002638679,0.022930734,-0.011331676
-0.09263167,0.107837185,-0.07205014,-0.10408518,-0.06776372
0.031149277,0.087702505,0.050848298,0.067167565,0.008947827
