Care,Fairness,Loyalty,Authority,Sanctity
Harm,Cheating,Betrayal,Subversion,Degradation
-0.09199468,0.063940234,-0.053528354,0.0071990974,-0.02857675
-0.015757216,0.02978197,-0.03724072,-0.0079547,-0.11218617
-0.009007979,0.110289864,-0.008125126,0.07449088,0.020996705
-0.17799748,-0.14175624,-0.24952976,-0.1631497,-0.2123122
0.07248112,0.07021558,0.19178253,0.17655009,0.08883256
-0.10708698,-0.18298241,-0.13792947,-0.12120261,-0.15067635
-0.04768444,0.14999224,0.030425116,0.12692553,0.042370353
-0.02039592,0.052871004,0.07488786,0.045193814,0.1372107
-0.0033084294,-0.002092149,-0.00956459,-0.032646384,-0.07585608
0.023519859,0.16657367,0.15793115,0.17315471,0.054095257
-0.083656035,-0.016535826,-0.08971922,-0.022946421,-0.05300777
0.0669827,0.03359297,0.047329474,0.012701722,-0.014758621
-0.1122644,0.001620302,-0.11878973,-0.101502135,-0.114987776
0.07174427,-0.042623196,-0.055744134,-0.09179965,-0.07158026
0.098830715,0.055925436,0.085949495,0.021753531,0.049908977
-0.009991404,0.06936907,-0.031024136,-0.047975168,0.01225358
-0.034993153,0.000778947,-0.067626126,-0.11272757,-0.081085496
0.0019438379,0.07669762,-0.030125506,0.0057439487,-0.07457187
-0.0020668916,0.088309586,0.020734407,-0.011199963,-0.034282517
0.022429137,0.11321869,0.094003275,0.037060738,0.012691762
0.068667054,0.060768224,0.05469819,0.09339006,-0.028106466
0.067352004,0.1333047,0.038579244,0.056528237,-0.04352957
0.06957426,0.13792706,0.13038895,0.08458528,-0.059743684
0.057085928,0.06272638,0.05391349,0.0837668,-0.03936408
0.13886274,0.009081187,0.27303606,0.13816091,0.04789358
0.033277374,0.06562077,0.017252196,-0.033275664,-0.080652654
0.08166467,0.0464564,0.06277646,0.092223376,0.013892423
