Care,Fairness,Loyalty,Authority,Sanctity
Harm,Cheating,Betrayal,Subversion,Degradation
0.005934043,0.050188027,0.002782682,-0.022195041,0.059102938
-0.07009277,-0.13209735,-0.11509521,-0.09743937,-0.09271018
-0.0043166857,0.04910621,-0.014207741,0.0029893704,0.026117316
0.05568026,0.09183639,0.049189124,0.0017797835,0.13003585
0.030872066,0.13610357,0.06662303,0.021635879,0.063952014
0.11631354,0.09142352,0.12392896,0.088107,0.063860014
-0.00870559,0.038657293,0.063880235,0.030540666,0.25147077
0.02254277,0.050885268,0.0009849924,-0.024859391,-0.003127804
0.01979982,0.10708364,0.04087182,0.057711165,0.049736697
0.030734327,0.006886184,-0.1135685,-0.123658866,0.034619577
-0.102417886,0.11077101,-0.0031268,0.039587203,0.0057759658
-0.13307546,0.012177788,-0.12597063,-0.055006377,-0.1340921
-0.038504127,-0.03999073,-0.058041018,-0.068072364,-0.06494188
-0.017007168,0.0048757726,0.012013206,0.0388906,-0.09381932
0.07230797,0.08596666,0.13382992,0.09998117,0.02161857
-0.14657372,-0.022412324,-0.13496162,-0.0565083,-0.013727611
-0.12856233,-0.05813936,-0.17455769,-0.14736861,-0.11112642
0.013606555,-0.045755118,-0.059093438,-0.0140175605,-0.03893385
0.1139478,0.088825665,0.052578386,0.020716287,0.18664247
0.1403825,0.06963889,0.0066397088,0.07060015,0.12410652
0.10409697,0.04915222,0.055188168,0.04917781,0.16836885
0.10911908,0.047571704,0.16462801,0.112196416,0.15611687
0.043752365,0.055634275,0.051112175,0.08473717,0.06602591
0.060625184,0.06471198,0.10611157,0.10451235,0.04024256
-0.09879675,0.013231553,-0.00565499,-0.014989667,0.055531647
0.020733077,0.0053235013,0.037388787,0.01662149,0.08882071
-0.015190728,0.07102408,0.0751308,0.09571397,0.074317634
-0.026728032,0.08439881,0.03712845,0.066260636,0.010744218
-0.049097825,-0.03746991,-0.08281916,0.016993884,-0.058703557
0.043154277,0.039552126,0.13357353,0.15473096,0.12722543
0.035147417,-0.0730513,-0.06333054,-0.00027114525,-0.027814325
0.05221803,0.06370211,0.058075327,0.03556236,0.08998099
-0.029837085,-0.066604935,-0.057086673,0.018518522,0.0051836595
0.061399046,0.019665807,0.11153582,0.055304855,0.13685468
