Care,Fairness,Loyalty,Authority,Sanctity
Harm,Cheating,Betrayal,Subversion,Degradation
0.015021608,0.08642173,-0.011735417,-0.039071254,-0.024420494
-0.035000008,-0.0027134456,-0.1069769,-0.11140383,-0.06862413
0.04061101,0.021973593,-0.05942207,-0.07927302,0.08909446
-0.027626062,0.03418662,-0.07614582,0.014418413,0.013905814
-0.00846535,0.03255808,-0.12372266,-0.09792027,-0.007236354
0.1102324,0.119253755,0.024992576,0.0063220505,0.0136130005
-0.12125176,-0.06070379,-0.1385445,-0.07992715,-0.10564145
0.036236957,0.09443551,0.06382056,0.009459508,-0.026805907
0.037836894,-0.11932783,-0.19279853,-0.158813,-0.08826609
0.067243785,0.04607916,0.15484178,0.020078769,-0.016064398
0.0018496942,0.0057720914,-0.12719104,-0.096951365,-0.026172295
0.097530045,0.109007046,0.09179542,0.030264547,0.12469897
0.021952063,-0.03132051,-0.026473649,-0.04198736,0.063732244
0.08889249,0.07520654,0.08383994,-0.05931739,0.053270623
0.04831008,0.011633299,-0.017524254,0.006094545,0.021941053
0.11630775,0.10661563,0.22797301,0.035908893,0.12132037
0.07696836,0.1387575,0.15009186,0.07124792,0.06776191
0.0808626,0.17394602,0.13934687,0.08694933,0.02517687
0.10144098,0.10156557,0.05470522,0.04470689,0.12892687
0.110391185,0.15915924,0.16697899,0.10655126,0.124188475
0.052947305,0.12158002,0.10138868,0.023427777,0.0885313
0.046523683,0.09682284,0.07829584,0.046628885,0.07133446
-0.085813046,-0.13240126,-0.17226714,-0.10905987,-0.19498713
-0.06896505,-0.0026346967,-0.0747306,-0.06618279,-0.043091387
-0.017631656,0.0027639288,0.022609845,0.023606535,-0.020544877
0.014554642,0.0696639,0.05668093,0.07740724,0.06578538
-0.01950031,-0.03777761,-0.020491077,0.026033605,0.03125696
0.005761806,0.081817865,0.031327356,-0.0139418375,0.09559759
0.00022250041,0.08561476,0.12401765,0.0923597,0.09679657
0.053722203,0.12181048,0.06908683,0.045432124,0.028035149
0.033889305,0.0685097,-0.0021623895,-0.010404007,0.06799129
-0.13551962,0.010585198,-0.09260379,-0.09536201,-0.051752295
-0.07428926,-0.04469392,-0.029830143,-0.02451059,0.019898504
-0.0518609,-0.045529563,-0.005782979,0.05894319,-0.0012528487
