Care,Fairness,Loyalty,Authority,Sanctity
Harm,Cheating,Betrayal,Subversion,Degradation
0.047296885,-0.0022483505,-0.05103718,-0.009381853,-0.067781776
-0.011700034,0.059298486,-0.12190925,-0.12979317,-0.15394057
0.013563023,0.02585623,0.0321478,-0.0065402314,-0.037502136
-0.033628926,-0.031788696,-0.049537152,-0.038393266,-0.22123118
-0.03394912,0.046837438,-0.050207496,-0.081972666,-0.19003546
-0.078416064,-0.112668574,-0.06032244,-0.058856007,-0.19110776
-0.05047615,-0.007106645,-0.037443418,-0.020086098,-0.216029
-0.005691829,-0.053586476,-0.034149297,-0.08273316,-0.14519851
-0.05842085,0.05423844,-0.023441276,-0.081885345,-0.09999998
-0.046783734,-0.043002598,-0.1147729,-0.040851623,0.0061706565
0.022917101,0.067401044,-0.051938992,-0.03511783,0.09578943
0.055788606,0.07214544,0.0056542605,0.0085328985,-0.11778487
0.05431568,0.019326292,-0.075580716,-0.087174974,-0.12562698
0.15564863,0.051811263,0.04600159,0.06965084,0.042355787
0.043897524,0.0027315468,-0.052264567,-0.05597168,-0.09864121
0.073317744,0.08153716,0.117114425,0.08340823,0.07594274
-0.0047920328,0.07402827,-0.01711186,0.018220227,-0.089441165
-0.013576904,-0.03041467,-0.09358007,-0.09576772,-0.092944145
0.010779581,-0.030912843,0.0035734922,0.010343906,-0.045138553
0.04087668,0.01191334,-0.0021933345,0.0074212067,-0.019164886
0.0846791,0.00871948,0.010508108,-0.024960592,-0.056971848
0.009872904,-0.0058048293,0.061558828,0.031136366,0.027937
-0.0046952786,-0.025129028,0.041555144,-0.028113306,-0.16045561
0.04925689,-0.049362138,-0.04287418,-0.026645135,-0.04207637
-0.034875527,0.013608787,-0.004428005,-0.05388766,-0.13600071
0.042714853,0.06639386,-0.0024068784,0.048272017,-0.09651007
0.07295129,0.07757536,0.02292674,-0.037179336,-0.009620916
0.046527274,0.13694106,0.04801394,-0.050245248,-0.07821636
0.02489336,0.051494673,-0.06641552,-0.044928964,-0.10375569
0.11775839,0.03518928,0.14268851,0.026298335,0.023645356
0.047483873,0.07392532,-0.008924607,-0.030763524,-0.05118702
0.040071167,-7.323176e-05,-0.0016443059,-0.033755545,-0.11328047
0.108392365,0.0735594,0.0011819545,-0.005714547,-0.04725824
