Care,Fairness,Loyalty,Authority,Sanctity
Harm,Cheating,Betrayal,Subversion,Degradation
-0.080569,-0.020198219,-0.13542157,-0.09520054,-0.15646435
-0.09772859,-0.097846046,-0.17376569,-0.15276736,-0.119008824
0.004563248,0.03487653,-0.012992717,-0.032909255,-0.057141267
-0.0321188,-0.027387548,-0.05213699,-0.039109156,0.021677803
-0.01805187,-0.017992493,-0.100213975,-0.05863628,-0.12544031
0.13415782,0.046379767,-0.014399893,0.022230592,0.0034580613
0.008589307,0.05416207,-0.00071586855,0.031003883,0.025477242
-0.1408813,-0.039970018,-0.15697637,-0.09694263,-0.12064938
0.09990379,0.111378275,0.06974266,-0.04308401,0.043835826
0.030884739,0.012477033,-0.059270814,-0.043187246,-0.059955373
0.070648715,0.029967362,-0.031869166,0.06488002,0.01133013
0.008756915,-0.0005204519,-0.06461346,-0.02087448,0.02829543
-0.06379561,-0.09067624,-0.07712265,-0.06939128,-0.05878053
0.059846744,0.069666475,0.049439736,0.1717717,0.12133029
0.011615914,-0.021234728,-0.04631794,-0.01489285,0.101345874
-0.062000997,-0.005347058,-0.08519399,-0.03084372,0.06567238
-0.046695516,-0.0008302331,-0.05678443,-0.08327861,-0.09223826
0.03125124,-0.0037416108,0.06168598,0.009495908,0.046011694
0.05311469,0.09440348,0.081026755,0.10020871,0.033003714
0.049588695,0.08815426,0.037849337,0.06705092,-0.029792389
0.05012981,0.015131272,0.031603463,-0.021292767,0.061471052
-0.0030141678,0.08469698,0.0717818,-0.0006753914,-0.022585634
0.041906163,0.075404614,0.10945843,0.088973686,0.12665349
0.048069093,-0.021335922,0.19138259,0.15338147,0.15282944
0.0074181827,-0.017638523,0.018807724,0.044857766,0.06339179
0.091116995,0.043746505,0.08549315,0.14635178,0.06831451
0.1704488,0.16490419,0.23115624,0.09736076,0.15639374
