Care,Fairness,Loyalty,Authority,Sanctity
Harm,Cheating,Betrayal,Subversion,Degradation
0.04544299,0.09327662,0.027349042,-0.00881892,-0.045309156
0.0039562173,-0.026746072,-0.033571605,-0.07439698,-0.068803415
-0.07868236,-0.0668361,-0.1346061,-0.11109801,-0.13599813
0.024358679,0.024422418,-0.10841218,-0.07564507,-0.15363246
0.03709208,-0.0038535148,0.022530427,0.07215534,0.07547698
0.034282785,0.031919617,-0.0057746675,-0.0089038685,-0.06432852
-0.07610877,0.086554475,-0.07220264,0.05990398,0.008603703
-0.07179033,0.056276392,-0.0026447792,0.05166553,-0.060489595
0.0016585141,0.040188104,-0.053168505,0.016399883,0.040335868
0.016040526,-0.016240768,-0.04364363,-0.008974034,-0.038541622
-0.057703994,0.019161172,-0.009519011,-0.023625763,-0.07610394
-0.00057965424,0.071927115,-0.026488625,-0.05190269,-0.025025208
0.1628248,0.08832796,0.2065672,0.04080241,0.09927875
0.040756285,-0.018920407,-0.03009428,-0.07986331,-0.040308915
-0.085832715,0.007395234,-0.11628935,-0.06924041,-0.13347779
0.08472091,0.076064974,-0.0025203992,0.027372181,0.02518226
-0.07429715,0.053435702,-0.056794308,-0.050534755,0.002218525
0.019485846,0.031783167,0.043512307,0.035837524,-0.054847717
0.029731272,0.16162618,0.14332624,-0.030870125,0.0767522
0.07369747,0.07294425,0.08773191,0.05651138,0.020680398
0.03911978,-0.018171275,-0.007435553,-0.0016021617,-0.035204545
0.031013565,0.06884937,0.077414975,0.06263743,0.038181275
0.03234166,0.069324225,0.0015303874,0.0013145758,-0.03974332
0.09230295,0.096755855,0.025366666,-0.01961764,0.052928705
0.029784031,0.008649152,0.03619059,-0.08631097,-0.0118224565
0.03463616,-0.02654667,0.032820713,0.0034910254,-0.003601877
-0.11932501,0.006410712,-0.123767786,-0.063161,-0.08365172
-0.020317532,-0.02493951,0.044582337,-0.016049907,0.05713614
-0.029904705,0.018101366,0.0050442815,-0.021080986,-0.11344883
0.052147392,-0.09840848,-0.023986885,-0.09245238,-0.061458077
0.014944214,0.03568773,0.029791415,0.0007643048,0.027580153
-0.004485757,-0.04138829,0.031283617,-0.047497895,-0.13044575
-0.04140158,-0.08789383,-0.04122984,-0.061977416,-0.053965684
-0.0534292,-0.12122659,-0.020725057,-0.08135228,-0.11379005
-0.03554029,0.08675358,-0.015650414,-0.045148112,-0.073053606
0.06236891,0.017322347,-0.0028078742,0.024046779,0.0142091885
-0.005947886,0.07899724,0.042800147,0.028968513,-0.005003983
0.123364106,0.012096304,0.14452586,0.11587407,0.072321035
0.046587873,0.09444996,0.078257486,0.13655311,0.039430775
