Care,Fairness,Loyalty,Authority,Sanctity
Harm,Cheating,Betrayal,Subversion,Degradation
-0.13474348,0.009809442,0.0052749375,0.004385313,-0.09285076
-0.037087407,0.08063,0.072527856,0.01848188,0.047698908
0.074331306,0.10163764,0.12733483,0.10735328,0.0583429
-0.025247518,0.10263535,0.039362222,-0.08660414,-0.07023742
-0.18022189,-0.07904958,-0.028686332,0.007080815,-0.059570484
-0.08297633,-0.025501806,0.0048664645,-0.02091477,-0.09909588
-0.010293901,-0.005731022,0.10321146,0.07103706,0.029323172
0.08087646,0.12796094,0.1355191,0.0774391,0.020024732
0.047982953,0.023295976,0.011975123,-0.023025831,-0.07075816
-0.030214056,0.033388242,0.08177495,-0.014117815,0.014864562
-0.11543863,-0.13094082,-0.06681943,-0.033557422,-0.10606721
-0.090495326,-0.11095924,-0.20208386,-0.108245276,-0.052520625
0.011218027,0.05768946,0.03505576,0.046850458,-0.051773615
-0.093069896,-0.036033537,0.013759142,0.048615742,-0.05708948
-0.006444743,-0.030609045,0.017591272,-0.01361105,-0.010436386
-0.015673025,0.02457146,0.04507236,-0.06646716,-0.073917866
-0.08762054,-0.01737712,0.0038409904,-0.059508376,-0.13404527
-0.07813923,-0.009411307,0.040461745,0.0051457267,0.016983142
0.015134458,0.10389797,0.16112003,0.12371202,0.041843623
0.02048643,-0.13218704,0.012789205,-0.046166614,0.085569546
0.013442599,-0.06549638,-0.025405176,-0.04927752,-0.004563461
0.036003977,0.00917884,-0.045755245,-0.044286124,-0.024955513
0.06446506,0.034767084,0.057459526,-0.010140091,-0.056292735
0.01473865,0.028423507,0.13516694,0.08818455,-0.023929913
-0.006443627,-0.0030542202,0.0014636181,-0.10985762,-0.044281382
0.020982133,0.03539986,-0.029841477,0.020143941,-0.15303156
