Care,Fairness,Loyalty,Authority,Sanctity
Harm,Cheating,Betrayal,Subversion,Degradation
0.005047162,0.007765066,-0.012577338,-0.009746179,0.010328494
0.006211863,0.13236669,-0.005547125,-0.0958868,-0.010138445
0.08607155,0.05844819,0.067582384,0.08597922,0.11815806
-0.082924694,-0.03522474,-0.09614238,-0.1573928,-0.07838869
0.024800789,0.0161018,0.047373444,0.02521465,0.021607928
0.019615036,-0.010443293,0.048436712,0.042684782,-0.0018434534
0.002137117,0.021870088,0.038459036,0.09286082,0.092110194
0.06186545,0.094631314,-0.01839198,-0.11236332,-0.019215446
0.08651225,0.1022206,0.21809559,0.050629012,0.080033846
0.0726155,0.08966461,0.07950258,-0.001006145,0.013055548
-0.1563645,0.011133449,-0.08848292,-0.018912854,-0.075238526
-0.05547038,0.0053419517,-0.08952765,-0.1068291,-0.10924702
0.037943855,0.027993057,0.029218141,0.00945096,0.111867025
0.14386299,0.09587866,0.09184447,0.048872598,-0.00011875667
0.08169173,0.03512092,-0.016316233,0.0028010793,-0.019162348
0.051566295,0.13585451,0.13564743,0.0036025848,0.044661008
0.066943474,0.0077614,0.086302534,0.032836128,0.10730313
0.13478829,0.1186886,0.050657198,0.023842338,0.087826625
0.060258538,0.08347627,0.105182305,0.068726644,0.11147849
-0.029821657,0.11702202,0.18535492,0.13541073,0.06960244
0.037317,0.036942713,0.053189784,0.0015693661,0.0019856766
-0.00554536,0.21992207,0.11331164,-0.010722734,0.058533438
-0.001455185,-0.06484002,-0.030437987,-0.08884254,-0.10655689
0.020339184,-0.0065008663,0.035169035,-0.0781416,-0.033879735
0.046075977,0.021794476,-0.029544538,-0.028701086,0.015518174
0.008949695,-0.023137396,-0.0010261983,-0.027102754,-0.08301301
-0.013826877,0.048316233,-0.07630431,-0.13055305,-0.007218465
-0.01619366,0.012434591,-0.015353576,-0.03907509,0.019696623
0.0023778826,0.04000557,0.076455966,0.014468712,0.06367794
0.08390341,-0.013460888,0.05556278,0.005541498,-0.0834971
