Care,Fairness,Loyalty,Authority,Sanctity
Harm,Cheating,Betrayal,Subversion,Degradation
-0.14296028,2.0777807e-05,-0.10844893,-0.04110699,-0.1023756
0.008504551,0.043501407,0.1016296,0.076581754,-0.01838797
-0.11628145,0.02927371,-0.10616665,-0.0053396337,-0.058519658
-0.06989026,0.02881258,-0.09907943,-0.0647375,-0.1329445
0.020636026,0.013379749,-0.082231924,-0.028177496,-0.11743694
-0.05563096,0.078199856,0.046491772,0.071259886,-0.023340818
-0.15495686,-0.017271027,-0.016739443,-0.0059660356,-0.10568428
-0.040617418,0.08086847,-0.0030987766,0.19234231,-0.06657155
-0.043430913,0.012049444,-0.027290909,-0.015877334,-0.089378595
-0.048931036,0.07832856,0.038154133,-0.0012404323,0.14210966
-0.08571215,-0.01162798,-0.028545942,-0.012847347,-0.0058903005
-0.027854174,-0.09623734,-0.027193118,-0.015553493,-0.1278399
-0.028769396,-0.019879933,-0.004400816,0.059245802,-0.009400196
-0.02836483,0.044211682,0.027945155,0.06562315,-0.062061924
-0.033185102,0.089150846,0.032723047,0.059881106,0.13020137
0.122101255,0.10496998,0.11049747,0.12931427,0.087928414
0.037699863,0.08098037,0.041027185,-0.021755863,-0.043565735
0.056784444,0.14614537,0.14631304,0.08031532,0.019440392
0.07849701,0.025193103,0.13409054,-0.05406904,0.028421354
-0.16977334,-0.12692204,-0.22630763,-0.101343535,-0.124641
-0.03335169,0.01784672,-0.1446833,-0.10741918,-0.1291185
0.014520872,0.0576363,-0.056138635,-0.055704933,-0.06892872
-0.023984348,0.03344991,-0.08672926,-0.05500244,-0.060519222
-0.08122483,-0.010189591,-0.08620636,-0.03862814,-0.10277735
0.0011431053,0.07736597,-0.031451575,-0.025093134,-0.008450379
0.046666577,-0.022854246,-0.04889079,-0.07783806,-0.028969467
0.033565644,0.033761047,0.0199412,0.0524749,0.0804037
-0.0049393317,0.004622154,-0.016887471,-0.03840173,0.053592402
0.1040569,0.031101093,0.07585837,0.0030207671,-0.021953518
-0.032665882,-0.005091629,-0.0065804245,-0.010495244,-0.16229519
0.052772917,-0.034227226,-0.03260634,-0.026612276,-0.12675071
