Care,Fairness,Loyalty,Authority,Sanctity
Harm,Cheating,Betrayal,Subversion,Degradation
-0.015073132,0.0800843,-0.030733066,-0.012904607,-0.0032580104
-0.12994225,-0.060109816,-0.13786109,-0.083318114,0.06271511
-0.026670255,-0.03114071,-0.00786007,-0.03309762,-0.0101498775
0.021163806,-0.11833515,-0.1298931,-0.08642563,-0.104753286
0.014581126,0.014552938,-0.02301253,-0.0268021,-0.014056641
-0.052497245,0.00029517524,0.045630552,-0.03901735,-0.043267876
-0.029462168,-0.067925304,-0.045596726,-0.051815867,-0.026871307
0.050394647,0.035466153,0.018268326,-0.06244562,-0.08056715
-0.017972056,-0.010205433,-0.029104602,-0.042708077,-0.12889251
0.022211611,0.02973289,0.044937693,-0.027118254,-0.031935662
-0.043777235,-0.027966015,0.017391592,-0.022530101,-0.024098322
0.027343787,0.019595023,0.008143764,-0.0077768117,-0.032769788
-0.02500064,-0.020001775,-0.057590667,-0.1372819,-0.10289848
0.011906903,0.02278675,0.009337068,-0.003412305,-0.08620205
0.0050301934,0.051932037,-0.029105451,0.023625908,0.034193728
-0.029844396,0.012587407,0.04756315,0.014030058,-0.06679779
0.03448883,0.08383562,0.058510825,0.06042007,-0.018283155
0.029508486,0.10413647,0.034801014,-0.061990954,-0.023249747
-0.0007227622,0.013427416,0.015878983,-0.11484655,-0.035529107
0.06796451,0.12397413,0.09771824,0.06970263,0.051395
-0.05649412,0.080415815,0.018415991,-0.011344941,-0.060784895
-0.006164291,0.04832739,0.06387383,0.044053875,-0.054826982
0.007868826,0.15257923,0.11576416,0.10645874,-0.028003767
-0.018383414,0.14974447,0.12598953,0.13184541,0.017543223
0.018360544,0.10668053,0.042551983,0.031827323,0.0070361793
0.03627611,0.060158756,0.047006965,0.016357167,0.010146035
0.001241833,-0.004567527,-0.044941604,-0.005533758,-0.030404985
0.071734965,0.028091602,0.09169161,-0.014764187,0.03485793
0.03354647,0.07873642,0.08668512,0.067126006,0.0066925734
0.049822204,0.08826658,0.14940631,0.20525563,0.15214232
0.0022795536,-0.003351029,-0.0769909,-0.09216684,-0.070710085
-0.03758373,-0.014810277,-0.09671076,-0.07942415,-0.038686104
0.00216041,0.03144119,0.0036181305,0.007129714,-0.08882866
0.062616006,0.093905285,0.06982854,0.06451556,0.0326572
0.03557926,0.09413262,0.085674465,0.014375963,-0.041195072
-0.0037054885,-0.06239075,-0.13815463,-0.10815273,-0.04431694
-0.08048613,-0.09376385,-0.09325253,-0.09148855,-0.13329065
0.065938234,0.03956929,0.04249001,0.008284681,-0.006516232
0.12733236,0.1015636,0.10573424,0.012259664,0.009229373
