Care,Fairness,Loyalty,Authority,Sanctity
Harm,Cheating,Betrayal,Subversion,Degradation
0.044697918,0.042608593,0.027049296,0.027056798,-0.0056720898
0.028498858,0.037888557,0.09162306,0.08828572,0.089054845
0.037959255,-0.004671382,0.03281501,0.038685597,0.06655477
0.02196687,0.06190008,0.10746304,0.04494047,0.10293621
0.04519967,0.04303525,0.035996284,-0.0010706605,-0.04505881
0.071798325,0.0329713,-0.015475632,0.04439518,0.08364467
0.02135007,0.07362862,0.15777129,0.12002053,0.14119124
-0.028759535,0.13247398,0.12184681,0.13602632,0.061030023
0.059375323,0.10896413,0.1601074,0.13517773,0.1471313
0.0664553,0.10380883,0.124292456,0.052054107,0.030318702
0.023395533,0.058247875,0.10682716,0.16035733,0.16549699
0.005019214,0.07644437,0.08488941,0.08812358,0.0959285
0.067545675,0.063232765,0.06668204,0.032199353,0.116016455
0.055025328,0.105923876,0.109617524,0.043974616,0.06639001
0.064336635,0.11012374,0.0884019,0.032886624,0.119596645
-0.07234912,-0.022308901,-0.086005434,-0.09437752,-0.09504095
0.017497549,0.013646431,0.061771493,0.001836177,-0.014280766
-0.06398429,-0.0023216503,0.053854004,0.027784862,-0.003323948
-0.02419486,0.057515487,0.026812827,0.0005567558,-0.048727605
-0.06496967,-0.061764117,-0.07049443,-0.046170346,-0.025496904
0.00018329825,0.06456465,-0.029153237,0.009917127,0.040670946
