Care,Fairness,Loyalty,Authority,Sanctity
Harm,Cheating,Betrayal,Subversion,Degradation
0.009933219,0.028679108,0.012066438,0.00317516,-0.034031853
-0.020082727,-0.06893842,-0.10801322,-0.07248673,-0.14956066
0.011747129,-0.0239651,0.0011071339,-0.022071043,-0.0019110441
-0.012603961,0.048333533,-0.032088235,0.018032623,-0.062324647
0.078080565,0.06805582,0.0026053526,0.025542593,0.102221735
0.043451507,0.022420738,0.008957462,0.023948975,-0.11778566
-0.00539608,0.0023283549,0.028694756,0.04286419,0.008209673
-0.08839947,0.06135089,-0.081233956,-0.016799431,-0.060191378
0.0025664307,0.056347277,-0.038348526,-0.04739701,0.00394769
0.012590975,-0.0125867175,-0.109546445,-0.06753315,-0.036101513
-0.13820389,-0.101831436,-0.15555042,-0.103488,-0.20269445
0.016187415,0.058753505,0.11103465,0.043753527,0.006395095
0.03289789,0.021549707,-0.067701004,-0.047722667,-0.083100654
0.017787898,0.017705683,-0.10129592,-0.032085378,-0.12174522
0.054090604,0.018647049,-0.0053806584,-0.0096729845,-0.032935508
0.07452056,0.05269508,-0.020617144,-0.04190755,-0.12854004
0.004413413,0.08790961,-0.009833296,-0.027061488,-0.041397102
0.080172695,0.033693768,-0.020749237,-0.0128002,-0.095461115
0.032971922,0.033181287,0.10467779,0.03865645,-0.020641081
0.06490736,0.085964434,0.048378088,0.03753628,-0.037317872
0.15640414,0.0803836,0.13328715,0.08720639,0.04029429
-0.055157103,-0.0053358264,-0.049241424,0.014666297,-0.103408426
0.09924796,0.03948466,0.10458551,-0.032469667,-0.011335039
0.045116104,0.06422589,0.05817762,0.021527708,0.0073615704
0.0031399596,0.06666426,0.058847312,0.0761895,-0.0026094317
-0.016985577,-0.04775607,-0.055025883,-0.101796605,-0.0019157808
0.045565464,-0.02075137,-0.0020204566,-0.010782005,-0.0005999636
-0.025576036,0.078360215,0.042255703,0.055087276,-0.019092606
0.028737456,0.10965386,-0.038704712,-0.011220682,-0.0072800927
0.05551674,0.015033156,-0.004046891,-0.0042440677,0.021511951
-0.008371271,-0.075626545,-0.07468794,-0.022533981,0.0010268148
0.04752758,-0.021553036,-0.094302,-0.100549,-0.057306167
0.06545197,-0.11178665,-0.07077946,-0.037240595,0.08475973
