Care,Fairness,Loyalty,Authority,Sanctity
Harm,Cheating,Betrayal,Subversion,Degradation
0.026829928,0.026850117,-0.073908955,-0.09895581,-0.101335384
-0.0757972,-0.0314537,-0.075714454,-0.081341654,-0.13431348
0.03280305,-0.041926675,-0.15879135,-0.1725923,-0.1393361
-0.035548486,-0.021209322,-0.08765494,-0.0310416,-0.02033112
-0.12856704,-0.08085032,-0.19830228,-0.22050491,-0.087335005
-0.037661828,-0.066636644,-0.034853045,-0.024225,-0.08600717
-0.008027714,0.007156078,-0.060395345,-0.037339423,0.04358672
0.026578609,0.061282367,0.044801123,0.009471115,0.04107102
0.10201703,0.045328878,0.009421101,-0.05978254,0.14199862
0.027496424,0.03897405,0.04073225,0.0316092,0.017217632
-0.032291465,-0.027938616,-0.10193974,-0.044546742,-0.15383351
-0.009917371,0.09200959,0.074138604,0.011283229,-0.005729044
-0.00661668,0.06480165,0.07716343,0.03781081,0.026732225
0.04705397,0.053803585,0.08910315,-0.012984008,-0.08249829
-0.009482772,0.0013850965,0.032771394,0.022685548,-0.045091394
0.063901395,0.06889517,-0.040820733,-0.032998696,0.03222347
0.05810407,0.03619092,-0.0033011455,0.058072794,0.014024187
0.09065473,0.056912486,0.0673798,0.0036422834,0.014023915
-0.0021583922,0.06289303,0.09624488,0.02413005,0.0044792444
-0.009385362,0.012774852,-0.028445303,-0.00949305,-0.030079672
0.030089969,0.104795486,-0.03878326,0.033792045,-0.0043886714
0.018771052,-0.072252326,-0.040477633,-0.042754076,-0.035867672
