Care,Fairness,Loyalty,Authority,Sanctity
Harm,Cheating,Betrayal,Subversion,Degradation
0.014098093,0.033507902,-0.06756072,-0.0732356,-0.07127546
-0.0038032457,-0.07861644,0.038211025,0.0022107828,-0.0610462
-0.004969828,0.0580278,-0.037070256,-0.012471036,-0.08770442
0.012643135,0.0038627675,-0.08016722,-0.048972636,-0.11108697
-0.16111535,0.016965501,-0.033252195,-0.05024786,-0.11350578
-0.030491387,0.024600012,0.022027921,0.013974048,-0.04736807
-0.023601195,-0.04795708,-0.09505163,-0.035640404,-0.13433178
0.049842786,-0.04471398,0.08371445,-0.023898194,-0.030184474
0.0225404,0.077900454,0.025914848,0.0030463133,0.0041465685
0.019267645,0.030871168,-0.029821772,-0.061266065,-0.08373341
-0.06389812,0.007188523,-0.109554335,-0.109100364,-0.103978075
-0.04390408,0.045225076,-0.04812617,-0.07238348,-0.10923859
0.023844607,0.05421596,0.035639685,0.008632973,0.010210214
0.032723177,0.019744003,0.023330646,-0.017229935,-0.08727874
-0.037774295,-0.06505236,-0.13323447,-0.15799218,-0.15324855
-0.08909579,-0.02568639,-0.1472714,-0.14399445,-0.139418
-0.051250104,0.008452959,0.003586322,-0.012403693,-0.03921291
-0.012975562,0.036136325,-0.04449386,-0.01755911,-0.037789706
0.05797414,0.014982699,0.0006955564,0.053371515,-0.059707828
-0.0401203,-0.078206465,-0.060829125,-0.04363691,-0.107809484
0.09918313,0.062643826,0.089309394,0.025363268,-0.020332988
-0.017893702,0.07627988,0.029481703,-0.046599966,-0.029630855
0.0799534,0.07460134,0.062225584,0.018448634,-0.11185132
0.061814267,-0.031152856,0.058957912,0.009399024,-0.023499202
0.12147053,0.07823604,0.14823201,0.090078816,0.034809604
0.104708225,0.0211986,0.08349353,0.047600143,0.0025882446
-0.006062178,0.021130797,-0.09971669,-0.039514113,0.06856501
0.03969145,-0.005875012,-0.079136685,-0.03893345,0.039615065
-0.050030667,-0.031076953,-0.08529344,-0.08358317,-0.18322966
0.021317508,0.047620256,-0.0436002,0.055599466,-0.0120681785
-0.004693128,-0.0042132456,-0.11907688,-0.02038895,-0.11436685
