Care,Fairness,Loyalty,Authority,Sanctity
Harm,Cheating,Betrayal,Subversion,Degradation
-0.10433258,0.025878849,-0.045878686,0.05198329,-0.07278068
0.04293525,0.046920914,0.008518754,-0.015074542,-0.04596161
-0.012928703,0.008389162,0.005793929,-0.034749154,-0.04230051
0.03707706,0.05282463,0.04238641,-0.0014196723,0.03702992
-0.028472353,-0.024459146,-0.0679028,0.029089581,-0.11235382
0.031557657,-0.030667353,-0.05084388,-0.060272355,-0.103085995
-0.018811159,0.0103484895,0.03970717,0.0036681667,-0.045134686
0.02900849,-0.0060337503,0.05071286,-0.030130956,-0.015797105
0.023156494,0.013337504,0.033808887,-0.05265137,0.029689774
0.01865075,-0.029213242,-0.061359994,-0.08209617,-0.1445929
0.095062144,-0.025769953,-0.051163234,-0.03220673,-0.088314615
0.080310315,-0.0038278662,0.02547942,0.0069463234,-0.036802668
0.08112438,0.072646946,0.02075984,0.021132696,-0.09358005
0.06627517,0.091530964,0.13955751,0.06925875,0.0077596344
0.058202296,0.003103367,0.10030212,0.008995913,-0.065543704
-0.026956085,-0.027149849,-0.06674981,0.008920729,-0.063652545
-0.020611377,-0.021928567,-0.087957025,-0.061716154,-0.16634503
0.0658606,0.1287922,0.13437408,0.024868902,0.0253993
