Care,Fairness,Loyalty,Authority,Sanctity
Harm,Cheating,Betrayal,Subversion,Degradation
-0.027510267,-0.10876203,-0.17608137,-0.14546897,-0.0514602
-0.029379686,0.017065605,-0.1129473,0.034212284,0.03508255
-0.0025486462,0.022819474,-0.15046845,-0.081666924,0.004362773
-0.026620155,0.07270396,-0.058712244,-0.046173867,-0.055114485
0.036905773,0.0009254776,-0.1372309,-0.08809958,-0.12702076
0.046565734,-0.019300334,-0.10153523,-0.037001573,-0.047528613
0.07102844,0.04617047,-0.033335406,-0.077938624,-0.09137018
0.060240857,0.046021402,0.033228923,0.04037527,0.01751241
0.08729779,0.038309045,-0.01747306,0.021070834,-0.08223935
-0.018159585,-0.011707821,-0.08233344,-0.06813954,-0.033890896
