Care,Fairness,Loyalty,Authority,Sanctity
Harm,Cheating,Betrayal,Subversion,Degradation
0.054772418,0.03250001,0.0077495463,-0.05321733,-0.11199328
0.03881526,-0.038045187,0.06057405,0.024205364,-0.060333557
0.007152239,-0.02551943,0.0038155895,-0.0036483426,-0.053661674
0.024840444,0.061964527,0.006900668,-0.050084323,-0.12501727
0.045523986,0.12984696,0.14923552,0.05947891,0.011873295
0.015364869,-0.00092124194,0.03849011,-0.03790217,-0.08801218
0.08900263,0.09060222,0.18143469,0.038457952,0.092293635
0.060632423,0.04036743,0.13608992,0.10398336,0.012636451
0.106222734,0.19824302,0.22173986,0.11931129,0.04613354
0.13836432,0.11912416,0.22248642,0.11010282,0.043792848
0.067813054,0.10147156,0.1347953,0.055093236,-0.012691808
-0.027518364,0.042080604,0.023993855,0.0047713127,-0.07077465
0.04462962,0.14198722,0.059969425,0.013829574,0.0498811
-0.0006049983,0.024116177,0.010172078,-0.068269886,0.009508032
0.0043314546,-0.15517649,-0.059258148,-0.05994981,-0.16084757
-0.011996952,0.005825108,0.05163779,-0.045072567,-0.109086454
0.060368963,-0.026613869,0.016286707,-0.0990224,-0.013445288
0.013553834,0.065237135,0.07357938,0.03539628,-0.025562385
0.015881287,-0.020578165,-0.006078013,-0.075955436,-0.08948414
0.00090637617,-0.063784786,-0.014833882,-0.01448117,-0.07941422
0.052677803,0.045010388,0.028607652,-0.008721906,-0.0480507
0.07253876,0.07123873,0.059669353,0.054975346,-0.036268175
0.01879673,0.008806502,0.07071103,-0.07579422,-0.015105747
-0.02844389,0.095176116,0.017317353,0.034618504,-0.07734466
-0.016659366,-0.017387167,0.016150052,-0.05996234,-0.07264739
0.03130839,0.010442358,0.06337698,-0.02282086,-0.07588352
0.0254797,-0.048653483,0.038348664,0.048690803,0.011626221
0.007865297,-0.09663964,0.023118766,-0.07388654,-0.057005715
0.012038354,0.03287348,0.052623726,-0.0118222255,-0.06675511
0.12374453,0.09536347,0.117145225,0.078617424,0.031897392
-0.056011,0.12472806,0.018459957,0.09265603,-0.05186893
0.06080979,0.035887856,0.054131612,0.0046518687,0.048980914
0.10044559,0.04048119,0.08782041,-0.018657506,0.032714102
-0.0095343515,0.06713253,0.051932227,0.00961026,-0.016241603
