Care,Fairness,Loyalty,Authority,Sanctity
Harm,Cheating,Betrayal,Subversion,Degradation
-0.0065256786,0.05812228,0.035969645,0.0393323,0.053405672
-0.0325435,-0.015910313,-0.07280083,-0.08144481,-0.07608146
-0.08851624,-0.07907203,-0.116255715,-0.1653236,-0.1449179
-0.09031523,-0.045994446,-0.1301107,-0.1453391,-0.14823096
0.07275754,-0.0030932445,-0.02647786,-0.041870374,0.046247847
0.04957559,-0.015464192,0.040948946,-0.041259393,-0.04642234
0.004886519,-0.019002834,-0.038511332,-0.04485417,0.0024303682
0.0060150996,0.07853293,-0.004247511,0.0072409622,0.010947378
-0.019509748,-0.004295474,-0.112334065,-0.09914851,-0.083856404
0.08643627,0.082991466,0.08111499,0.04857871,0.121774144
-0.08052141,-0.05818129,-0.16042052,-0.19191995,-0.12558201
0.052416794,-0.03691391,-0.017270328,0.04806284,-0.029185325
0.01781403,0.06536725,0.013515279,-0.015392808,-0.034688417
0.05000584,0.06356691,0.102982044,0.016897151,-0.0075102346
-0.01720482,0.025693223,-0.022541903,0.029798023,0.055314675
-0.0015031127,0.038028955,-0.023390634,-0.0075951703,0.034453236
0.057086598,0.020663038,0.021599106,0.048435677,0.06335546
