Care,Fairness,Loyalty,Authority,Sanctity
Harm,Cheating,Betrayal,Subversion,Degradation
0.023831204,0.04143713,-0.046847817,-0.06498448,-0.11018632
0.027738083,0.07973491,0.009935748,-0.06563867,-0.0113585815
0.042363048,0.08912407,0.056343906,0.017139839,-0.008837309
0.09491363,-0.008773936,0.012530396,-0.08080813,-0.016464911
-0.0712908,0.03439428,0.0054119453,-0.061142296,-0.10129537
0.07929808,0.028430704,0.021211574,-0.044614032,-0.024424478
0.022000417,0.034539983,0.07059463,-0.045463793,0.00013055466
-0.02213445,-0.013088156,-0.06284655,-0.07886912,-0.050627638
-0.02960007,-0.0004243441,-0.0016118434,-0.025533838,0.010566473
-0.12536275,-0.060870484,-0.15358675,-0.19308749,-0.14823718
-0.2078479,-0.06863411,-0.13320777,-0.16992864,-0.1394634
-0.04589246,0.1628148,0.020459905,0.0025985409,-0.0129066035
0.024886826,0.029757515,0.042264014,-0.065885566,-0.00015910342
0.041598506,0.059196286,0.0463515,0.03528686,0.0034468984
-0.002419589,0.030779142,0.013524365,0.050733127,-0.031937234
0.0102075245,-0.011207767,-0.050556153,-0.049209476,-0.0137392115
-0.056838118,-0.10229064,-0.06328833,-0.08563051,-0.011739165
0.056184493,0.00795236,0.107293986,0.026960349,0.13002817
0.1649886,0.0021816688,0.1344959,-0.015993945,0.049958043
0.03869397,0.015812457,0.07679633,-0.06068421,0.017809624
-0.06455792,-0.036608115,-0.13773397,-0.15307583,-0.11837235
0.02458603,0.046434097,0.027939852,-0.03395278,-0.058581688
0.06874652,-0.016209286,-0.02124656,-0.0070027737,-0.0277034
0.085806526,0.06434295,0.056950923,-0.029503353,0.08642408
0.012415622,0.012340443,0.026286187,-0.04018541,0.032934282
0.006245305,-0.04662549,-0.019083679,-0.07745382,-0.0024162028
-0.031172179,0.0030053984,-0.04635355,-0.059917755,-0.07403681
-0.0058926716,-0.15744674,-0.16301474,-0.11933241,-0.12974147
0.07242623,0.028018428,0.057958618,0.011009592,0.025841089
0.017883,-0.07430132,-0.016395062,-0.09863578,-0.0650436
0.018881604,-0.011957541,-0.018894877,-0.17415574,0.0061045717
-0.0047481023,0.066473275,0.060736522,0.03332426,-0.00934305
0.007504854,0.096640244,0.031438354,-0.005075611,-0.06159423
-0.0116855595,-0.030966695,-0.041984502,-0.13442664,-0.015525579
0.049442627,0.03174306,0.07986978,-0.052442726,-0.041878074
-0.0045022927,-0.022975676,-0.01641453,-0.11697549,-0.0062172096
0.023383293,-0.01585662,-0.09841935,-0.09592681,-0.02828598
0.09780154,0.003346933,0.024384543,-0.043598227,-0.035364807
