Care,Fairness,Loyalty,Authority,Sanctity
Harm,Cheating,Betrayal,Subversion,Degradation
-0.07071347,0.019283123,-0.10003381,-0.07003809,-0.058035105
-0.026338967,0.046879645,-0.052462973,-0.06622583,-0.027760442
-0.044155255,0.010243371,-0.051465843,-0.022589028,-0.13117726
-0.12984036,0.011258891,-0.10209738,-0.069646075,-0.08876552
-0.020009963,-0.008749726,0.038743056,-0.09179518,0.1022681
-0.004158817,-0.04343518,-0.12018293,-0.026932051,-0.07715471
-0.13622518,-0.03052172,-0.1165229,-0.07010469,-0.09318567
-0.12722753,-0.011656745,-0.08890538,-0.07349263,-0.09212097
0.00896132,0.041932445,-0.015227929,-0.06905551,-0.053104497
-0.05589672,-0.036523826,-0.021730289,-0.095038354,-0.13709152
0.019470327,0.03604305,0.025443979,-0.044918843,-0.024807451
-0.019023236,-0.02513049,-0.038412057,-0.1257389,0.0061075054
-0.022589054,-0.0565243,-0.12244107,-0.18215793,0.0073467083
-0.085998826,-0.07838669,-0.048252687,-0.09731034,-0.08278345
-0.10952886,-0.06638449,-0.058900625,-0.023268072,-0.017975494
-0.008725994,0.024775898,-3.9436854e-05,0.0015657339,0.010046357
-0.012829509,0.08174862,-0.008205521,-0.09300181,-0.03541822
0.018165028,0.09488258,0.045737255,-0.00014330447,0.039676875
0.0094655,0.043787144,-0.13154712,-0.12776275,-0.034922972
0.040705968,0.0065769283,-0.0813041,-0.033224784,-0.006450856
-0.15590304,-0.020355055,-0.10812969,-0.08132678,-0.16003303
0.005087196,-0.06913601,-0.14315462,-0.14447469,-0.102064736
-0.12106795,-0.0042655664,-0.15366584,-0.09467954,-0.14234903
-0.108779825,0.0076566376,-0.10569579,-0.073821925,-0.04691865
-0.042598847,0.048016656,-0.13151488,-0.07838756,-0.09300509
-0.11888187,-0.02528571,-0.10261547,-0.06404115,-0.058515184
-0.07829484,-0.007196745,-0.06262286,-0.026170867,-0.09201333
0.020067537,-0.06692835,-0.0680531,-0.109355755,-0.018542076
-0.04892689,-0.010554414,-0.063920796,-0.057547726,-0.06858254
-0.14728114,-0.0717518,-0.1085786,-0.15286678,-0.07344957
-0.12881139,-0.04136511,-0.08795883,-0.07577678,-0.07120854
-0.053625617,0.009962663,-0.02986034,-0.08574149,-0.007787061
-0.028587284,0.046603106,0.0034828857,-0.031752676,-0.06029852
