Care,Fairness,Loyalty,Authority,Sanctity
Harm,Cheating,Betrayal,Subversion,Degradation
0.044502404,0.028311484,-0.0035705138,-0.033039976,-0.05540712
0.056429442,-0.007076841,-0.014125141,0.019868901,0.034999825
0.054885685,0.06287381,0.07341788,0.018475302,-0.030687455
0.010552903,0.046391718,-0.018952338,-0.026853463,-0.04503545
-0.039557163,-0.055379055,-0.0646099,-0.049489643,-0.074338764
0.04483812,0.09651923,0.10443332,0.083965495,0.067655556
0.00050359406,0.060482506,0.024945633,0.042284224,0.036997683
0.018647376,-0.049167402,-0.07100572,-0.16477358,-0.06440407
0.022335853,0.04281623,-0.080821574,-0.10833958,0.004805479
0.029301532,0.018477906,0.086475424,0.092669725,0.06782265
0.090850815,0.14121664,0.14908552,0.049949117,0.04237098
0.07568264,0.008606143,0.0586367,0.00048022345,0.06596252
-0.0060532577,0.039657656,0.058761112,-0.0183158,-0.011534253
0.09394403,0.12114185,0.07392487,0.024567595,-0.030393658
0.054531544,0.05440632,0.16083445,0.08367573,0.034995187
0.0068983734,-0.045090087,0.15689436,0.118299834,0.041988473
0.14057806,0.16466242,0.20575418,0.119732976,0.12516268
-0.00746955,0.014826891,-0.005960363,-0.023152621,-0.11199945
-0.03568333,-0.061811954,-0.09158815,-0.08830871,-0.11512495
0.087552205,0.090470314,0.114532396,0.058493286,0.0062574036
0.057078708,0.08552262,0.05223435,-0.0043257363,-0.018904146
0.03484467,-0.03590424,0.034054287,-0.027972436,-0.03702116
0.095459595,0.0820719,0.11269608,0.08214566,0.03700439
0.053610362,0.041527618,0.06721507,0.0017612465,-0.04445263
0.0740433,0.019119717,0.08758324,-0.022675676,0.067036495
0.04842359,0.08785452,0.054292906,0.030359391,0.0009496603
0.050821666,0.048692606,0.095750794,0.06339543,0.012558455
0.09932017,0.06469961,0.15817985,0.093871996,0.064698026
-0.0068944227,0.08336463,0.0394593,0.059438907,-0.027259596
0.022824187,0.10764486,0.029990908,0.01772505,-0.05593971
-0.035405725,-0.019551167,0.027127765,-0.004771893,0.0047760643
-0.042350307,-0.078431875,0.011938548,-0.02959415,0.007808706
0.06773316,0.060333356,0.17394786,0.06490794,0.071946226
