Care,Fairness,Loyalty,Authority,Sanctity
Harm,Cheating,Betrayal,Subversion,Degradation
-0.040084854,0.11365114,-0.030629395,0.009632006,-0.04663858
-0.109193206,-0.012546226,-0.14156035,-0.037221067,-0.14760862
-0.044935722,-0.14483273,-0.18296495,-0.18690571,-0.016497277
-0.052813876,-0.02961373,-0.12767509,-0.11485928,-0.15418798
-0.022581747,0.21521091,0.10539201,0.22544718,0.046398602
0.093627095,0.28709397,0.14738007,0.18202314,0.02117464
-0.04663781,0.050896667,-0.018826308,0.017174354,0.09183432
-0.059509918,0.109033346,-0.03818227,-0.078706086,-0.10437128
-0.0070088487,0.056222238,0.006373558,0.012647878,-0.027148888
-0.00848141,0.077681884,-0.01831136,0.023088984,0.053394973
0.06761447,0.0977132,0.071093604,0.095403165,0.017404478
-0.051798366,0.09891479,-0.070152104,0.009697845,-0.03978265
0.027019143,0.1303304,0.032590486,0.07854365,0.12703517
0.004252054,0.082714185,-0.022058334,0.07444993,-0.020549094
-0.028926924,-0.009715583,0.002548581,-0.03661445,0.02795655
-0.115427576,0.14274673,0.042948958,0.09379336,0.09590918
-0.1542616,0.08892468,-0.005294851,-0.044000253,0.019175861
-0.12635435,0.07779208,-0.033993877,-0.02617623,0.04831074
0.028458279,0.07872769,0.06070006,0.09604314,-0.018296031
0.0028584078,0.22366253,0.124522306,0.21499394,0.081204616
