Care,Fairness,Loyalty,Authority,Sanctity
Harm,Cheating,Betrayal,Subversion,Degradation
-0.12768018,0.05086862,-0.10883397,-0.051170494,-0.0051160045
-0.10526746,0.041416556,-0.053136446,0.110097915,0.09531392
-0.11933888,0.043727268,-0.10947821,-0.06674916,-0.0072167963
-0.097596765,-0.033772282,-0.14640531,-0.12115357,0.0058997534
-0.049755152,0.040917277,-0.03698636,-0.025178289,0.061630905
-0.10975616,0.11651406,-0.05144187,-0.055705495,0.051922053
0.015997903,-0.07410509,0.091400966,0.0063458374,-0.034060173
-0.123435594,0.050577488,-0.15167293,-0.11027873,-0.04427457
0.012359533,0.1781885,0.2101585,0.15149339,0.19677499
-0.04095078,0.0061702486,0.08126135,0.14799614,0.05896417
0.0739546,0.15393554,0.12095483,-0.01659676,0.08502488
0.002582225,0.03190646,0.019496918,0.047277976,0.07000294
-0.074795045,0.02488098,-0.08411733,-0.11819084,-0.022059545
-0.10276328,-0.0119102,-0.07570906,0.08319591,0.0067429263
-0.19661222,-0.068376586,-0.13529725,-0.0776533,-0.05973468
-0.07543845,0.0043384563,-0.13009065,-0.10632161,-0.057963286
-0.077037,-0.05196013,-0.14702377,-0.16380718,-0.114297464
-0.12161296,-0.070310265,-0.13276577,-0.05459884,0.008671014
-0.08957419,0.05441121,-0.044917576,-0.09986465,-0.03652368
-0.105656356,0.02783128,-0.002163535,-0.00064785406,-0.0048745396
-0.114266634,0.026878295,-0.07998876,-0.094232984,-0.13425617
-0.06280643,-0.045741335,-0.033019125,-0.07459155,-0.18460532
-0.1263924,0.029353565,-0.13050753,-0.120551825,0.009657373
-0.090008646,-0.0827574,-0.124203,-0.10149166,-0.056645557
-0.16543266,-0.013919922,-0.08648739,-0.06735597,-0.07865161
-0.15922089,-0.021171294,-0.12560847,-0.10957431,-0.106722
-0.0032732897,0.13736197,0.0035958388,-0.0037733223,0.11216809
0.082561865,0.10055438,0.040085707,-0.015688699,0.068489924
-0.004668311,0.10465105,0.12632158,0.046893474,0.10492365
-0.016673407,0.059593182,-0.100256525,-0.06757548,-0.0053960234
