Care,Fairness,Loyalty,Authority,Sanctity
Harm,Cheating,Betrayal,Subversion,Degradation
0.020251792,0.085572384,0.05851516,0.02539431,-0.038124297
-0.019104717,0.07186066,0.062029094,0.020462323,-0.056098145
0.001739475,0.035775956,0.07890178,0.056620263,-0.047655743
0.016665954,0.087118894,0.09640847,0.078991756,0.009249037
0.0009943079,0.097285904,0.07084003,0.05518296,0.023208056
-0.015581202,0.12225549,0.09311343,0.11668141,0.015140269
0.038076207,0.023384392,-0.015775407,-0.0017988505,0.053522512
0.04436512,0.058287606,0.044936705,0.047107365,0.04671906
-0.0071788887,-0.022904985,0.014938371,0.04813724,-0.012920985
0.02172361,0.0005308315,-0.0026106238,0.041100252,-0.018470248
0.014596432,0.00979678,0.020907614,0.02452285,-0.0048615676
0.02325035,0.13028431,0.13354307,-0.017670663,0.014412196
0.09496451,0.14446387,0.19305077,0.08516793,0.044646636
0.043954454,0.08127427,0.1459805,0.026844021,0.026099317
-0.044927023,0.09958308,0.050469145,0.004197944,0.07408962
0.025519269,0.018690925,0.048235357,-0.06939565,-0.06980181
0.081817925,0.044799633,0.08181925,-0.045000013,0.006682625
-0.046133474,0.05307606,0.008528855,-0.040520977,-0.043892708
0.08361934,0.13629135,0.20235947,0.122314565,0.095308796
0.0072522424,-0.023613457,0.13113558,0.07091711,-0.11370811
0.015955407,0.080929175,0.13920994,0.07159823,-0.012881814
-0.03211517,0.061438832,0.04841989,0.047921814,-0.0233267
0.07836886,0.029087665,0.13139749,0.03271038,0.024986299
0.051052578,0.025367212,0.07611586,-0.006583173,-0.03514133
-0.0026491284,0.091810405,0.038401928,0.020471849,-0.036661517
0.041157946,0.03980062,0.0022377856,0.03079464,-0.049147777
0.02607404,0.12404708,0.096005976,0.074728504,-0.018567655
0.10399583,0.021706153,0.059041403,-3.773952e-05,-0.031390954
-0.017088082,0.013177,-0.031464748,-0.00420685,-0.102656335
-0.09195691,0.052584536,0.09996842,0.11847624,-0.05783544
8.065719e-05,0.030340638,-0.0100341365,-0.05073767,-0.029409237
0.07394746,0.03754235,0.10395044,0.014872976,0.00010206178
-0.06029068,-0.03602387,-0.03977096,0.031062463,-0.03382107
-0.063805744,0.012936595,-0.043806363,0.01634508,-0.12416199
0.18745214,0.11524941,0.05364433,-0.013518225,0.052376732
0.09951097,0.026668515,-0.053045608,-0.08009206,0.03817965
0.11201606,0.00623833,0.06571181,0.00024746265,-0.04108124
-0.04986196,-0.028235134,-0.08409393,-0.049801268,-0.15488039
