Care,Fairness,Loyalty,Authority,Sanctity
Harm,Cheating,Betrayal,Subversion,Degradation
0.037426054,0.036197297,0.04755006,0.011019181,-0.006114073
0.02506151,0.0018285941,0.0018600426,-0.014169589,-0.06996919
0.048009627,0.033923425,-0.039886355,-0.03067142,0.04067628
-0.019280018,0.02421206,-0.033570528,-0.03821695,-0.08199369
-0.02488371,0.06520987,-0.027808819,-0.101702586,-0.15782478
0.018068649,0.022002552,0.047770694,0.028157126,0.04123017
0.018302253,0.054006197,0.096287206,0.051437546,0.064292505
0.07909596,-0.01683877,0.010887738,3.466662e-05,-0.029568266
-0.0022656703,0.008894115,0.027488336,-0.0033886284,-0.055386685
-0.045757223,0.07914824,0.05840915,0.0319091,-0.04816348
0.021797407,0.027544457,0.037747603,0.054224737,0.034232583
-0.12228857,-0.015246257,-0.056763776,-0.09594847,-0.13536146
0.057192855,0.11078304,0.1720562,0.08288215,0.06092794
0.07004828,-0.021380592,-0.021284584,-0.02707465,-0.021297712
-0.03479682,0.04964352,0.06912567,-0.007570967,-0.010813797
0.059122846,0.05942642,0.016855523,-0.027879855,-0.028975826
-0.17816298,-0.051939715,-0.14053273,-0.09401438,-0.14496565
-0.12494955,-0.013550179,-0.07722655,-0.05593558,-0.20684835
