Care,Fairness,Loyalty,Authority,Sanctity
Harm,Cheating,Betrayal,Subversion,Degradation
-0.005329717,-0.011950709,-0.09108581,-0.029694613,-0.018393753
0.047031105,-0.0027544796,-0.010237362,-0.12665197,-0.034352604
0.036641672,0.009895831,-0.084777236,-0.055690613,-0.03867699
-0.022009332,0.056989286,-0.035983756,-0.009324065,-0.09087317
0.0692195,-0.039156973,0.0630033,-0.059522867,-0.048352093
0.018654143,-0.054675527,-0.03171218,-0.06671283,-0.075880095
-0.13352697,-0.0773558,-0.21369752,-0.21270473,-0.13806114
-0.08697353,-0.06806116,-0.17429054,-0.14243814,-0.13675717
-0.06642942,-0.07444159,-0.12973155,-0.067566305,-0.089071095
0.030979842,-0.07123065,-0.14743058,-0.08205253,-0.050689843
0.06911428,0.03266635,-0.0010292474,0.010133362,-0.03652734
0.079427406,0.033294912,-0.029617803,0.04092987,-0.022285845
-0.004235912,0.031632703,-0.021067291,0.006093087,-0.0047311485
-0.008608688,0.028134922,-0.08035562,-0.008007693,-0.1113881
