Care,Fairness,Loyalty,Authority,Sanctity
Harm,Cheating,Betrayal,Subversion,Degradation
-0.012000602,0.04929267,0.025716662,0.0045896433,-0.07897258
0.031176135,0.012781366,0.055653915,0.00050630793,-0.07550254
-0.09229313,0.053417876,0.034709327,0.033268124,-0.054829
-0.07717266,-0.0021936032,0.00604365,0.001398325,-0.088376276
0.05237956,0.010245405,0.03715377,0.037860572,-0.108643934
0.06599918,-0.0015892275,0.041576568,-0.032322314,-0.06114164
-0.013713218,0.029433649,0.06344562,-0.010949926,-0.07141907
-0.029031157,-0.013950875,-0.02335285,-0.042122893,-0.15137929
-0.0054003075,0.019869626,0.0053078,-0.025481692,-0.029471148
-0.10293086,-0.004326028,-0.07436326,-0.11306446,-0.13185054
