Care,Fairness,Loyalty,Authority,Sanctity
Harm,Cheating,Betrayal,Subversion,Degradation
0.013403796,-0.05168003,-0.09777568,-0.09871845,-0.04909105
-0.041725043,-0.038129468,-0.09598308,-0.115272194,0.005638346
0.017023027,-0.16331103,-0.14315724,-0.18559292,-0.05807361
-0.09165053,-0.025802158,-0.13924387,-0.14715435,-0.009611503
0.027806612,-0.05501689,-0.11184065,-0.07206246,-0.02022596
-0.0070593646,0.012718072,0.011804056,0.05528383,0.120676905
-0.085842125,-0.052280948,-0.12346527,-0.06093735,-0.13896109
0.04666269,0.011708573,0.0024648225,0.042122148,-0.08579655
0.05638817,0.0725106,0.07415536,-0.0033504628,0.12724958
0.011109088,0.034354433,-0.015483594,-0.15060598,-0.11084372
-0.07326403,-0.1273055,-0.22042975,-0.11620947,-0.013091724
-0.047681414,-0.03566442,-0.10683001,-0.1087794,-0.16344014
0.032258548,-0.00024643354,0.009006187,-0.004324751,0.12027572
-0.041772462,-0.0068434067,-0.07903341,-0.0461017,-0.09178918
-0.12386892,-0.038104758,-0.11521863,-0.021525823,-0.12340765
0.112934925,0.17686366,0.20099401,0.18819112,0.10865125
0.02558173,0.111065954,0.1275774,0.07863067,0.15127656
