Care,Fairness,Loyalty,Authority,Sanctity
Harm,Cheating,Betrayal,Subversion,Degradation
-0.026824351,0.100102656,-0.03886781,0.04025202,-0.008602053
-0.011117769,0.03534703,-0.027062185,0.009497205,-0.030732432
0.032971054,0.12863702,0.13612267,0.16651955,0.07896048
-0.04922847,0.040425785,-0.027030822,0.044175163,0.00081345066
-0.03080166,0.1523062,0.106051505,0.20615643,0.084355995
0.046116695,0.08099125,0.05784598,0.14070168,0.07848132
-0.026108045,0.076989956,0.09222543,0.1384916,0.11545254
-0.007907031,0.048702627,0.1042573,0.11235471,-0.042598173
0.06917237,0.17893332,0.08853537,0.115006536,0.06982537
0.023348039,0.08800999,0.11342114,0.105386004,0.035401255
0.044833235,0.04778766,-0.031546377,0.05907917,-0.07777184
0.014505791,0.11786391,0.10722628,0.13142833,0.05947327
-0.06264564,0.00699386,-0.03730552,0.010622859,-0.18748811
0.012174678,0.05227291,-0.026268257,0.019004932,-0.052323394
-0.12718008,-0.019771608,-0.08011092,-0.08711119,-0.11867548
