Care,Fairness,Loyalty,Authority,Sanctity
Harm,Cheating,Betrayal,Subversion,Degradation
-0.048604824,0.0041702557,-0.08340068,-0.04912317,-0.06583729
-0.061587304,0.05508262,-0.019907068,-0.044520486,-0.08405336
-0.004199926,-0.02518593,-0.0651014,-0.07854335,-0.0824018
0.01346186,0.0007333355,0.0074876314,0.016767332,0.037868485
0.025227474,0.03973582,-0.026619112,-0.06270364,-0.08035393
0.026340397,0.003897559,-0.035286512,-0.051964108,-0.027199907
-0.04406894,0.00015146472,-0.09534526,-0.08545903,-0.07911796
0.020596158,0.033154305,-0.03234218,-0.04004598,-0.114323944
0.020164084,-0.06836112,-0.052573144,-0.07976246,-0.10443932
-0.05364014,-0.091190174,-0.06096089,-0.051317893,-0.10156542
-0.018647041,0.042596627,-0.020236513,0.017653292,0.007469058
-0.04562708,-0.013736367,-0.033422507,0.024376677,-0.1267726
-0.061606437,-0.072446436,-0.06335667,-0.02978214,-0.12061322
0.052194133,0.0045557376,0.021726374,0.050683986,0.046105046
-0.052099273,0.07393235,0.034283005,-0.0015306473,0.026974656
0.017802833,0.08024079,-0.023419132,-0.01714909,0.03141077
0.08932365,0.0899933,-0.011222832,0.012526539,0.06630723
0.042918865,-0.07006585,-0.023840936,-0.00826548,-0.046589278
0.14088935,0.1121438,0.1245926,0.14546824,0.11263032
0.07606925,0.057613336,0.106765375,0.03800924,0.025798067
0.012544604,0.017612614,-0.042360254,0.023470465,0.010556314
0.024723515,-0.04300581,-0.03859513,-0.0425648,-0.05200091
0.04305379,0.051675413,0.022274898,0.0025292188,0.034886986
0.03061025,0.047744613,-0.026744649,-0.062421165,-0.058545448
0.009122219,0.0066012675,0.00054107234,-0.04036528,-0.043521777
