Care,Fairness,Loyalty,Authority,Sanctity
Harm,Cheating,Betrayal,Subversion,Degradation
-0.013987752,0.024325341,-0.028173571,-0.09502636,-0.114190556
-0.029444728,0.0083700605,-0.058237582,-0.06260357,-0.088120095
-0.10356651,-0.07768596,-0.17451426,-0.14773077,-0.18662152
-0.11831286,-0.008431594,-0.18029961,-0.09678167,-0.1536731
0.03326782,0.07772067,0.061750952,0.037853613,0.07231617
-0.0041629896,0.11019602,0.065536425,0.16978358,0.030564252
-0.07153907,-0.028729944,-0.127256,-0.14017737,-0.19593495
-0.11404116,0.011105631,-0.057986896,-0.10432969,-0.09809708
0.02359723,0.024960723,0.046371866,0.016319012,-0.021547053
-0.018742627,0.050001178,-0.02788579,0.017042141,-0.012020791
0.06379743,0.05733896,0.015656658,-0.0092806015,-0.013476036
-0.054497022,-0.018760052,-0.01747966,-0.06528072,-0.083201975
0.04440999,-0.035821795,-0.030013891,-0.07270493,-0.038439818
-0.1642712,-0.08084656,-0.16473912,-0.21180254,-0.28108045
-0.06254219,-0.07552864,-0.15079561,-0.110707,-0.17113781
-0.12870163,-0.061031096,-0.20648147,-0.066421226,-0.17155208
0.028593227,0.060037278,0.19368151,0.13617124,0.083808586
0.07207018,0.074416324,0.1738734,0.123725474,0.09888885
-0.10250723,-0.108134575,-0.11039219,-0.040476322,0.0017769746
-0.019867562,0.015849661,-0.025563294,-0.04330544,0.015146948
0.026494965,0.05297865,0.08640209,0.037668936,0.085031
0.08707991,-0.023965407,-0.0003418643,0.031315103,0.0028329305
-0.053349763,-0.005109937,-0.046574008,-0.04303047,-0.09642953
