Care,Fairness,Loyalty,Authority,Sanctity
Harm,Cheating,Betrayal,Subversion,Degradation
-0.0494967,0.030026656,-0.034204442,-0.013291579,-0.050468378
0.06560028,0.0921656,-0.0409446,-0.02696668,-0.04997345
-0.0114375735,0.06322628,0.030066185,0.043178383,-0.064517274
0.068342775,0.11048443,0.09343602,0.0266502,-0.025700167
0.06126717,0.1234418,0.06577704,0.08249202,0.025203202
-0.014321733,0.072220705,0.012964222,0.029433742,-0.096912056
0.057618134,0.09940541,0.08356156,0.056960355,0.0025845189
0.045674317,0.008001573,0.015842263,-0.031331018,-0.049050637
0.012455305,0.035146996,0.03810911,-0.03945703,-0.018505044
0.029501602,-0.0483613,0.04147333,0.037605263,-0.02546442
0.08127548,0.11613037,0.15526131,0.11247924,0.0812369
-0.03504207,-0.037608594,0.0052478015,-0.039695054,-0.07354677
-0.026551677,-0.0082789445,-0.012454722,-0.0007462315,-0.031300344
-0.076230764,-0.030245678,-0.10941586,-0.1511435,-0.11558999
-0.053518746,0.014163224,0.13287716,-0.0050712563,-0.022476964
-0.022990743,0.05272811,0.021100273,-0.059942722,-0.006082868
0.01124713,0.04950571,0.04859003,0.027543461,-0.006291981
-0.015833251,-0.00048775598,-0.083673835,-0.029380238,0.0048765913
-0.02544232,0.11694507,0.0015167501,0.022346254,-0.046284325
0.09690209,0.16635448,0.2912687,0.14616448,0.074878335
