Care,Fairness,Loyalty,Authority,Sanctity
Harm,Cheating,Betrayal,Subversion,Degradation
0.0203848,-0.015151529,-0.03683812,-0.028209414,-0.07015863
0.041143026,0.054640636,0.10042977,0.014635835,0.0015296135
-0.013395783,0.00741967,0.016624019,0.020976666,0.0017817337
0.024227353,0.020278905,-0.003078551,-0.032676782,-0.08092291
-0.0650687,-0.026625223,-0.10369812,-0.047427736,-0.11359181
-0.13211122,0.017979423,-0.06080398,-0.05576026,-0.0472826
0.027974058,0.0022594575,0.059534654,0.078641996,0.049512513
-0.02192067,0.007903121,0.009768955,0.047554,0.01286185
0.04966995,0.0156197855,0.015127374,0.10421815,-0.032795563
0.088857144,0.1199289,0.18328905,0.10591749,0.12148953
-0.014410857,0.0353105,-0.044232838,-0.015830975,-0.12729675
-0.04807619,-0.033135027,0.011503805,-0.02335614,-0.052850444
-0.014870418,-0.031163342,-0.04416866,-0.072664306,-0.15674873
-0.14692906,-0.08479455,-0.101226896,-0.13633943,-0.23461638
