Care,Fairness,Loyalty,Authority,Sanctity
Harm,Cheating,Betrayal,Subversion,Degradation
-0.0854159,0.003627643,-0.09340331,-0.048106305,0.01835869
-0.04739852,-0.0063057537,-0.07389574,-0.06636929,0.018297337
0.021434216,0.0070317388,-0.061463695,-0.068704985,-0.074431516
-0.056697246,-0.047539257,-0.103412084,-0.13171485,-0.101194076
-0.17648987,-0.120579004,-0.19756983,-0.17792639,-0.111757465
0.034081575,-0.0790774,-0.10290176,-0.030666517,-0.0027886573
0.045458138,0.14445506,0.05429566,0.045570582,0.035043623
0.10245995,0.095412344,0.065450415,0.037356958,0.18441167
0.058204234,-0.06301327,-0.07826606,-0.13024105,0.09793093
0.072446704,0.05444714,0.08741337,0.06329023,0.086746946
0.10532674,0.06276399,0.012552735,-0.014003165,0.1676681
0.087862976,0.0802554,0.031194018,0.03620455,0.17776746
0.04696684,0.024475068,0.06110862,0.002453491,0.06597479
0.09705782,0.121995434,0.05814261,0.041858457,0.19974834
0.008618249,0.08130889,0.038329795,-0.007988911,0.03699544
0.009638332,0.01979602,-0.16251335,-0.16829874,0.04074879
-0.08539524,0.0059877923,-0.051282752,0.028009113,0.0069251005
-0.043754883,-0.06728343,-0.06704074,-0.038101736,-0.05217754
-0.043362387,-0.04394439,-0.10403593,-0.07988836,-0.07407458
-0.050753463,-0.021581694,-0.032886013,0.01571123,-0.024870243
-0.060204946,-0.00010823086,0.03534069,0.016849361,0.043331385
-0.053691693,-0.02070737,-0.0987754,-0.10340141,0.036213856
-0.015177334,0.032380648,0.031975735,0.047035158,-0.027736632
-0.11369427,-0.15271723,-0.26674148,-0.17612123,-0.1712377
-0.049614802,0.025668666,-0.0038437126,0.041159946,-0.051396243
0.07357262,0.03688814,0.020544773,0.07863043,0.09242807
0.09481686,0.024573658,-0.0021486878,-0.029508349,0.0669854
