Care,Fairness,Loyalty,Authority,Sanctity
Harm,Cheating,Betrayal,Subversion,Degradation
0.046554178,0.015116502,-0.008534246,-0.038176395,0.061412755
0.03551767,0.035090487,0.06582482,0.053056862,0.083278865
0.10423724,0.051902488,0.021432182,-0.04421297,0.09175085
0.11438988,0.14812988,0.09696737,0.0522637,0.049952865
0.03358636,0.10034177,-0.05473402,-0.015145266,0.00021060556
-0.04407621,4.907977e-05,-0.018066537,-0.04486636,-0.10825282
0.014296399,0.022006862,0.027250044,0.062273614,0.012090233
0.0023050252,-0.023574252,0.015249051,0.009072881,-0.06496119
-0.073072866,0.0131490715,-0.034514688,-0.029402291,-0.043237526
0.057203393,0.08076246,-0.038279783,-0.0061864983,0.11192305
0.024578054,0.018474257,0.09564844,0.012920564,-0.0311744
0.056579135,0.14262053,0.15620983,0.11032888,0.074659646
-0.104667336,-0.006138413,-0.15680301,-0.17211303,-0.15878396
-0.023603138,-0.039776534,-0.023473497,-0.043560218,-0.07211422
0.12583071,0.14309688,0.14803347,0.15413037,0.08472771
0.08209606,0.10662871,0.05583591,0.014381034,0.11152752
-0.05609192,0.060118563,0.04355947,0.0037613958,-0.07506737
0.0041159876,-0.020819895,-0.020558082,-0.09005695,-0.034477122
0.058000613,0.0026765354,-0.00043884385,-0.0002546925,0.036422078
0.050274365,0.11204019,0.05331163,-0.010091572,0.1117557
-0.02682504,0.03904496,-0.06692789,-0.1526258,-0.04426343
-0.07649398,0.0046407096,-0.02544258,-0.07252148,-0.05947929
-0.087289914,-0.032035492,-0.019915298,-0.0442931,-0.12889706
-0.0061146696,0.049956914,-0.05748771,0.017590333,0.010768825
-0.03338742,0.06326799,0.030497223,-0.0035460377,-0.096644625
-0.08102593,-0.03815969,-0.09035039,-0.07883182,-0.18107113
0.03532496,0.076790385,0.032434806,0.05480873,0.03365043
0.038132876,0.080493204,-0.043059282,-0.010459855,4.1499734e-05
0.020465575,0.0884725,0.019121515,0.07788761,0.047860198
0.09975141,0.08465622,0.10871394,0.07365148,0.08380343
