Care,Fairness,Loyalty,Authority,Sanctity
Harm,Cheating,Betrayal,Subversion,Degradation
-0.11158016,0.0042933617,-0.12644425,-0.052682046,-0.14922167
-0.04425633,0.024813332,-0.095108345,-0.03180457,-0.08457644
-0.08259061,-0.054426562,-0.15598223,-0.08761864,-0.12638438
-0.0022448488,0.045397863,-0.10249045,-0.050412625,-0.20100334
0.03177713,0.09843281,-0.018622896,-0.022612125,0.003333854
-0.08422592,-0.008810848,-0.08282791,-0.10439315,-0.16150348
-0.014179508,0.056743477,0.00015511736,-0.07525392,-0.087856784
0.0075723827,0.022531237,-0.03661381,0.0020108428,-0.024432493
-0.052556805,-0.06119556,-0.11607894,-0.007071727,-0.032493945
-0.090184584,-0.04034874,-0.15845291,-0.14617896,-0.18215968
-0.079181634,0.00087144505,-0.07333804,-0.04689313,-0.16218536
0.027720258,-0.0013461497,0.010070529,0.01881459,-0.00196849
0.016211381,-0.0038578557,-0.11272541,-0.14376786,-0.17592129
0.039424583,-0.050244432,-0.040697433,0.009015125,-0.034396783
0.09835136,-0.004451772,0.024161857,-0.0029788315,-0.05462751
0.10718869,0.16783178,0.23371112,0.049669415,0.19889583
-0.022110518,-0.07412414,0.047844186,-0.057361543,-0.030498855
0.06977581,0.021271177,0.18092522,0.12695532,0.13937531
0.00031701475,-0.053040445,-0.06445641,-0.076542996,-0.05800081
