Care,Fairness,Loyalty,Authority,Sanctity
Harm,Cheating,Betrayal,Subversion,Degradation
-0.09427452,-0.013945711,-0.1635055,-0.15102957,-0.1643712
0.030358374,0.0024012746,-0.12335092,-0.025192374,-0.028329387
-0.092192724,0.009854069,-0.12084887,-0.09158382,-0.121728584
0.035347577,-0.045102507,-0.063795775,-0.11454423,-0.050677806
0.029095378,-0.0061299996,-0.10883261,-0.057639785,-0.084493265
0.014425227,0.06243261,-0.038814552,-0.05929217,-0.01986663
-0.028971264,0.034904934,-0.018905614,-0.0024049487,-0.054188117
0.0031018304,0.001568472,-0.071479,-0.081006885,-0.060129415
-0.11615549,-0.11638342,-0.19911455,-0.1883137,-0.13925312
0.00067619234,0.041356426,-0.05705742,-0.0112255905,-0.057836648
-0.02716557,0.05996493,-0.050610278,-0.0058790967,-0.015652157
-0.046987083,0.030229874,-0.061112992,-0.00067502866,-0.08202595
0.092348225,0.02377435,-0.019555997,-0.057839997,0.002611218
-0.12651184,-0.062521935,-0.084089875,-0.08900474,-0.19198102
-0.080910474,-0.010905206,-0.112912536,-0.06494479,-0.092815
-0.010811416,-0.011211935,-0.07849044,-0.029535143,0.027509231
-0.0029176343,0.068635575,0.1305252,0.08846036,0.18395968
