Care,Fairness,Loyalty,Authority,Sanctity
Harm,Cheating,Betrayal,Subversion,Degradation
-0.09480196,0.056338735,-0.041260272,-0.032432802,0.0027143955
-0.070173755,-0.011943792,-0.1506582,-0.08554427,-0.08356241
-0.02312621,-0.042208962,-0.12516958,0.031122923,0.015196746
-0.01176879,0.01950254,-0.106587484,-0.059654802,-0.00548625
-0.009731079,0.020485198,-0.063807026,-0.099530086,-0.043827556
0.016427107,0.029731017,0.040183015,0.052829243,0.07153765
0.046760887,0.1160813,-0.12214479,0.086434655,-0.030404128
-0.05713415,0.04032813,-0.09101007,-0.04200829,-0.004992299
-0.12239598,-0.02832301,-0.07753311,-0.08846746,-0.10860148
-0.10258829,0.14754248,-0.046606705,0.072481014,0.076175645
0.05745502,0.15339935,0.28638232,0.16081922,0.09657964
0.013744589,0.0723749,0.051755153,0.006679658,-0.004962351
0.009213347,0.08145292,0.07572646,-0.0029319879,0.023955746
-0.13733947,0.02425791,-0.096233696,-0.11223009,-0.04030449
0.080753416,0.13073665,0.02054704,0.057152815,0.11458725
0.050540674,0.18311518,0.14170487,0.035751693,0.1452092
-0.060476243,0.11695014,-0.058899663,-0.06638768,-0.034724254
