Care,Fairness,Loyalty,Authority,Sanctity
Harm,Cheating,Betrayal,Subversion,Degradation
-0.09986494,-0.08657533,-0.13584246,-0.073970124,-0.089443356
-0.008345336,-0.025421303,-0.07036038,-0.021398531,-0.088187054
-0.118462786,-0.12078293,-0.19140312,-0.16441582,-0.20280571
-0.11384334,-0.05256873,-0.11787514,-0.042704977,-0.076861225
0.060169376,-0.02649426,-0.0037775328,0.05305692,0.003798562
-0.061043352,-0.06517893,-0.06833289,-0.055704765,-0.04612055
-0.07437851,-0.07388854,0.06635438,-0.008738972,-0.122917004
-0.051177204,0.011844594,0.017310407,-0.035347722,0.003720048
-0.029553574,-0.05105767,-0.13060503,-0.13432935,-0.15280469
-0.0028536469,-0.013237487,-0.008035848,0.06903283,0.003451624
-0.0015277006,0.0028350316,-0.0020075552,0.045315437,0.045743622
-0.028724825,-0.082774326,-0.14209092,-0.058197893,0.021620102
-0.063042566,-0.05340601,-0.09635545,-0.057564538,-0.066673905
-0.07386036,0.011616297,-0.092592955,-0.09234646,-0.098189965
-0.04662791,-0.04204226,-0.07372923,-0.08619949,-0.11421577
0.0041978434,-0.038663097,-0.02675508,0.001470618,-0.017167047
0.046124026,-0.06108076,0.023267634,-0.045686085,-0.021719433
-0.06686801,-0.07420479,-0.009405248,-0.08068161,-0.078673705
-0.09246373,-0.058323488,-0.02554726,-0.08933127,-0.0846248
-0.025428617,-0.027783256,-0.08394912,-0.09129988,-0.17439814
-0.06500382,-0.07754659,-0.10219227,-0.058238745,-0.11544732
-0.04689192,-0.019533983,0.021535654,0.049261235,-0.00037392043
