Care,Fairness,Loyalty,Authority,Sanctity
Harm,Cheating,Betrayal,Subversion,Degradation
0.02275759,0.019206738,-0.052342705,-0.03640634,-0.028725015
0.06218866,-0.14366294,-0.09820163,-0.044439442,-0.045942433
-0.011578936,0.012931064,-0.061015833,-0.13289626,-0.09685168
0.04882938,0.08764245,0.10262728,0.07766287,0.06658057
-0.063507445,-0.124407925,-0.19351809,-0.113394514,-0.042403575
0.018826962,-0.004429813,-0.008905726,-0.051206812,-0.06695925
-0.11763239,-0.040903613,-0.05937484,-0.11307852,-0.19601926
0.035515867,-0.021469355,-0.067973465,-0.022345856,0.0047640204
0.034957245,-0.098037764,-0.08975174,-0.10281193,-0.035881087
0.068499155,0.012427872,0.047682863,-0.0066681467,-0.024574239
0.18855269,0.084516585,0.08384651,-0.0698006,0.025823802
0.08899341,0.030015651,0.07049757,-0.021565843,-0.0321977
0.13316223,0.08718859,0.04815854,0.05774377,0.08219428
0.043098897,0.0034023337,0.12211828,-0.015768003,-0.02887638
0.18836184,0.070852295,0.16584978,0.08808325,0.07238071
-0.04951532,-0.103781775,-0.070814766,-0.095376834,-0.1413853
0.0120937275,-0.0011769459,0.0030108206,-0.04177199,-0.11387018
