Care,Fairness,Loyalty,Authority,Sanctity
Harm,Cheating,Betrayal,Subversion,Degradation
0.0028343094,-0.061427683,-0.1021618,-0.08712179,-0.09621808
0.092803165,-0.17204447,-0.12688062,-0.14046004,-0.108302444
-0.059348293,-0.06605847,-0.08503924,-0.16284585,-0.04006452
0.006308225,-0.04458447,-0.058606777,-0.13991359,-0.04821287
0.025198597,-0.12222522,-0.10647113,-0.11442304,-0.14907528
0.040269222,-0.20820355,-0.115517825,-0.17233913,-0.051401477
0.14612055,-0.19356683,-0.11874865,-0.12506285,-0.10068187
-0.008723605,-0.12607005,-0.09141779,-0.078084946,-0.049157973
0.033966497,-0.022776157,-0.026163086,-0.05787123,-0.058135416
0.022987429,0.042223178,0.0069101043,-0.058342326,-0.008902013
0.09748561,0.034255058,0.07776378,0.01365963,0.014615867
0.0669827,0.020281538,-0.09662545,-0.12840058,-0.070881486
0.06838158,0.095830135,0.09565836,0.05894642,-0.07129392
-0.12144448,-0.14735964,-0.09605731,-0.10593155,-0.116249025
0.07093171,0.05989934,0.14811593,-0.031217683,0.028561892
0.08854287,-0.09739613,-0.098489136,-0.055330556,-0.09244727
0.005965441,0.0669469,-0.013023045,-0.06621727,-0.06735719
0.034158815,0.09852867,0.029110419,0.06803445,-0.0068328604
0.0006834958,-0.013292242,-0.012611029,0.02161809,-0.15127832
-0.019274509,-0.010662213,-0.0006085802,-0.09557707,-0.10390571
-0.03351812,-0.047679115,-0.09731333,-0.008023454,-0.10641527
-0.16054177,-0.014618894,-0.14409986,-0.13092712,-0.04975735
0.090097755,-0.007101722,-0.014396016,0.0039407425,-0.0029242188
-0.003810957,-0.0020594746,-0.01569825,-0.13914391,-0.11104201
0.04986497,-0.05428139,-0.07697867,-0.042722814,-0.113414176
0.013590232,0.08521521,-0.0108681,-0.04932712,-0.08487832
0.013185077,-0.07163188,0.005462492,0.025341067,-0.030191945
-0.0066184234,-0.04651943,0.00431088,-0.09815459,-0.035838135
0.07808067,0.021042354,0.052548654,0.021908186,0.018101096
0.020659234,2.4516135e-05,0.0084428005,-0.10583752,-0.024674814
-0.10846489,-0.07854981,-0.1934878,-0.16837245,-0.10830358
0.09059036,0.028875172,0.0064125657,-0.03514222,-0.0292018
0.0060727485,-0.035378575,0.014836545,-0.030414725,-0.049556777
0.12770052,-0.006177811,0.01993147,0.014927838,0.028437525
0.04340262,0.03125053,0.006506743,-0.028974298,-0.019604482
-0.004227029,0.00070347916,-0.034773663,-0.10885576,-0.08126038
