Care,Fairness,Loyalty,Authority,Sanctity
Harm,Cheating,Betrayal,Subversion,Degradation
-0.05654544,0.09316574,-0.060147695,-0.032855447,-0.0709086
-0.008867696,0.059501972,0.024761774,0.13054413,0.018892234
-0.026003515,-0.06785968,-0.11708136,0.004303105,-0.07921301
-0.097316206,-0.21231885,-0.1966783,-0.16408363,-0.14445385
-0.19315563,-0.1590946,-0.23310599,-0.1305438,-0.18318027
0.055399265,0.16909526,0.10628977,0.06511767,0.08162965
-0.13156329,-0.14132594,-0.13477659,-0.06722388,-0.1616629
-0.07726499,-0.039192244,-0.02056488,0.02224911,-0.0436059
-0.120996475,-0.008865995,-0.052055813,0.07502243,-0.08329998
-0.025984904,-0.0008942187,-0.05238068,0.040720183,-0.036362175
-0.04066263,-0.0030741803,-0.017480679,-0.0068364944,-0.02091588
-0.07008987,-0.027246682,-0.10415456,-0.020783626,-0.14592905
-0.04366717,0.15012032,0.17215471,0.18517147,0.0850565
-0.051748976,-0.000659056,-0.02248905,0.009162255,0.0039504506
0.04850577,0.08767171,0.07372038,0.06273231,-0.013751395
