Care,Fairness,Loyalty,Authority,Sanctity
Harm,Cheating,Betrayal,Subversion,Degradation
0.037335582,0.039002616,0.0013763281,0.03805401,0.021876987
0.054939277,0.049271896,0.010606446,-0.03616886,0.011995014
0.07710031,-0.004250261,0.047084853,-0.049473293,0.022696925
0.039582033,0.05858229,0.14213596,0.07793917,0.060991656
0.041405536,-0.085387334,0.02573835,0.0040514483,0.035001487
-0.042582992,-0.007223567,-0.008591795,-0.10388685,-0.15019706
-0.015336243,-0.024760218,0.019722143,-0.03233814,0.012449252
0.060453843,0.06100519,0.0007064417,-0.042326663,0.021257792
0.049132682,0.006271068,-0.04867265,-0.14072543,-0.06306882
-0.008218828,0.055594616,0.020047186,-0.0105848685,-0.027434703
-0.010420337,-0.0881329,-0.10342763,-0.07544443,-0.05564717
-0.018366434,0.017373975,-0.010720552,0.01957579,-0.03657466
-0.08851233,-0.046020314,-0.14325094,-0.09781891,-0.12732829
-0.08293622,0.018865477,-0.14254001,-0.040593654,-0.09296439
-0.072794184,-0.029191157,-0.07344875,-0.044973474,-0.1208222
-0.1056485,0.022323702,-0.0087409,0.020965267,-0.101706475
-0.108099,-0.034966227,-0.024946798,-0.016047858,-0.0877451
0.040484615,0.0022631418,0.013016805,0.004969674,-0.027054548
-0.09881519,-0.017747834,-0.010310408,0.029057484,0.00052582845
0.01426516,0.083697625,0.02077944,0.18633367,0.034069516
0.11798109,-0.010130219,0.028586078,0.0062957993,-0.050685816
0.012327258,0.029089576,0.024921205,-0.020650527,-0.023529666
-0.04832828,-0.0013929908,0.014760322,0.0073425155,-0.04951709
0.020825874,0.026101606,-0.011216589,-0.06524335,-0.0054047965
0.05984716,0.039728835,0.15540546,0.030348532,0.058715556
0.030862445,-0.026388807,0.049481057,0.039018318,-0.04928621
0.07424499,-0.020080306,-0.014474911,-0.017443899,-0.024308408
-0.04139138,0.023043307,0.021252409,-0.0013624798,-0.04356982
0.04122697,-0.01656495,-0.010762425,-0.06339781,-0.03531055
0.054567493,0.0095723225,0.058915492,0.016064323,-0.047116186
0.040977687,-0.08564976,-0.12061842,-0.087951265,-0.09686657
-0.009455536,0.015342108,-0.064410776,-0.07667616,0.081096984
-0.043118265,-0.070324704,-0.1128418,-0.104381755,-0.14017513
-0.064659506,0.07358542,-0.060409132,-0.053097133,-0.010403929
0.051287577,-0.011686781,0.10160698,0.019950386,-0.06923414
0.02828654,-0.023803473,-0.0730302,-0.07643342,-0.18483998
-0.023912612,-0.041463215,0.006365614,-0.103289366,-0.12740889
0.019180816,-0.015961826,-0.0015337039,-0.08848357,-0.061075747
