Care,Fairness,Loyalty,Authority,Sanctity
Harm,Cheating,Betrayal,Subversion,Degredation
0.019832417,0.044186193,-0.040104397,-0.10650713,-0.01410374
-0.048279356,-0.02968297,-0.093679756,-0.1501137,-0.1639636
0.009051987,0.0039290083,-0.05664633,-0.107609235,-0.035689775
0.018097125,-0.007649772,-0.10620042,-0.14135434,-0.09793456
-0.005050541,0.023826657,0.008663816,-0.06877143,-0.10795614
0.022564191,-0.037610695,-0.06863224,-0.12536338,-0.06291199
-0.00064942427,-0.005823045,-0.05380079,-0.098364875,-0.0901968
0.0034384765,-0.0030795233,0.044929963,-0.031245604,0.08549096
0.014419889,-0.0025856271,-0.033048496,-0.07814501,-0.08709964
0.018309277,-0.01576727,-0.08234442,-0.11657177,-0.093380794
-0.058191273,-0.06772631,-0.088315725,-0.14107393,-0.09051016
0.028312558,-0.076878995,-0.08453316,-0.06503369,-0.053820245
-0.041026574,0.017430196,-0.017246649,-0.03900233,-0.040878452
0.011698257,-0.07161647,-0.06400512,-0.14656612,-0.12077945
0.033030026,-0.06859915,-0.07213656,-0.08921972,-0.1449087
-0.07090096,-0.072483286,-0.051836435,-0.0752588,-0.20706421
0.03266034,-0.050534017,-0.029892873,-0.105377994,-0.09655151
0.058017004,-0.009572303,-0.046916388,-0.07445809,-0.02985186
-0.0134181455,-0.049331374,-0.04885599,-0.059646748,-0.11143986
0.0064905165,-0.052551612,-0.02788215,-0.16677515,-0.114894345
-0.13155569,0.0057442263,-0.09538269,-0.16775349,-0.1536189
0.054166526,0.00034426432,-0.0008637083,-0.025331683,-0.052498415
-0.051671535,0.052739643,-0.0066974363,-0.023757678,-0.120600015
-0.020061472,0.022741884,-0.004448539,-0.0050573,-0.08853942
-0.04674486,0.03100086,-0.03187508,-0.05590364,-0.110327624
0.02030032,0.01958898,-0.03744261,-0.082025036,-0.0043365117
-0.06861144,0.027800806,0.022471512,0.08558747,-0.048625305
