Economic,Capacity,Morality,Fairness,Legality,Policy,Crime,Security,Health,Quality,Cultural,Public,Political,External
0.26330655813217163,0.6818907260894775,0.031839519739151,0.27405408024787903,0.13532403111457825,0.18449369072914124,0.010393266566097736,0.19519758224487305,0.0032955894712358713,0.16711029410362244,0.04683762416243553,0.6883591413497925,0.5382326245307922,0.17251425981521606
0.7924096584320068,0.9484448432922363,0.27068692445755005,0.22201670706272125,0.6722427606582642,0.7464930415153503,0.19597555696964264,0.8095364570617676,0.9560472965240479,0.8562601208686829,0.12037249654531479,0.48636338114738464,0.8195963501930237,0.1468178927898407
0.856076180934906,0.71926349401474,0.29195940494537354,0.31285881996154785,0.31132569909095764,0.3110995888710022,0.106855109333992,0.8997458815574646,0.24833838641643524,0.2734360098838806,0.1328650265932083,0.2150864601135254,0.30443406105041504,0.10582747310400009
0.7232838273048401,0.4857763648033142,0.2047223299741745,0.07074733078479767,0.3493368625640869,0.37547534704208374,0.32212233543395996,0.6949371099472046,0.12411963939666748,0.3919788897037506,0.1619652360677719,0.5013782382011414,0.6216899156570435,0.053288139402866364
0.8246654868125916,0.87262362241745,0.19952815771102905,0.20102155208587646,0.390518456697464,0.1313302367925644,0.1701291799545288,0.623701810836792,0.009771944023668766,0.5614929795265198,0.18416155874729156,0.5791007280349731,0.5429392457008362,0.09089182317256927
0.5208458304405212,0.427029013633728,0.06397166848182678,0.07130110263824463,0.13184791803359985,0.6246556639671326,0.062240369617938995,0.5609766244888306,0.3418547809123993,0.3323042690753937,0.10360070317983627,0.17558647692203522,0.07530795782804489,0.037415213882923126
