Economic,Capacity,Morality,Fairness,Legality,Policy,Crime,Security,Health,Quality,Cultural,Public,Political,External
0.991177499294281,0.9599449038505554,0.06306715309619904,0.5111281275749207,0.6273679733276367,0.5719478130340576,0.3156920075416565,0.5761861801147461,0.007110258098691702,0.6799291372299194,0.2343146651983261,0.714262068271637,0.8833917379379272,0.1051846593618393
0.8994084596633911,0.8371468782424927,0.06391151249408722,0.1814919114112854,0.19656015932559967,0.22343777120113373,0.01615958847105503,0.1572488397359848,0.0027041498105973005,0.3043045103549957,0.04875707998871803,0.1456099897623062,0.18281638622283936,0.023800279945135117
0.8157207369804382,0.5053073167800903,0.1425318866968155,0.38154900074005127,0.3469521999359131,0.16459041833877563,0.2357645332813263,0.492559552192688,0.01966872252523899,0.36953601241111755,0.13770368695259094,0.5512804985046387,0.7162753939628601,0.04118962585926056
0.6627768874168396,0.6896166801452637,0.23138044774532318,0.062964528799057,0.28925442695617676,0.5685228109359741,0.0795065388083458,0.1831257939338684,0.0013687355676665902,0.22494414448738098,0.08670803159475327,0.16320639848709106,0.14639915525913239,0.019770855084061623
0.3273007273674011,0.6889269351959229,0.030251173302531242,0.05387807637453079,0.0383215956389904,0.6968892216682434,0.005198004189878702,0.01678088679909706,0.0003264632250647992,0.01818676106631756,0.010734442621469498,0.08459695428609848,0.012828093022108078,0.007782367989420891
