Economic,Capacity,Morality,Fairness,Legality,Policy,Crime,Security,Health,Quality,Cultural,Public,Political,External
0.9920312762260437,0.951572835445404,0.07816153764724731,0.47564026713371277,0.35052162408828735,0.7712234258651733,0.1426943987607956,0.33902689814567566,0.006399327423423529,0.6402304768562317,0.19474972784519196,0.6596146821975708,0.5654393434524536,0.039496395736932755
0.2274271547794342,0.22242319583892822,0.0022354202810674906,0.0034263236448168755,0.01345747709274292,0.051288407295942307,0.003693952923640609,0.034050729125738144,0.0017068162560462952,0.022801663726568222,0.010201939381659031,0.34200599789619446,0.06954260915517807,0.002396455965936184
0.9229548573493958,0.6107643246650696,0.3216240406036377,0.23032084107398987,0.19276665151119232,0.20966099202632904,0.2720750868320465,0.5705681443214417,0.028981532901525497,0.624973714351654,0.25027891993522644,0.5220271944999695,0.4200412631034851,0.05361638590693474
0.7712287306785583,0.3203694522380829,0.2768155336380005,0.04799743741750717,0.06343332678079605,0.6593993902206421,0.02337794378399849,0.21674615144729614,0.0006284640403464437,0.05884428322315216,0.1569310575723648,0.6200078129768372,0.4107895791530609,0.027881326153874397
0.44808831810951233,0.17528243362903595,0.00429741945117712,0.01827615313231945,0.0052743274718523026,0.06976750493049622,0.0017506086733192205,0.01715097762644291,0.0009089310769923031,0.020209088921546936,0.006825991440564394,0.03975808247923851,0.008594435639679432,0.001830519177019596
0.4984310567378998,0.6179714202880859,0.24394284188747406,0.5570857524871826,0.502842128276825,0.3227756917476654,0.23949933052062988,0.26267510652542114,0.06660857796669006,0.5132377743721008,0.2411617487668991,0.40152835845947266,0.21534492075443268,0.007489683572202921
