Economic,Capacity,Morality,Fairness,Legality,Policy,Crime,Security,Health,Quality,Cultural,Public,Political,External
0.9228615760803223,0.842181384563446,0.2516307532787323,0.2161685824394226,0.6180897355079651,0.5331991314888,0.5644879937171936,0.5792875289916992,0.012741351500153542,0.5936027765274048,0.2140752673149109,0.9072263240814209,0.9102453589439392,0.03001791052520275
0.5015683770179749,0.25862231850624084,0.11879304051399231,0.11007995158433914,0.4374786913394928,0.309535950422287,0.09719273447990417,0.27020740509033203,0.037371404469013214,0.3569020926952362,0.06329221278429031,0.7643846869468689,0.6215121746063232,0.009605716913938522
0.16352525353431702,0.2742708921432495,0.014733203686773777,0.04473868012428284,0.23319607973098755,0.08788832277059555,0.0463627465069294,0.08504512906074524,0.0005131945363245904,0.05506613105535507,0.013554740697145462,0.11934356391429901,0.1866672933101654,0.002363476436585188
0.548046886920929,0.3622598350048065,0.10030223429203033,0.10540863871574402,0.11164118349552155,0.21386213600635529,0.020890705287456512,0.10081236064434052,0.004716365598142147,0.07959666103124619,0.06599646806716919,0.1687086820602417,0.14100584387779236,0.011494621634483337
0.6418938636779785,0.5618134140968323,0.5334165692329407,0.7710909843444824,0.4964536428451538,0.17536385357379913,0.6216254830360413,0.5561493039131165,0.22144746780395508,0.5497995615005493,0.3619202971458435,0.8241468667984009,0.9441304802894592,0.10976862162351608
0.9424636960029602,0.660190761089325,0.35824230313301086,0.7019528746604919,0.8189970254898071,0.3201948404312134,0.7979092001914978,0.7311263084411621,0.4892333447933197,0.4789709448814392,0.33074289560317993,0.7256785035133362,0.6592176556587219,0.05800246447324753
0.013852651230990887,0.3391641676425934,0.1315355747938156,0.017986729741096497,0.783646285533905,0.3526393473148346,0.27201521396636963,0.11542081087827682,0.001569215441122651,0.05603370442986488,0.04219125583767891,0.09056446701288223,0.0703267753124237,0.009604720398783684
