Care,Fairness,Loyalty,Authority,Sanctity
Harm,Cheating,Betrayal,Subversion,Degradation
-0.021218373,-0.060666423,-0.033065647,-0.0763639,-0.114008576
-0.093341455,0.05724039,0.01811654,-0.053045038,0.09802092
-0.03814959,0.14454244,0.0733414,-0.0036636181,0.13472493
0.080043785,0.08609315,0.17642185,0.07494111,0.15813597
0.16199873,0.007555263,0.2540516,0.105355196,0.12078367
0.0029369742,0.038554806,0.12047154,0.13547951,0.25694674
-0.03647749,-0.015142325,-0.08669552,-0.14716312,-0.08608024
0.049989324,-0.07440835,-0.011611586,-0.012030335,0.03772933
-0.10203366,0.005512012,-0.050763316,-0.14874448,-0.10281117
-0.09713018,-0.11239198,-0.09876315,-0.12791082,-0.098772146
-0.043224797,0.027579749,-0.017181054,0.00595556,0.02008409
-0.11015089,-0.033101268,-0.018614221,-0.1242289,-0.09396681
0.07979798,0.11837365,0.19163683,0.22506227,0.26323906
-0.09014943,0.00042225048,0.044193186,-0.07378831,-0.064578205
-0.1624484,0.028606113,-0.084557235,-0.13566023,-0.15489006
0.024009468,-0.04183958,-0.065732,-0.1230883,-0.033410154
-0.020550694,0.004144912,0.05034763,-0.053293586,-0.06376688
-0.052531265,0.029397124,0.16909674,0.05411569,0.060358003
-0.027554765,0.03886585,0.057059743,-0.003279176,0.07218869
-0.019498225,-0.06670467,0.031723842,0.0021760892,-0.0050048977
0.050688922,-0.015043173,0.09997069,0.06904108,0.032766636
0.07160723,-0.077132314,0.0036692973,-0.114579804,-0.010639202
0.031313404,-0.01509283,-0.014350647,-0.016505653,-0.12554042
-0.066008836,-0.0063618403,-0.07502399,-0.094430216,-0.039063647
-0.016811872,0.09153641,0.004034629,-0.13292412,0.009598032
0.016311863,-0.09079696,-0.017203359,-0.039841413,0.008722492
-0.062111985,-0.070805155,0.050545268,-0.012796717,-0.023591965
0.039881345,0.02130228,-0.0062210998,0.030630263,0.010282586
0.010430334,-0.041433588,-0.0020524785,-0.042982485,-0.032233693
0.023483548,-0.051086213,-0.0021385066,-0.067485526,-0.08681562
0.021451633,0.009945125,-0.0315432,-0.044132262,0.054961562
0.042611513,0.03573682,0.08830005,-0.029506054,0.069505274
0.08398017,0.012250772,0.09409286,-0.06082419,0.09291402
0.049014717,0.022158187,0.15193921,0.016981483,0.037408553
-0.07041796,-0.0005066898,-0.04387442,-0.16153616,-0.13337123
0.013439374,-0.023996267,-0.053766575,-0.059969608,-0.0750023
-0.12123215,-0.060166895,0.062497217,-0.120989904,-0.07763608
-0.058703817,-0.07141302,-0.008566331,-0.09139232,0.09063859
0.045608856,0.017920863,0.007876445,-0.085273795,0.016013034
