Care,Fairness,Loyalty,Authority,Sanctity
Harm,Cheating,Betrayal,Subversion,Degradation
0.060626,-0.0018701907,0.019134525,-0.023441534,-0.028668717
-0.10411401,-0.049978554,-0.064565256,-0.085424766,-0.17800131
-0.031741995,-0.01966708,-0.017794104,0.011464346,-0.06234683
-0.024446046,-0.089779265,-0.040292162,-0.029828532,-0.092428535
-0.03493521,-0.014629304,-0.010573477,-0.022182602,-0.05611238
-0.03978174,-0.06786053,-0.038576867,-0.028298274,-0.11406401
0.03895257,0.030622661,0.16254574,0.00510709,-0.010016901
0.026239315,0.00026331283,-0.0013509267,0.020021407,-0.05434346
0.026239315,0.00026331283,-0.0013509267,0.020021407,-0.05434346
-0.004442841,0.03657277,0.049616873,0.020410346,-0.14393625
0.06263229,-0.033013236,0.050204307,0.017758789,-0.0510704
-0.07277502,0.039844178,0.1961947,0.120097846,0.0094410945
0.03654649,0.01406743,0.03384804,-0.02297281,-0.06898752
0.01777842,-0.050769478,0.02713016,-0.014527522,-0.069168225
0.029519264,0.02493139,0.029012542,0.0026697684,-0.043556504
-0.03516747,-0.086595,-0.15735215,-0.050624087,-0.031430155
-0.05222319,-0.0061405376,-0.091398165,-0.07833576,-0.05635654
0.08944109,0.07483232,-0.0071773306,0.007919461,-0.017824952
-0.13127589,-0.12379794,-0.11897425,-0.17164911,-0.13175303
-0.103714116,-0.017664006,-0.032145176,-0.0859005,-0.20977758
0.049642876,-0.058648545,-0.04055319,-0.07883775,-0.118191496
0.018609362,-0.02897612,-0.015906824,-0.019815922,-0.10880937
0.03374607,-0.033811264,-0.010875955,-0.00536202,-0.13484424
0.039672907,0.02914049,0.13202038,-0.006896887,-0.0024193786
0.11431095,0.05846356,0.175778,0.09592655,0.08374747
-0.0083305575,0.04594712,0.07364313,-0.0144658135,-0.1458502
0.06379059,0.058563095,0.10392846,-0.05611777,0.038793847
0.01635098,-0.02103154,0.06510502,0.0016041007,-0.04373533
-0.027459092,-0.045826808,-0.07453966,-0.006199766,-0.07523789
-0.045635633,-0.09588838,0.015070958,-0.03493417,-0.15316652
0.02650749,0.04780916,0.029812966,0.037495513,-0.0024235547
0.07652217,0.15666862,0.089096054,0.12561917,0.058073685
0.079750106,0.043152884,0.06741207,0.028382087,0.06399124
0.057408486,-0.024981663,0.016248481,0.007151071,-0.009852568
0.15186927,0.0046110116,0.11093161,0.029017538,-0.014561152
-0.063788176,-0.047349297,-0.045600593,-0.049591616,-0.010255337
