Care,Fairness,Loyalty,Authority,Sanctity
Harm,Cheating,Betrayal,Subversion,Degradation
0.037504245,-0.0024028681,-0.043570817,-0.030907672,-0.08888862
-0.008714583,-0.02767276,-0.03325675,0.088912375,-0.011487251
-0.04564421,0.06563322,-0.033994615,-0.018097453,-0.06499641
0.05345357,0.021383937,0.013159949,-0.10353275,-0.13231008
0.03572294,-0.07141849,0.0382154,-0.04349011,-0.06871299
-0.026900802,0.14696093,0.07108285,0.0220389,-0.106650986
-0.04539253,0.09996218,0.047597513,0.061222147,-0.052345723
0.01901314,0.04257409,0.07890131,0.16001534,0.07055206
-0.0554746,0.075831786,0.07471819,0.024681367,-0.06861603
-0.104933985,0.056221157,0.00743779,-0.07483894,-0.1424911
-0.060960695,0.014732557,0.010364663,0.0086364355,-0.17997238
0.07868887,-0.042841233,0.09509101,-0.056913584,-0.049201827
0.072000444,0.040171795,0.03334561,0.0130813215,-0.024999203
0.108670644,0.019761287,0.062873766,0.033804916,-0.0008371365
-0.029335666,-0.017054943,-0.034215406,-0.100387275,-0.030651057
-0.091456056,-0.014105319,-0.080692664,-0.06667497,-0.09515083
0.1082798,0.05482893,0.18912649,0.055611864,0.14197814
