Care,Fairness,Loyalty,Authority,Sanctity
Harm,Cheating,Betrayal,Subversion,Degradation
0.016614474,-0.031848695,-0.03899619,-0.08988268,-0.1445006
0.001584813,0.023887161,-0.025401937,-0.044295546,-0.065185875
0.021094777,-0.029712457,-0.045569584,-0.06597954,-0.118025094
-0.028191425,-0.03851591,-0.07153265,-0.09388468,-0.17218734
0.078876615,0.0536,0.06770606,0.03757716,0.044988345
0.06301439,0.05962253,0.06266936,0.0313498,0.017691642
0.024174552,0.02334164,-0.008532014,-0.03822422,0.017495863
-0.046598263,0.009006631,-0.030566018,-0.07432264,-0.10060954
-8.44989e-05,0.02689702,-0.0037799217,0.07805982,0.02547694
-0.04667408,-0.031614427,-0.059201986,-0.082092464,-0.0954387
0.032671977,-0.03215673,-0.032638274,-0.058803637,-0.030600805
0.0010764524,-0.031319834,-0.08447124,-0.04888069,-0.13816047
-0.04359801,-0.005053887,-0.06886947,-0.035567913,-0.15154241
0.06961644,-0.0027026292,-0.020334356,-0.101921335,-0.05007887
-0.090887114,-0.03737444,-0.052150216,-0.11206833,-0.2347481
0.016749527,-0.015766721,-0.004833715,-0.004311965,-0.041459993
-0.010159579,-0.05739628,-0.04123927,-0.06706314,-0.016792148
0.059122592,-0.049163226,0.05571573,-0.012677285,-0.08338843
0.037510935,-0.026636085,0.026157968,-0.005164926,-0.018781763
-0.06521341,0.03227122,-0.056273676,-0.08121704,-0.15762696
0.0055563888,-0.034004886,0.003914835,-0.11318482,-0.08648237
-0.005172142,-0.052019194,-0.103305645,-0.029967513,-0.032554362
0.022209378,-0.045049526,-0.028113626,-0.015408851,-0.10811744
0.026239332,0.00026329234,-0.0013508736,0.020021418,-0.05434337
0.026239332,0.00026329234,-0.0013508736,0.020021418,-0.054343373
-0.04884274,-0.061184496,-0.07578676,-0.022119336,-0.050326966
-0.071107924,-0.14119832,-0.08990705,-0.10615179,-0.15484866
