Care,Fairness,Loyalty,Authority,Sanctity
Harm,Cheating,Betrayal,Subversion,Degradation
0.031772044,0.051905967,0.0051335194,-0.016298696,-0.06869981
0.03959898,0.021892067,0.0749558,0.048320908,-0.01791341
0.13727166,0.06959655,0.096262045,-0.020036688,0.06805683
0.114512436,0.044586435,0.145817,0.13214505,0.08303273
-0.011151571,0.030870525,-0.05075603,-0.01885675,-0.11224243
0.08303024,0.14703457,0.07769661,0.05638511,0.026576644
-0.036459018,-0.015070923,-0.054262664,-0.07716829,-0.15308547
0.020356234,0.056307834,0.032665752,0.06039688,0.04695507
0.105910644,-0.02240318,-0.018681463,0.017872008,-0.016489755
0.01709468,0.071497485,-0.009410767,-0.018823927,-0.038125087
-0.093819916,0.013779337,-0.12862834,-0.046452038,-0.08617219
0.121519074,0.09941401,0.068473406,0.04351186,0.028829489
-0.107367665,-0.0920811,-0.13855587,-0.047827628,-0.12090938
0.044010453,-0.01180106,-0.03405726,-0.013435034,0.012764543
