Care,Fairness,Loyalty,Authority,Sanctity
Harm,Cheating,Betrayal,Subversion,Degradation
-0.028302044,-0.03056412,-0.008934746,-0.054123536,-0.120615065
0.024188872,-0.030672833,-0.03795285,0.00034742244,-0.020236762
0.04248587,-0.031311966,0.023447674,-0.012270694,0.032129057
0.09068999,0.026034225,0.19901632,0.03133701,0.12464884
0.018647686,0.03957613,0.014269489,-0.026483651,-0.13260934
-0.0454296,-0.02637436,-0.08023223,-0.06203849,-0.12729605
0.07392253,0.06530921,0.09137057,0.062003996,0.12583236
-0.02505932,0.038803674,0.06890349,0.020604463,0.029131709
0.02562695,0.06484524,0.0474302,-0.007860607,-0.05941121
0.07649009,-0.03004378,0.0049772356,-0.051442638,0.0023844782
-0.038644798,-0.066371,-0.04716761,-0.08375692,-0.033565886
0.003717741,-0.039234526,-0.008240518,-0.051428474,0.07678417
0.04833332,-0.0016096048,0.06265423,0.059542615,-0.089504465
0.058280032,-0.0058781225,0.049302272,0.01016002,-0.018487036
-0.038965642,-0.008828998,0.0033301525,0.11127572,0.0064822286
0.12113248,0.076458484,0.13159496,0.059443317,0.05298395
0.092280895,0.06439378,0.048729263,0.008407597,-0.04437995
-0.031495817,0.06461956,-0.015603248,-0.053532153,-0.06395562
-0.043347467,-0.062375415,-0.11643428,-0.06951079,-0.12855831
-0.026411774,-0.13393517,-0.07462731,-0.07009227,-0.14281009
-0.101938784,-0.071188904,-0.2020065,-0.109275885,-0.22565952
-0.04905103,0.0794621,-0.036738995,-0.018760089,-0.10450969
-0.06414825,-0.040734887,-0.14066657,-0.07790856,-0.17678833
0.15702808,0.07176733,0.124366075,0.06402972,0.121578604
0.12193632,0.047053427,0.06156806,-0.0006135609,0.058341034
0.059248183,0.047080275,0.024345748,-0.024100795,0.0121567305
0.022109818,0.020736111,-0.008371311,-0.13603729,-0.06514081
0.009396337,0.032735776,0.0024877451,-0.0032568518,-0.062233165
0.015918797,-0.057618216,-0.11383588,-0.0852636,-0.11277815
-0.07688433,0.027802018,-0.001120545,-0.10753049,-0.0779879
-0.06749907,0.02272176,0.024484575,0.011307054,-0.039923653
0.01697331,0.005850192,0.059569325,0.041906677,0.016536174
0.0042451597,-0.03163326,0.0025998987,-0.0050880536,0.033548817
0.033564355,-0.011576939,0.0014039883,0.0033612475,0.02402192
-0.077502996,-0.069337085,-0.11067369,-0.096031815,-0.20201251
-0.047518805,0.072375625,0.043583248,0.08249185,-0.004330001
-0.008562695,-0.0740563,-0.10825941,-0.104105815,-0.18976247
-0.012967864,0.007934408,1.2561679e-05,-0.0752433,-0.069343895
