Care,Fairness,Loyalty,Authority,Sanctity
Harm,Cheating,Betrayal,Subversion,Degradation
0.10347071,7.1452e-05,0.031528145,-0.04213392,-0.04919299
-0.0014531147,0.0049292687,0.06390184,0.08363222,-0.047451075
0.12769148,-0.057214893,0.09760286,-0.0038999952,0.030670404
0.0709447,0.060113773,0.123764396,-0.043677196,-0.049043514
0.012589623,0.010208853,0.060288627,0.04144716,0.10595488
0.097717494,0.088376194,0.11709384,0.06203468,0.06466739
0.035340115,-0.004660975,0.09283404,0.043661073,-0.094224736
0.095345736,0.05380048,0.025083309,0.1445565,0.05143258
0.028049294,0.027826518,0.03734968,0.033371493,0.0040685255
-0.035230532,-0.031375878,0.02059991,-0.018846815,-0.06887307
0.10691759,0.13805512,0.13866317,0.092300326,0.10313376
-0.033507116,0.01559056,0.0636672,0.004280546,0.0463534
0.0816223,0.045649234,0.09941883,-0.012825683,0.040091563
-0.025307236,0.029518796,0.04240118,0.055386603,-0.0447511
0.10998365,0.09406069,0.14947721,0.04467275,0.026272152
0.024851074,0.053234104,0.01275201,0.009625843,0.033964053
-0.02338301,0.08728917,-0.033660762,0.0036589466,-0.045090158
0.018450867,0.045679573,0.033797316,0.030344184,-0.0075073056
0.061034206,0.05435608,-0.010913298,0.016541269,0.07823686
0.17098019,0.04603682,0.10069305,0.19524875,0.08729408
0.2070143,0.054071464,0.09295601,0.09257375,0.074028015
0.068874575,0.054427005,0.06715123,0.017892515,0.043139614
0.07470999,0.063101925,0.100301355,0.011928299,0.0021978952
-0.009620216,-0.028338008,-0.057810962,-0.050112575,-0.007524295
0.056913007,0.06400016,0.08417909,0.108158216,0.12420866
0.086016744,0.0049884412,-0.027185466,-0.038494583,0.032607548
0.037684128,0.07971121,0.13896327,0.028982393,0.0729664
0.024824549,0.017156467,0.113925725,0.10498442,0.024318766
-0.0524609,-0.07094387,-0.056158964,-0.09747056,-0.06431288
0.12863396,0.09900059,0.19438021,0.16260926,0.12751311
0.10100043,0.1325715,0.19447288,0.16590518,0.16266729
0.081260316,0.054876648,0.15075395,0.15268306,0.0543409
0.09237145,0.09560079,0.12317301,0.10589816,-0.022360172
0.07841941,0.09584239,0.0919938,0.14955261,0.0036632996
0.08677942,0.08465466,0.08239181,0.049488127,0.09997606
0.10815488,0.15225273,0.2584416,0.23438159,0.100879766
