Care,Fairness,Loyalty,Authority,Sanctity
Harm,Cheating,Betrayal,Subversion,Degradation
-0.0035499,0.005629951,-0.06930543,-0.086298,-0.12674105
-0.14051382,-0.12177524,-0.171624,-0.12302623,-0.051344734
-0.12087719,-0.118876874,-0.19637883,-0.08115422,-0.037354838
-0.14241728,-0.053280745,-0.15437435,-0.070411235,-0.01895012
-0.11114515,-0.018030062,-0.12536769,-0.035935562,-0.08039111
-0.071539365,0.017091513,-0.2239158,-0.08932028,-0.08394587
0.05585079,0.1186521,0.09105794,0.0049054585,0.04627183
-0.109621644,0.02223751,-0.12493284,-0.09880374,-0.13385034
-0.011427514,0.12874651,-0.009172725,-0.06473753,-0.021550724
0.06714732,0.09810379,0.1734772,0.09120938,0.07246488
-0.19652858,-0.039845765,-0.15477668,-0.03535468,-0.15123254
-0.1543024,0.022824328,-0.09061192,0.026237322,-0.018197266
-0.09990112,-0.05842271,-0.06373038,-0.03242186,-0.01889579
-0.11182434,0.042845592,0.025260266,0.06450603,-0.08506552
-0.061733015,0.044924475,0.040742718,0.061487596,-0.0006537363
0.036839075,0.040179275,0.063429564,0.013571672,0.0008305125
-0.09029842,-0.008008286,-0.0023545325,-0.015667055,-0.15106098
0.043290608,0.0019789524,-0.057181783,-0.09887045,-0.058429066
0.03611728,0.06935191,0.06298208,0.0245195,0.033965886
-0.116150364,0.012940903,-0.05979809,0.054353192,-0.15715113
-0.07176465,-0.073753454,-0.10891053,-0.13323721,-0.08858458
-0.19321686,0.057791468,-0.038617827,0.030303588,-0.032302946
-0.14742842,-0.07476045,-0.19172335,-0.14751682,-0.01853256
-0.12610374,-0.0018319087,-0.07295731,-0.005185147,-0.026847
-0.0148480395,-0.046410434,-0.10820156,-0.1524162,0.01637732
-0.06496316,-0.00859631,-0.060884967,-0.032081485,0.05329642
-0.17797929,-0.11493844,-0.2013351,-0.07943742,-0.0137811545
-0.079670556,-0.009441288,-0.14509667,-0.011778364,-0.05246098
0.0014572088,-0.0013224408,-0.12436858,-0.06925094,0.015690494
0.012829622,0.08085843,0.042869546,-0.054329816,0.075762264
-0.031103197,0.12430571,0.17200364,0.1001234,0.1560346
0.065597326,0.1254796,0.13366465,0.0074302405,0.14944354
0.18460897,0.19057262,0.19368121,0.032354563,0.02127786
-0.1238545,0.07220757,-0.11384947,-0.050578285,-0.04484325
-0.121586666,0.088083126,-0.089934215,-0.062142223,-0.056929264
0.10734669,0.036321778,0.0480486,-0.0579525,0.0111845285
