Care,Fairness,Loyalty,Authority,Sanctity
Harm,Cheating,Betrayal,Subversion,Degradation
0.009082087,-0.054209094,-0.0036262097,-0.043653622,-0.079276346
0.034234833,0.076299936,0.0770911,0.110881194,0.037602954
-0.07805806,-0.036808554,-0.08483675,-0.042074017,-0.010037228
-0.0017484804,0.024196513,0.034665365,0.059846804,-0.059017867
-0.15956926,-0.11896541,-0.08585991,-0.08014862,-0.114713535
-0.112071484,-0.058731154,-0.09101707,-0.11707709,-0.168158
-0.016107079,-0.07418782,0.010498253,0.011667806,-0.017536443
0.05650442,-0.013062738,0.042017266,0.057226416,0.0580066
0.019576026,-0.009364143,0.026322048,-0.055810615,-0.100009605
-0.011419607,-0.03556987,-0.03163469,-0.005644532,-0.05065178
-0.053276237,-0.115635864,-0.06346913,-0.11235696,-0.11629616
-0.02588804,-0.13860813,-0.006396802,0.04199169,-0.04594607
-0.040642157,0.05015056,0.07459502,0.036421224,-0.0030019134
0.038965438,0.02023675,0.022388477,-0.03128562,-0.025471965
-0.08162609,-0.0731107,0.022405699,-0.06777786,-0.0873956
0.1106463,0.010499343,0.043659583,0.0040402915,0.08763452
0.042893846,0.083978966,0.06337808,-0.0009202752,-0.023819197
-0.029408474,0.041833676,-0.04263527,-0.015727134,-0.025053833
-0.13924015,0.043650266,-0.040773086,0.033406973,0.0046331976
-0.018947259,0.039774306,0.039536577,0.0442863,0.016460827
-0.04436443,0.056084335,-0.008492963,0.03702449,0.053141214
