Care,Fairness,Loyalty,Authority,Sanctity
Harm,Cheating,Betrayal,Subversion,Degradation
0.06207632,-0.050437573,-0.027713805,-0.044210557,-0.048002303
0.09581828,-0.0016137557,0.117209606,0.070137404,0.015393533
0.05331541,0.013870044,0.06841552,-0.014961056,-0.033081595
0.086012535,0.015419366,0.032805692,-0.010110727,-0.060797732
0.012505437,-0.04687389,-0.0021943897,-0.013478905,-0.13771003
0.008517452,0.004205661,0.09580421,0.008166667,0.0030768877
-0.020020453,-0.055724725,-0.055938542,-0.063442424,-0.011974884
-0.08489866,-0.028799927,0.019094292,-0.01732428,-0.019524407
0.10401316,0.07784134,0.11787702,0.109486,0.08155958
0.11328423,0.01724871,0.10597482,0.0181529,0.054233827
0.06706882,0.025494277,0.122657254,-0.022176694,-0.037533544
-0.03457175,-0.07635669,-0.068511784,-0.09944244,-0.1069881
0.0018043276,-0.05524994,0.042981934,-0.0008244328,-0.018555745
0.026239263,0.00026322342,-0.0013509551,0.020021398,-0.054343425
0.026239263,0.00026322342,-0.0013509551,0.020021398,-0.054343425
-0.042511463,-0.11055738,-0.031385947,-0.090920106,-0.10110114
-0.054425564,0.035484966,0.063675076,0.08089267,0.053252064
0.00055970903,0.0083581135,-0.034470975,-0.044086173,-0.07973784
0.09448825,0.056852657,0.083611585,-0.0065095536,0.028939001
0.12584144,0.12260976,0.15157315,0.0773561,0.16908449
0.083679184,0.0017414745,0.057000503,0.0061835535,0.04519541
0.12861264,0.14388949,0.21301822,0.07325503,0.08862833
0.15927497,-0.030515265,0.111141786,-0.11720065,-0.06891887
-0.031902235,-0.066027194,-0.017377852,0.046548255,-0.036151223
0.03149587,0.013346557,-0.025245987,0.009100776,-0.06152284
0.016668346,0.02957886,0.051973134,-0.018355468,-0.06711464
0.08927573,0.14095362,0.17215465,0.10228605,-0.002566699
0.08376328,0.09474933,0.126688,0.020024085,-0.042657766
0.026239263,0.00026322342,-0.0013509551,0.020021398,-0.054343425
0.026239263,0.00026322342,-0.0013509551,0.020021398,-0.054343425
0.16934943,-0.030176653,0.04343903,0.056090046,-0.0020804293
