Care,Fairness,Loyalty,Authority,Sanctity
Harm,Cheating,Betrayal,Subversion,Degradation
0.036259815,-0.0012366269,-0.041450884,-0.098904245,-0.0071002995
0.009986629,0.05632242,0.033456065,0.025223672,-0.031118691
-0.07700388,-0.061137334,-0.12772864,-0.18047819,-0.06649761
-0.053103283,-0.08883834,-0.16615272,-0.13475758,-0.041852728
-0.027001258,-0.015157714,-0.07557707,-0.044668723,0.013440311
0.06547256,0.04348068,0.056987844,-0.03823456,-0.003349517
0.048464037,0.02207143,0.055631246,0.024670191,0.039367504
0.03330291,0.030220985,-0.0086391345,-0.021860957,-0.0015774425
-0.0043381304,-0.007908933,-0.10682776,-0.048893794,0.09659517
-0.12167857,-0.0655992,-0.1830005,-0.19461858,-0.061245315
0.10747668,0.0983862,0.18961799,0.09551814,0.1259079
0.055626567,0.10499963,0.031642087,0.023476254,0.060788102
0.06472838,0.06537816,0.055855703,0.017751638,0.03018172
0.07217178,0.050480235,0.0069393804,-0.015519374,0.1036422
0.07302265,0.11266872,0.04150729,0.017467286,0.006209098
0.045200363,0.016178144,-0.0025174774,-0.06811823,0.08274756
-0.1193929,-0.024139322,-0.1849885,-0.10195041,-0.011267789
-0.116753615,-0.06553124,-0.1588267,-0.23831975,-0.10705122
0.0488904,0.005695846,0.0008006785,-0.054219358,0.06153939
