Care,Fairness,Loyalty,Authority,Sanctity
Harm,Cheating,Betrayal,Subversion,Degradation
-0.03473811,0.014563516,-0.02997284,0.04198122,0.006805366
-0.08961736,0.017760044,-0.041112144,0.08168011,0.02310944
-0.040788278,0.038146406,-0.029027719,0.0831914,0.012775122
-0.028119534,0.09871905,-0.021769904,-0.035330012,-0.012225671
0.08434987,0.045868658,0.025454417,0.045539346,0.05558001
-0.044741146,0.10781399,0.06656614,0.078858584,0.02536888
-0.04849767,0.046541348,0.07343328,0.14729108,0.048408255
-0.043911695,0.03738653,0.022191517,0.0058510294,0.08304709
-0.030399656,-0.066771686,-0.08703036,-0.00046712346,-0.043160275
-0.1519316,0.016162384,-0.024539562,-0.06477368,-0.11280281
-0.016051896,0.18894027,0.14108782,0.1632212,0.10853647
0.04399734,0.03367527,0.036568936,0.0033482434,0.06802413
-0.11302647,0.021852277,0.007668307,0.054705456,0.025135085
-0.12292661,0.07104192,-0.043843158,0.042306844,-0.011848579
-0.028944327,0.069603525,0.011623477,0.017614502,-0.061512534
-0.018984934,0.157935,0.0013297813,0.037441585,0.05945471
0.007458881,0.08771611,0.002589326,0.028918857,-0.036441203
-0.06068844,-0.070091814,-0.07035902,0.012244034,-0.0040391684
-0.014375077,0.05804198,0.0052922964,0.09909671,0.029829763
-0.04163842,-0.019248089,-0.111216284,-0.009179561,-0.065043285
0.0019562393,0.04084014,-0.03898367,0.024011467,0.0018170001
-0.066198096,0.02840322,-0.08495107,-0.030821484,-0.150289
-0.043000482,-0.05356845,-0.03462132,-0.028577942,-0.053617634
-0.0317422,0.025424886,-0.10607527,-0.07013106,-0.099769786
-0.031097768,0.008369166,-0.08220542,-0.0223974,-0.072642036
0.15073161,0.113402516,0.09721486,0.09212545,0.08464904
