Care,Fairness,Loyalty,Authority,Sanctity
Harm,Cheating,Betrayal,Subversion,Degradation
-0.11832444,-0.009914325,-0.1318283,-0.08110438,-0.15243024
-0.102310196,0.020321742,-0.08179384,-0.07437789,-0.094993316
-0.19745755,-0.04157959,-0.049197074,-0.08780718,-0.18603674
-0.05983156,0.009269091,-0.027920125,-0.0568544,-0.17530215
-0.103714764,-0.01536996,-0.07451558,-0.06522061,-0.13109182
-0.26513302,-0.12462181,-0.19033608,-0.16670984,-0.16445942
-0.09153035,-0.039497353,-0.08758092,-0.03667448,-0.009424311
-0.150805,-0.023104738,-0.067275584,-0.066885404,-0.032978453
-0.13866624,-0.055965148,-0.15383221,-0.11590284,-0.059127823
-0.052275818,0.0074556507,0.015157012,-0.011301767,-0.06989016
-0.12526952,-0.037441425,-0.060679365,-0.048341457,-0.17056352
-0.026509412,0.011428826,-0.01751134,0.013704732,-0.025233295
-0.10385892,-0.019314822,-0.044297233,-0.0041120704,-0.23080617
-0.017541047,-0.010083237,0.0043764357,0.024292136,-0.122642785
-0.13878223,-0.09329301,-0.15576255,-0.09764339,-0.20458117
-0.08376692,-0.08104895,-0.070008025,-0.051222574,-0.18168354
-0.14208941,-0.0040351897,-0.044893607,-0.07287572,-0.1918075
-0.08792515,-0.07999964,-0.030940574,-0.06545041,-0.15708506
-0.07278301,0.0033413395,-0.073373824,-0.0598434,-0.012845345
-0.03460303,0.057693064,-0.031859543,-0.029031774,-0.012357205
-0.12329647,0.046499334,-0.041956004,-0.07906824,-0.105092004
-0.09543607,0.0029852819,-0.090971045,-0.067670755,-0.19998303
-0.07418509,-0.030949298,-0.12556556,-0.02705612,-0.040476605
-0.03814262,0.04228112,-0.071713656,-0.017750163,-0.11010413
0.061631747,0.013057405,-0.05981512,-0.10267912,-0.11989315
-0.015326533,-0.049307607,-0.086789936,-0.11529805,-0.122093774
-0.08189982,-0.05761808,-0.12079564,-0.08842839,-0.12835902
