Care,Fairness,Loyalty,Authority,Sanctity
Harm,Cheating,Betrayal,Subversion,Degradation
0.06211386,0.058850374,-0.037975684,-0.021378037,-0.01083428
0.043217123,0.0757287,0.008128595,0.023153683,0.031088645
0.05449331,0.08907088,-0.024024025,0.065839134,0.017480744
0.069355786,0.12271407,0.079085834,0.09699044,0.102201715
0.044782147,0.03406834,-0.032219116,-0.021604162,-0.096216336
0.02849209,0.09632315,-0.01734636,0.017874062,-0.040155932
0.0572075,0.11456306,-0.049035076,0.044225924,0.050491635
0.047801748,0.046453886,0.017747402,0.04376089,0.040813766
0.072064444,0.03324882,0.056783285,0.0014793547,-0.043727398
0.05899535,0.08528077,0.11739727,0.0750582,0.01888163
0.093343824,0.09093501,0.039615788,0.05862279,0.122343205
0.024901282,0.04315102,-0.013305804,0.06183925,0.059973173
0.09511638,0.07948089,0.04310187,0.042283498,0.10358249
0.019424582,-0.012061775,0.009673404,0.099697754,0.06579316
0.086857036,0.049536243,0.056373917,0.029025357,0.023501381
-0.08058815,-0.0017966256,-0.120158665,-0.081535555,-0.050183497
0.012704745,0.07394105,-0.006751669,0.0805636,0.040919237
0.019653924,0.056272022,-0.0128834285,0.10279296,0.049053863
0.04406074,0.0938792,0.033652965,0.0017614609,0.07427488
-0.090143666,-0.038529977,-0.047500007,0.009748347,-0.07761761
0.0039561978,-0.035533592,0.035320982,0.079217985,-0.011537921
-0.042506903,0.008976821,0.0066305385,-0.066978686,-0.045831673
-0.06470816,-0.027172823,-0.078421816,-0.039707817,-0.06642018
-0.10730731,0.033626996,-0.10561235,-0.045742083,-0.11488734
-0.059320092,0.025890665,-0.08249135,-0.0018442562,-0.06553659
0.05141902,0.09767931,0.043013766,0.10349694,0.13706264
0.0053059952,0.018030312,-0.09781292,-0.036214136,0.05834411
