Care,Fairness,Loyalty,Authority,Sanctity
Harm,Cheating,Betrayal,Subversion,Degradation
-0.03669118,0.05140742,0.035817303,0.038042158,-0.011517383
-0.016515821,0.0020328048,-0.06476794,-0.031345494,0.049585365
0.018378345,0.014580103,-0.07453882,0.013720693,-0.011975638
0.018867001,0.015540373,-0.02851129,0.049808,0.03094244
0.07138102,0.08258489,0.013448286,0.019847697,-0.0067954343
-0.008237012,0.07771393,-0.022844829,0.010984022,0.042529956
-0.09322513,-0.016865315,-0.04032585,-0.043730095,-0.037791263
0.06835109,0.073266506,0.053148523,0.042305835,-0.015258729
0.0082254205,0.054635257,0.0069614947,-0.00947639,0.0019847676
-0.0071808677,0.054346725,-0.016599512,0.078952566,0.0021266555
-0.13643545,-0.06306982,-0.12411228,-0.11416039,-0.011632005
0.05622757,0.037602715,0.06364607,0.05903305,0.07833865
-0.09709103,-0.005230454,-0.10814921,-0.031390082,-0.08764271
-0.018180054,-0.022349654,-0.09809409,-0.09461723,0.0055690743
0.06130604,0.029830812,0.0063229944,0.063374,0.07766506
0.011791138,0.059935737,-0.0054102363,0.068455294,0.05303852
-0.008953363,0.035989378,-0.09967174,-0.047663257,-0.007557288
0.03417759,0.044945285,0.018694123,0.051261086,0.04322952
0.01980568,0.018719286,-0.044270635,-0.031257626,-0.07670189
0.00011670031,0.015045306,-0.049590744,-0.04820766,-0.07404792
-0.030003037,0.036195304,-0.016729264,-0.028954545,0.12244088
-0.032852788,-0.086706705,-0.13097748,-0.091628864,-0.038821027
-0.04278085,0.04183265,-0.020057194,-0.074816965,-0.1374468
-0.015983354,0.0015298389,-0.039072383,-0.032338344,-0.06377351
0.05899736,0.06863988,0.117396474,0.102731496,0.017804954
-0.12884928,-0.03816892,0.019177958,-0.07732492,-0.018317321
