Care,Fairness,Loyalty,Authority,Sanctity
Harm,Cheating,Betrayal,Subversion,Degradation
0.04672382,0.03422246,0.0063141137,-0.014364397,-0.06305891
0.067428485,0.07326487,0.10068652,0.0040921234,-0.024176273
0.07559781,0.11857949,0.12535255,0.03644174,-0.03211806
0.06784751,0.004041683,0.029013889,-0.006076345,-0.068834364
0.037941016,-0.039877035,-0.004711014,0.0024318108,-0.10898743
0.009168193,0.04266186,0.04765612,0.023530569,-0.034764215
0.006633641,0.06312092,0.092059694,0.03357297,-0.044856906
0.06468896,0.07040334,0.031685703,0.006656089,-0.08399144
0.00675223,-0.04082957,-0.027122635,-0.086817175,-0.116073355
0.011309258,0.15305981,0.01925706,0.008565355,-0.08690062
0.017503308,-0.04413253,0.007955357,-0.02374094,-0.07994563
0.10825378,0.121099874,-0.0035144575,0.039214432,-0.011973098
0.10897873,0.109931,0.12986901,0.00022991095,0.04530228
0.1285033,-0.003324408,0.19266677,0.060976543,0.0077463137
0.011622357,-0.0025184704,-0.000417321,-0.039940268,-0.039419346
-0.019677922,-0.13645232,-0.03493622,-0.07603326,-0.028522335
0.025851693,-0.03642729,0.014175125,-0.018081788,-0.12136957
0.08059916,0.07159838,0.08986145,-0.024834277,-0.014261545
-0.03432719,0.026936624,0.043813203,0.08385925,0.026135506
-0.0055334438,0.013173945,-0.06262268,-0.06783439,-0.04786917
0.04938694,0.033960886,0.006487107,-0.025793167,-0.020718578
0.0013954658,-0.045068096,0.069536306,0.006679397,-0.065363795
0.08340902,0.07930678,0.043564472,-0.01832431,-0.08189292
0.07135438,0.08239707,-0.063445725,0.01997319,-0.056053173
0.13218658,0.046935517,0.059268616,-0.05707887,-0.017053274
0.027132593,0.14228253,0.028994873,0.051991988,0.024006674
0.13190365,0.16797403,0.0367333,0.051337298,-0.010763593
0.03768599,-0.022931784,-0.05819311,-0.054100953,-0.080873504
0.09200831,0.06740739,0.12860048,0.008627385,0.009212777
-0.056481663,-0.011603475,-0.008474117,-0.042558827,-0.07717599
0.078760475,0.11564091,0.10262499,0.013499461,-0.018526813
0.05648815,-0.043915547,0.05280458,0.03626159,-0.07035248
