Care,Fairness,Loyalty,Authority,Sanctity
Harm,Cheating,Betrayal,Subversion,Degradation
0.012307641,0.1288028,-0.011224177,0.090653904,-0.01933335
-0.00040781125,0.08407022,-0.019374656,0.009770244,-0.044165626
-0.0120407315,0.16027154,0.061452437,0.1129179,0.02426755
0.014519185,0.09389642,-0.05437594,0.013207719,-0.024104455
0.0021587424,0.040512625,-0.024748221,0.062325403,9.0749934e-05
0.05200889,0.11356607,0.047192182,0.028539307,-0.04550655
0.040099572,0.023596134,-0.0036259368,0.008985728,-0.012854839
-0.09649158,0.028346999,-0.030344667,0.04057263,-0.06008581
0.028615493,-0.009348795,0.007447036,-0.033110455,-0.040864002
0.04254663,0.08833912,0.13483754,0.00864804,0.036444377
0.015624307,0.12107078,0.021213308,0.100321084,0.03656768
0.10530783,-0.005774669,0.014715488,0.026115032,-0.055740986
0.07861498,-0.06309379,0.035089724,-0.014596768,-0.12016231
0.083023325,-0.031404294,-0.044012018,-0.03475097,-0.025743537
-0.05175148,-0.008232918,-0.043465354,-0.060830873,-0.13651785
0.07548579,0.002619097,0.013848932,0.008128018,-0.08062279
0.0488633,-0.06774452,0.08167251,0.02395126,-0.067603394
0.10265503,0.0917194,0.0424425,-0.0015022252,0.010865644
0.078948334,0.14058425,0.122985184,0.15132467,0.023158517
0.0899201,0.1122603,0.06301683,0.057791058,0.04624057
0.05288798,0.108551875,0.076744914,0.044070475,-0.016897468
