Care,Fairness,Loyalty,Authority,Sanctity
Harm,Cheating,Betrayal,Subversion,Degradation
-0.023885977,0.07024706,-0.030964032,-0.034967747,-0.04560949
-0.108342186,0.057593036,0.03254175,0.09857777,-0.040494062
-0.074314296,0.07203695,0.04239436,0.07952924,-0.059114385
0.024361681,0.0644392,-0.015588996,-0.042757146,-0.096963346
-0.05790673,0.08145143,-0.061570466,-0.057857364,-0.028865749
-0.08387973,0.00830441,-0.018209217,-0.02764862,-0.08538455
-0.051146336,0.08188435,-0.06259395,-0.0350739,-0.07327874
-0.10192707,0.024665851,-0.03643319,-0.024588162,-0.14232922
-0.0004064329,0.037448954,-0.05701771,-0.08465038,-0.07638659
0.00964603,-0.009682076,-0.019336699,-0.10301662,-0.056151614
-0.17366597,0.11434297,-0.04869109,0.03878109,-0.1542227
-0.076739244,0.034083363,0.064504504,0.13230842,0.0036196
-0.143884,0.10549529,0.015665116,0.09720768,-0.029478766
-0.016101858,-0.014675509,-0.08360855,-0.060959816,-0.004877964
-0.021694455,-0.059775636,-0.072640605,-0.051718183,-0.079468496
-0.1524798,-0.015125113,-0.0733396,-0.06805794,-0.16701232
-0.056331925,0.028252337,-0.076194294,-0.056640312,-0.112593345
-0.14371371,0.020630298,-0.12684602,-0.11033806,-0.12440159
-0.101417035,0.028154382,-0.0374659,-0.079210356,-0.09105584
-0.043487098,0.04472126,0.022260271,-0.011852646,-0.05454247
0.0064933477,0.10549585,0.046004444,0.037325405,-0.0828698
0.09589881,-0.0041483045,0.046547294,-0.05814818,-0.062919706
-0.0054612253,0.07186443,0.044923045,0.020585252,-0.12984025
-0.069803625,0.07375627,-0.034577854,-0.058674768,-0.17161456
-0.0075896503,0.03466692,0.02216621,-0.0804045,-0.09002145
0.019156925,-0.122648664,-0.15261704,-0.1439279,-0.17588136
-0.12252751,0.031516388,-0.06290817,-0.05002159,-0.15607142
0.05307469,0.071444266,0.026858319,-0.003928666,-0.048605043
0.07820531,0.07524393,0.04599843,0.005615715,-0.031773314
-0.0059869397,0.11526227,0.053635716,0.06058557,-0.08151988
0.020774752,0.10501705,0.09797253,-0.000114902854,-0.015289679
0.0071281036,0.09899582,0.04711306,0.00042815972,-0.0206517
