Care,Fairness,Loyalty,Authority,Sanctity
Harm,Cheating,Betrayal,Subversion,Degradation
-0.10043144,-0.1047342,-0.06772127,-0.12303771,-0.057801925
-0.002386027,0.040338986,0.03740275,-0.017530413,-0.005929637
-0.07029179,-0.16093734,-0.10640724,-0.16190419,-0.060287308
0.03895786,0.09971172,0.0005578564,0.034315072,-0.019553833
0.0058555175,0.008285224,0.030159969,0.027968787,0.005279027
0.056185372,0.04195114,0.08934873,0.102460794,0.02677662
-0.044590093,-0.06557159,-0.0359993,-0.10719952,-0.08092424
-0.12217029,-0.043787755,-0.070838876,-0.073009044,-0.07069105
0.042908028,0.032067236,0.032181975,-2.4428591e-05,0.010660391
-0.05365302,-0.04657324,-0.07562421,-0.021975558,-0.05374162
-0.052776236,0.016482385,-0.023062814,-0.058454745,-0.091104165
-0.10407574,-0.06297426,-0.017040877,0.017018832,-0.04696284
-0.089575656,-0.1498796,-0.1395762,-0.17660964,-0.10183412
-0.16513571,-0.21668018,-0.12468163,-0.21551135,-0.097470924
-0.14117187,-0.103819214,-0.107451215,-0.14216411,-0.047573954
-0.04439921,-0.14215514,-0.09250775,-0.14113113,-0.0220956
-0.007410887,-0.11862138,-0.062912226,-0.021147901,-0.037985634
-0.0042540543,-0.0058342633,-0.00015682355,0.02320065,-0.0009476729
0.017805064,-0.0500639,0.018658198,-0.087402366,0.0940073
-0.043971885,-0.10912818,-0.09037204,-0.102926716,0.01717579
-0.12618387,-0.06599931,0.025646858,-0.06749095,0.0036039352
-0.010377141,-0.07436573,0.034568124,-0.054771572,0.069557235
-0.014386257,-0.040238578,-0.02778906,-0.055875607,-0.043854434
