Care,Fairness,Loyalty,Authority,Sanctity
Harm,Cheating,Betrayal,Subversion,Degradation
-0.086809665,-0.0075791143,-0.02916225,-0.038216293,-0.10485692
0.00075448817,-0.062318653,-0.03377246,-0.020294596,-0.07958299
-0.0027699955,0.017086826,-1.109764e-05,0.034488857,0.016102705
-0.0030656084,-0.02716325,0.014199737,0.030402094,-0.14335425
0.05727692,-0.0047950465,0.050158534,0.011649901,-0.009021222
0.036044315,0.021812927,-0.011343602,-0.05122484,-0.06319505
0.08479782,0.04418675,0.080854475,0.15015592,0.054251656
0.019917553,0.021612266,0.030262608,-0.0625387,-0.06814539
0.09723428,0.018496852,0.09205271,0.038127743,0.023636065
0.0021561484,0.012657937,-0.05366578,-0.05065202,-0.11255738
-0.0177481,-0.0074825976,-0.019694071,-0.05169794,-0.1419244
0.0035052877,-0.07229881,-0.094797745,-0.07526292,-0.07275364
0.0061455797,-0.078600876,-0.07585144,-0.10565831,-0.14098693
-0.1438533,-0.10865171,-0.13415918,-0.120580025,-0.3291473
-0.11445387,-0.0071843937,-0.097465195,-0.006457826,-0.09957275
-0.09115868,-0.029801276,-0.12523825,-0.11760925,-0.28206876
-0.009820385,-0.02363998,-0.022720389,-0.0646008,-0.15056081
0.010366511,-0.014156545,0.020887632,0.040548842,-0.06791091
0.015903298,-0.041018948,0.04968425,-0.016856484,-0.10404732
0.09855801,-0.003394585,0.094309546,-0.017662711,-0.06364145
0.020431794,-0.0031569563,-0.028666472,0.01715434,-0.1134494
-0.002429301,-0.034961127,0.06605512,0.0009327717,-0.10442017
-0.009153204,-0.0013657841,0.09714681,0.041126814,0.0059444522
0.06819593,0.03691546,0.03248603,0.08962381,0.027390312
0.12782997,-0.01994443,0.07607259,0.01666627,-0.021566616
-0.00057525747,0.06513388,0.060530104,0.15814778,0.056071203
0.04830955,0.04946594,0.015674189,0.09586965,0.09125597
0.104643285,0.04852296,0.15892495,0.09325386,0.10659662
0.0010890486,0.019213058,0.022191605,-0.019238822,0.018019488
0.10220124,0.1009926,0.1445252,-0.0018602824,0.03578071
