Care,Fairness,Loyalty,Authority,Sanctity
Harm,Cheating,Betrayal,Subversion,Degradation
-0.05901082,0.11087772,0.008029564,-0.03361841,-0.0070562437
0.032059364,0.072157495,0.09861201,0.07918869,0.024657398
0.008955659,0.07972591,0.11373869,0.07731171,0.084052294
-0.020075843,0.08552709,0.045547776,0.052464515,0.030798927
0.010467269,0.11034883,0.10661321,0.12724541,0.05793517
0.011669352,0.06789671,0.0019570868,0.019830897,-0.01766659
0.035000764,-0.022347176,-0.023221519,-0.04483348,-0.056674644
0.06548177,-0.01554937,-0.033486787,-0.07145873,0.009417011
0.052572317,0.05160051,0.06015326,0.024824567,-0.07373129
0.05407705,-0.014711841,0.007916897,-0.041395888,-0.087458625
-0.027480096,0.027277272,0.02458341,-0.0013363594,-0.05630488
0.04820792,0.023055552,0.064582855,0.07390168,0.035565794
0.033153005,0.05119725,0.09635912,0.031560533,-0.028494734
0.09160639,0.0014074352,0.09369898,0.038923956,-0.0046829907
-0.08584322,0.042623658,-0.02644716,-0.0074549,-0.031240579
-0.018542591,0.023922803,0.022308761,0.04960386,-0.0047001233
0.07263829,0.034688767,0.08388847,0.031804714,0.023695568
-0.06817083,0.01191196,0.046682462,0.0011193217,-0.089744985
-0.03978144,0.0301563,-0.008936144,0.029385865,-0.011120697
-0.0023322804,0.0060423,0.025579669,0.056771725,-0.030442536
0.077898905,0.002050519,0.04783388,0.010930759,-0.022761978
0.009647628,0.0008723587,0.01850982,0.0074958242,-0.078266665
