Care,Fairness,Loyalty,Authority,Sanctity
Harm,Cheating,Betrayal,Subversion,Degradation
-0.05623646,0.06001417,-0.019789431,0.01816589,-0.039289314
-0.010098558,-0.033854254,-0.066389024,-0.042168885,-0.09036156
-0.16984716,0.06644454,-0.1400918,-0.014083147,-0.04344959
-0.07922308,-0.024907365,-0.1389257,-0.09117749,-0.07923522
-0.075542994,0.078086406,-0.096242085,0.005972055,-0.0393146
0.009509698,0.049975693,-0.024746472,-0.06082865,-0.07908455
-0.016708866,0.006638542,-0.068467945,-0.036219887,-0.037269592
-0.051159397,0.05241085,0.048667386,0.061754256,0.021621596
0.0725235,0.015550488,0.013051218,0.06305503,0.049041174
-0.02612654,0.08288842,0.0223619,0.06531188,-0.049147714
