Care,Fairness,Loyalty,Authority,Sanctity
Harm,Cheating,Betrayal,Subversion,Degradation
0.0056207534,-0.004844129,-0.060714327,-0.050187886,-0.03158122
-0.013561003,0.028947394,0.0228351,-0.0134864375,0.018239126
-0.03729461,0.04618224,-0.022267925,0.01023268,0.012427717
0.04227302,0.04735927,0.0057046823,-0.04462923,-0.0022883378
0.11030255,0.10437741,0.1670169,0.13279137,0.117457464
-0.0051962472,0.051463507,0.03140931,0.084443554,0.0083539
0.01110292,0.037985712,-0.005819382,0.03984589,0.036969118
0.06230843,0.0857998,0.039920636,0.019721478,0.0243292
-0.051497098,-0.009125609,-0.04760696,-0.11104635,-0.000720527
0.02408665,0.094593026,0.0722503,0.042251997,0.031996645
0.0129106715,0.04911043,0.024059912,0.028529951,0.05463618
0.07697791,0.17228279,0.13930011,0.028973311,0.02400481
