Care,Fairness,Loyalty,Authority,Sanctity
Harm,Cheating,Betrayal,Subversion,Degradation
0.012073943,0.056448136,-0.062129702,-0.027766205,-0.0816178
-0.024630759,0.075955406,0.05953472,0.0009649135,-0.08690354
0.072067305,0.10754243,0.06598128,0.06875448,0.04837637
-0.02240387,0.048688777,-0.08341515,0.05369691,0.019064568
-0.023059098,0.024020536,-0.035682887,-0.077885,-0.13870966
0.07425016,0.062689655,0.15276185,0.030214988,0.030013682
