Care,Fairness,Loyalty,Authority,Sanctity
Harm,Cheating,Betrayal,Subversion,Degradation
0.002536459,-0.047350172,-0.017638445,0.013165694,-0.03802763
-0.07494883,0.07299662,-0.029974379,-0.037343524,-0.027465146
0.0025184155,0.060903676,0.030122895,-0.0038811518,-0.06493664
0.012228312,-0.015477213,-0.03719382,-0.040452793,-0.045372244
-0.005926839,-0.025558079,-0.040253513,-0.011599101,0.021559091
-0.056273565,-0.012966938,-0.06890255,-0.044105925,-0.16298282
0.014042765,0.035667375,-0.009381022,-0.0361925,-0.012640281
-0.0062333597,-0.030262966,-0.036367726,0.012236113,-0.0894389
-0.08589544,0.022670638,0.0007894095,0.025216006,-0.08890469
-0.0703392,0.032983877,-0.017617263,0.024500854,-0.06482822
0.0066286847,-0.040323384,0.080012895,0.037554875,0.07128587
-0.058417592,0.016884511,-0.010889688,-0.021665923,-0.08205659
0.04992278,0.04783469,-0.026863616,-0.02805507,-0.002143968
0.12016085,0.0988225,0.11501996,0.027491204,0.115497574
0.030786801,0.012420386,-0.027718196,-0.003187974,-0.012973977
