Care,Fairness,Loyalty,Authority,Sanctity
Harm,Cheating,Betrayal,Subversion,Degradation
0.029062841,0.020539165,-0.032698333,-0.014142002,-0.021551572
-0.036090214,0.04829262,-0.05265673,-0.040708933,-0.10873222
-0.021221176,0.055456318,0.02186248,0.040485144,0.017974626
-0.012607776,0.03167274,-0.07116544,0.06890354,0.019002387
-0.02849212,0.010130335,-0.038924433,0.022228409,-0.03696074
-0.11940523,0.020954393,-0.07493228,-0.018345384,-0.02124772
-0.03765015,0.1423427,0.11055249,0.051298298,-0.020812072
-0.042486683,-0.03654352,-0.014416836,-0.02086831,0.03740657
-0.024670552,0.01074921,-0.029618021,-0.014255865,-0.026261473
0.0018726978,0.026020586,-0.0011668503,0.014231266,-0.11499107
0.07606305,0.11816126,0.08529195,0.03244387,0.07633479
0.048431665,0.05135502,0.024299206,-0.028357487,0.0024741814
0.023228768,0.0957412,0.10512824,0.05922907,0.025644932
0.019921795,0.030983351,0.0047390647,-0.021143433,0.102150805
