Care,Fairness,Loyalty,Authority,Sanctity
Harm,Cheating,Betrayal,Subversion,Degradation
0.01769644,0.04359871,-0.05170004,-0.04791135,-0.05426888
0.018117003,0.10520891,0.012382003,-0.016191736,0.029584767
0.028720884,0.06567783,0.025575593,-0.048071586,-0.049083233
0.06438694,0.15478721,0.06999403,0.002195958,0.043285966
0.0595847,0.13100989,0.011331009,-0.007317105,-0.0073651504
0.032408603,0.097909145,-0.006653892,0.022965968,-0.053469628
0.044233903,0.093296364,0.027168708,-0.004142156,-0.024270745
0.04388921,0.066841915,0.07356104,-0.015662476,0.0057602236
0.05463557,0.05472847,0.002971121,-0.055220675,0.0028698593
0.052540585,0.09711009,0.015888387,0.03241342,0.018858168
0.008165466,0.030105777,-0.015043676,-0.032313272,0.03388746
-0.004338326,0.020721596,-0.010840628,0.02163244,0.043428972
0.041077822,0.022768578,-0.052390054,-0.07218424,-0.0618246
0.12695727,0.14610817,0.07192437,0.028832482,0.05800072
