Care,Fairness,Loyalty,Authority,Sanctity
Harm,Cheating,Betrayal,Subversion,Degradation
-0.024196696,-0.032779966,-0.12830198,-0.12002092,-0.07844818
-0.12028749,0.020767927,-0.09647149,-0.1167658,-0.08265866
-0.087889984,-0.070171274,-0.15078789,-0.17690407,-0.09141902
-0.12729277,-0.08024783,-0.12873879,-0.090300284,-0.09171474
-0.02075718,0.10903647,-0.007927092,-0.020050585,0.03139051
-0.08071759,0.04836323,-0.08668208,-0.124800764,-0.084203705
0.02729008,-0.042823784,-0.055473607,-0.037111513,-0.068911284
-0.121433534,-0.106690526,-0.11554032,-0.09929502,-0.07285543
0.090616755,-0.024602128,0.003115382,0.02288899,0.05840361
-0.061641116,0.10073873,0.034244776,0.088324174,0.16109544
-0.0150503665,0.04608783,-0.05847047,-0.085969396,0.07883492
0.013167432,-0.031313896,-0.019998189,-0.006541567,-0.041560963
-0.06557697,-0.10876876,-0.18255746,-0.22287616,-0.1294214
-0.0501419,0.02083961,-0.040533807,-0.026650801,-0.08145227
0.08556529,0.10195224,0.027752701,0.00071237236,-0.06663596
0.07154983,0.05698619,-0.047936756,-0.060082734,-0.0074499734
0.007641188,-0.076642305,-0.060860023,-0.019047834,-0.045027435
0.0017715599,-0.02790612,-0.11061758,-0.035863027,-0.01769574
0.08315063,0.06819335,0.00916343,0.010720687,0.045459874
0.04483652,0.06013477,-0.011399351,-0.01682933,-0.07051142
-0.03583256,0.07702954,0.051314488,-0.02811419,0.017021721
-0.037193183,0.105240196,-0.016966512,-0.003916403,0.036259487
