Care,Fairness,Loyalty,Authority,Sanctity
Harm,Cheating,Betrayal,Subversion,Degradation
-0.000585733,0.016163789,-0.049128734,-0.012158189,0.0118903555
0.030553367,0.016291201,0.03573609,0.026667267,0.06251852
0.11674647,0.07038928,0.0899677,0.032338493,0.054408967
-0.0032855067,0.040653028,-0.01836901,-0.045732293,-0.03388606
0.07192756,-0.013357099,-0.040682666,-0.06709229,-0.057086997
-0.12949318,-0.01169211,-0.039335903,-0.111917675,-0.11200924
0.06698733,0.06612176,0.0003938619,0.026648019,0.097413465
0.10522038,0.031211507,0.07228502,0.025736663,0.07637549
0.03470143,0.05838159,0.030099645,-0.011459928,0.09841181
0.03858221,0.01723899,0.06129413,0.016379297,0.061398298
0.04340439,-0.011497682,0.01537274,-0.021076297,-0.052219626
0.052797202,0.039778527,0.09795969,-0.023537423,-0.045517836
-0.041269835,-0.062799506,-0.10694857,-0.033550873,-0.03708089
-0.05595649,-0.07424816,-0.080339596,-0.042517144,0.015959246
0.11318683,0.11791081,0.040766615,-0.02600976,0.027531883
-0.013487781,0.05438153,-0.045592334,-0.09757813,-0.049203463
0.028158572,-0.034369804,0.038604036,-0.010203965,0.013666905
0.036038086,0.0650758,0.045189373,0.034857325,-0.008354723
0.028248128,-0.093114704,-0.077999786,-0.014251534,-0.0720512
0.0009184219,0.012660487,0.004698775,0.010050725,-0.078547895
-0.015118873,0.06462164,0.041052938,0.00014002249,-0.060190614
0.040541746,0.06730759,0.0103548765,0.014437361,-0.089653775
0.09669253,0.016340706,-0.022932066,0.03166454,0.022385202
