Care,Fairness,Loyalty,Authority,Sanctity
Harm,Cheating,Betrayal,Subversion,Degradation
0.014259103,0.011622697,-0.053204246,-0.072947174,-0.050090812
0.014468601,0.040414263,0.025831454,-0.0583389,-0.07436421
0.029938437,0.09084256,-0.120549284,-0.04907572,-0.041362874
-0.10229786,0.06331165,-0.032635737,-0.092809886,-0.023371017
0.062122017,0.08113654,0.029992383,0.020756824,-0.0080735665
-0.14191842,0.0506172,-0.13494632,-0.13270839,-0.060648926
0.054484427,0.1117531,0.072730176,0.029537115,0.025709856
0.015912248,-0.07463982,-0.030641848,-0.01458678,-0.038479544
-0.007517362,-0.0131006725,-0.0047513247,-0.021958115,0.03690233
-0.08459909,0.0054682437,-0.060233235,-0.07838992,-0.11301075
-0.039491117,-0.04850153,-0.08459507,-0.02928285,-0.035307787
0.038533386,-0.016291816,0.049890533,0.027453601,-0.026701333
0.12469913,0.038707398,0.082559854,0.01700533,-0.021248205
0.08607864,0.016921807,0.007825042,-0.038210355,-0.029527359
0.05899101,0.09462562,-0.021959793,0.043973144,0.088481545
0.058932118,0.06369694,0.009250858,0.048405137,-0.002706878
0.017066406,0.07977961,-0.011714203,-0.0024887305,0.062403906
0.023491476,-0.018499244,-0.018160481,-0.039883614,-0.06666368
-0.067619294,0.02721567,-0.03096588,-0.035247914,-0.04198285
-0.038906626,0.0103267245,0.027864087,0.03810632,0.044917393
0.01287671,0.11556149,0.09008449,0.112206616,0.044721767
0.03506811,0.08665395,0.06941734,0.09842556,0.02299596
0.011037643,0.1506764,0.11831011,-0.055267338,0.041402083
-0.030391024,0.019291062,-0.03144157,-0.02706699,-0.109226495
-0.0659733,0.101316,-0.0062843254,-0.06134603,-0.028812848
-0.008722613,0.0056438,-0.11291699,-0.050236046,-0.13151881
-0.017058887,0.02790583,0.028267533,-0.028620716,-0.0443141
