Care,Fairness,Loyalty,Authority,Sanctity
Harm,Cheating,Betrayal,Subversion,Degradation
0.025551798,-0.040338665,0.0048458213,-0.052177403,-0.071694076
-0.054317467,0.03138653,0.0060658026,-0.004948998,-0.019290056
-0.04942117,0.017594071,-0.026516888,-0.029883003,-0.10619885
-0.05668332,-0.066759706,-0.0493175,-0.09128885,-0.13268444
-0.111722685,-0.0011663898,-0.09008926,-0.0375743,-0.20339942
-0.07989231,-0.031133141,-0.046197776,-0.12350732,-0.10737905
-0.07608031,-0.14426649,-0.08772942,-0.056941662,-0.113146305
0.06441786,0.03932889,0.05976183,0.055274412,-0.0029735668
0.068067424,0.0764927,0.020850152,-0.03839863,-0.026835095
0.016068906,0.087354004,0.08858623,0.083434135,0.001343457
-0.035474304,-0.07132393,-0.062730074,0.051198047,-0.059944898
0.0031101555,0.05840993,-0.014097832,-0.047709137,-0.09053838
-0.009602291,0.026693791,-0.07406619,-0.01477775,-0.020131122
0.018287335,-0.037207007,-0.09683941,-0.020295568,-0.045903686
-0.010591839,-0.012089904,0.003174305,-0.08695721,0.02290368
-0.132312,-0.033525042,-0.07953976,-0.09632586,-0.10647761
-0.13666362,-0.006570246,0.013753936,0.01754164,-0.07304759
-0.056775566,-0.06505104,-0.036526155,-0.024939824,-0.11918756
0.017183084,0.075023405,-0.017118912,0.068396,0.0025803782
-0.0769153,0.07825167,0.10705972,0.13372506,0.09791731
0.04253302,0.028661776,0.067853406,0.05799186,0.029715583
0.071762845,-0.01444357,-0.0380353,0.0003901217,-0.009005113
0.07922322,0.048702143,0.09238678,0.07623427,0.018999316
-0.010336151,0.02553292,0.001994541,0.025102524,0.001961816
0.12982027,0.1209885,0.117318556,0.08858727,0.074821614
-0.021682672,0.051700424,-0.029745229,-0.018462807,-0.017292831
0.059853822,0.08767022,0.015897263,0.040384095,-0.04098291
0.032334406,0.045765933,0.018408978,0.017577322,0.07153118
0.028359719,0.048462555,-0.043640845,0.11615966,0.02031238
0.005786013,-0.03754859,-0.08920745,-0.016428059,-0.110465
-0.061507996,0.013737438,-0.022661215,-0.041057616,-0.07295447
0.035155844,0.04986851,0.08677693,0.04981516,0.03976059
-0.038320903,0.021893369,0.03191959,-0.018619213,-0.043147616
0.05654322,0.045530938,0.026358372,-0.03431046,0.017910928
