Care,Fairness,Loyalty,Authority,Sanctity
Harm,Cheating,Betrayal,Subversion,Degradation
0.011467084,-0.018566187,-0.0643296,-0.0547302,-0.101536945
0.057431422,-0.016901078,-0.025510436,0.057157353,-0.029013745
0.032200553,0.007043338,-0.048624944,-0.00031393766,-0.07654749
-0.021360898,0.03531127,-0.032461822,0.006984381,-0.076982185
0.018934429,0.029888507,-0.0062838746,-0.042876914,-0.13378541
-0.013194306,-0.033057604,-0.07430905,0.020871049,-0.0581256
0.028512675,0.03841536,-0.005871348,-0.021585107,-0.093535155
-0.0111853685,0.097918876,0.07277294,-0.008525306,0.011967959
-0.026985664,0.07509291,0.09090546,0.09166459,0.03839986
0.011115748,0.10504684,0.057503283,-0.03490834,-0.07675986
0.04098251,0.05015184,0.049290795,-0.08182852,-0.0671279
-0.04165265,-0.030245513,-0.065868676,0.040430274,-0.060502157
0.11112613,0.13440612,0.090914294,0.028258476,-0.021069303
-0.008023414,0.042942658,-0.0030407102,0.0027102642,-0.073091954
0.018427664,0.06332964,0.04613644,0.088460445,0.0051101865
-0.018858377,-0.014356165,-0.086261794,-0.041955136,-0.14512646
0.08238041,0.16135143,0.14911295,0.034833122,-0.07868685
0.025830606,0.073293075,0.004197621,0.011589136,-0.048411146
0.09981387,0.120236784,0.13115753,0.010540263,0.061488457
0.09565208,-0.0070542367,-0.045399133,0.024446001,-0.047447473
-0.0330119,-0.04175467,-0.08619537,-0.024294712,-0.10155034
0.013294432,0.07194958,-0.0077222995,-0.009379741,-0.063709736
0.20956403,0.066149175,0.19599438,0.14424232,0.05875948
-0.03615027,0.018047186,-0.049959842,-0.014988441,-0.10028429
0.00016949326,0.08224821,-0.012523002,0.007583145,0.0075820284
-0.020318849,0.038777847,0.0049338415,-0.02327627,-0.15802728
-0.031202523,0.105452836,-0.055193804,-0.019607794,-0.034201957
0.10038869,0.058542572,0.0005112868,-0.011615638,0.04792814
0.03413736,0.07789796,0.08347966,-0.011046696,-0.04005044
0.023561338,0.055707514,0.053837452,0.07755196,-0.033056565
0.14198449,0.055474706,0.1831337,0.11716962,0.061774556
-0.057403684,0.024849024,-0.058113426,-0.048672266,-0.1352754
0.032679733,0.12944032,0.043045647,0.0126740895,-0.05292899
-0.026797935,0.16317302,0.0974213,0.021617224,0.033454973
-0.03101525,0.07596734,0.04250508,-0.030424967,-0.0031046756
-0.12476626,-0.010449937,-0.11513963,-0.12936202,-0.17681172
