Care,Fairness,Loyalty,Authority,Sanctity
Harm,Cheating,Betrayal,Subversion,Degradation
0.05299387,-0.05719138,-0.07494694,-0.047980182,0.034318805
-0.04049469,-0.014834095,-0.05053751,0.0023151077,0.038956888
-0.024315944,-0.0061859637,0.006549837,-0.0080765635,-0.022047997
0.028577792,-0.035601478,-0.11632918,0.006532954,0.06798392
0.079559416,0.07257831,0.0815082,0.03209667,0.09900367
-0.070782386,-0.042590532,-0.027901258,-0.02101734,-0.0071386304
-0.03328374,0.06099187,0.065431476,0.13999373,0.015780479
0.03254769,0.08458454,0.18138123,0.018034808,0.09575371
-0.016777065,0.058798727,0.064772084,-0.032045566,0.023157695
-0.0335669,-0.06759285,-0.10493952,-0.09175609,-0.04101757
0.0040085763,-0.0142375305,-0.072764866,-0.058325324,-0.051506974
0.039681625,0.025183387,0.07479616,-0.016475046,0.025546554
0.061277352,0.017623104,0.045030612,-0.06867054,0.046448596
0.019897737,0.046118423,0.12735505,0.120888285,0.16036874
-0.078398585,-0.08939478,-0.19815826,-0.14071512,-0.01978691
