Care,Fairness,Loyalty,Authority,Sanctity
Harm,Cheating,Betrayal,Subversion,Degradation
0.13465989,0.008869303,0.07811107,-0.027969223,-0.0025014412
0.06576837,-0.006997375,0.037653025,-0.03712784,-0.07910608
0.018838799,0.0018707728,0.024842625,-0.014963516,-0.03530955
0.10169501,-0.00029634032,0.086729385,0.013909723,0.04298384
0.091105595,0.049924336,0.13221094,0.03243254,0.024055634
0.063408546,0.031449746,0.011721792,-0.053700887,-0.06940276
-0.034647696,0.12672019,0.11375343,0.013710208,0.07637316
0.08563549,-0.03427215,0.14470154,0.0022660196,-0.020667698
0.078084335,-0.03022482,0.06653849,0.05297435,0.05323765
0.08101332,0.021014925,0.05689153,0.018352518,0.0015596738
0.032938953,-0.045241237,0.07163958,0.040848583,0.0049711084
-0.05689802,-0.042539228,-0.05348395,-0.07698694,-0.13887636
0.07476376,0.041608457,0.021265654,0.03973829,0.06895036
0.00078305975,0.026872836,0.0016076695,0.0035015568,-0.010184993
0.04721721,0.126477,0.045565512,0.04540017,-0.002445761
0.06913671,0.1190669,0.20779799,0.08633144,0.01015402
0.1293346,0.03515279,0.104582116,0.061832458,-0.0059652813
-0.039588448,0.077751435,-0.014925583,0.0349769,0.026916243
0.07563063,0.058334664,0.08102137,0.018594675,0.015304852
