Care,Fairness,Loyalty,Authority,Sanctity
Harm,Cheating,Betrayal,Subversion,Degradation
0.03338857,0.02044395,-0.019998245,-0.03938835,-0.08405531
0.09080776,0.04663478,0.035091527,0.07075307,-0.027914941
0.1395869,0.0076985806,0.11798079,0.07325635,0.038662978
0.14769375,0.07016337,0.09882982,0.071045816,0.052800413
0.11783777,0.13174401,0.07571102,0.06518819,0.035582896
0.008676035,-0.0038290843,-0.07391201,-0.03228462,0.03118672
0.03268306,-0.020275429,-0.0053024683,-0.033333592,-0.008051623
0.07761193,0.061801292,0.0208768,-0.065751575,-0.057913102
0.05312916,-0.08837162,-0.053367846,-0.0937691,0.0032514129
0.0020257672,-0.15286957,-0.07263542,-0.0440389,-0.03155462
