Care,Fairness,Loyalty,Authority,Sanctity
Harm,Cheating,Betrayal,Subversion,Degradation
0.043106057,0.060468733,0.003390422,-0.020307772,-0.058930915
0.06427852,0.065896675,0.056416333,0.02891357,-0.00792326
0.008721547,0.017490868,-0.067012906,-0.022677712,-0.03949755
0.013246962,-0.023796406,-0.025584392,-0.02777752,-0.10551223
0.027908502,-0.03719528,0.0043154373,-0.030150644,-0.049601663
0.017832743,0.065519504,0.028274491,-0.009219717,-0.02732341
0.057636496,0.03415335,0.024948742,-0.010136869,0.0166015
-0.06810127,0.034375265,-0.042669244,0.0281506,0.0037479717
-0.016080279,0.092609584,0.03751844,0.014109909,0.06522853
0.014174661,-0.022563558,-0.035164624,-0.08870244,-0.09299916
0.08148698,0.049742118,0.03910882,0.048960965,0.039331853
0.019034207,0.048437305,0.029181186,0.021592278,0.020435162
0.0066332445,0.01955187,0.027218137,0.0407183,0.072284915
-0.066043496,0.009337531,-0.015855294,0.08307329,0.05002979
-0.013784385,0.0026599132,-0.047864318,0.04921606,0.060992915
0.019655412,0.032584336,-0.005008285,0.020802297,-0.040687487
