Care,Fairness,Loyalty,Authority,Sanctity
Harm,Cheating,Betrayal,Subversion,Degradation
-0.0095546525,-0.045017183,-0.07758299,-0.04802105,-0.05834523
-0.019094415,-0.0010411218,0.03524013,0.0021332204,-0.02428786
0.037972838,0.057998378,0.11592737,0.029631782,0.0138541935
-0.15429693,-0.07944907,-0.16345938,-0.08905316,-0.08200913
-0.07009418,-0.0586441,0.09552638,0.04687675,-0.079353385
-0.06212104,-0.004248105,-0.029965509,-0.0702299,-0.050238784
0.020310367,0.023703827,0.050191283,-0.0014762469,0.061797604
0.103971355,0.020254903,0.15453991,-0.007988198,0.049185988
0.021096561,-0.012611078,0.068312444,-0.007271096,0.030743899
0.004686538,0.055605583,0.045538843,-0.008495312,-0.018509235
0.018201428,-0.00937023,-0.024644824,-0.028789885,-0.0058003888
0.026501609,0.021960411,-0.010124133,0.014037805,0.036434416
0.048028074,0.12048921,0.11072552,0.03887754,0.07496122
-0.07553545,0.002917353,0.07877973,-0.0021193917,-0.030461272
0.04241791,0.011213506,0.05737976,-0.028351786,-0.054843806
-0.10960287,0.006337961,-0.032992627,-0.03733096,0.0030538049
0.018841688,0.06390732,0.14526586,0.10518603,0.075748116
-0.06619629,-0.018461708,-0.015020935,-0.050448537,-0.051752184
-0.04151344,-0.016381519,-0.080688074,-0.06641634,-0.011057502
0.12547603,0.13242482,0.19835982,0.099275105,0.10163778
0.01450918,0.0010660179,0.0050822934,-0.0009666253,0.028886598
-0.04805355,-0.021370597,0.0018312233,0.028469764,-0.007566143
0.14291982,0.09945318,0.14255232,0.04446792,0.068339616
0.06454377,-0.023927046,0.021142308,-0.012526159,0.005008324
0.021667749,0.037968177,0.01216466,0.010799559,-0.02552138
0.06790062,0.10883059,0.13392915,0.074165486,0.07615835
