Care,Fairness,Loyalty,Authority,Sanctity
Harm,Cheating,Betrayal,Subversion,Degradation
-0.085175306,-0.085370615,-0.13569126,-0.123031005,-0.11986546
-0.14545557,0.013961856,-0.01625714,-0.046752103,-0.114864476
-0.11591282,0.009037729,-0.046518013,-0.028525257,-0.12641038
-0.100247845,-0.028639369,-0.06990486,-0.09954287,-0.12567759
0.018845951,0.0051596817,-0.014529946,-0.0226705,-0.023891488
0.036983185,0.033962715,-0.030105658,-0.057589352,-0.028662365
-0.12500317,-0.07003947,-0.0805209,-0.042171653,-0.20910503
-0.15507416,-0.00551196,-0.06732955,-0.06916099,-0.14706594
-0.09282014,0.0012306357,-0.034415264,0.050391458,-0.10468804
-0.032930627,-0.040878534,0.0042777234,-0.034556672,-0.14995804
-0.07473549,-0.059805643,-0.048882913,-0.077602014,-0.06533073
