Care,Fairness,Loyalty,Authority,Sanctity
Harm,Cheating,Betrayal,Subversion,Degradation
-0.06668517,0.0299622,-0.0764109,-0.020941056,-0.16246268
-0.056991324,0.037326522,0.024390716,0.044743065,-0.09441223
-0.031779602,0.043683853,-0.0029857103,0.022223242,-0.04745007
-0.14428668,-0.025098205,-0.07114872,-0.00902335,-0.16462857
-0.084543765,-0.008729111,-0.035878673,0.020314027,-0.17308441
-0.074511304,-0.074615315,-0.04429672,-0.036777116,-0.0055445954
-0.06799628,-0.019407913,-0.044100016,-0.0016205311,-0.067918286
-0.094776146,0.007917295,-0.113555044,0.025932735,-0.12208673
-0.17547669,-0.02512641,-0.08830905,-0.06661546,-0.05169089
-0.026354035,-0.053406645,-0.051056825,-0.009914526,-0.07154608
-0.085148096,0.044285066,-0.0049648155,0.0052345768,-0.043812905
