Care,Fairness,Loyalty,Authority,Sanctity
Harm,Cheating,Betrayal,Subversion,Degradation
-0.096944734,0.0048766644,-0.031128291,0.043230295,-0.10812782
-0.13364343,0.037118092,-0.022950536,0.016880633,-0.13008067
-0.11894305,0.031047687,-0.085231096,0.008578747,-0.06547308
-0.14667016,0.016100883,-0.002045256,0.04193094,-0.19805467
-0.08737786,0.08316938,-0.04150089,-0.11712418,-0.15885912
-0.10856205,0.10167882,0.058512334,0.14064895,-0.0055342875
-0.1052514,0.052749056,-0.0057322606,0.06356227,-0.08321114
-0.17872958,-0.03171721,-0.12477866,0.011591646,-0.085803024
0.012510455,0.09549534,0.07055695,0.13185498,0.05308389
-0.07400736,0.09685989,0.060640395,0.05728537,-0.0770199
-0.1146981,0.098805875,0.05288538,0.09043837,-0.08888797
-0.040101275,0.09251644,0.04838776,0.06710596,-0.069267616
0.05061938,0.08609159,0.15616795,0.15738669,-0.0043429174
0.09702468,0.09814876,0.08712633,0.110081814,-0.0051873513
-0.04270742,0.047267996,0.0976343,0.078831844,-0.07551794
-0.14781052,0.07268049,0.044384163,0.15341815,-0.010859593
-0.002014039,0.10118587,0.06231529,0.049271632,0.0044430047
-0.1818136,-0.1587718,-0.16797045,0.00012289826,-0.058878876
-0.1637433,-0.008773251,-0.07709727,0.113342315,-0.07993673
