Care,Fairness,Loyalty,Authority,Sanctity
Harm,Cheating,Betrayal,Subversion,Degradation
-0.05115401,0.027543455,-0.032698356,-0.017460968,-0.15706483
-0.05829207,0.055477474,-0.034966905,-0.0673673,-0.18710844
-0.01777036,0.020988215,0.008940989,-0.051060755,-0.1768752
-0.026346851,0.049799833,-0.019004676,0.0122541515,-0.15729819
-0.1400692,-0.058643375,-0.13544984,-0.13551152,-0.2608144
-0.08950244,0.045497864,-0.095748395,-0.046974715,-0.1906867
0.12273244,0.11403687,0.075408,0.06126035,0.006111136
0.025372075,0.007819352,0.05418762,0.015546743,-0.06160451
0.0100497175,0.08916181,0.062034093,-0.016142128,-0.10394354
-0.030042652,0.031737708,0.04480098,0.015970407,-0.035304587
-0.11294874,-0.0146032795,-0.107922405,-0.08327099,-0.3043348
-0.0909998,0.063799374,-0.025158003,0.026496723,-0.16055785
-0.057518385,-0.013283072,-0.04747577,-0.035026833,-0.113637075
-0.09814989,0.008452958,-0.025532827,-0.004362555,-0.22009943
0.14341965,0.07571887,0.10378823,0.038599707,0.041462835
-0.015145165,0.07558775,0.01434481,0.025194844,-0.1261867
-0.06972809,-0.017787067,0.009493087,-0.03732402,-0.09860854
0.04982426,0.107603274,0.0069700386,-0.006738294,-0.1038712
0.024069075,0.012825388,0.039203465,0.07621074,-0.013753354
0.07341205,0.046890356,0.096162304,0.036204647,-0.13133594
0.048458718,0.08119044,0.1503622,-0.004102843,-0.06597999
0.07733919,0.084971525,0.1624955,0.0931568,-0.03514089
-0.046549495,0.0694293,-0.022970442,0.054449946,-0.15088
-0.15440857,-0.0152781345,-0.057619244,-0.069561355,-0.27743518
-0.052259315,0.06334716,-0.03131936,-0.0526421,-0.17760679
-0.030756744,0.06457314,0.010565884,-0.03707514,-0.11485832
