Care,Fairness,Loyalty,Authority,Sanctity
Harm,Cheating,Betrayal,Subversion,Degradation
-0.025693594,0.02920214,-0.049328275,-0.020119771,-0.11993055
0.024132118,-0.08444381,-0.17816041,-0.12400611,-0.026554793
-0.123537906,0.012317951,-0.05450009,-0.03844194,-0.1530433
-0.035010464,0.05963759,-0.03673724,-0.07872578,-0.121914975
0.022964247,0.04776769,-0.04400871,-0.01522699,-0.05004479
0.047573194,0.05480007,-0.010082424,0.056020223,-0.024913978
0.049827334,-0.034833733,-0.1316098,-0.10257987,-0.042858396
0.08404963,-0.078897,-0.075234324,-0.07796412,-0.03798656
-0.0004367791,-0.008313654,-0.0031651594,-0.08787805,-0.078335926
-0.014600284,-0.068016425,-0.08394934,-0.109924465,0.017366976
-0.0016567856,-0.07743403,-0.15260908,-0.08331077,-0.019725686
-0.037100315,-0.024329428,-0.12049241,-0.12937264,-0.03587425
0.054247208,-0.004044816,0.026529763,0.024992164,0.047191754
0.0658253,0.09747026,0.04538068,0.021539044,0.055698827
0.00045660138,-0.018392906,0.04462708,-0.022711238,-0.051439583
-0.1525082,-0.24765694,-0.17656061,-0.19727273,-0.16166393
-0.030288782,0.016925506,-0.096489094,-0.11322676,-0.13085042
0.08160512,0.050998904,0.07836899,0.0786053,-0.064092144
