Care,Fairness,Loyalty,Authority,Sanctity
Harm,Cheating,Betrayal,Subversion,Degradation
-0.01119671,-0.010097282,-0.04599966,-0.016899776,-0.066912964
0.008195687,0.0147213265,-0.013871735,-0.029543012,-0.048629034
0.022668654,0.019050023,-0.023934714,0.01661141,0.040422432
0.040185615,0.0077828355,0.02022538,0.021005183,-0.0433661
0.00037602242,0.04744467,-0.010293117,-0.028021742,-0.08302289
0.063111395,0.025351577,0.008631868,0.0704121,0.01751452
-0.013969385,0.054053348,-0.065046236,-0.08268151,-0.13725565
0.038452122,0.021508222,0.078306414,0.043488063,-0.0066488367
0.028295275,0.1276792,0.072466135,0.10879989,-0.00092526246
0.042244196,0.05608449,0.016914532,-0.011128439,0.017413693
0.018136226,0.02116829,-0.015737444,0.03015755,0.007446155
-0.010616349,0.05776474,0.0014745472,0.040887095,0.001127962
-0.017409362,0.04830973,-0.00080613885,-0.019273892,-0.071951166
-0.03293963,0.010327538,-0.025741318,-0.016396059,0.048465505
0.09376481,0.04561001,0.033247203,0.036182813,0.030092163
