Care,Fairness,Loyalty,Authority,Sanctity
Harm,Cheating,Betrayal,Subversion,Degradation
0.018509023,0.06357021,0.02191645,-0.060033634,0.024120111
0.021797298,0.050404433,0.023581209,-0.044487245,0.062127896
0.035888325,-0.055323537,-0.034466833,0.0075443927,-0.007088486
-0.004220849,0.042544805,0.076587446,0.010596827,0.035920516
0.047186155,0.014097463,0.030467065,-0.090360075,0.03765232
-0.021190703,-0.069990695,-0.0008401403,-0.09996576,0.04823408
0.011319315,0.049512304,0.02301596,-0.0092936065,0.096423015
-0.09632795,-0.020170795,-0.045995716,-0.09252673,-0.02912999
