Care,Fairness,Loyalty,Authority,Sanctity
Harm,Cheating,Betrayal,Subversion,Degradation
-0.038213972,0.018982314,-0.055485643,-0.019931624,-0.04363515
0.028500888,0.06029188,-0.03716643,-0.07443172,-0.067631096
-0.070915505,0.07092528,0.017323293,0.036902383,0.004484225
-0.009921558,0.022782013,-0.026378445,0.0056944042,-0.07842031
0.025225889,0.00076769665,-0.082348466,-0.064201735,-0.027277749
-0.02648557,0.0038834047,-0.011947706,-0.09399141,0.00039226003
0.122759245,0.067274496,0.047004346,0.012462992,0.051885176
0.010679781,0.107256785,0.05091553,0.04531248,0.04589569
-0.0194647,-0.039938636,-0.039762903,-0.045735154,-0.059046276
-0.025790796,-0.03033206,-0.037740972,0.118144676,0.089847594
0.08948847,0.10807516,0.14441217,0.072258785,0.13521084
-0.014357319,-0.029277893,-0.08068197,-0.029872557,-0.10438377
0.10661404,0.10916986,0.117529795,0.024890035,0.08223002
0.043046087,0.10571367,0.13952649,0.109650776,0.08822683
-0.03625689,0.0036132438,-0.10184873,0.02099912,0.059837274
-0.12878601,0.04444583,-0.064514115,-0.014247028,-0.06083325
-0.0779888,-0.0065737837,-0.062309142,0.05492796,0.003963519
-0.06306764,0.034630015,-0.057774596,-0.027883554,-0.0052469983
-0.052144997,-0.040437575,-0.069616154,-0.0038203206,-0.02077375
