Care,Fairness,Loyalty,Authority,Sanctity
Harm,Cheating,Betrayal,Subversion,Degradation
0.019989174,0.017514916,-0.0043649673,-0.059416264,-0.09448461
-0.037929427,0.027446043,-0.070579626,-0.10134478,-0.16780388
0.039264616,0.04948605,-0.039345644,-0.10003023,-0.1221984
0.11379041,-0.06593503,0.008568963,-0.020120565,-0.0787451
0.06675546,-0.039842993,0.06935003,-0.077826634,-0.047119208
