Care,Fairness,Loyalty,Authority,Sanctity
Harm,Cheating,Betrayal,Subversion,Degradation
0.06903511,0.06164079,0.0047826134,0.03293531,0.009423351
0.014477957,0.065865315,-0.0050992896,0.033457257,-0.008787585
0.1085518,0.077142954,0.063682556,0.059008077,0.072569996
0.03423117,0.003839327,-0.02248723,-0.070195645,-0.079815164
0.104264475,0.11528542,0.060216565,0.079286456,0.015683822
0.110321626,0.11399176,0.10039005,0.012687925,0.012809962
-0.068465576,0.0034589134,-0.044333145,-0.076210886,-0.16695222
0.11782642,0.16074659,0.11730996,0.090478346,0.047293793
-0.076300696,0.034110457,0.04761687,-0.014991014,-0.06223549
-0.07727234,0.0017967205,-0.060169447,0.03541674,-0.035227504
0.066716634,0.07020536,0.062159635,0.045654327,0.010901129
