Care,Fairness,Loyalty,Authority,Sanctity
Harm,Cheating,Betrayal,Subversion,Degradation
0.07506323,0.019104991,0.032494515,0.040819768,0.006544726
0.014253158,0.043344233,-0.0131784715,-0.115185425,-0.07816453
0.11084159,0.04285553,0.0952036,-0.0028022188,0.010804333
0.07947303,0.055951472,0.066581406,0.0044089537,-0.010401237
0.087803975,0.0535774,-0.007990604,-0.08424312,-0.042518303
0.106955886,0.038809117,0.082926534,0.10825729,0.008154273
