Care,Fairness,Loyalty,Authority,Sanctity
Harm,Cheating,Betrayal,Subversion,Degradation
0.042879306,0.035491098,0.062015764,0.04356909,-0.032382477
0.08339385,0.0450812,0.110677496,0.013528008,-0.046872355
-0.018725794,-0.00096455496,-0.004640078,0.039341576,-0.02850587
0.06820276,0.09706815,0.12867105,0.082595274,-0.008771082
0.09628726,0.12688752,0.15579759,0.04640166,0.10909921
0.00030768663,0.017093189,0.107532874,0.10571431,0.054624002
0.10236065,0.106132865,0.18916386,0.07075283,0.08706089
0.04817725,0.114530206,0.12535223,0.18393716,0.08757414
0.0011094287,0.0011982964,-0.007816074,-0.048538297,-0.047272854
-0.10583248,0.019517345,-0.032501847,-0.006425945,-0.07027754
-0.13450421,-0.051180497,-0.11400698,-0.1334131,-0.12528148
-0.17955501,-0.06564333,-0.15034336,-0.18563816,-0.045323104
0.043249868,0.035543352,0.028969472,0.052610204,0.050341927
-0.13153347,-0.083732195,-0.15419258,-0.17390795,-0.04001651
