Care,Fairness,Loyalty,Authority,Sanctity
Harm,Cheating,Betrayal,Subversion,Degradation
-0.0152357025,-0.012698242,-0.050727062,-0.080267966,-0.14714827
-0.013061112,0.055614684,-0.005198028,-0.019335104,-0.072255485
-0.075256184,0.005695329,-0.099475324,-0.06279567,-0.058156334
-0.049814396,0.049256943,0.034334995,-0.07298653,-0.11322521
0.02712569,0.056029297,0.057011206,-0.017958278,-0.10123744
