Care,Fairness,Loyalty,Authority,Sanctity
Harm,Cheating,Betrayal,Subversion,Degradation
-0.019475477,-0.06909197,-0.1262806,-0.071741045,-0.06084741
-0.07324489,-0.056597933,-0.13368465,-0.089192085,-0.09214467
-0.06933126,-0.002192121,-0.10256569,-0.054373924,-0.08150941
-0.021242298,-0.035562083,-0.04367062,-0.064309224,-0.06507473
0.056342676,0.060212262,-0.004019564,-0.053585112,0.03333102
-0.008691063,0.09241995,0.02280888,0.029077709,0.11367142
-0.008404544,0.11919618,0.1292182,0.21932772,0.07636498
