Care,Fairness,Loyalty,Authority,Sanctity
Harm,Cheating,Betrayal,Subversion,Degradation
0.06407949,-0.0034092385,-0.03240031,0.009647066,-0.12657857
-0.10524886,-0.15202537,-0.1081266,-0.12475703,-0.18032017
-0.13626425,-0.03992826,-0.021761846,0.0059543494,-0.08771871
-0.0053059254,0.055038027,0.03984102,0.0841033,-0.0054910276
0.04039544,0.10722506,0.050239082,0.008278354,-0.04116326
-0.09770806,-0.05816231,-0.10122082,-0.16659293,-0.1527498
-0.13263693,-0.047878258,-0.100999616,-0.09363778,-0.17015539
-0.05481696,-0.011814347,0.008195238,0.0059208795,-0.037596237
-0.06925368,-0.010776337,0.006663042,-0.028051067,-0.11239503
-0.06330718,-0.034658235,-0.053296834,-0.048515808,-0.21081686
0.015641643,-0.007076066,0.02041979,0.014848392,-0.11852736
-0.031877205,-0.049498536,0.007938308,-0.056686427,-0.06759322
-0.038696688,-0.065658495,-0.10365789,-0.012039907,-0.18522616
-0.091802925,0.031060124,0.0034472235,0.14022878,-0.080002725
0.021074912,-0.0039468072,0.0073918756,0.11028214,-0.06927154
