Care,Fairness,Loyalty,Authority,Sanctity
Harm,Cheating,Betrayal,Subversion,Degradation
0.03140378,-0.03216823,-0.010107476,-0.0847646,-0.050502144
0.061309204,0.0076195784,0.005908221,-0.06398572,-0.016849548
0.09029704,-0.028041597,0.005684253,-0.08285667,0.042368427
0.059467185,-0.1013381,-0.047487743,-0.05249824,0.0122019015
0.07908927,-0.08452561,-0.005242564,-0.09135232,-0.07617333
-0.06385603,-0.04502644,-0.11572297,-0.047605872,-0.015061734
-0.046086434,-0.06113304,-0.054161966,-0.1150583,-0.11896323
-0.012969572,-0.05450753,-0.09430364,-0.06513717,-0.011101179
0.018924959,-0.012237601,-0.024959266,-0.09664868,0.0080403015
0.042677544,-0.09100635,-0.06883048,-0.13950774,0.023702443
-0.04363412,-0.0012505911,-0.055433422,-0.043901157,0.022685353
0.007983204,-0.12842266,-0.19650897,-0.07907873,-0.06761353
0.04225785,-0.024253342,-0.08186697,-0.18053302,-0.079353586
0.05924615,-0.0069299564,-0.045981616,-0.06874262,-0.051603902
-0.0353117,-0.08954108,-0.059515916,-0.030143544,-0.09913775
0.031210367,0.0006268171,0.031734187,0.0021499777,0.022039602
0.06372472,0.018003527,0.023486257,-0.055350054,0.009768922
-0.0038856752,-0.049045004,-0.014521126,-0.059411623,-0.08163656
0.0033464096,-0.10467095,-0.05012064,-0.06539522,0.018377122
0.03294386,-0.0022237152,-0.049847372,-0.11283674,-0.055199623
