Care,Fairness,Loyalty,Authority,Sanctity
Harm,Cheating,Betrayal,Subversion,Degradation
-0.055197634,0.0028911,-0.008345659,-0.05706936,0.00020344555
0.034902904,0.0264869,0.008088578,-0.030305654,0.037076663
0.060210574,0.05721808,0.06970685,0.0014548711,0.07155514
0.0032910835,-0.09126797,-0.09160821,-0.0612196,-0.014147415
-0.0077301506,-0.005444991,-0.054579064,-0.08687749,0.010842539
-0.024667788,0.0015356336,-0.10116426,-0.059573065,-0.07694287
-0.034370303,-0.031641364,-0.108336836,-0.086291224,-0.09879624
0.03381456,0.010156661,-0.032809034,-0.052828,0.023867475
-0.0065544182,-0.004279591,-0.02076297,-0.021617003,0.039706457
-0.04068826,-0.015136306,-0.07478407,-0.1002475,-0.015805893
0.034813017,-0.0019365204,-0.052179754,-0.040347073,-0.022611823
-0.02567466,0.058521435,-0.031479366,-0.032437403,-0.029455774
-0.0044733156,-0.030637335,-0.11126838,-0.17235442,-0.11406707
0.01677038,-0.014602015,-0.09987952,-0.111157134,0.011595517
-0.14210506,0.0100356825,-0.051531173,-0.019262869,-0.13226858
0.011088243,-0.071513966,-0.08277123,-0.112965755,-0.093705736
0.010927279,-0.0042447187,-0.04267713,-0.091671064,0.005682707
0.023393512,-0.0054202825,-0.0896389,-0.042209685,-0.016194206
-0.040051725,-0.042923,-0.11826104,-0.11333397,-0.050611675
-0.025691546,-0.049422316,-0.11076512,-0.08457754,-0.094764955
-0.02470063,-0.061667733,-0.118429966,-0.09405913,-0.15756676
0.0011275262,-0.119016066,-0.15909353,-0.19542655,-0.13712604
-0.016047195,0.019133842,-0.015500581,-0.0480261,-0.005552738
0.0025862968,-0.08894693,-0.12792706,-0.077727824,-0.010158916
-0.015124269,-0.040767156,-0.02418423,-0.06071508,-0.027299352
-0.04557429,0.037726197,-0.033678077,-0.06254042,0.018634183
-0.06137616,0.026012912,-0.03791831,-0.10264929,-0.026938653
-0.068917744,0.03820838,-0.015844889,-0.07129349,0.020275004
-0.117826864,-0.035080947,-0.042333417,-0.09030225,-0.019232836
-0.0039770203,0.01793921,-0.014813177,-0.07667641,0.067565024
-0.114253245,0.0023288205,-0.06595535,-0.11897695,-0.11108324
0.087937474,0.016655095,0.063422434,0.05901305,0.053460076
0.0262759,0.038938977,-0.050580233,-0.035924062,0.046324708
