Care,Fairness,Loyalty,Authority,Sanctity
Harm,Cheating,Betrayal,Subversion,Degradation
-0.018831154,-0.019377489,-0.040473323,-0.03154259,0.016170023
0.06522736,0.08779154,0.09516242,0.1647509,0.13207252
0.06811419,0.096524455,0.068814,0.040644817,-0.027896259
-0.0112811215,0.012465848,0.04507616,0.046936978,0.097763
0.110881686,0.11749476,0.08226949,0.06542046,-0.025811238
0.046218164,-0.065135285,-0.05597625,-0.021821123,-0.047128424
-0.01679934,0.009966796,-0.057459258,-0.031688627,0.069166504
-0.017084492,-0.038550504,-0.051568706,-0.0035945838,-0.01742666
0.019386122,0.11949862,0.051649608,0.016678121,0.008446582
-0.022298232,0.014866735,-0.022390498,-0.055210955,0.008426402
-0.0058177877,0.039021507,0.020421581,0.0061898883,0.08008638
0.033212833,0.061367862,-0.03657266,-0.070854984,-0.009522378
0.07194699,0.09463914,0.07012598,0.05683421,0.08415697
-0.025907638,0.0013538301,-0.074380405,-0.096182935,-0.00538186
0.085190654,0.015198976,0.0084076,0.018288834,-0.025634361
0.09984514,0.073651895,0.1468583,0.062148124,0.081397966
0.031044655,0.1049239,0.12003064,0.042812455,0.029584743
0.09634342,-0.054215327,0.11403079,0.049958795,0.05056864
-0.00049017556,-0.0057569034,-0.06881805,-0.02600472,-0.023780424
-0.05044318,-0.13306916,-0.13122287,-0.17766112,-0.2260103
0.07634319,0.09924391,0.1370067,0.19152474,0.06906513
0.0449821,0.10340762,-0.056879517,0.07272747,0.055498686
0.070144266,0.12903953,0.14608976,0.041451484,0.093080185
0.027410831,0.065940835,0.04523956,0.058332954,-0.0052799406
0.06331898,-0.054040197,0.004502276,0.0010573231,0.0133542605
-0.006151296,0.030495122,0.009574946,-0.06866819,-0.031962976
-0.091205016,-0.048938498,-0.11567695,-0.058832638,-0.07594697
-0.09628105,-0.114256255,-0.1519194,-0.092481345,-0.1008085
0.009409627,0.0934816,0.14151987,0.0062987725,0.05077888
0.06877265,0.021448266,-0.039436396,-0.08594739,-0.028047953
-0.010550283,0.06510077,0.065193936,-0.021470755,0.03150058
