Care,Fairness,Loyalty,Authority,Sanctity
Harm,Cheating,Betrayal,Subversion,Degradation
0.021577641,0.052210405,0.047328632,0.0017845323,-0.019534959
-0.04113856,-0.054940756,-0.062006354,-0.00057155825,-0.06827262
-0.047072783,-0.020273503,-0.028040465,-0.03890493,-0.044805586
-0.02890193,-0.031483408,-0.043967992,0.043946184,-0.0969552
-0.035401583,0.0036336929,0.041225396,0.007548485,-0.054076597
-0.05882112,-0.015642893,0.015577307,0.08810137,-0.026861023
-0.054160893,-0.05321598,-0.0198334,-0.015269477,-0.07448292
-0.02093903,-0.018056814,0.013998687,0.0054920875,0.008736219
-0.00025310926,-0.087682724,0.008854181,0.04661524,0.011283934
0.03547409,-0.04998245,0.024312098,0.03571448,-0.051009614
0.0071964953,-0.00868312,-0.011827074,0.066833615,-0.050920244
-0.07044233,-0.021348536,-0.004944399,-0.0034049414,-0.060165457
-0.10583103,-0.0118880365,-0.043332018,0.026917987,-0.055177975
-0.01691244,-0.0985927,-0.03692653,-0.016815655,-0.098925404
-0.049074743,-0.01821372,-0.040984154,-0.0390874,-0.14568368
0.012565643,-0.018529857,0.015327599,0.03789895,0.0023473324
0.033827074,-0.033344097,0.050586954,-0.015436515,-0.0036114138
-0.122324996,0.008784555,0.010924278,0.02052152,-0.18270245
0.036358066,0.039258942,0.059644014,0.03487573,-0.0066113314
-0.20449531,-0.08142373,-0.11795095,-0.11197287,-0.22562906
-0.07877304,0.019886885,-0.0611448,-0.05618427,-0.06755536
-0.14062223,0.021993782,-0.029831512,0.077692255,-0.03829152
-0.07917805,-0.036760435,-0.1242624,-0.09561004,-0.21651286
0.0120213935,0.046358943,0.034927793,-0.035014454,-0.06633289
0.04863301,0.0594633,0.056457914,0.08027305,0.040978566
-0.048131365,-0.016143141,-0.0911734,-0.07297154,-0.121211946
0.007703431,-0.04540481,-0.113329075,-0.11508608,-0.1438929
-0.032592718,-0.009668166,0.0023099594,-0.0062659737,-0.05740354
-0.04422142,0.058116395,0.060181387,0.040502585,0.022672806
0.027611407,0.006345907,0.0644269,0.0056296038,-0.039335653
0.00695921,-0.00902341,0.10905558,0.012191652,0.057948913
