Care,Fairness,Loyalty,Authority,Sanctity
Harm,Cheating,Betrayal,Subversion,Degradation
0.0060374057,0.044473387,0.0140115805,-0.028457148,-0.11139473
-0.026078666,-0.028880648,-0.0886079,-0.020727418,-0.10519039
-0.003191217,0.10209211,-0.027183523,-0.010404358,-0.08064939
-0.0864404,0.018201308,-0.039074127,-0.06891062,-0.08983816
-0.035362877,0.067425594,0.021464393,0.0064842943,-0.0030156486
-0.0029262286,0.10803509,-0.04442761,0.09835862,0.0030997172
-0.029486679,0.016230712,-0.034885924,-0.039820563,-0.1402908
0.012430767,0.0724316,0.021430014,0.028609384,-0.11913817
-0.016116673,-0.060233925,-0.10796623,-0.033104315,-0.08050631
0.012497749,0.05753349,0.035610706,-0.0011078119,-0.15946047
0.018908348,0.044423275,-0.03393677,-0.07914877,-0.13384072
-0.09600566,-0.036260583,-0.009341946,0.0026963851,-0.15302362
-0.16342452,-0.06789811,-0.09622455,-0.10173589,-0.23277828
0.057252154,0.0381651,0.007782245,-0.0056505026,-0.040375642
0.048304014,0.12750447,0.093972266,0.019476045,-3.6139973e-06
0.045776505,0.06599337,0.055701196,0.030343382,-0.04547461
-0.049092103,0.007033095,-0.007158162,-0.04673944,0.0069774464
0.01565261,-0.003477483,-0.07813689,-0.0659753,-0.016065132
0.030324798,0.015958343,-0.020092372,-0.05966699,0.019085001
-0.06505146,-0.014113789,-0.08468185,-0.10842766,-0.033907317
0.043241326,-0.0074483417,-0.097293854,-0.105201475,-0.0004978385
0.0129028605,0.017139116,-0.052238993,-0.083354674,-0.07605973
0.06628379,0.08503461,-0.02714179,0.0443068,0.0064798743
-0.05079455,-0.014897225,-0.026709126,-0.03807841,-0.08265491
-0.036781855,0.023770612,0.014085075,0.042567167,-0.026961472
-0.051053487,0.0154245235,-0.11083363,-0.051544487,-0.027014958
0.04843535,-0.027680477,-0.09734629,0.049607795,0.043919355
0.10353556,0.056762207,0.10104264,0.119731,0.038789526
0.07647496,0.063754,0.0827282,0.029517017,0.030261857
-0.024621047,0.0498437,0.009456161,-0.062652476,-0.066553965
0.13316852,0.34191978,0.3353548,0.22001317,0.23553988
