Care,Fairness,Loyalty,Authority,Sanctity
Harm,Cheating,Betrayal,Subversion,Degradation
-0.03580012,-0.0062671155,-0.10542837,-0.10223644,-0.08269105
-0.14742622,-0.047264084,-0.12255706,-0.0782565,-0.16584407
-0.012113074,0.012731222,-0.07302913,-0.012344219,0.008849015
-0.029494647,0.07137587,0.022948725,0.007927859,0.033768773
-0.08390897,0.020700881,-0.04120838,-0.107777625,-0.080309436
-0.08234275,0.018385697,-0.016891839,-0.006592991,0.024544211
-0.033753127,0.051589213,0.039379753,0.014759725,-0.0189346
0.047751185,0.051803797,0.016152587,-0.071084075,-0.06019447
-0.014079399,0.004666349,0.005514536,0.004599735,-0.08546698
0.0071936185,-0.04606492,-0.03297557,-0.0580643,-0.032457374
0.011038314,-0.03614269,-0.09739113,-0.06840438,-0.014583331
-0.040634967,-0.033978306,-0.059858657,-0.048805766,-0.020061033
0.01935631,0.01370503,-0.08507934,-0.13386628,-0.09893364
0.024721004,0.040151022,-0.08357086,-0.049601644,-0.023546053
0.020479333,-0.04734481,-0.12490814,-0.07101562,-0.087558106
-0.023104053,-0.028957117,-0.064679414,-0.040484384,-0.10403052
0.005445957,-0.004766577,-0.06023333,-0.08059337,-0.07762632
-0.005359838,0.02782942,0.07757721,0.07479996,-0.025948832
-0.07323028,0.039958358,-0.00095438305,-0.07026222,-0.115298994
0.008357488,-0.002266623,-0.010722724,0.054586872,-0.01818407
-0.04881493,-0.05342979,-0.06005653,-0.08742473,-0.065247506
-0.08213982,-0.06147207,-0.025140602,-0.060513705,-0.120099634
-0.014884844,0.086212635,-0.051314127,-0.09343191,-0.031022146
0.0690638,0.055622928,0.06328468,-0.032104775,0.09197648
-0.15933539,-0.071611926,-0.15225053,-0.15031953,-0.16117531
-0.075427935,-0.019092634,0.0055605825,0.06606089,-0.022790676
0.0069592157,-0.009023389,0.10905559,0.012191669,0.05794892
