Care,Fairness,Loyalty,Authority,Sanctity
Harm,Cheating,Betrayal,Subversion,Degradation
0.008162754,0.048713244,0.013780452,0.02287737,0.020425968
-0.01694703,0.009562641,-0.009792831,-0.05119201,-0.029371426
0.0024929326,0.06398996,0.09183674,-0.044999562,-0.103688136
-0.03888015,-0.08893871,-0.08477991,-0.041385077,-0.047454156
-0.0472792,-0.03735283,-0.026795246,-0.010144025,-0.07081301
-0.01902454,-0.020952906,-0.118196346,-0.037791096,-0.13009946
0.030421786,-0.008901702,0.023450157,0.0069783702,-0.04516614
0.0545851,-0.062097363,0.056310788,0.026111066,-0.06378411
0.056196667,0.022083508,-0.0759962,0.05400163,0.023690399
0.06210143,0.16038123,0.08031325,0.008575465,0.013030389
0.056518774,0.04925991,0.11528528,0.11139075,0.11777477
0.00460325,0.052711014,0.10900296,0.090486676,0.11722137
0.085465655,0.039586514,0.08426382,-0.004645774,0.035151165
0.08915572,0.020707976,0.10891907,0.1391041,0.06673062
0.06721416,0.013182584,0.005293995,-0.057939023,0.017147362
-0.13300864,0.01566622,-0.01994233,-0.084922224,-0.12729724
-0.013562912,0.012410564,-0.06787343,0.05671221,-0.031582166
-0.048001256,0.04568833,-0.028636027,0.07368226,0.0012808032
-0.1400549,0.029192053,-0.10082842,-0.076483436,-0.08596755
-0.112644166,0.01771846,-0.05661671,-0.06306024,-0.12544551
-0.0004254561,0.023778483,-0.039441567,0.017914541,0.083376266
0.005883878,0.11278808,0.060815252,0.0908152,-0.031570006
0.080975324,0.073599145,-0.01019114,-0.08021541,-0.00070460327
0.05532587,0.07207421,0.0066685677,0.021868866,0.0468302
-0.022012573,-0.034665637,-0.08548187,-0.05014222,-0.029736247
0.08814378,0.16514385,0.09876774,0.024867307,0.028544703
0.015131703,0.17046565,0.100457445,0.11917493,0.05082655
-0.15757982,-0.07202124,-0.21022514,-0.031858806,-0.040128626
-0.10562919,-0.0304961,-0.05713494,0.006790567,-0.046050847
0.0036937073,-0.015198341,0.019043086,-0.009800151,-0.14487235
-0.1348439,-0.028505318,-0.15139283,-0.060688004,-0.120493814
