Care,Fairness,Loyalty,Authority,Sanctity
Harm,Cheating,Betrayal,Subversion,Degradation
0.07407847,0.06553614,-0.021437598,-0.04824422,-0.10958389
0.026865654,0.093721904,0.02448935,0.06254529,-0.046278805
-0.019205747,0.05573284,0.02295957,0.08767679,-0.043280363
0.030552084,0.112518616,0.07178564,0.0875334,-0.014105559
0.052892618,0.086001344,0.07332652,-0.13035974,-0.005990725
0.0449897,0.0390349,0.053793818,-0.15919282,-0.053280808
-0.040880047,0.029704122,-0.057220437,-0.047269408,-0.07988344
0.07019967,0.021495182,-0.023719283,0.04427574,-0.027629461
0.01699707,-0.017813545,-0.025593875,0.024532327,-0.053577073
0.07963902,-0.0065364093,0.0455871,0.05696606,-0.035932727
0.018368479,-0.042207688,-0.047982216,-0.015585753,-0.06376646
-0.041188598,0.007628139,-0.07877405,-0.061459202,-0.0777894
0.06654307,0.110573836,0.14681178,0.047375347,0.07579707
-0.024723217,-0.0064358274,0.036042243,-0.025340768,-0.047644056
-0.004827505,-0.092197806,-0.058681484,-0.10696101,-0.11235291
-0.028620493,-0.029805595,0.0431989,-0.036782116,0.0046382817
-0.119013846,-0.087303795,-0.09847819,-0.10129222,-0.2257109
-0.03801877,0.054514732,-0.042915534,-0.024132669,-0.057741247
0.060921796,-0.021594936,-0.07653531,-0.0365439,-0.07306192
0.020636467,0.07246653,0.020806117,-0.03293323,0.014381496
0.059021257,0.030997735,0.010084267,-0.038378097,-0.081876226
0.07735978,0.063466735,0.0038502961,0.0022290414,-0.060442924
-0.023475153,0.059293948,0.045047373,0.00622632,0.040429667
-0.092144676,0.0105372295,-0.053367328,0.07963516,-0.0071140043
0.05137325,-0.016613329,-0.013261567,0.019775156,-0.05485922
0.10476865,0.030718088,0.057882186,1.3828743e-05,0.026548237
-0.017983655,-0.009083241,-0.07726179,-0.03455025,0.041457452
0.042725876,0.055679403,-0.07728705,0.058318138,0.0054773726
0.043983474,-0.031323574,-0.07167094,-0.09294826,-0.07301455
-0.011081815,0.07300568,-0.011297024,0.125907,0.035255108
-0.05507094,0.10570747,-0.011058413,-0.01670809,0.011452146
0.015858715,0.07920489,0.060461864,0.07981258,-0.0032208068
-0.046732664,0.14008415,0.09154041,0.085288785,0.015809935
