Care,Fairness,Loyalty,Authority,Sanctity
Harm,Cheating,Betrayal,Subversion,Degradation
-0.028489519,0.032647103,-0.03153615,-0.086048074,-0.017472949
0.09320833,0.041282058,-0.049577877,-0.041253306,-0.122937836
0.08742944,0.14392817,0.17517436,0.109001316,0.10711051
-0.081004545,0.0010292903,-0.0343185,-0.08672029,-0.026803471
-0.06373151,-0.056277506,-0.13440536,-0.15512644,-0.079506055
-0.014504191,0.03865809,-0.085329704,-0.031928644,0.039324597
0.059329927,0.041500017,0.1256046,0.08612375,0.04753844
0.011670526,0.06674487,-0.045147456,-0.06414777,-0.05545655
0.06340453,0.017343313,-0.0056037307,-0.019009719,-0.07838611
0.045789875,0.028507482,0.053392373,-0.016544716,-0.052523986
-0.013723845,-0.00054588914,-0.0721008,-0.12662688,-0.03904091
-0.020002741,-0.07732619,-0.14516747,-0.2161666,-0.044766955
0.096370675,0.12707964,0.07446602,0.025950551,-0.019771514
0.06031794,0.18490253,0.076564476,0.028346254,-0.024636088
0.06380382,0.12572074,-0.019960102,0.027235465,0.15173467
-0.024556775,0.123627655,0.0877731,0.019107899,0.029282944
0.040337604,0.07871873,0.042423256,-0.03472465,-0.07233189
0.061312463,0.0022291783,0.0009978465,-0.0031274054,0.02878556
0.06052851,0.042156395,0.045289513,0.0019051246,-0.09455212
0.079398915,0.06177316,0.07661527,-0.01154623,-0.069403484
0.041097164,0.033350777,0.109002605,0.02236138,-0.024973786
-0.088248506,-0.041629292,-0.00354252,-0.018473156,0.037443146
0.050212406,0.08731597,0.02182676,-0.073060036,-0.07095519
-0.055206176,-0.041097872,-0.14593405,-0.14459407,-0.017880647
0.0050677955,0.08865225,0.010335821,-0.01176821,-0.011535055
0.038644113,0.11833277,0.037246175,0.078263566,0.028212786
-0.027089898,-0.022148324,0.039915778,-0.06523841,-0.041016147
0.044637777,0.108826764,0.036979526,0.028040111,0.031531624
0.015214743,0.014431428,-0.038686614,-0.013983572,-0.08697609
0.03591065,0.041762,-0.024856515,-0.086610995,-0.006298624
0.033650562,0.06489134,-0.005972486,0.095710106,-0.040695753
-0.023986157,0.07204921,0.040228315,0.053129274,0.017163467
