Care,Fairness,Loyalty,Authority,Sanctity
Harm,Cheating,Betrayal,Subversion,Degradation
0.015654419,0.004044216,0.0376228,0.011907509,-0.046572216
0.06788392,0.060023323,-0.041455362,-0.022757482,-0.035740286
0.108744904,0.12687443,0.06402956,0.053766713,0.020767672
0.08276279,0.091544375,0.05827362,-0.039057698,-0.0139507875
0.06737167,0.09747228,0.108727954,0.034973234,-0.052727748
-0.01642413,0.055828545,-0.025882408,-0.06987414,-0.026062377
0.0050969925,-0.05531222,-0.079339586,-0.058595225,0.0005199779
0.056412805,0.060940173,-0.0066385698,-0.041660402,-0.01300177
0.025625637,0.0017863885,0.01892916,-0.041349083,-0.10029253
-0.03310206,0.042712085,0.0031213518,0.021478785,-0.045339033
0.078431435,0.07655913,0.06425588,0.060750663,0.12938225
0.012379026,0.03619645,-0.07576836,-0.0553091,-0.027354445
0.07163331,-0.0055226386,-0.039671667,-0.06831342,-0.09732413
0.060666677,0.04016699,-0.02813261,0.008814609,-0.076480605
-0.06582386,-0.019070616,-0.008878974,-0.0329057,-0.08289094
0.07842195,-0.07860636,0.010076021,0.010314683,-0.0020131394
0.033027872,0.04086759,0.041309323,0.0019186437,-0.093627855
0.03448837,0.036626738,0.081193954,-0.009676503,-0.01229547
-0.0016021356,0.17360443,0.18738464,0.22817996,0.07753344
0.059278127,0.05907289,0.056036565,0.017851587,0.010158952
0.067980245,0.025505578,0.0642207,0.055603493,-0.00719174
0.0065709855,0.048205845,0.05009035,0.007142658,-0.07470291
0.046694927,0.10386712,0.09733714,0.034043107,0.034244984
0.073315784,0.13096154,0.061540656,-0.014402099,0.009272726
-0.013191845,0.046178896,-0.036298323,-0.047919232,-0.020124203
-0.01644577,-0.031865627,-0.08688402,-0.03161021,-0.018883057
-0.04663137,-0.10042357,-0.037547633,-0.005479022,-0.03477327
0.10519391,0.11254032,0.008053408,0.013747511,-0.0062953513
0.062686,0.08876899,0.07619304,0.00663865,-0.00744801
0.033430573,0.029933877,0.08704567,-0.006386848,-0.05013799
0.06986562,0.067341164,0.09353988,0.084219396,0.049699217
0.074269235,0.09428425,0.067511514,-0.023836918,-0.048519142
0.0859959,0.04081221,0.09641628,0.05816679,-0.030510494
0.09731623,0.06893502,0.084659055,0.019868195,-0.012879893
-0.009173065,-0.10010967,0.08468968,0.01528478,-0.0394387
0.19342545,0.095939115,0.14359267,0.07409735,0.08694852
0.060895022,0.08294831,0.14962518,0.062542126,0.03254879
-0.11076124,0.0035153613,-0.09032556,-0.00084252656,-0.07786713
0.057700858,0.013153356,-0.0012677554,-0.087542154,-0.07850613
0.011963589,-0.04280252,-0.045010224,-0.07273002,-0.058096662
