Economic,Capacity,Morality,Fairness,Legality,Policy,Crime,Security,Health,Quality,Cultural,Public,Political,External
0.9858705401420593,0.7795320749282837,0.10502636432647705,0.7375330328941345,0.4277728497982025,0.3322605788707733,0.026024971157312393,0.40442314743995667,0.01065711211413145,0.7466591596603394,0.35763779282569885,0.9691912531852722,0.8553504347801208,0.03821180388331413
0.7882325649261475,0.7538807988166809,0.3707922399044037,0.729240357875824,0.5978863835334778,0.3158338665962219,0.5209912061691284,0.6230015158653259,0.5636371374130249,0.6969782710075378,0.6882874965667725,0.743372917175293,0.7712042331695557,0.049717552959918976
0.43897584080696106,0.7317447662353516,0.007073110900819302,0.05133124068379402,0.03278391808271408,0.31205713748931885,0.004015609156340361,0.026865901425480843,0.0001301500597037375,0.028790146112442017,0.05640267953276634,0.9737719893455505,0.23749937117099762,0.002993161091580987
0.9074325561523438,0.6567233204841614,0.0688367635011673,0.19260628521442413,0.05630774050951004,0.2854786217212677,0.0076776836067438126,0.1101546511054039,0.0013526866678148508,0.3161334693431854,0.0938606932759285,0.46233922243118286,0.2900806963443756,0.005966566503047943
0.9850663542747498,0.5679200291633606,0.006454075686633587,0.056919265538454056,0.022816544398665428,0.6251899003982544,0.003938062582165003,0.007903139106929302,0.027498865500092506,0.3466833829879761,0.01725095324218273,0.045860592275857925,0.05046611651778221,0.0036316670011729
0.957308828830719,0.41082221269607544,0.015958236530423164,0.13278180360794067,0.04501162841916084,0.0916348397731781,0.008047325536608696,0.009756014682352543,0.0005292200366966426,0.37756529450416565,0.04918510839343071,0.21236872673034668,0.044558387249708176,0.056023988872766495
0.6345453262329102,0.8843540549278259,0.06019498035311699,0.16971123218536377,0.13280563056468964,0.5078746676445007,0.021452032029628754,0.3786854147911072,0.0005954095395281911,0.49503493309020996,0.17422975599765778,0.7843214869499207,0.36167025566101074,0.035604339092969894
0.3673769235610962,0.667029619216919,0.04849015921354294,0.48088836669921875,0.48951688408851624,0.531319797039032,0.2853231728076935,0.2531176507472992,0.0053750891238451,0.7228833436965942,0.3664664626121521,0.8573082685470581,0.6621414422988892,0.012454910203814507
