Economic,Capacity,Morality,Fairness,Legality,Policy,Crime,Security,Health,Quality,Cultural,Public,Political,External
0.8411666750907898,0.8307300806045532,0.34000393748283386,0.1668747514486313,0.6522524952888489,0.37628063559532166,0.1862902045249939,0.6303838491439819,0.01258268766105175,0.6849054098129272,0.5531278252601624,0.9475674629211426,0.9485582709312439,0.40247201919555664
0.9000011086463928,0.7726657390594482,0.6561947464942932,0.8382944464683533,0.8927422165870667,0.8123654723167419,0.6337363719940186,0.8155509233474731,0.5162472724914551,0.8018541932106018,0.4971371591091156,0.8631342053413391,0.7014837265014648,0.6795071959495544
0.5964961647987366,0.6673012375831604,0.2729904055595398,0.6228545308113098,0.4561491906642914,0.5685129165649414,0.414730966091156,0.5631314516067505,0.1432422399520874,0.5967881679534912,0.45350128412246704,0.5510848164558411,0.83779376745224,0.5090829730033875
0.21221520006656647,0.33690357208251953,0.035853851586580276,0.08410706371068954,0.2488933801651001,0.25627055764198303,0.016647938638925552,0.18291129171848297,0.002117905532941222,0.12918750941753387,0.03802258148789406,0.6238391399383545,0.3717796504497528,0.1381847858428955
0.7239667177200317,0.6703513860702515,0.559294581413269,0.7017337083816528,0.6171920895576477,0.7993396520614624,0.49115315079689026,0.758741021156311,0.468411386013031,0.6883571147918701,0.62235027551651,0.8221063613891602,0.9234216809272766,0.7315430045127869
0.5843595266342163,0.6983337998390198,0.3733508884906769,0.21428777277469635,0.44959014654159546,0.4171798825263977,0.11143805086612701,0.50556480884552,0.01035389956086874,0.44964727759361267,0.3955868184566498,0.8389433026313782,0.9170870780944824,0.3392336666584015
0.5559026002883911,0.58626788854599,0.3199876546859741,0.45657142996788025,0.4602985978126526,0.5248133540153503,0.3680668771266937,0.6523659229278564,0.025793753564357758,0.6266602277755737,0.4878078103065491,0.8952722549438477,0.9106596112251282,0.409453421831131
0.7477279901504517,0.606761634349823,0.06283710896968842,0.13064536452293396,0.25444531440734863,0.2860548794269562,0.11378782987594604,0.44708457589149475,0.0015641199424862862,0.3722836375236511,0.06909356266260147,0.5918317437171936,0.6819484829902649,0.4393651783466339
