Economic,Capacity,Morality,Fairness,Legality,Policy,Crime,Security,Health,Quality,Cultural,Public,Political,External
0.14474307000637054,0.28438645601272583,0.009699208661913872,0.030394596979022026,0.033596497029066086,0.2276419997215271,0.005690243560820818,0.01111214142292738,0.012580648064613342,0.10048365592956543,0.015245596878230572,0.17357048392295837,0.11767979711294174,0.0071366773918271065
0.8718412518501282,0.8725523948669434,0.09224580973386765,0.3430159389972687,0.5800074934959412,0.13224411010742188,0.07281002402305603,0.42261338233947754,0.01555400900542736,0.37191709876060486,0.21295200288295746,0.7975968718528748,0.9429661631584167,0.07157448679208755
0.8997906446456909,0.42858389019966125,0.1320679634809494,0.12297887355089188,0.1900266855955124,0.17451699078083038,0.01906219683587551,0.31079405546188354,0.0016200549434870481,0.13554376363754272,0.13691870868206024,0.5343681573867798,0.8942384123802185,0.13555948436260223
0.8437554240226746,0.7025374174118042,0.0017201560549438,0.2408081442117691,0.03199814632534981,0.3715974986553192,0.005038856063038111,0.02960657887160778,0.02733013592660427,0.46257126331329346,0.01617708057165146,0.06375838071107864,0.008097896352410316,0.0018526370404288173
0.1267092227935791,0.24890296161174774,0.0003550849505700171,0.011565618216991425,0.008709849789738655,0.35958993434906006,0.0006066625355742872,0.06838054209947586,0.0036931904032826424,0.14102989435195923,0.0013139640213921666,0.013570873998105526,0.008654631674289703,0.008996877819299698
0.8872306942939758,0.7040230631828308,0.49439772963523865,0.5445034503936768,0.43733832240104675,0.2622074782848358,0.3955710232257843,0.7840825319290161,0.5091559290885925,0.5714359283447266,0.5342702865600586,0.7167056202888489,0.7650884985923767,0.13051582872867584
0.9439021348953247,0.6694363951683044,0.5765745639801025,0.5661990642547607,0.3711346387863159,0.0930035188794136,0.24724507331848145,0.6938585638999939,0.14738476276397705,0.5809270143508911,0.4393751919269562,0.39356398582458496,0.5830821394920349,0.10483311116695404
0.8732903599739075,0.8206648230552673,0.7833791971206665,0.8108113408088684,0.659980058670044,0.6408923268318176,0.5639905333518982,0.7038479447364807,0.383189857006073,0.7758567929267883,0.6794923543930054,0.8778961300849915,0.8352550864219666,0.23206518590450287
