Economic,Capacity,Morality,Fairness,Legality,Policy,Crime,Security,Health,Quality,Cultural,Public,Political,External
0.49313586950302124,0.6054967641830444,0.007396664936095476,0.0570654422044754,0.037955835461616516,0.026668157428503036,0.005121118389070034,0.2415516972541809,0.008989274501800537,0.2206113189458847,0.06345147639513016,0.034646399319171906,0.1384630650281906,0.02625264972448349
0.20153947174549103,0.23774544894695282,0.029875952750444412,0.027380242943763733,0.02029150351881981,0.07088007032871246,0.0071448590606451035,0.09538538008928299,0.01884152553975582,0.12642349302768707,0.023407774046063423,0.05482868105173111,0.04725753143429756,0.010209727101027966
0.6322108507156372,0.5080554485321045,0.03651924431324005,0.11140815913677216,0.10026761144399643,0.0780700147151947,0.009165646508336067,0.4418889284133911,0.04780162498354912,0.15106873214244843,0.09533581137657166,0.24438348412513733,0.4692752957344055,0.012063573114573956
0.45611149072647095,0.4056292176246643,0.04125569015741348,0.181753009557724,0.02839302271604538,0.13061527907848358,0.0070563009940087795,0.11528853327035904,0.0038206244353204966,0.36230719089508057,0.03185802325606346,0.09448464214801788,0.03898521885275841,0.0034085989464074373
0.5712534785270691,0.30575069785118103,0.11146529763936996,0.06507498770952225,0.09837354719638824,0.06483202427625656,0.02199641615152359,0.16686925292015076,0.01588444411754608,0.12425213307142258,0.08160484582185745,0.15814782679080963,0.22542211413383484,0.014309502206742764
