Economic,Capacity,Morality,Fairness,Legality,Policy,Crime,Security,Health,Quality,Cultural,Public,Political,External
0.9425947070121765,0.8021095991134644,0.15266795456409454,0.5178726315498352,0.7091171145439148,0.814867377281189,0.24820223450660706,0.5420631170272827,0.01650027558207512,0.664553165435791,0.2820948660373688,0.8374075293540955,0.9274111390113831,0.0561724491417408
0.9118555188179016,0.6676269173622131,0.06339428573846817,0.3673933148384094,0.3644644021987915,0.7596555948257446,0.17616376280784607,0.37015989422798157,0.007816516794264317,0.4419666826725006,0.33164289593696594,0.6459270119667053,0.7800686955451965,0.029445892199873924
0.5474621653556824,0.37213900685310364,0.006502589210867882,0.04194098711013794,0.06292259693145752,0.19503936171531677,0.013296467252075672,0.045416608452796936,0.00028963127988390625,0.021349119022488594,0.02612956613302231,0.31569936871528625,0.29002702236175537,0.0006543634226545691
0.9334506392478943,0.5821414589881897,0.14222320914268494,0.6465045213699341,0.5811238884925842,0.635348379611969,0.3000519871711731,0.4488469958305359,0.06815314292907715,0.5760893225669861,0.5883460640907288,0.6094622015953064,0.7788118720054626,0.0115357032045722
0.7911025285720825,0.6243146657943726,0.547548234462738,0.7289979457855225,0.6709160208702087,0.580258309841156,0.573549747467041,0.5409480333328247,0.42057013511657715,0.3918214440345764,0.5518363118171692,0.8235059380531311,0.7153208255767822,0.05709360912442207
0.4606148302555084,0.16212055087089539,0.004764392506331205,0.04598339647054672,0.044092707335948944,0.35264676809310913,0.0014415164478123188,0.008425373584032059,0.00011404781980672851,0.006934849079698324,0.013249777257442474,0.07050152868032455,0.045089270919561386,0.01501248124986887
0.741242527961731,0.33289197087287903,0.03643854707479477,0.2740517258644104,0.30851468443870544,0.044531796127557755,0.09082511067390442,0.1851896494626999,0.2672945559024811,0.13530544936656952,0.07605582475662231,0.28946638107299805,0.05619287118315697,0.014632229693233967
