Economic,Capacity,Morality,Fairness,Legality,Policy,Crime,Security,Health,Quality,Cultural,Public,Political,External
0.9343057870864868,0.4635680913925171,0.06045103073120117,0.10106632113456726,0.09795105457305908,0.3437304198741913,0.019788511097431183,0.11116137355566025,0.005811724811792374,0.35945969820022583,0.12297214567661285,0.8560803532600403,0.6682366132736206,0.030812643468379974
0.9874595999717712,0.7364946007728577,0.3045140206813812,0.1764739751815796,0.428894966840744,0.8273971676826477,0.18904942274093628,0.5906289219856262,0.007517002057284117,0.6507091522216797,0.17725737392902374,0.7265767455101013,0.7443873882293701,0.009751399047672749
0.5686448812484741,0.19649477303028107,0.502618670463562,0.2558930814266205,0.3473873734474182,0.08487018197774887,0.30605483055114746,0.4643958806991577,0.2829606831073761,0.49934911727905273,0.3399510383605957,0.5361686944961548,0.4688504934310913,0.09751889854669571
0.9883196949958801,0.5468767881393433,0.009909949265420437,0.03828755393624306,0.02572186477482319,0.5396114587783813,0.007055178284645081,0.03937713801860809,0.0008708048844709992,0.025238269940018654,0.03005281090736389,0.05110764876008034,0.04220803827047348,0.006152011454105377
0.9413449764251709,0.6827816367149353,0.08224936574697495,0.07661668956279755,0.033174481242895126,0.49439582228660583,0.03349478542804718,0.09977078437805176,0.008793368935585022,0.10743939876556396,0.06161113455891609,0.27865487337112427,0.13830487430095673,0.009740965440869331
0.9096270203590393,0.7213301658630371,0.12854942679405212,0.31193792819976807,0.20641441643238068,0.5130653977394104,0.17412590980529785,0.3070431649684906,0.00968310795724392,0.6466500163078308,0.10027367621660233,0.7586086392402649,0.9255356788635254,0.09262756258249283
