Economic,Capacity,Morality,Fairness,Legality,Policy,Crime,Security,Health,Quality,Cultural,Public,Political,External
0.9220949411392212,0.7568658590316772,0.09433461725711823,0.17524375021457672,0.45985621213912964,0.40366625785827637,0.21759110689163208,0.6729142069816589,0.006874331273138523,0.5379920601844788,0.12044933438301086,0.8282411098480225,0.8931112289428711,0.9247731566429138
0.7998164892196655,0.6685081124305725,0.053141433745622635,0.23371979594230652,0.38118529319763184,0.2927361726760864,0.21915408968925476,0.8907883167266846,0.0018921951996162534,0.21087025105953217,0.15777498483657837,0.5625001192092896,0.6102309823036194,0.1294146478176117
0.7140602469444275,0.4774368405342102,0.25272253155708313,0.38106977939605713,0.4806396961212158,0.34728777408599854,0.3676162362098694,0.7982997894287109,0.2496909201145172,0.5494194030761719,0.2789359390735626,0.7675231099128723,0.7765367031097412,0.3420887887477875
0.8210123777389526,0.5495672225952148,0.12346533685922623,0.06974165886640549,0.36727651953697205,0.17063823342323303,0.1634901612997055,0.6409052610397339,0.0046319314278662205,0.3457086384296417,0.09011874347925186,0.5168406367301941,0.5267460346221924,0.01673521101474762
0.6515684127807617,0.47820261120796204,0.3271278440952301,0.7874707579612732,0.6082421541213989,0.15122991800308228,0.44417107105255127,0.7166427373886108,0.5217621922492981,0.6562230587005615,0.32889634370803833,0.5508182048797607,0.4409250020980835,0.08033601939678192
0.5128574371337891,0.7380899786949158,0.009776797145605087,0.21367163956165314,0.21415261924266815,0.36971989274024963,0.0038843888323754072,0.2664829194545746,0.0007061726646497846,0.12727412581443787,0.03301822766661644,0.5983508825302124,0.14684654772281647,0.008804292418062687
