Economic,Capacity,Morality,Fairness,Legality,Policy,Crime,Security,Health,Quality,Cultural,Public,Political,External
0.7065924406051636,0.2913133203983307,0.07170897722244263,0.10723886638879776,0.10971318185329437,0.16023646295070648,0.009526909328997135,0.04342932626605034,0.0013030647533014417,0.19645516574382782,0.06384634226560593,0.6228320002555847,0.7056310772895813,0.037430670112371445
0.91607266664505,0.5270322561264038,0.01332000456750393,0.09198612719774246,0.10709317028522491,0.24470770359039307,0.014630180783569813,0.044144850224256516,0.0007048140396364033,0.058572765439748764,0.01506662555038929,0.5855240821838379,0.4474961459636688,0.006092029623687267
0.3979300260543823,0.10823792219161987,0.2456163614988327,0.11734047532081604,0.11829905956983566,0.12503008544445038,0.09273479133844376,0.23745284974575043,0.04939841479063034,0.17387992143630981,0.18633930385112762,0.3282356262207031,0.24314852058887482,0.03759035840630531
0.23141616582870483,0.31286323070526123,0.053375229239463806,0.07013147324323654,0.022578148171305656,0.13415150344371796,0.0034318144898861647,0.0380839966237545,0.0020249669905751944,0.1565224975347519,0.06904324144124985,0.23590655624866486,0.030159180983901024,0.002362600527703762
0.6996660828590393,0.7392469048500061,0.021099524572491646,0.13723522424697876,0.12189669162034988,0.36433911323547363,0.22296594083309174,0.7181649804115295,0.009807105176150799,0.36589542031288147,0.061201538890600204,0.28546831011772156,0.1268961876630783,0.007290885783731937
0.6467905640602112,0.696782648563385,0.5123786330223083,0.6640760898590088,0.5633713603019714,0.5505708456039429,0.5801315307617188,0.7243660092353821,0.6875857710838318,0.6781651377677917,0.4548477828502655,0.6889212727546692,0.6089317202568054,0.07343067973852158
0.8816390037536621,0.5802424550056458,0.05573521926999092,0.19139795005321503,0.12212547659873962,0.29756659269332886,0.06108179688453674,0.15446768701076508,0.0013594446936622262,0.3272860646247864,0.04739385098218918,0.4352552592754364,0.6401797533035278,0.019998198375105858
