Economic,Capacity,Morality,Fairness,Legality,Policy,Crime,Security,Health,Quality,Cultural,Public,Political,External
0.0636870265007019,0.5797040462493896,0.014677582308650017,0.1012672409415245,0.06730685383081436,0.06416492909193039,0.00654634740203619,0.028104325756430626,0.0015977590810507536,0.08059298247098923,0.3023785352706909,0.6047840714454651,0.01856880635023117,0.019801361486315727
0.09657001495361328,0.302190363407135,0.018139073625206947,0.04158128425478935,0.013925752602517605,0.3480736017227173,0.006315814796835184,0.11177779734134674,0.0016075801104307175,0.12072066962718964,0.09890899807214737,0.08016200363636017,0.11154643446207047,0.012074905447661877
0.9371913075447083,0.6269895434379578,0.02236282266676426,0.23528914153575897,0.10468921065330505,0.9015213251113892,0.005254202987998724,0.13963337242603302,0.0009333217167295516,0.21857941150665283,0.11959171295166016,0.3552510142326355,0.19138850271701813,0.04290154576301575
0.7221089005470276,0.6749939918518066,0.316782683134079,0.5029649138450623,0.47108614444732666,0.5242841839790344,0.293148934841156,0.49582740664482117,0.09739295393228531,0.503495454788208,0.28997576236724854,0.5474631786346436,0.5346387624740601,0.05573586747050285
