Care,Fairness,Loyalty,Authority,Sanctity
Harm,Cheating,Betrayal,Subversion,Degradation
0.05875128,0.00021687523,-0.05605667,-0.09298838,-0.11637851
-0.04117026,0.02196673,-0.021120973,-0.03533568,-0.055181272
0.006750539,0.11471052,0.04490319,0.038587965,0.030840082
0.034774218,0.01793098,-0.039705582,-0.044565484,-0.07661378
-0.16208103,-0.03914169,-0.08160031,-0.08900222,-0.0859286
-0.027973797,0.094496265,0.16949691,0.1116543,0.18900584
-0.09777145,0.0016370267,-0.064657286,-0.14205334,-0.07137421
0.0014091879,0.032745395,-0.04469883,-0.047819775,-0.0029050894
-0.0509974,0.17599538,0.110038854,0.036467403,0.04944271
-0.13093458,-0.03822364,-0.12609869,-0.07128587,-0.12383089
-0.17630611,-0.09240874,-0.10127683,-0.08613681,-0.19056046
0.04745583,0.061689734,-0.013817845,0.022935167,-0.08042653
0.021783073,-0.022067929,-0.024327677,0.00051762164,-0.11555902
0.010381608,-0.102582335,0.0004147645,-0.035655603,-0.076081954
-0.04414894,-0.03890046,-0.073815525,-0.067342594,-0.13939257
-0.021329321,-0.088353,-0.008895444,-0.031829502,-0.16258737
-0.05037373,-0.027513692,-0.04389096,0.08667481,-0.09219624
0.048476435,0.009193566,0.09929535,0.051971346,-0.05495237
0.068212844,-0.06850822,-0.00014582183,-0.0017880648,-0.04488665
-0.015572343,-0.049856707,0.017168704,0.06605355,0.10040164
-0.0810162,0.102871254,0.026890654,0.029765762,-0.042561036
-0.015809674,-0.02827386,0.0038264263,-0.084659606,-0.0011606105
-0.056519642,0.028939985,0.040230986,0.011794821,-0.03543552
0.13704878,0.08264524,0.11447704,-0.021225996,0.044684377
-0.0852481,0.10959198,-0.025819506,0.08125976,-0.11657647
0.11140606,0.0818985,0.03226103,-0.009876765,0.017541949
-0.005842246,-0.04610515,-0.047980133,-0.09983155,-0.14265373
0.0459169,0.038387902,0.01938517,-0.017860383,-0.06602231
-0.08210042,-0.117537476,-0.13434839,-0.065107085,-0.100142695
-0.16410278,-0.072767854,-0.07050152,-0.04556514,-0.15308274
-0.037516344,0.023447774,-0.0646129,-0.075313315,-0.14532761
-0.045067303,-0.00921548,-0.07804911,-0.13093422,-0.21222551
0.023684505,0.093386315,0.049240828,0.07908533,0.07010412
0.03351528,0.01236555,-0.023717185,-0.04956948,0.020630453
0.00025383383,-0.116802074,-0.045255378,-0.004813686,-0.088006675
