Care,Fairness,Loyalty,Authority,Sanctity
Harm,Cheating,Betrayal,Subversion,Degradation
0.0055127656,-0.0425655,-0.06011355,-0.07862916,-0.086421594
0.088378385,0.044284742,0.0645595,0.017432217,0.023958627
0.011512607,-0.044828556,0.021069717,-0.001717167,-0.03283629
-0.07379575,0.025548939,-0.024606206,0.009329871,-0.075781286
-0.039400157,-0.08781695,-0.10559876,-0.068848655,-0.15520525
-0.04489442,-0.040492274,-0.066745296,-0.10042523,-0.1547277
0.02789246,0.03205429,0.056093782,0.06782047,0.053251814
0.11012901,0.12545241,0.086608276,0.092271164,0.07330376
0.049204014,0.019836612,0.01225625,-0.0020129653,-0.030248258
0.00962724,0.08951643,-0.022905502,0.01216015,0.0025168099
0.10033635,0.12070142,0.020136014,-0.0076553524,0.064059794
-0.0034890622,-0.05269044,-0.057350703,-0.043595575,-0.064314626
0.09974642,0.036312077,0.010268861,0.011872159,0.05208461
0.11123861,-0.00051161647,-0.031049885,-0.074719295,-4.9304217e-05
0.07986381,0.0665316,0.050779853,0.120718524,0.09495479
-0.00045008212,-0.030874064,-0.029567244,-0.040731076,-0.015281316
-0.13935176,-0.08848325,-0.19116512,-0.14071706,-0.12191293
-0.14504987,-0.12895517,-0.09744389,-0.088342294,-0.11488093
-0.0059396615,-0.003172183,-0.01057574,-0.0150228925,-0.12867098
0.07511878,0.0043323245,-0.020492185,0.0003159996,-0.075187415
0.111632966,0.045963287,0.10363174,-0.048738547,-0.026934894
-0.07780826,0.018187502,-0.14996266,-0.04997953,-0.04656568
