Care,Fairness,Loyalty,Authority,Sanctity
Harm,Cheating,Betrayal,Subversion,Degradation
0.02276428,-0.0030645486,-0.042316705,-0.034523837,-0.039761826
-0.059679262,0.055712458,0.03191758,0.073202685,0.03298
-0.021793146,-0.024754968,0.015438613,0.0040983185,-0.06973497
0.0517461,0.07166462,0.10457146,0.09894751,0.044600327
0.06264101,-0.005434815,0.025973834,0.021834884,0.039146647
-0.06342141,-0.06968462,-0.081057325,-0.10288,-0.0023671696
0.050750706,0.08566241,0.027520308,0.051141333,0.07474885
0.15024048,0.10196348,0.1354057,0.011747675,0.06311752
0.055750445,-0.032003496,0.08455232,-0.02759049,-0.011320727
0.071015485,0.058099046,0.12642393,0.09484488,0.08711702
0.0019832803,-0.043132894,-0.024561677,0.02999941,-0.0033093616
0.041125424,0.054839015,-0.0008595437,-0.022539314,-0.034952655
0.08188261,0.07721596,0.07560328,0.031339176,0.023220167
0.086282566,0.02268478,0.032459073,-0.021849923,0.009998488
-0.009684499,0.078340635,0.0058616977,-0.008901276,0.0075240396
