Care,Fairness,Loyalty,Authority,Sanctity
Harm,Cheating,Betrayal,Subversion,Degradation
-0.06833213,-0.03840124,-0.10050377,-0.030647019,-0.07575483
-0.034925163,-0.029434059,-0.06700335,-0.060057197,-0.12394891
-0.14595762,-0.03261237,-0.035744146,-0.071695454,-0.037264667
0.08365622,0.07174294,0.058144562,0.04990215,0.101823054
0.079768434,0.06518313,0.016498616,0.10057762,0.030504964
0.058315106,0.018029574,-0.0474277,-0.019026112,0.02081342
0.0009741746,0.04155255,-0.0015845513,0.02585399,0.012329372
0.047301427,0.036777884,0.0078433715,-0.031108089,-0.037708573
-0.029218202,-0.06732857,-0.0903013,-0.02018705,0.03832415
0.0781977,0.022225287,0.088517085,0.021329744,0.016273499
-0.019307442,-0.037377264,-0.06824052,-0.12531875,-0.003280174
0.07040116,0.0536742,0.011916656,-0.021577222,-0.020297889
0.008171773,0.03417187,0.090123005,-0.0072679073,-0.055735994
-0.037448067,-0.0014772266,0.020739505,0.008358058,-0.025778621
0.0802955,0.058168963,0.023980275,0.005019742,-0.0087717
0.028582523,-0.007918708,0.041387,0.0401264,-0.017905626
0.07290423,0.052540205,-0.0045878123,0.022877637,0.023417624
0.03879822,-0.04310321,-0.021449396,-0.018498877,-0.008621635
