Care,Fairness,Loyalty,Authority,Sanctity
Harm,Cheating,Betrayal,Subversion,Degradation
-0.0028849281,-0.060779557,-0.027250316,-0.12057722,-0.10870428
-0.015406009,-0.074016616,-0.06815798,-0.11757867,0.02217613
-0.10004535,0.045854148,-0.047726262,-0.019527467,-0.12154111
-0.11535877,-0.12228128,-0.1908719,-0.20806973,-0.2464791
0.015810465,-0.12493786,-0.01283788,-0.13528724,-0.08949147
0.0339849,-0.06783657,0.039604094,-0.02643848,0.030450083
-0.017234255,0.0011759847,0.05347283,-0.06759087,-0.060574472
-0.08171903,-0.050110716,0.032741804,-0.036841862,0.044714183
-0.06078577,-0.08433718,-0.0779777,-0.13864608,-0.14057098
-0.005018536,-0.007297419,0.0413403,-0.027944718,0.09592326
-0.08433784,-0.05102945,-0.0033273064,-0.030674644,-0.07549678
-0.031895097,0.02131257,0.059330028,0.046229593,-0.04443879
0.008387528,-0.029918538,-0.016832571,-0.086387515,-0.10663766
-0.11500461,-0.02667387,0.028659968,-0.002349373,-0.03660606
-0.09828602,-0.07641902,-0.04492719,-0.100385725,-0.08569641
-0.114729546,-0.057101477,-0.071715504,-0.13875431,-0.07897938
