Care,Fairness,Loyalty,Authority,Sanctity
Harm,Cheating,Betrayal,Subversion,Degradation
0.034966335,-0.044466913,-0.121639036,-0.10388266,-0.037467636
0.016399082,-0.026095496,-0.032945737,-0.0673272,-0.116133034
0.05216652,0.00023171538,0.019983614,0.04879348,0.108641945
0.034818493,0.00071885064,-0.039965697,-0.03294996,-0.0027025882
-0.028306914,-0.032397065,-0.09295548,-0.094031096,-0.024651933
0.07949782,0.043385617,-0.054726847,-0.031811006,-0.016443921
-0.02068203,0.058881905,0.012957514,-0.024375722,0.013968833
0.037996933,0.006710002,-0.049865175,-0.06007414,-0.11861281
-0.018845396,-0.052980267,-0.059820887,-0.10974446,-0.055208247
0.008029012,-0.04259304,-0.038838115,-0.038463376,-0.014477109
0.0599897,-0.0077268984,0.01354266,-0.047920212,-0.048793532
0.09225166,0.034744494,-0.043488972,-0.040863052,-0.0053084344
0.1180325,-0.011695849,0.02335535,-0.030905075,-0.0456191
0.052236672,0.068162374,0.049644258,-0.045543693,-0.034143288
-0.056508843,-0.03926927,-0.11843763,-0.11530205,-0.12237477
0.077222675,-0.025597073,0.0013352595,-0.015668752,-0.061517544
-0.02866343,-0.022673551,-0.06642459,-0.051106986,-0.0636552
-0.0047672484,0.012872356,-0.107945874,-0.014917066,-0.06650713
0.037530325,0.013944021,0.041970134,-0.017573897,0.024189236
0.0050756517,0.05196512,-0.01390662,-0.037635177,-0.04402465
-0.0054950826,-0.0014827251,-0.015866311,-0.045309514,-0.11142937
0.098208025,-0.018927353,0.08811854,0.009125177,-0.008828795
-0.058954086,-0.026684206,-0.11003414,-0.13837518,-0.07233366
0.005901374,-0.024155807,-0.057826247,-0.024632324,0.01500999
0.021264784,-0.01550605,-0.03382563,-0.009400965,0.04233607
-0.083905496,-0.10602231,-0.16117471,-0.16298935,-0.10914383
-0.042795278,-0.03663931,-0.13031325,-0.157467,-0.18185924
-0.04692426,0.027886502,-0.034442015,-0.064307325,-0.055353854
0.02722545,0.013957966,-0.08778034,-0.019472435,-0.060896106
0.06262952,0.0067102555,-0.07587716,-0.010784045,-0.025018118
-0.03437881,-0.06639848,-0.1349777,-0.05588884,-0.014831325
-0.04060053,-0.128082,-0.17900229,-0.1910425,-0.1774981
0.018495105,-0.0047828536,-0.007869571,-0.012601014,0.046150092
-0.0016277004,-0.056726277,-0.040983476,-0.04098656,-0.039434962
