Care,Fairness,Loyalty,Authority,Sanctity
Harm,Cheating,Betrayal,Subversion,Degradation
0.0330207,-0.031875506,0.001624438,0.0045500323,-0.03825465
0.030889057,-0.023918057,-0.03115398,-0.06340713,-0.096628964
0.08089739,0.018296894,0.14947887,0.09572946,0.019435596
0.06605409,-0.008785868,0.097387224,0.08840178,-0.037771165
0.040111333,-0.013699992,-0.010745325,-0.02192937,-0.016360376
0.088204965,0.120525345,0.18473136,0.057003565,0.055235136
0.22802983,0.040885888,0.19813848,0.094953574,0.058081865
0.021535516,-0.042899508,-0.00091467984,0.035441823,0.0017818362
-0.025941417,0.004243465,0.02293667,0.0057034437,-0.05567514
0.021373574,0.022772487,-0.06761888,0.057276603,-0.07895983
0.066385984,0.12815207,0.1762707,0.091273755,0.09504063
0.10340718,0.09524558,0.1657936,0.084462,0.08621454
-0.095066324,-0.067838155,-0.11424279,-0.17026567,-0.11532931
-0.048119694,0.0053359456,-0.007414413,0.018174319,0.060692687
0.0047593154,0.012362037,-0.10780124,-0.10767512,-0.13150242
0.07171368,0.01702465,-0.07591133,-0.050527968,-0.11018005
-0.0064498223,0.047379162,-0.093122534,-0.0678533,-0.10880767
0.04485339,0.05004236,0.058681138,-0.047991764,-0.07023798
0.07219864,0.029810306,0.10102133,-0.024078175,0.008841088
-0.07549274,-0.04361235,-0.033147678,-0.07974169,-0.037334204
