Care,Fairness,Loyalty,Authority,Sanctity
Harm,Cheating,Betrayal,Subversion,Degradation
0.08483069,-0.013687969,-0.03850369,-0.053756565,-0.041656632
0.02824679,-0.020637821,-0.0314529,-0.010911491,-0.06890456
0.0821978,-0.052831806,0.08055451,-0.015488965,0.008876737
0.044040516,-0.00772785,0.042071715,-0.024230232,0.02746902
-0.07636604,-0.008845603,-0.022062618,-0.14734773,-0.12628904
0.060059413,-0.1608761,0.0058463262,-0.00017807446,0.07839784
-0.11855614,-0.052649252,-0.14381653,-0.14757855,-0.21607462
-0.028942686,0.029180702,-0.038861044,-0.06461599,-0.12755844
-0.0066455742,0.09386706,-0.045350395,-0.06454089,-0.054764785
0.021134812,0.04479304,-0.08506083,-0.05097515,-0.045681506
0.1516405,-0.03335779,0.13183606,0.069225065,0.07590474
-0.094008304,0.0671796,-0.024546586,0.0478331,-0.07531877
0.15035069,0.106157206,0.047368567,0.01656447,0.01196745
0.07897711,-0.019030862,0.056864403,0.01711498,-0.04729543
0.1475722,0.10932544,0.24644385,0.05366373,-0.0019724127
0.03770691,-0.033142928,-0.029868152,-0.1567347,-0.105504915
-0.038074017,0.02711188,0.043945994,-0.02183675,0.03155876
-0.013157194,-0.050936908,-0.030750642,0.037498496,-0.023732651
-0.016401444,-0.04197932,-0.07305261,-0.05357009,0.058527276
-0.06606711,-0.05533998,0.06970249,0.020212714,-0.18392137
0.059108675,0.094721556,0.0907835,0.059895188,-0.057141
0.029464344,0.032796018,0.027963016,-0.053336956,-0.063598745
-0.08780435,-0.05255851,-0.07394774,-0.06955969,-0.12029175
-0.009404382,0.02371073,-0.10283788,-0.08054866,-0.14443424
-0.0747376,-0.044143602,-0.04190711,-0.0014036931,-0.0986758
-0.03934776,-0.0074339546,-0.10124087,-0.058395624,-0.18428692
-0.019339966,-0.05785344,-0.06618499,-0.05961216,-0.09814848
