Care,Fairness,Loyalty,Authority,Sanctity
Harm,Cheating,Betrayal,Subversion,Degradation
0.04018681,-0.018859968,-0.022731472,-0.05142343,-0.07466817
0.047205273,0.053790703,0.022697976,0.032916926,-0.023201969
-0.06078256,-0.012465799,-0.027135255,0.08727227,-0.01160958
-0.03941275,-0.015742252,-0.04022348,-0.0471226,-0.10488209
0.056572616,0.12229798,0.20841354,0.20333081,0.11744174
0.092893094,0.08899136,0.056465767,0.06705415,0.008735914
0.016549379,0.024138998,0.016038992,0.048319276,0.05047296
0.038548958,0.045920577,-0.014162917,-0.06303658,-0.07804336
-0.038788166,-0.012185905,-0.0072018933,-0.08231576,-0.09796113
0.042890675,0.04268583,0.024769597,0.03895653,0.05487657
0.029999336,-0.022639208,0.0141315805,0.0170363,-0.13588387
-0.04064805,0.008621216,0.0126080625,0.013643218,-0.06631297
-0.0037557334,0.033863947,0.102574684,0.07693847,-0.023490716
0.009277479,0.026149947,0.03466546,-0.04737842,0.009429537
0.12138346,0.05291871,0.1081026,-0.016554203,0.035451997
0.059616204,0.099192075,0.027528701,0.036279105,-0.02121536
-0.072612874,-0.0031031482,0.0132902255,0.16102573,0.006322603
-0.039833017,-0.022055734,-0.05750252,-0.11848462,-0.08737352
