Care,Fairness,Loyalty,Authority,Sanctity
Harm,Cheating,Betrayal,Subversion,Degradation
0.049187966,0.060565785,0.060491215,-0.012769709,-0.038178943
0.00898153,-0.01585022,-0.028299823,-0.0883759,-0.04411926
-0.044680633,-0.06492387,-0.09301951,-0.13324618,-0.08348033
-0.093327776,0.068009235,0.010428742,-0.043488797,-0.062142763
0.033659734,7.5343996e-06,-0.043342587,-0.13271597,-0.04057627
-0.09852634,-0.004413441,0.009410871,0.014139816,0.06259028
-0.004594695,0.08165779,0.047478594,-0.01036657,-0.038292296
0.024319494,0.0039487174,0.0111679025,-0.025519172,-0.05116853
