Care,Fairness,Loyalty,Authority,Sanctity
Harm,Cheating,Betrayal,Subversion,Degradation
0.105402395,0.045170914,0.09239451,-0.05133272,-0.028560406
0.039285023,-0.042457424,-0.056879647,-0.10467571,-0.07277574
-0.0359036,-0.05113689,-0.07084957,-0.14164111,-0.12205422
0.06864426,0.10718563,0.049419492,-0.014638144,0.044705376
0.033120897,-0.004791299,-0.01267685,-0.113197565,-0.11933562
0.09382917,0.035411082,0.015184399,-0.033321112,0.012459137
0.11773118,0.10314001,0.10744174,0.038778912,0.044819582
0.049575727,0.079379216,0.11278705,0.08560151,0.022374555
-0.1506094,0.037252843,0.14215112,0.04741465,-0.02212205
0.091153756,0.01008283,0.037527263,-0.04419326,-0.09127562
0.010335832,0.060473174,0.029675154,-0.023944441,0.03065918
-0.0019776365,0.026733732,-0.01937564,-0.03355486,-0.017055415
-0.041904967,-0.02445698,-0.02201323,-0.11076564,-0.09574538
-0.008767121,-0.054802034,0.029240603,-0.04213026,-0.06546752
0.15365241,0.07364208,0.08399148,0.041215084,0.02647737
0.053525116,0.038664915,0.08821736,0.031507213,0.051309474
0.070387304,0.015416781,0.015086183,-0.08075909,-0.062161986
0.0075689405,-0.005553635,-0.06308198,-0.08821364,-0.097357094
0.023169689,0.0076157227,0.10473102,-0.025737783,0.01869348
-0.034068108,-0.009984637,0.08637341,-0.050423253,-0.09869467
0.04798171,0.057774708,0.043935318,0.02219461,-0.029649207
0.059438325,0.10683621,0.14297102,0.023389144,0.00072067976
0.0021384414,-0.0182868,-0.010025089,-0.06683624,-0.078761145
0.021897936,0.040764727,0.014308957,-0.0037254244,-0.08753915
0.038376927,0.11891072,0.10856253,0.029079458,-0.037146214
0.04853768,0.08447645,0.15439685,-0.020814134,-0.07026776
0.057490848,0.046574913,0.11237122,0.0846242,0.0358398
0.14277634,0.048989203,0.13260181,0.007750892,0.047119364
-0.017481249,0.057943687,0.013015917,-0.011428336,-0.0961536
0.12902907,0.057921883,0.055830214,0.0006977208,-0.006218672
0.062261827,0.021545226,0.0047098324,-0.030536756,-0.01905801
0.07271677,0.075371265,0.0639899,0.0136765065,-0.0060311165
-0.019584846,-0.016329193,-0.10328856,-0.06612456,-0.06543699
0.0331702,0.0076082963,0.064793505,-0.06841001,-0.14446479
0.08828145,0.063293844,0.038833387,-0.047210816,-0.046597015
0.04398604,0.066551335,0.045574237,-0.024608124,-0.1093807
0.02545315,0.022961002,0.008349016,0.03888559,-0.024516132
