Care,Fairness,Loyalty,Authority,Sanctity
Harm,Cheating,Betrayal,Subversion,Degradation
0.030929927,0.05252963,-0.06117509,-0.07979846,-0.060228206
0.06786287,0.03287996,0.045792494,-0.04489883,-0.03344926
-0.06422014,0.1548409,-0.0026665758,0.049635604,0.051736496
-0.04188922,0.0032142615,-0.014674165,-0.032563154,-0.10288774
0.021820672,0.004327503,-0.060243737,-0.105418324,-0.10356456
0.03535337,-0.03170625,-0.053477615,-0.12785068,-0.09656997
0.07002476,0.031427775,0.008954003,0.009112067,-0.026467763
0.05937794,0.059356395,0.021852605,-0.078497544,-0.022375058
0.027383056,0.010164905,0.027710326,0.05194433,0.008551888
-0.032852337,0.0014874982,-0.004995512,-0.030595558,-0.067678325
0.0012401901,0.0125098545,0.0015453435,-0.09263341,-0.083465375
-0.07528266,0.045913476,0.057710525,-0.0075721946,0.084218115
0.0014461726,0.12571521,0.053300727,0.031355277,0.08635421
0.009118924,0.17906994,-0.020524472,0.0077708047,0.018851839
0.09945105,0.15041791,0.008965546,-0.046167567,-0.026458004
-0.07318863,0.2644746,0.08615656,0.099909894,0.016595762
0.03359949,0.046196617,0.038176514,-0.049572486,0.04546636
0.09191117,0.060826603,-0.023121763,-0.04091724,-0.040940885
-0.16549098,0.005202614,-0.09907071,-0.055409234,-0.093609676
-0.12857574,-0.07806006,-0.0928276,-0.15182793,-0.14242843
-0.079474494,-0.053569634,-0.134238,-0.11996718,-0.091566235
-0.0012573209,0.038217615,0.04433905,-0.06603809,-0.14192888
-0.021403246,0.07327058,0.050206136,-0.0088019045,0.010005846
-0.027147591,-0.11055161,-0.1041397,-0.041046582,0.047164783
-0.007037417,-0.0040809065,0.014812283,0.071234055,0.03546822
0.08929738,0.14184135,0.1282781,-0.049366552,0.07616179
-0.059359226,0.028490208,-0.04019454,-0.05314856,0.0016322304
0.09071379,0.29453018,0.16540477,0.16715074,0.22783595
-0.09305798,0.0024395166,-0.10978601,-0.002298152,-0.124710575
0.04125183,0.0140058175,0.011504961,-0.03779537,-0.067868285
0.0431112,0.0748412,-0.0012730369,-0.045310393,-0.07726236
-0.027041132,-0.01492361,-0.030212577,-0.06351987,-0.04658111
0.09986723,0.09181893,0.18386951,0.070771374,0.13204326
-0.14052297,0.0045424886,-0.092896044,-0.029906299,-0.12633164
