Care,Fairness,Loyalty,Authority,Sanctity
Harm,Cheating,Betrayal,Subversion,Degradation
0.0055445246,0.046869673,-0.021783698,0.015401226,0.016629815
0.012847235,0.071803525,0.0022945702,-0.053316474,-0.038265735
0.082228355,0.09063417,0.05438947,-0.008486755,0.028085012
-0.008901868,0.057228684,-0.0062410757,-0.024858411,-0.060751557
0.023738958,0.06804785,0.020406222,0.0020955093,-0.028005987
-0.13430284,-0.062184043,-0.18774828,-0.030636258,-0.12355237
-0.058496296,-4.650466e-05,-0.050787523,0.044012062,0.0031770635
-0.1681615,0.009101936,-0.0745001,-0.06229402,-0.07708232
-0.069859415,-0.04157982,-0.073625475,-0.037104364,-0.09993154
0.05186038,0.08734377,0.06328096,-0.041848022,-0.03772124
0.058429226,0.061435975,0.070148766,0.026687134,-0.073405996
0.01900288,0.037399605,0.06545299,-0.037047885,-0.091515005
0.04553535,0.04206726,0.01663807,-0.068911895,-0.05339343
0.07093517,0.06889841,0.071543775,-0.04544323,-0.011668572
0.06618295,0.08810143,0.117415965,0.12853575,-0.010263591
