Care,Fairness,Loyalty,Authority,Sanctity
Harm,Cheating,Betrayal,Subversion,Degradation
-0.037200995,-0.014732136,-0.0881063,-0.087702975,-0.060702227
-0.036366425,-0.0003778413,-0.09707528,-0.04632342,-0.12138354
-0.053012066,-0.030197859,-0.060361773,-0.07071626,-0.027604751
0.0867248,0.00815817,0.036244597,-0.00446159,-0.017525699
0.042875446,0.046704385,0.0473511,-0.03445722,-0.033911675
-0.019200776,0.0027009398,-0.08417351,-0.08384444,-0.109661765
0.07471089,0.091509365,0.11574345,0.00706587,0.00044440478
0.13695653,0.037392214,0.21874906,0.028238997,0.0760227
0.041295353,0.07001983,0.016910601,0.018747676,-0.009282662
0.05886262,0.070674956,-0.029187761,-0.011118548,-0.040692434
0.13322458,0.06933734,0.030853467,0.03278245,-0.043804444
-0.046481255,-0.0143965,-0.11065967,-0.054287203,-0.09501504
-0.13054006,-0.13180375,-0.22457904,-0.121793896,-0.17035206
-0.042023577,-0.115875475,-0.060110483,-0.07763308,0.024572082
6.6361856e-05,-0.07933946,-0.030767227,-0.1006744,-0.051412202
0.061889607,0.05567356,0.07529227,-0.02635331,0.015957467
0.07227391,0.054712176,0.067886315,-0.0053732153,-0.052490227
0.09920006,0.046307094,0.13404514,0.0437653,-0.012038257
0.03179727,0.037937347,0.08277595,0.035686117,-0.01770343
