Care,Fairness,Loyalty,Authority,Sanctity
Harm,Cheating,Betrayal,Subversion,Degradation
-0.009945974,-0.03636328,-0.042195674,0.008105547,-0.06890756
0.049607534,0.029670931,0.013956463,0.07176322,0.037349194
0.07105525,0.030141093,0.104407,0.05301924,-0.011709386
0.03599621,-0.0050922744,-0.051737614,0.056735855,-0.051497497
-0.0055408236,0.048690706,0.0079528,0.023333427,-0.0045564696
0.10948606,0.055493154,0.082358815,0.05449807,0.040223587
-0.021196328,-0.026116472,-0.11703961,-0.055329856,-0.124440506
0.05155199,0.0113790035,0.022174433,0.011162977,-0.09223029
-0.037793376,0.030331552,0.007230641,-0.053844698,-0.118460625
-0.10099469,-0.08512828,-0.01287642,-0.05345828,-0.075997174
-0.016266733,0.058002938,0.055722658,0.05405237,-0.02216426
-0.0040266104,0.070843056,-0.032797635,0.046555467,0.06398085
-0.07226386,-0.01157834,-0.1302681,-0.032100268,0.028534923
0.07448542,0.07584292,0.12788607,0.043359824,-0.0010216376
0.050592154,-0.047082886,-0.015010027,0.082197875,-0.048346568
0.01785756,0.01052062,-0.06719891,-0.006720186,-0.07043272
0.011016296,0.044245172,0.10429247,0.15387282,0.031749718
0.04711198,0.108129635,0.106212065,0.14660427,0.10298796
0.068721555,-0.004838027,0.019961264,-0.015448965,-0.07867051
0.043739177,0.042922117,0.052102692,-0.012784045,-0.08925766
0.047792204,-0.047372542,0.012052844,-0.011902924,0.04760273
-0.012252886,-0.00030876417,-0.011738355,-0.010016968,-0.045757025
0.0776402,0.11179732,0.0760429,0.070581466,-0.005451791
-0.040825926,0.11964745,-0.025921527,0.05223725,0.07171159
0.085942864,0.105166286,0.15430492,0.0774685,0.032197118
0.047458123,0.061160598,0.06944226,0.034197286,-0.022213751
0.031588063,0.10104511,0.15271686,0.047018595,-0.018745868
0.096374005,0.07969001,0.063186064,0.020769484,0.050331272
