Care,Fairness,Loyalty,Authority,Sanctity
Harm,Cheating,Betrayal,Subversion,Degradation
0.095627196,0.06103904,0.036361,-0.06884421,-0.03528986
0.081812836,0.060781687,0.04530926,0.02122554,-0.02426678
0.05142609,0.057455793,0.12616774,-0.0106396265,-0.051946368
0.07413029,0.009353107,0.007996038,-0.090615354,-0.10755017
-0.05477673,-0.041544877,-0.13398308,-0.13030024,-0.19185
-0.07062209,-0.02644803,-0.123412535,-0.11462906,-0.15062848
-0.041053098,-0.06237959,-0.10550825,-0.101448774,-0.18197443
-0.002986019,-0.011220079,0.016555473,-0.03834649,0.008683585
0.07396859,0.10402152,-0.0077649616,-0.057607714,0.013578031
0.0023960536,-0.0536614,-0.015448357,-0.05610245,-0.07000393
0.14645116,0.0234718,0.047190107,-0.052922986,0.018300759
-0.046336383,0.10671295,-0.05134333,-0.0067846514,-0.057601236
-0.013581186,0.0041457834,-0.057922877,-0.080999404,-0.13148667
0.029198859,0.021798028,-0.05806926,-0.06442334,-0.11226888
0.09522685,0.0956575,0.04415208,-0.08038007,0.0149248745
0.10636206,0.019673834,-0.025412904,-0.06253062,-0.051056392
0.03422172,-0.06711623,-0.020959891,-0.17128675,-0.03747148
0.0662461,0.053585626,-0.004311166,0.003701847,0.050460167
0.042472467,0.1636675,0.15117203,0.09861928,0.020324726
-0.0012358874,0.078670494,0.016095497,0.04366388,-0.011662921
-0.017968016,-0.036799207,0.009756878,-0.06477321,-0.07430225
0.045582186,0.09274329,0.122014746,0.05846667,0.0165818
0.06726096,0.045746703,0.058237,0.039201982,-0.022839814
0.012398387,-0.017590975,0.046460845,0.009265151,-0.060177673
0.02655062,0.0047693495,-0.015803512,-0.04364774,0.012039262
-0.089288086,-0.05742254,-0.024201462,0.025623363,-0.084903896
0.092422515,0.083429836,0.114788145,0.038002674,-0.017042214
0.04632131,0.093011126,0.077478,0.016602542,-0.01430612
0.101575196,0.022167167,0.014439553,0.010092467,-0.077230364
0.06443663,0.056378864,0.04848448,-0.029316459,-0.12655249
0.020784475,0.028674752,0.08757835,-0.032362748,-0.12000084
0.015538348,-0.010539541,-0.03871321,-0.026261657,-0.07375574
-0.016743384,-0.032867607,-0.06519779,0.057899017,-0.13684113
0.074232765,0.06669568,0.019356241,-0.029135888,-0.1350733
0.093165964,0.0811117,-0.019328214,0.013783611,0.029950418
-0.040635142,0.029153045,0.040110614,-0.016251039,-0.09621374
-0.026934093,0.029286375,-0.07905819,-0.12358633,-0.02130023
