Care,Fairness,Loyalty,Authority,Sanctity
Harm,Cheating,Betrayal,Subversion,Degradation
0.058115393,0.051971633,0.053209633,-0.034133244,-0.07289906
-0.029669836,0.07188087,-0.023767013,-0.05374005,-0.09003024
0.037815407,0.11479999,0.13454947,0.082961366,0.06522171
0.10562241,0.09213356,0.06392588,0.013700975,-0.022995148
0.010880167,0.08414544,-0.021118749,0.057479203,-0.06741251
0.112447366,0.10049769,0.12772454,0.06782359,0.024221476
0.05951775,0.010029812,-0.022498293,0.04737654,-0.012617274
0.066661716,0.09127946,0.021600474,-0.024577707,-5.4752454e-06
0.108912885,0.00023504626,0.112315305,-0.02502971,-0.06131393
0.022084644,0.025090622,0.055344302,0.038222592,-0.036125325
0.011472454,0.06554201,-0.033300146,0.024643721,0.03773462
0.107594974,0.0874676,0.13876471,0.0541696,0.013563074
0.06541997,0.088447444,0.037191212,0.03403765,0.036754422
