Care,Fairness,Loyalty,Authority,Sanctity
Harm,Cheating,Betrayal,Subversion,Degradation
0.018659696,0.07719864,0.04100198,0.011379137,-0.069746815
0.1370702,0.097502016,0.01609232,-0.037402246,0.073815346
0.06640919,0.04779217,0.08082682,-0.014713293,-0.030809022
0.121234804,0.05778863,-0.009797607,-0.022343468,0.015151479
-0.009995261,-0.037176214,-0.00963524,-0.010960663,-0.08758183
0.03590396,0.046384253,0.0074404636,-0.022207556,-0.031818107
0.011151565,0.021049377,0.0078698695,-0.05183313,-0.12391083
-0.036339715,0.008479238,0.06392606,-0.031063294,-0.19415262
0.08318074,0.11741624,0.16551504,0.056507103,-0.012546815
0.07525976,0.014690832,0.08618595,0.08346729,0.0045392374
0.051511638,-0.057832256,0.04579226,-0.08319897,-0.15367725
-0.09453124,-0.041476645,-0.077339016,-0.13845466,-0.13191676
0.012702833,-0.017547973,0.07956828,0.045112424,0.0049949177
-0.012141115,0.009752307,0.054865886,-0.036935735,-0.12747663
0.014381491,0.078592725,0.039340682,0.044639725,-0.06462959
0.028966736,0.011364747,0.08306967,0.047224402,-0.11901044
0.018029397,0.028019,0.0048801117,-0.05297775,-0.029845089
-0.012122344,-0.0134503255,0.0022922792,-0.06478636,-0.04543487
-0.010967642,0.0300395,-0.0072885705,-0.0762141,-0.07738604
-0.0050538424,0.06585162,0.0883941,0.03190198,-0.09969364
0.04155001,-0.013277581,0.029446084,-0.074227154,-0.083687365
-0.016838567,0.060968835,0.1346318,0.06186159,-0.061769262
0.021427955,0.07681034,0.12929535,-0.013715455,-0.016764928
0.032392953,0.03858363,0.14143841,0.02854931,-0.021423344
-0.0013665403,0.048034348,0.08424014,-0.0021573761,-0.034689784
0.03852927,0.0060273185,0.08608796,0.06532493,-0.002600763
0.060138352,0.08973953,0.08129205,0.04192839,0.032248024
0.098100126,0.060214806,0.13594413,0.020143636,0.0025143437
0.11159672,0.09964268,0.031163368,0.026981715,0.056209374
0.010530673,0.114351355,0.15750748,0.09158155,-0.030003022
0.040415958,0.17015634,0.16482656,0.09088547,0.025613405
0.038690396,0.024616081,0.04788676,-0.00075776037,-0.058837913
0.06049969,0.13946378,0.13179776,0.13227828,0.044616953
0.027543414,0.035557006,0.022935934,0.023368731,-0.091614574
-0.052950975,0.090388454,0.009135965,0.009975776,-0.048561506
0.046941906,-0.027053291,-0.11140445,-0.07777089,-0.1558076
0.006928513,0.075712755,-0.012570921,-0.023680655,-0.028682107
