Care,Fairness,Loyalty,Authority,Sanctity
Harm,Cheating,Betrayal,Subversion,Degradation
0.03375288,0.032582287,0.026894338,-0.04916106,-0.055160467
0.04245117,-0.014857966,0.022220677,-0.017185204,-0.028848067
0.04396149,0.036721263,0.003935531,-0.047814585,-0.080502905
-0.069716945,-0.07652413,-0.08689562,-0.098520026,-0.1178832
0.054493558,-0.0138762165,0.0021191696,0.000680347,-0.03313284
0.02226502,0.044385746,0.05012141,-0.03021578,-0.041906405
-0.09493897,-0.045659725,-0.09744669,-0.11042283,-0.11290592
-0.006526718,-0.003026776,-0.080511704,-0.09389448,-0.09056899
0.057151407,0.07028258,0.036996473,-0.034572423,-0.0131220445
-0.02294501,-0.007811703,-0.03576114,-0.024803475,-0.026776606
-0.23793863,-0.11636917,-0.19259015,-0.23186928,-0.21832797
0.03313981,0.121853724,0.05411852,0.060306303,0.066204086
0.10184384,0.14468047,0.19250974,0.08460833,0.093582004
0.011880526,0.05181236,0.02394063,0.01969475,-0.008216986
0.07646161,0.13852727,0.17867726,0.059229128,0.03006169
0.05991999,-0.022982214,0.025486762,-0.009092628,-0.053597346
0.020430533,-0.079752795,0.011624252,-0.05060929,-0.0774737
0.032599583,0.037097458,0.034392137,0.0114046,0.004086137
-0.025191052,0.018981297,0.07182689,0.009084114,-0.0044362918
0.060231403,-0.041824665,-0.013537161,-0.03609046,-0.081486896
0.09740926,0.014722902,0.13816872,0.0040537026,0.088824816
0.095988944,0.013333273,0.074712306,-0.0367239,-0.066585705
0.044700164,-0.010205888,0.015484355,0.021433959,-0.039956067
0.07418641,-0.029424295,0.055311915,0.018507333,-0.13202786
0.05583873,-0.037298385,0.0749439,0.05048135,-0.052897274
0.09394878,-0.014144344,0.0636653,0.0057365894,-0.08237466
-0.044266574,-0.030756183,-0.049071494,-0.075170495,-0.10188575
0.03805746,0.08819297,0.044163268,-0.052147962,-0.10607436
-0.013595989,0.09385984,0.026645036,0.027054956,-0.003480848
-0.08066489,-0.093904674,-0.09353207,-0.06872866,-0.13642405
-0.019334236,-0.10113094,-0.11665561,-0.14762002,-0.13122275
