Care,Fairness,Loyalty,Authority,Sanctity
Harm,Cheating,Betrayal,Subversion,Degradation
0.010336289,0.03645725,-0.0076732715,-0.003112982,-0.0709125
-0.10440771,0.016644284,-0.0504802,-0.020086745,-0.1010435
-0.045794908,0.042389106,-0.0053642765,-0.022964282,-0.032362834
-0.052818716,0.10493128,0.13943943,0.06705741,0.0019753762
0.030275233,0.042370245,-0.038254976,-0.05290146,-0.016143579
-0.0027281162,0.04169996,0.0684222,0.039235104,-0.01206783
-0.0017767875,0.060116358,0.015474964,0.019880926,0.021899378
-0.041039776,0.036713924,0.022895744,0.0034462996,-0.036643986
0.055143967,0.021291036,-0.049796615,-0.0076603163,-0.0378462
0.04541566,0.014578411,0.025091745,-0.009882156,-0.008884855
0.10385433,0.02820324,0.011283105,0.025579676,0.07346331
-0.06667165,0.00490434,-0.05962514,-0.080799945,-0.063501224
-0.16343795,-0.008019849,-0.09152133,-0.10446784,-0.08004208
-0.00038140826,0.01333683,-0.009261956,-0.028685298,-0.0056764074
-0.049385604,0.008483329,-0.03617526,-0.0441578,-0.09780775
0.0235749,0.030697877,-0.0019455352,-0.03136424,-0.049567364
0.046736732,0.049319543,0.014259633,-0.012805991,-0.065866664
0.06320683,0.029060706,0.023508742,0.013717058,-0.040072497
0.049191914,0.11467802,0.12927115,0.057418287,0.04204926
0.04329317,-0.03109329,0.031864673,-0.07590404,-0.07397142
