Care,Fairness,Loyalty,Authority,Sanctity
Harm,Cheating,Betrayal,Subversion,Degradation
-0.006354993,-0.01904475,-0.029380914,-0.0053086765,-0.117375016
-0.037480827,0.004893275,-0.082685634,-0.062121894,-0.16981058
-0.055365518,0.023368306,-0.06259206,0.003292447,-0.076034345
-0.037092805,0.023203202,0.01922915,0.14722556,-0.046438742
-0.18209712,-0.052393932,-0.22926337,-0.14104275,-0.09563227
-0.09537193,-0.028243996,-0.15376422,-0.1361455,-0.2138485
0.055238616,0.03209065,0.049045574,-0.04899058,-0.0036005788
0.045715965,0.10055339,0.07583757,0.03863155,-0.0033347644
0.046719257,0.08816403,0.12059576,0.115811005,-0.020019393
0.012428543,-0.014232354,-0.0060280347,-0.02699066,0.005247672
-0.08239715,-0.025099328,-0.092169195,-0.13576993,-0.12548785
0.02499992,0.014800837,-0.06572983,-0.031434644,-0.113374025
-0.07706134,-0.013325173,-0.049759887,-0.018612206,-0.19128782
0.0022877231,0.028360728,-0.009212732,-0.020170059,-0.09159647
-0.08372034,-0.038908318,-0.052556917,-0.06487388,-0.15085861
-0.020789705,0.05943852,-0.04604548,0.026581861,-0.032432806
-0.10370982,-0.043785848,-0.09552686,-0.046718035,-0.1296504
0.08397089,0.05586679,0.08833446,0.00013805414,-0.08226788
0.068451,-0.009813918,0.109600455,0.036542352,-0.034800217
