Care,Fairness,Loyalty,Authority,Sanctity
Harm,Cheating,Betrayal,Subversion,Degradation
-0.076384634,-0.09710944,-0.12936786,-0.13678958,-0.10863587
-0.09248881,-0.017993165,-0.13415968,-0.15600777,-0.15593386
-0.06901883,-0.018520765,-0.13171244,-0.16351512,-0.05892509
-0.2054614,-0.09937218,-0.17505863,-0.09543173,-0.11516475
-0.23175552,-0.106457934,-0.13307363,-0.108471766,-0.22262597
-0.06301607,-0.04989101,-0.06881268,-0.07223678,-0.041055605
-0.07014768,-0.004993914,0.055195924,-0.0077057686,-0.024389748
-0.06711965,-0.077948794,-0.097659305,-0.10859335,-0.0213558
-0.015681952,-0.05723397,-0.11719513,-0.14349061,-0.10293037
0.016128784,-0.0576555,-0.08909166,-0.085731044,-0.058199316
-0.024748597,0.004553996,-0.08842625,-0.10036134,-0.09231924
-0.07357192,-0.039025,-0.12623246,-0.15588498,-0.10722546
-0.04002652,-0.028401881,-0.08979125,-0.098671265,-0.1438336
-0.06631969,-0.0806913,-0.11485758,-0.1214291,-0.08129342
-0.15622011,-0.09783158,-0.108678535,-0.07503534,-0.1049542
-0.039680492,-0.0889467,-0.1693272,-0.14156762,-0.09977532
-0.015152274,-0.0805812,-0.034537926,-0.12800997,-0.017058793
0.045678645,0.07061057,0.052735984,0.050099943,0.037667207
-0.040510714,-0.0076353266,-0.10216805,-0.10351418,-0.09268955
-0.1128712,0.015841808,-0.058135394,-0.118547335,-0.11763957
-0.039607737,-0.07326694,-0.10728972,-0.16222766,-0.12599805
-0.12380274,-0.13981879,-0.041807488,-0.06274453,-0.11933958
0.026288884,0.13074012,0.12733223,0.03292542,0.06978072
-0.070397906,-0.10876463,-0.18565872,-0.2130615,-0.09562804
0.057184175,0.0046851207,0.017773636,0.094205834,0.010320292
-0.03808658,-0.039268456,-0.10866912,-0.113717824,-0.07683092
-0.00846532,-0.019152751,-0.069791414,-0.101978146,-0.053893402
-0.0710056,-0.07754329,-0.14733161,-0.087579586,-0.078067645
0.046434384,0.09735974,0.07600537,0.020835746,0.009276938
-0.056199033,-0.03923022,-0.13293123,-0.08734292,-0.09783935
