Care,Fairness,Loyalty,Authority,Sanctity
Harm,Cheating,Betrayal,Subversion,Degradation
-0.041614812,0.005240679,-0.07179873,-0.04891876,-0.07879646
0.048672557,0.110249996,0.07081187,0.015463531,0.038059264
0.033830713,0.07384862,0.047811046,0.014231849,-0.061183922
-0.025037427,0.016403396,-0.037529416,-0.108003154,-0.08627873
-0.1099649,-0.008176012,-0.04008507,-0.06466169,-0.07980432
-0.049914047,0.012588123,-0.013424013,-0.049540255,-0.045016155
-0.049605682,-0.08689339,-0.04528191,-0.10789358,-0.10449811
0.016281271,0.039462686,-0.021239987,-0.029435996,-0.015151007
-0.039627537,-0.049183298,-0.029533297,-0.11622429,-0.17295304
0.0026561366,0.041077502,0.04656673,0.007762414,0.022147281
0.033653818,-0.0039822496,-0.103410274,-0.057284787,-0.11739956
-0.028305931,-0.023980845,-0.058742344,-0.06914431,-0.06550204
0.0046197535,-0.021818368,0.05817096,-0.015020225,-0.057560034
0.016759263,0.083172224,-0.029635342,-0.083600715,-0.08519247
0.056909278,0.05211533,0.07821571,0.016503537,-0.03641058
0.09715042,0.09291858,0.115828976,0.04957801,-0.027704159
-0.06026976,0.0041797645,-0.053707905,0.008957362,-0.10137866
-0.057045195,0.022277795,-0.032809384,-0.027202321,-0.06570544
-0.002736682,0.03702332,-0.023014866,-0.010562277,-0.080026045
0.054656245,0.09764601,0.03510149,-0.0014781174,-0.038171574
0.02933349,0.013466138,-0.008847687,-0.040853642,-0.07519933
