Care,Fairness,Loyalty,Authority,Sanctity
Harm,Cheating,Betrayal,Subversion,Degradation
0.037434928,0.031988796,0.021383423,-0.00523972,-0.024717242
0.04605599,0.007031966,0.0042263046,-0.063396044,-0.059502203
0.076244034,0.008054939,0.024526022,0.0024741264,0.011729801
0.014850885,0.039808877,0.027943878,0.0528309,-0.070447326
0.09367976,0.06375593,0.07430163,0.061234184,-0.033150118
0.08269829,-0.023872502,0.06371871,0.015389509,-4.8177317e-05
0.032233737,-0.056208186,-0.004460253,-0.027974464,-0.06446198
0.030112406,-0.052804053,-0.039436445,-0.065158755,-0.08287263
0.025753919,0.095600575,0.037176035,0.051958434,-0.047468763
0.049569502,0.08223291,0.079869345,0.036734995,-0.023639578
0.083790794,0.072754346,0.12614556,0.028762748,-0.059658844
0.031844553,0.032178037,0.075475514,0.029050834,-0.05997473
0.04744934,0.043300655,0.060839508,-0.0291585,-0.12831114
0.06199754,0.0956018,0.07177342,0.08415446,-0.032804657
0.092667066,0.009465562,0.08491042,0.08988067,0.04579813
0.016218722,-0.035483364,-0.009734345,0.020463131,-0.021852385
-0.013228687,-0.05752647,-0.029533073,-0.043952025,-0.056048453
-0.045665976,-0.02243992,-0.012628872,0.008078199,-0.02969796
-0.023911355,-0.11265248,-0.13536155,-0.1050795,-0.11889532
0.05717893,0.0812454,0.12745097,-0.021612898,0.0039853314
0.012370329,-0.024346258,0.107242584,0.04547959,0.047009148
0.0087953415,-0.055350117,0.040566362,0.03558986,-0.04025408
0.022393273,-0.024656592,0.002742012,-0.01825139,-0.059880152
0.06320323,0.14952636,0.073878765,0.1197909,0.0032820422
0.12747756,0.37630674,0.14047179,0.03007778,0.08475603
0.042785294,0.36352962,0.16741236,0.120727964,0.059825994
0.09500856,0.13021739,0.12062796,0.07084098,-0.003893096
0.10456798,0.1011836,0.16071698,0.06643321,0.07339945
0.11328514,0.06496785,0.10727374,0.030296724,-0.018502075
0.07953757,0.14244431,0.16170076,0.09791009,0.0047204904
0.10818423,0.08811013,0.21389692,0.06969041,0.06972197
