Care,Fairness,Loyalty,Authority,Sanctity
Harm,Cheating,Betrayal,Subversion,Degradation
0.019952044,0.016138043,-0.03013511,-0.053160127,-0.08765768
-0.05505791,0.06029906,0.019468782,-0.04157882,0.0120342765
0.02751236,0.10425367,-0.01741971,-0.12110861,-0.0022116243
-0.08992371,0.08362517,-0.0090611065,-0.059456922,-0.03350029
-0.15524365,-0.046410188,-0.061909534,-0.11407623,-0.20430078
0.016102258,0.08783175,0.046805315,0.04107787,0.04529416
0.06429758,0.13125134,0.12081987,0.042479746,0.0778948
-0.056978974,0.04785328,-0.05354841,-0.094240464,-0.0058970824
0.020138081,0.027488694,0.00043609366,-0.1008289,0.008840565
0.0055899695,0.056547306,0.018384544,-0.02658199,0.0038222922
-0.013296269,-0.00599787,-0.059091344,-0.11302813,-0.07509351
0.04502538,-0.017000709,-0.061852045,-0.109903656,-0.08349903
0.030548546,0.11400605,0.051315382,-0.050117962,-0.0407219
0.007756591,0.06160224,-0.025460146,-0.09206605,-0.032489773
-0.13374998,-0.04529894,-0.13435009,-0.1308792,-0.20884667
0.027664373,0.113706715,0.061232902,-0.04354051,-0.0103586195
0.0014824178,0.09268607,0.036046468,-0.045270767,0.0043792874
-0.049857393,0.01423711,-0.08660053,-0.072320014,-0.12308605
0.04984357,0.086878344,-0.018236816,-0.010696303,0.08358961
-0.02566111,0.009063877,0.014585857,0.03455385,0.023782907
0.008163897,-0.026856348,0.039564785,0.05372557,-0.009808018
0.004751213,0.02619245,0.036519583,0.03792146,0.07914826
0.052670497,0.08425415,0.034985445,-0.0024548173,0.05386033
0.0057684164,0.021673046,-0.022880057,-0.017570933,-0.014329737
0.10967353,0.08969039,0.058015868,-0.004501406,0.07034249
0.0015238607,-0.019201087,-0.11593285,-0.05222594,-0.07554975
-0.0003064545,-0.006120993,-0.038876005,-0.07932773,-0.10533337
0.02074204,-0.05968796,-0.03843016,-0.082325466,0.014983197
0.029203022,0.097423434,0.07803533,0.07455813,0.13202243
-0.036306836,-0.090080954,-0.07845664,-0.0876851,-0.09452777
0.011605052,0.064093955,-0.028769461,-0.028012086,-0.053906523
-0.1143822,0.06421007,-0.061002772,-0.14973557,-0.07932024
0.10168967,0.11952424,0.1669177,0.08194587,0.10339813
-0.11715499,-0.056180097,-0.057787754,-0.07496916,-0.11285782
0.1213988,0.043655876,0.08290433,-0.06212902,0.07868165
0.02256656,0.053524584,0.1275481,0.011587199,0.014361056
0.05746576,0.041183054,-0.0010226518,-0.05634081,-0.021672184
