Care,Fairness,Loyalty,Authority,Sanctity
Harm,Cheating,Betrayal,Subversion,Degradation
0.07277517,0.015073366,-0.063652575,-0.06771696,-0.09594336
0.0640147,-0.00022214465,-0.10380719,4.627835e-05,-0.064575195
0.05559736,0.056954212,-0.024729231,-0.0050591063,-0.08485843
0.026666224,0.01757506,-0.10016449,-0.09433837,-0.084193334
0.020250319,0.006255525,-0.10003327,-0.06590299,-0.034068942
0.001186368,-0.038991053,-0.11444761,-0.11326148,-0.049483635
0.08653019,-0.0050652083,-0.011162128,-0.035669655,0.004501421
0.055701867,0.04119262,-0.015945358,0.030301029,0.017082307
0.04115511,0.05590444,0.015149517,0.02639016,0.02135756
0.067344196,-0.02278393,-0.0147312395,-0.03624107,-0.025708258
0.13875194,0.029854419,-0.041419677,-0.02555578,0.06191933
0.043963283,0.054888327,-0.009085638,-0.027309127,-0.08902917
0.11754567,0.13753209,0.04871063,0.037575394,-0.006931251
0.012860946,0.036983624,-0.024106575,-0.036897756,-0.04406316
0.015594464,0.011505819,0.025173187,0.026304139,0.008628477
0.054860827,0.04989349,0.04803502,-0.010877514,0.10225481
-0.04695832,0.042722926,0.010707598,-0.00039385632,0.0036135707
0.038146775,0.031686563,-0.0068372684,0.036520094,0.026242672
0.015699852,-0.03752818,-0.06959859,-0.037717655,-0.03147269
0.1680423,0.048835553,0.037995722,-0.022397634,0.054798786
0.03700134,-0.07317355,-0.0050988467,-0.07755476,-0.09707965
-0.063357934,-0.12429488,-0.14254153,-0.12156694,-0.10287517
0.04139454,-0.030989952,-0.037774812,-0.05203855,0.1068365
0.015266849,-0.016864117,0.013605697,-0.029748779,-0.12365267
0.116021946,0.053081535,0.049514167,0.07456655,0.025319956
-0.015877476,0.052306555,-0.102421135,-0.060349364,-0.054893076
0.05438766,0.026318531,-0.010659752,0.043185767,-0.09323094
0.092324056,0.06592454,0.0069734585,0.01577226,-0.03875327
0.0380853,-0.003836276,0.00915451,-0.007865232,0.0987817
0.04368858,-0.038655255,0.11837489,-0.038102813,-0.037963852
0.12622803,0.16773677,0.00594398,0.08849018,0.063355014
-0.02185042,0.028018698,-0.040000282,-0.045132246,-0.001785459
0.06690854,0.11010179,0.0029681958,0.052129805,0.014838244
0.034391798,0.006351839,-0.021627076,0.10304789,-0.06174411
0.046502367,-0.0054762973,-0.07374264,-0.001988897,-0.08913955
0.02404282,-0.066351004,-0.0848957,-0.008332738,-0.078755505
0.007019069,-0.0039615612,-0.04252916,-0.022182094,-0.06683817
0.099266924,0.0153650325,-0.0037918882,0.047693472,-0.012003042
