Care,Fairness,Loyalty,Authority,Sanctity
Harm,Cheating,Betrayal,Subversion,Degradation
-0.07364749,-0.019115591,-0.09316489,-0.09410147,-0.14939667
0.051561464,0.02029799,-0.027133206,-0.014513232,-0.041437823
-0.007260319,0.049537443,0.03279803,0.017761998,-0.0036497228
-0.20419922,-0.05504883,-0.10470783,-0.15725985,-0.12864344
-0.038506053,0.0038437934,-0.061640598,-0.053212248,-0.11101685
0.07284954,0.02061927,-0.016542196,-0.054937504,-0.09618615
0.04262902,0.007230024,-0.006385415,-0.023667805,-0.072289646
0.03818555,0.0065917727,-0.07577041,-0.121835664,-0.029147826
0.041051105,0.11801787,0.029617378,-0.025876604,-0.02203406
0.010448996,0.012484798,-0.005562026,-0.015326445,0.026019488
0.038435824,0.050403044,0.042886492,0.01399314,-0.008045528
0.01547797,0.002432974,-0.080147505,-0.062945545,-0.034734692
0.023417272,-0.02004429,0.0093637295,-0.02223253,-0.063042015
-0.0230093,0.06622338,0.03533328,0.03671696,0.049091194
0.034099728,0.09100397,0.020489367,0.051439933,0.07871583
0.01772129,0.054385982,-0.009937478,-0.012242445,0.043255176
0.026848115,0.073561445,-0.019265326,-0.015034435,0.03517299
-0.0059065875,-0.0008205082,-0.023659252,0.01568038,-0.016063785
0.021914043,-0.010781065,-0.10592288,-0.072827935,-0.08611201
-0.109573685,-0.07410461,-0.0878641,-0.0800838,-0.19139904
0.006038973,0.035085514,-0.09776594,-0.10888539,0.016447796
0.017798353,0.07154526,-0.024130568,0.027810756,0.032817412
0.0024946728,0.045572355,-0.11686745,-0.035623856,0.013826232
0.0061218496,-0.034078393,-0.07667639,-0.08383386,-0.13721752
-0.0424563,0.036074936,-0.0058876146,-0.027345486,-0.006017804
-0.054093495,-0.035864174,-0.11028179,-0.110848136,-0.079445794
0.014353821,-0.0153148845,-0.07664698,-0.10880371,-0.019607063
-0.0068817716,-0.0072140563,-0.05556207,-0.08830024,-0.035222836
0.008037008,-0.0003613811,-0.018228859,-0.026867729,-0.06694846
0.04497651,0.038011,-0.01749716,-0.061568476,-0.012783049
0.014589874,0.026802506,0.031999215,-0.05765651,-0.05709327
-0.014765018,-0.026223358,-0.019768259,-0.094037354,-0.06478513
