Care,Fairness,Loyalty,Authority,Sanctity
Harm,Cheating,Betrayal,Subversion,Degradation
0.064351164,0.022620669,-0.032352265,-0.06740311,-0.07834763
0.06284071,0.070615835,0.02998405,0.02207698,-0.009775773
0.12143433,0.08333893,0.094187826,0.08035004,-0.016396865
0.08521472,0.06221301,0.01054222,-3.64827e-05,-0.018084211
0.07162383,-0.053338084,-0.08098542,-0.06780228,0.03975863
0.118948326,0.08394107,0.088993065,0.069245115,-0.0122738555
0.0012303926,0.026746372,-0.04394099,-0.049719892,-0.0037647132
0.096154325,0.0066613825,-0.018659975,-0.047226015,-0.06646097
0.03800207,0.027987579,-0.039217427,0.0026737852,-0.103160776
-0.03277508,-0.020469459,-0.019342987,-0.038802408,0.005925946
-0.06693621,-0.020905692,-0.12390218,-0.06858958,-0.14330637
-0.032408264,-0.050460674,-0.120616436,-0.15678777,-0.17792305
0.016328067,0.035952397,-0.09942253,-0.05408614,-0.049099714
0.1279862,0.08042151,0.18328872,0.1710688,0.17058425
0.06657731,0.029676635,-0.049205516,-0.1417799,-0.08685508
0.022235312,0.094690986,-0.011988573,-0.064138174,-0.070096254
0.12579897,0.1447042,0.1323346,0.025540987,0.12412226
0.129033,0.1331101,0.10111265,0.010578699,0.2048938
0.16353539,0.13395043,0.13500552,0.04074502,0.01829148
0.07775663,0.024462856,-0.0399797,-0.04760228,-0.07670793
0.09027211,0.09222103,0.08370805,0.07307388,-0.024843955
0.14721075,0.14967465,0.08829008,0.06050592,-0.041304782
0.14207989,0.07546443,0.08356478,0.057159416,-0.049371824
0.044796087,0.035578776,-0.043626,-0.002826849,-0.069790676
0.06846906,0.0752523,0.016091079,0.04230629,-0.06481132
-0.10671806,-0.017789876,-0.08085976,-0.01156256,0.03738582
0.01774129,0.016003741,0.02733199,-0.012389723,-0.03931175
0.03756819,0.016158186,0.009146515,-0.030581046,0.02640105
0.0925068,0.039807424,0.024790097,-0.044442028,-0.074106395
0.098737344,0.07567874,0.10828781,0.014142377,0.0017228387
0.039271895,0.056547474,0.103530236,0.0897963,0.084421284
-0.01126034,0.05073627,-0.032457627,0.031100068,0.024147362
-0.0194497,0.014944347,-0.14299195,-0.15417,-0.07833822
0.11251104,0.047187306,0.010946475,0.010033127,0.0054628057
0.09050284,0.053339105,-0.049917407,-0.046641253,-0.005861439
0.10623874,0.1322011,0.06857782,0.022238214,-0.089129075
