Care,Fairness,Loyalty,Authority,Sanctity
Harm,Cheating,Betrayal,Subversion,Degradation
-0.13131213,0.04491152,-0.092536904,-0.05770735,-0.13601638
-0.048442896,0.045183167,-0.013737616,-0.061582834,-0.08458342
-0.071367815,-0.05718049,-0.08352871,-0.08392939,-0.03548474
0.08439022,-0.044737816,0.02003649,-0.07863811,-0.03048135
-0.16638498,0.07728888,-0.07343452,-0.0061087813,-0.15016782
-0.11796641,-0.026757963,-0.1322201,-0.026324803,-0.20158184
-0.2682808,-0.026304808,-0.14606732,-0.06861618,-0.19562402
-0.1790354,-0.030227374,-0.109906934,-0.053264283,-0.31224024
0.022080004,-0.04592447,-0.09765747,-0.07448281,-0.13151452
-0.22620535,0.016714552,-0.12745038,-0.07233401,-0.21583986
0.018785566,-0.05508724,-0.0821044,-0.15197735,-0.11131105
-0.12514712,-0.06795888,-0.06545329,0.014055699,-0.128774
-0.043230496,0.018937081,-0.044760704,-0.03319816,-0.15527481
-0.04740553,0.03922159,-0.015938282,-0.067569226,-0.10769011
-0.10272559,0.015462358,-0.06394434,-0.04843067,-0.054190375
-0.17741862,0.022618156,-0.1089268,-0.08700571,-0.16846478
0.09246947,0.11106387,0.13881198,0.051522654,-0.008650804
0.12943919,0.0125891995,0.04725443,0.0443959,0.025397256
0.15260589,0.07294658,0.12892848,0.13256136,0.10432933
-0.053620376,-0.015142825,-0.03823258,-0.078460604,-0.008358408
0.01034995,0.11344547,0.05656443,-0.0026466316,0.0016299877
