Care,Fairness,Loyalty,Authority,Sanctity
Harm,Cheating,Betrayal,Subversion,Degradation
0.031368047,0.0528019,-0.063067645,-0.030281892,-0.008701645
0.05720754,0.10527855,-0.00074063614,0.04027274,0.017229453
0.06986478,-0.046617202,-0.065388896,-0.09739421,0.05827755
0.028814167,0.028089901,0.007987445,0.11049152,0.046908513
0.03754509,0.0490051,0.0012645675,0.084001705,0.12555924
-0.0031832196,0.07734041,0.005544215,0.041587524,0.050738342
0.02401614,-0.082969055,-0.09924964,-0.06440857,0.093771726
0.036560096,0.0020528603,-0.056229025,-0.1105377,-0.019406723
0.09826432,0.014176179,0.018666532,-0.06945849,0.0109369615
0.08105467,0.099767216,-0.005337621,0.066638656,0.081460334
0.07940831,0.023678117,-0.08085782,-0.0011899192,0.01725611
0.08601263,0.10737431,0.060831353,0.097616196,0.0907128
0.13075168,0.18293187,0.14381519,0.06795525,0.11585766
0.037632678,-0.022775277,-0.03591857,-0.00562652,0.0077366903
0.008768065,-0.081673704,-0.1222332,-0.06000091,0.075723924
0.084931165,0.043767728,0.045189973,-0.01108497,-0.019526392
-0.032801025,0.024831567,-0.11227222,-0.108187236,-0.093188114
