Care,Fairness,Loyalty,Authority,Sanctity
Harm,Cheating,Betrayal,Subversion,Degradation
-0.045077667,-0.06006162,-0.043606833,0.00926446,0.06331988
-0.005714392,-0.03312259,-0.06569267,-0.058982927,0.022862976
-0.016853677,-0.050391186,-0.05646513,-0.059867624,0.007859382
-0.0042016506,-0.07587357,0.002048538,-0.033138976,0.061232906
-0.07827335,0.03266394,-0.041300822,-0.04934571,0.046539
0.05368322,0.05516784,0.032927908,0.02562883,0.046415795
0.05001992,0.0004100483,-0.011438098,0.045361694,0.0022153305
0.014381214,0.049082905,0.032951627,-0.025728643,0.008964
0.0033274349,0.04087425,-0.013791207,0.0026300363,-0.016555717
0.03701765,0.039438684,0.09325964,0.07488024,0.05873531
-0.027462577,-0.011689952,-0.009371221,-0.075692326,-0.060272556
-0.019545034,0.012900568,-0.043161016,-0.04204745,-0.09466648
0.0994416,0.055390373,0.026840184,0.04304883,0.045116514
