Care,Fairness,Loyalty,Authority,Sanctity
Harm,Cheating,Betrayal,Subversion,Degradation
0.014641931,-0.051834293,0.0012606885,-0.052121945,-0.12221558
-0.12676486,-0.05788143,-0.054743588,-0.003464071,-0.14763018
-0.08961232,-0.1429927,-0.11382815,-0.0952541,-0.16891551
-0.06650668,-0.13026519,-0.107493386,-0.013617322,-0.11979481
-0.06215178,0.003607357,-0.024224743,0.037709553,-0.044826623
0.034295324,-0.012116827,0.010497235,0.0142226685,-0.025003916
-0.056180067,-0.010264012,0.062421437,0.04142957,-0.0061846282
-0.12466558,-0.08219901,-0.07038831,-0.00315677,-0.14036727
-0.10070605,0.060822766,0.06251162,0.0419639,-0.049690712
-0.033336513,0.01460232,0.029250875,-0.010856587,-0.088662855
0.041315995,-0.08542368,0.015359631,-0.045071788,0.05166489
0.06096538,0.02524658,0.08367608,0.016920129,0.023358349
