Care,Fairness,Loyalty,Authority,Sanctity
Harm,Cheating,Betrayal,Subversion,Degradation
0.0020379685,-0.015048906,-0.01367232,-0.046494428,-0.14599362
-0.022257084,0.013885023,0.016527625,-0.05058144,-0.070812106
-0.027037866,-0.009453237,-0.020828735,-0.0052701635,-0.06640725
-0.06614062,-0.016415313,-0.023636362,-0.036841534,-0.029027173
-0.04009017,-0.027905073,-0.020727381,-0.07451235,-0.018400438
-0.079522,-0.05478514,-0.09841962,-0.12207152,-0.06709622
0.044764306,0.008271918,-0.0287875,0.013363032,-0.10725319
0.022304391,0.018375332,-0.030240003,-0.0440536,-0.13062564
0.10707581,-0.0042064413,0.06876319,0.015309809,-0.03161896
-0.037556354,-0.07177635,-0.054047897,-0.059125833,-0.1340693
-0.05637899,-0.067561656,-0.074341565,-0.028217021,-0.10492779
-0.11565074,-0.01127008,-0.021434095,0.0085199755,-0.13402468
-0.06674586,-0.029773789,-0.0043219603,-0.045280013,-0.10283436
0.04553693,-0.00332121,0.01976454,-0.024606396,-0.11573658
0.015338473,0.060937636,-0.0345654,-0.012446156,-0.15372233
0.046379704,0.03864314,0.056131426,0.021818973,-0.04625542
-0.055978052,0.014780401,0.018698765,0.018852811,-0.056123435
-0.026644766,-0.008130657,0.021445422,-0.047390394,-0.11095634
0.07771411,0.03192013,-0.015275493,-0.046297356,0.0043379106
-0.04045483,-0.03166065,-0.00061325636,0.024377763,-0.14425315
-0.081180096,0.0062582735,-0.02730932,-0.01426306,-0.07637642
0.009371078,-0.0012211781,0.025233543,-0.06524019,-8.390937e-05
0.054285415,0.10734816,0.059381805,0.06991762,0.052897308
