Care,Fairness,Loyalty,Authority,Sanctity
Harm,Cheating,Betrayal,Subversion,Degradation
0.05537853,0.024378026,-0.0011550337,-0.010199903,-0.039408043
0.0969567,0.026360948,0.0934764,0.010682031,0.019422889
0.09904803,0.13555992,0.0974789,0.090901196,0.12709796
0.020530663,0.047841515,0.076538354,-0.030796228,0.039061863
0.05606334,0.059972122,0.08473009,-0.077690266,-0.09083119
-0.0028761802,0.05895262,0.039961375,-0.07312,-0.040596344
0.03320685,0.03943991,0.024807205,-0.02253832,-0.06474081
-0.108149394,-0.049774457,-0.06597715,-0.08868411,-0.30758846
0.10256742,-0.025970735,0.02594649,-0.00635802,0.01254754
0.055716973,0.096873,0.0069830357,0.010355505,-0.04587259
-0.008800926,-0.07842894,-0.0752213,-0.09945975,-0.08327984
0.0017329119,0.02692481,0.103243984,-0.0010541007,-0.061941184
-0.013461208,0.06994866,0.0014581382,-0.13861448,-0.04906296
0.05709388,0.16983537,0.12151581,0.06776157,-0.053011745
0.02304994,0.058778808,0.11348161,0.031394523,0.05066903
0.08994731,0.09884117,0.012740509,-0.03939649,-0.0018619373
0.06755288,0.017005283,0.05592323,-0.04439585,0.0261645
0.07020415,0.033156216,0.050919358,-0.024820961,-0.006858537
0.045841165,0.02846488,0.030608604,-0.046759114,-0.055777483
