Care,Fairness,Loyalty,Authority,Sanctity
Harm,Cheating,Betrayal,Subversion,Degradation
0.04951229,0.018428754,-0.014393991,-0.07765438,-0.07441563
0.06567483,0.02547852,-0.09246067,-0.0696517,-0.011979327
0.05904355,0.013007335,-0.052853577,-0.066661045,-0.11840467
0.053052917,-0.030303791,0.0010765977,-0.023987196,-0.03329483
0.0055539836,0.05671488,0.06740524,-0.0022135414,0.03972707
-0.030788267,-0.09476965,-0.06195972,-0.07560009,-0.10648359
0.029197423,0.0039698444,-0.044747315,-0.15307173,-0.091921665
0.12000613,-0.020218085,0.058938004,0.0598409,-0.07683624
0.08264554,-0.020586992,0.0022856668,-0.013140801,-0.019530945
-0.0039180573,0.0027915463,0.03630025,0.08788639,-0.095634244
0.007295903,-0.016274413,0.07458862,-0.010787105,-0.032441203
-0.11769468,0.02635673,-0.079821594,-0.116611436,-0.0628569
0.036411654,0.017938443,0.039853837,-0.008231534,-0.05756402
0.06525349,-0.07613353,-0.005685024,-0.03920354,-0.1223555
0.07885714,0.008685285,0.11253973,0.05249737,-5.5991113e-05
0.022722535,0.09605686,0.08184257,0.02475091,-0.011027545
0.010779399,-0.0702052,-0.08147946,-0.047384884,-0.112485714
0.03408338,0.03410184,0.07565625,0.06644891,0.05196027
0.09429015,0.10672606,0.06141129,-0.043935865,-0.024982417
0.09105711,0.008094909,0.13024908,0.08563635,-0.01543746
0.14575887,0.119196355,0.092084095,0.12552445,0.047992803
0.023126377,0.010845704,0.011118488,-0.0032659732,0.0056998134
