Care,Fairness,Loyalty,Authority,Sanctity
Harm,Cheating,Betrayal,Subversion,Degradation
-0.10344668,0.008800162,-0.047812935,0.053616848,-0.06844539
-0.13694222,0.072537065,-0.0126046585,0.08267748,-0.0039698966
0.041238695,0.11950329,-0.0125642,0.14746836,0.053994242
0.032243557,0.068554334,-0.009444449,0.01818895,-0.06512583
0.0031899768,0.030145809,0.013939238,0.026246881,-0.0022941064
-0.13302964,0.06438565,-0.072264224,-0.06369756,-0.05787415
0.015820682,0.068696566,0.0362691,0.011437725,-0.001960406
-0.013698348,-0.04222645,-0.026079671,-0.05242214,-0.093455434
-0.041345485,0.05100994,0.021256592,-0.0252814,-0.03144207
-0.15224403,-0.038585633,-0.029729092,0.061228506,-0.03992581
-0.12460916,0.069465116,-0.022469394,0.018090364,-0.02786319
-0.16128688,-0.031410817,-0.019886538,0.013537061,-0.09404846
-0.13618842,0.02337733,-0.056265153,0.06404186,-0.004560735
-0.040477972,0.03278874,-0.046261463,0.037991226,0.0014592335
