Care,Fairness,Loyalty,Authority,Sanctity
Harm,Cheating,Betrayal,Subversion,Degradation
0.013238235,0.010366691,-0.10205473,-0.0014796127,-0.07646695
0.053003065,0.029014224,-0.04608967,-0.021892656,-0.063254096
0.02110913,0.07216294,-0.039457947,-0.055494323,0.018316386
0.05662193,0.0145308,-0.032768037,0.006203456,0.03781093
0.00067886524,0.012586908,-0.048305146,-0.010488118,-0.007668916
0.056105353,-0.047817323,-0.06971073,-0.02460542,0.024927383
-0.037018757,-0.008284913,-0.084858,0.0048763864,-0.103013426
-0.07547279,0.13947019,-0.070978865,-0.08923346,-0.039207533
0.012075253,0.007880606,-0.029842392,-0.026507528,-0.049761616
-0.15114178,-0.00014256686,-0.058481947,0.003132524,-0.24055278
-0.020370979,0.033319887,0.0020615272,-0.0036178008,-0.13463342
-0.11299617,0.030969484,-0.057762675,-0.0094356835,-0.14169554
-0.060337007,-0.04611282,-0.12447518,-0.12335834,-0.14912528
-0.05329429,-0.058876432,-0.1212158,-0.09053807,-0.11127855
-0.037400212,-0.0031786328,0.005231128,-0.03431166,-0.12076361
0.04764567,0.023643933,0.0938005,0.08112928,0.019521408
0.029534493,0.014822964,0.017663533,0.00176204,-0.028060367
0.0063660303,-0.0068987384,-0.05744517,0.025320206,-0.05628901
0.024145197,-0.029636659,0.03823419,-0.0322266,-0.053890333
0.019807812,-0.021027131,-0.0383816,-0.009211384,-0.06414136
