Care,Fairness,Loyalty,Authority,Sanctity
Harm,Cheating,Betrayal,Subversion,Degradation
-0.0032295925,-0.009183198,0.05021114,0.053086244,0.042643417
-0.10199119,-0.028517455,-0.072438404,-0.054442473,-0.035405826
0.03162515,0.08245417,0.034143314,0.109219454,0.10716887
-0.0352408,0.025764,0.08316563,0.122539714,0.1137007
-0.053351555,-0.025137365,0.02685036,0.0024429131,0.08182816
-0.10253336,-0.07556423,0.0012305519,-0.049339063,0.049758077
-0.23789339,-0.1483015,-0.0715731,-0.04494413,0.0067878077
0.0065651145,0.04861226,0.026598936,0.06334807,0.08374563
0.01053381,0.0129962955,-0.013137523,0.030067468,0.05997227
0.009979371,0.037183616,0.05765623,-0.00093539804,0.054836556
0.029591441,0.06910255,0.14995763,0.07741617,0.0978113
0.06281137,0.05935703,0.06647221,0.13177872,0.084934846
