Care,Fairness,Loyalty,Authority,Sanctity
Harm,Cheating,Betrayal,Subversion,Degradation
-0.0044236146,-0.026683614,0.0006922353,-0.030447375,-0.08526794
0.055624716,-0.033738393,0.021444771,0.012939783,-0.009689568
0.038380206,0.036026627,0.075080335,0.045941263,0.104390696
0.035897307,0.028463379,0.026588812,-0.0025610123,-0.0041942876
-0.033366375,-0.029442348,0.010743409,-0.008797538,-0.011911489
-0.004757248,-0.0053383415,0.0042330343,-0.010849314,-0.06678849
-0.03585921,0.033883233,0.023067381,0.08706869,-0.039595164
-0.037784755,-0.015966825,-0.06902906,-0.0003703162,-0.14653319
0.058887903,-0.047955815,-0.049102552,-0.089861915,-0.12504217
0.065288365,-0.044870205,0.056804903,0.049714994,-0.03722483
-0.015904617,0.053503785,-0.020238075,-0.07337191,-0.092424296
0.07483575,-0.040253215,0.091322385,0.04819096,0.057968084
0.012230514,-0.031916108,-0.02548847,-0.04062768,-0.062052686
0.037420306,-0.08469898,-0.028273549,-0.057998244,-0.073681146
0.024401711,-0.025717795,-0.020850122,-0.04522393,-0.08724669
0.0060842913,-0.0599815,-0.028000258,-0.041348215,-0.10189508
-0.051328108,-0.010841602,-0.067313686,-0.10593342,-0.16145986
-0.03055505,0.0001876913,-0.03423811,-0.018646795,-0.00896059
-0.04334051,-0.083295986,0.0026157144,0.043685645,-0.046451546
0.057838768,-0.0033724257,0.12126716,0.057717413,0.10783196
-0.09160291,-0.06678651,-0.004389261,0.02760447,-0.06062652
0.024731455,0.052698825,0.049141824,1.9101426e-05,-0.107885234
0.031657763,0.062558375,0.10622935,0.069967315,-0.096637055
-0.058778293,-0.029744975,-0.008641122,0.008405907,-0.07197341
-0.10151586,-0.099685505,-0.11719568,-0.09098573,-0.08019656
-0.07363664,-0.07801159,-0.039245136,0.0006986065,-0.0017494457
-0.005449638,-0.057452254,-0.02430899,-0.047394745,-0.07520307
-0.03763688,0.0158429,-0.038744196,0.03482934,0.016497599
