Care,Fairness,Loyalty,Authority,Sanctity
Harm,Cheating,Betrayal,Subversion,Degradation
0.080132335,-0.020197444,-0.01794502,-0.03105643,-0.03273185
0.053237304,-0.010942135,-0.05764223,-0.06714191,-0.09989562
0.14441235,0.054405868,0.16810992,0.0462035,0.043601044
0.07890863,-0.01103263,-0.050009955,-0.024009818,-0.053280152
0.11825213,0.018793067,0.08938965,0.03308887,0.08227874
0.026928084,-0.0019447636,-0.018964423,0.037021466,0.070919104
0.06293538,0.0105453525,0.07790123,0.12237446,0.047815815
-0.01708522,-0.0027635717,0.061092652,0.0540737,0.011534852
-0.07380557,-0.039659463,-0.010279572,0.055160504,0.04558117
0.03253606,0.028383859,0.045220923,0.09116301,0.072107136
0.0847897,0.07665732,0.1178091,0.046500243,0.028573846
0.0951173,-0.0154958805,0.025965745,0.014275907,0.053260773
0.022075392,0.0016332697,-0.011786219,0.054126736,0.034092747
0.09588781,0.006312792,0.06247428,0.037991546,-0.038323693
0.051037394,-0.06616016,-0.04055112,-0.032808274,-0.085715555
0.08976239,-0.0067329695,0.022242114,0.032449577,-0.068261355
0.047480308,-0.09192725,-0.012768259,-0.04089775,-0.19017598
0.05676827,-0.04442399,-0.038891733,-0.009774614,-0.1205778
0.09370725,0.015790077,0.096259676,0.055932656,-0.047395073
0.029103402,-0.02190734,0.0012244061,0.010055628,-0.08775539
0.054210402,-0.055323154,0.022234384,0.04688976,-0.08423346
