Care,Fairness,Loyalty,Authority,Sanctity
Harm,Cheating,Betrayal,Subversion,Degradation
0.045150485,0.10191461,0.015751004,-0.0454444,-0.018831901
-0.116009034,0.0103020035,-0.11625181,-0.06694548,-0.036091797
0.1250807,0.10569269,0.07550704,0.100344285,0.10490124
0.0707716,0.029946968,0.025143374,-0.021700354,0.028105304
-0.11897169,0.11860804,-0.005666375,0.08340131,0.058555853
0.034345236,0.055699702,-0.03823503,-0.06675987,-0.06398676
-0.0071115196,0.044199117,-0.05154242,0.006489871,-0.08913465
0.014526421,0.069486484,-0.009896396,0.00416506,0.067414664
0.069384515,0.07077576,0.10045826,0.04665053,0.06580071
0.07644728,0.07154736,0.09426056,0.07149494,0.040861662
0.0381044,0.09411539,0.031587545,0.050101425,-0.011833217
0.071476765,0.050874304,0.12109891,0.05620482,0.11780271
-0.1833842,-0.021047018,-0.1676417,-0.1379424,-0.085739486
-0.1556973,0.08377656,-0.08895204,-0.11247248,-0.077014685
-0.116296835,-0.0626911,-0.22390601,-0.24465297,-0.15083432
-0.024924967,-0.06638476,-0.18839811,-0.15067399,-0.035033233
-0.08848352,0.18633723,0.051193647,0.07848708,0.114686385
-0.13579266,0.11591862,-0.040893294,0.006354572,-0.033395994
-0.009862432,-0.028868789,0.02094414,0.057380747,0.053289115
0.10168891,0.034657963,0.07142945,0.030673575,0.10965115
0.05557115,-0.0455618,-0.04544464,-0.01949036,-0.084760785
0.046993103,0.10673239,0.052731026,0.039177377,-0.10128298
-0.008167112,0.17065755,0.039614066,-0.015382718,0.01932114
0.076989084,0.050857496,0.029411633,0.018145045,0.0013335869
0.0718084,0.0045833,0.08216646,0.003705049,0.08876784
