Care,Fairness,Loyalty,Authority,Sanctity
Harm,Cheating,Betrayal,Subversion,Degradation
-0.053047143,-0.02650144,-0.15404327,-0.10191351,-0.07495549
0.03187901,-0.029535754,-0.055364255,-0.025054295,-0.06163661
-0.0140112825,0.0065366626,-0.029524153,-0.05764822,-0.04467801
0.09462917,-0.015242128,0.032529842,0.048269454,0.018771147
0.060653582,-0.0008573979,0.028542051,0.10038114,-0.015727358
0.0127864005,-0.056775015,-0.0656662,-0.099844985,-0.092535645
0.0797514,0.024519302,0.04814101,0.029446118,-0.022806145
0.018119318,0.012864061,0.01898327,0.025714293,-0.003956873
-0.017052924,-0.06190036,-0.0754645,-0.1129983,-0.021148827
0.077150956,0.005596891,0.006478537,1.0026619e-05,0.0030711312
-0.06731156,0.06730324,-0.012588744,-0.010578776,-0.0896534
-0.14397658,-0.08636763,-0.14606689,-0.1017206,-0.17705488
0.019542176,0.023171535,-0.03993882,-0.06218797,-0.025679575
