Care,Fairness,Loyalty,Authority,Sanctity
Harm,Cheating,Betrayal,Subversion,Degradation
-0.050019,-0.029099409,-0.04130238,-0.02079773,-0.122717515
-0.027586736,0.04430919,0.013896817,0.015161781,0.071789294
-0.061121885,0.03647446,0.093723744,0.040639233,0.024456732
0.09324947,0.037336938,0.046943005,-0.08028658,-0.054374285
0.04783725,0.026096921,0.055760615,0.022919245,0.035826296
0.05368366,-0.027286014,0.120530576,0.060511902,-0.04262125
0.029344957,0.0536751,0.10974505,0.034272388,0.01566084
0.09406013,0.08952577,0.07667759,-0.03647579,-0.012337936
0.07036159,0.11992844,0.17642413,0.07913718,0.04763768
0.024388732,0.08268005,0.05921362,-0.024281109,-0.06337332
-0.031394348,-0.043172013,0.0010806536,-0.027855124,-0.12716088
-0.015684742,0.08461985,0.051460363,0.031987388,-0.07158893
-0.07205153,0.028268833,0.024884889,0.032258365,-0.087996565
0.0104280645,-0.030806217,0.02813137,-0.021484148,-0.12600304
-0.02695468,-0.034077648,0.047777906,-0.006352585,-0.095239945
-0.013894153,-0.019544287,0.018550038,-0.017143136,-0.08307526
0.059148706,0.026994817,0.081629336,-0.003671905,-0.07200373
0.066141546,-0.07002501,0.035691388,-0.021685002,-0.04647121
-0.035907447,-0.16394341,-0.059838057,-0.08578972,-0.15211341
-0.03826753,0.08521292,0.07060671,0.068399414,0.0014925301
0.13031319,0.0041622017,0.09487148,-0.0744762,-0.0026634578
-0.000572009,-0.001771383,-0.082921565,-0.10062992,-0.0982477
0.021767026,0.06076745,0.030598864,-0.00781319,-0.04485093
