Care,Fairness,Loyalty,Authority,Sanctity
Harm,Cheating,Betrayal,Subversion,Degradation
-0.046758473,0.053183302,-0.0267029,-0.07884242,-0.113889754
-0.0029197056,0.12190229,0.0138104325,0.031528782,0.05134064
-0.04212781,0.059647318,-0.039446793,0.02799936,-0.08996861
-0.059092425,-0.023276374,-0.09214455,-0.025204282,-0.06993986
-0.006787001,0.041820265,-0.035510063,-0.03683104,0.0023273397
-0.030388132,0.074058585,0.031126505,0.037099287,0.0811008
-0.13559972,-0.065756276,-0.18962601,-0.10382134,-0.16598383
-0.062374413,-0.02158133,-0.09559436,-0.10372524,-0.118161656
0.015689086,0.024930961,0.0030296985,-0.011577902,-0.033083916
-0.0043411367,-0.07818857,-0.13199356,-0.101475276,-0.23658794
-0.042169284,0.040474337,-0.14162935,-0.077680245,-0.110198885
0.11036628,0.07131686,-0.029883565,-0.04094482,-0.0036512464
-0.01921102,0.037772305,0.024615008,0.03929102,-0.036130823
0.02125399,0.0040280838,-0.021620732,0.0015810784,-0.107060745
-0.08293805,-0.007663816,-0.11313863,-0.068230204,-0.15728697
-0.0054001873,0.018057898,-0.083936825,-0.05593585,-0.06349498
-0.035638865,-0.06179741,-0.16483516,-0.056944054,-0.11770646
0.014559044,0.074266225,-0.037012015,0.030280413,0.055764236
-0.07995807,-0.12993696,-0.15804355,-0.08550086,-0.07626955
0.08700683,-0.00451562,0.07402636,-0.03066161,0.030596161
0.023145597,-0.030777004,-0.028156813,-0.06510323,-0.0059820544
0.05497801,0.08024863,0.05586787,0.022648713,-0.03522526
-0.013965029,-0.054212563,-0.14337903,-0.053026382,-0.025756149
-0.0454873,-0.004096031,-0.07668964,-0.033333335,-0.026482873
-0.022339454,0.011099316,0.0319414,0.012118777,-0.08196847
-0.011081811,0.07300568,-0.011297026,0.125907,0.03525511
-0.055070937,0.10570747,-0.01105841,-0.016708083,0.011452148
0.015858717,0.0792049,0.060461864,0.07981259,-0.0032208012
-0.04673267,0.14008415,0.09154041,0.085288785,0.015809942
