Care,Fairness,Loyalty,Authority,Sanctity
Harm,Cheating,Betrayal,Subversion,Degradation
0.016533181,0.010330638,-0.06240036,-0.0101208,0.006288656
0.010544902,0.0016246624,-0.057175823,-0.030593894,-0.1000858
0.018280508,-0.017389875,-0.015424017,-0.036430746,-0.0725058
0.04710733,0.08546074,0.0059842058,-0.003743474,-0.0058243275
-0.003769293,0.041232243,-0.062406465,0.010504492,-0.051810406
0.25135574,0.08855499,0.15378726,0.027465656,0.10299033
0.050585162,0.05425619,0.014815524,-0.002812786,0.041245382
-0.0051537575,0.022793464,-0.056401126,-0.0154796615,-0.036894985
0.018303655,-0.085115835,-0.098097004,0.004076395,-0.031477034
0.023512738,0.042369623,-0.094210394,0.019123081,-0.091541514
0.112407714,0.104009315,-0.019046163,0.03130204,0.035491787
0.10021843,0.02404606,0.011570403,-0.012227923,-0.0925102
0.11085125,0.050371043,0.0005791811,0.03438005,0.009381991
0.009268576,0.004779158,-0.021672526,-0.026669864,-0.03471075
0.026019204,0.011418782,-0.045598637,-0.013768049,-0.08783969
-0.0074288645,-0.013132613,-0.016877849,-0.023837522,-0.017836861
0.044435877,0.021875238,-0.06505597,-0.02119399,-0.1423944
0.025797617,0.020013679,-0.07520088,0.057020366,-0.042839058
-0.0044024624,0.061458245,0.042556286,0.059936438,-0.045913108
-0.0035947273,-0.0063869134,-0.06412762,0.04817517,-0.060807772
0.061872996,-0.0049006827,0.031142915,-0.037405163,0.043534458
0.04710733,0.08546074,0.0059842058,-0.003743474,-0.0058243275
-0.003769293,0.041232243,-0.062406465,0.010504492,-0.051810406
0.2140548,0.07452468,0.12413574,0.002710931,0.08179979
0.026462268,0.04516762,-0.02492676,-0.00034065917,-0.0047600865
0.02497435,0.005449906,-0.071836025,0.0027815737,-0.007775096
0.048628546,0.031259634,-0.061846435,0.020899625,-0.06304321
