Care,Fairness,Loyalty,Authority,Sanctity
Harm,Cheating,Betrayal,Subversion,Degradation
-0.014900732,-0.10804426,-0.08194305,-0.04698728,-0.16579103
0.004272268,-0.014782993,-0.03159214,-0.053749844,-0.09049183
-0.010471432,-0.030895269,-0.032987986,-0.07563232,-0.06488228
0.0007959157,-0.03348714,0.011370729,-0.0054009324,-0.112963706
-0.0041525327,-0.0709635,-0.094524056,-0.05872252,-0.11910793
-0.02409269,-0.107609615,-0.10170865,-0.09132016,-0.0986875
-0.014802419,-0.03757865,-0.055532746,0.00990586,-0.014780035
0.09554605,0.025251536,0.014638353,-0.006578248,-0.05095292
-0.012727719,-0.029716473,0.022349376,-0.035825357,-0.007720751
-0.027258802,0.062123854,-0.06378525,0.0008210186,-0.05122286
0.06518321,0.07737354,0.091015816,0.026197288,0.0404054
0.09070093,0.028464062,0.054837175,-0.019577028,0.016239077
