Care,Fairness,Loyalty,Authority,Sanctity
Harm,Cheating,Betrayal,Subversion,Degradation
-0.017053135,0.0016612457,-0.01197818,-0.07809758,-0.08385015
0.046172492,-0.02638188,0.031771585,-0.0048757885,-0.04211984
-0.023656432,-0.100216195,-0.02846008,-0.066006206,-0.0938578
0.03764592,0.0021054745,0.0061624898,-0.023365278,-0.053612232
-0.0053436058,0.035313495,-0.021264154,-0.057323854,-0.11798721
0.03247547,-0.015498232,-0.008448783,-0.04211647,-0.059036367
-0.098404765,-0.073261335,-0.06388739,-0.07486355,-0.12616077
0.016268153,0.060004618,-0.0021623028,-0.024791848,-0.07863569
-0.009158735,-0.0009180121,0.019308915,-0.127033,-0.13829747
0.11008954,0.019545047,0.013435723,-0.06489027,-0.021314837
0.044997815,0.09120612,0.0010135183,-0.038970016,-0.11494742
-0.041365407,0.007448701,-0.10650281,-0.048191592,-0.074755006
0.014584076,-0.013458281,-0.0014039804,-0.034638822,-0.05642035
-0.043745656,0.007255599,-0.07561084,-0.09984115,-0.061264295
-0.0070998,0.033284247,-0.041493915,-0.04364981,-0.06700176
0.07300265,0.003797098,-0.015724504,-0.041272264,-0.027270537
-0.046471052,-0.056739144,-0.06634416,-0.09670467,-0.12221482
0.0055795023,-0.05139858,-0.0046386197,-0.06357149,-0.08643185
0.039749622,-0.026875708,-0.009575432,-0.034235224,-0.03468783
-0.048070326,-0.017307539,-0.015895603,-0.037092958,-0.11358525
0.04234982,-0.02486413,-0.026982745,-0.08057773,-0.07556426
0.048842367,0.00955072,0.029441716,-0.020725334,-0.07219525
0.029496837,-0.06927665,-0.030241147,-0.036304303,-0.07257347
0.08558312,0.060307674,0.04133848,-0.052536085,-0.041774094
0.09294437,0.01670174,0.06370946,-0.064036906,-0.024634467
