Care,Fairness,Loyalty,Authority,Sanctity
Harm,Cheating,Betrayal,Subversion,Degradation
0.010299375,0.034823377,-0.105679095,-0.01012658,-0.023238376
-0.00413863,0.008581843,-0.090797946,-0.07498054,-0.092117175
0.09087262,0.096171886,0.014601169,-0.0066129155,-0.03538139
-0.022154676,-0.043526422,-0.08569821,-0.119817,-0.08670122
0.10254811,0.09887857,0.009784285,-0.027385838,-0.0051371716
-0.017745147,-0.05940542,-0.17904785,-0.15550478,-0.15996194
-0.08827558,-0.046897326,-0.123002425,-0.10839182,-0.18579768
-0.08140923,0.010554414,-0.06332622,-0.09221714,-0.15417083
-0.05496649,0.048898797,-0.05582355,-0.040936414,-0.13515282
0.045845143,0.010799985,-0.047101147,-0.04606587,-0.15539122
-0.11078176,-0.07601067,-0.14358702,-0.07752769,-0.111153595
0.033497944,0.008670587,0.02665792,-0.07861303,-0.09355129
0.11421055,0.10282938,0.09393155,0.06919935,0.0074328035
0.10498208,0.021190818,0.05521909,-3.311038e-05,-0.0742919
-0.075189434,-0.03346207,-0.120886676,-0.09522624,-0.14790139
-0.03709778,0.0043479055,-0.027737688,0.05779257,-0.13990012
-0.051377557,0.04415384,-0.022353396,-0.05196567,-0.13607341
0.07623786,0.07515506,0.045230277,0.027476132,-0.05543387
-0.10784951,0.05567068,-0.13202317,-0.0728225,-0.21195413
-0.024777986,0.06980853,-0.09589918,-0.054503422,-0.15350008
0.06376003,0.08772755,0.062458135,0.0020954963,0.039383948
0.04565303,0.028805716,-0.014491923,-0.056082092,-0.025515206
0.038943127,0.11567807,0.11694263,0.07458499,0.04039417
0.02403383,0.089695394,-0.012364222,0.02357288,-0.016356766
0.03278126,0.09384135,0.105434835,0.07035185,0.0047776466
-0.049970217,0.05310712,-0.02665717,0.0046339687,0.019142427
0.08850734,0.016138457,-0.0039716437,-0.02196031,-0.07514949
0.020169463,0.12658134,0.05654699,-0.056465983,0.0012018997
0.15209478,0.057173375,0.0033663874,-0.016981764,-0.005380093
0.08304185,0.092498235,-0.020612769,-0.00817102,-0.02633439
-0.09222457,0.002562236,-0.022029663,-0.027196188,-0.072408885
0.094711825,0.06686428,0.085555345,0.011052791,-0.09288793
0.033293173,0.063374326,-0.036201656,-0.0928949,-0.13668917
0.03825338,0.10678408,0.20174031,0.15647617,0.12786582
0.08154631,0.08559396,0.05424571,0.022339474,-0.014974125
0.023189574,0.09499697,-0.05931402,-0.08534991,-0.01981398
0.029683992,0.053969678,-0.010586683,0.013572087,-0.0055992845
