Care,Fairness,Loyalty,Authority,Sanctity
Harm,Cheating,Betrayal,Subversion,Degradation
-0.009106088,-0.039512847,-0.09836747,-0.033059333,-0.0646825
0.010833817,0.031864807,-0.046159133,0.005800644,-0.010587408
0.053857047,0.03862431,0.050333563,0.05578907,0.08449487
0.026036065,0.056439012,-0.013178261,0.027604304,-0.0026029143
0.021342665,0.023307461,0.008805014,0.028519876,0.074139215
-0.040753968,-0.00027514994,0.044944506,0.011617374,-0.03829801
-0.12422115,-0.033276558,-0.08349929,-0.12911423,-0.100742154
-0.076753184,-0.032041986,-0.14228359,-0.13194855,-0.15418419
0.07785299,0.053227738,0.049339607,0.0316742,-0.012839124
0.0027741306,-0.0069718175,0.038566113,0.045854393,0.0030531771
0.05141195,0.008098356,-0.036306165,-0.028067417,-0.08043893
0.007669786,-0.008297168,-0.07505552,-0.053254277,-0.12578292
0.030049622,0.036868148,0.021454113,0.009649362,0.06294021
0.061614864,0.10913008,0.06393617,0.0050791195,-0.039584983
-0.0144151645,-0.038861424,-0.020054538,-0.036262542,-0.072333515
-0.06341842,0.024507958,-0.08489434,-0.120787896,-0.17423254
0.012516313,0.025495598,0.03898546,0.036999825,0.03560585
-0.008978678,0.117501825,0.16038366,0.15095297,0.11712733
0.008933909,0.1005788,0.021169499,0.003734257,-0.11123
-0.044064425,-0.030717425,-0.02516838,0.011039974,-0.11646762
0.08266382,0.010275969,0.046349026,0.020921182,-0.02550421
-0.011861964,-0.09858399,-0.040422015,-0.058651052,-0.022472057
-0.016194023,-0.04391532,-0.055792324,0.0054329745,-0.042530395
-0.035658088,-0.019685218,0.054729566,0.06560701,-0.027077846
-0.017387569,-0.09215708,0.0543625,-0.0808006,-0.0070022494
-0.07755067,-0.06365451,-0.08162922,-0.0072976667,-0.066466495
-0.07203269,0.025706299,-0.02660699,0.0035407837,-0.04081791
