Care,Fairness,Loyalty,Authority,Sanctity
Harm,Cheating,Betrayal,Subversion,Degradation
-0.017659664,0.0020773876,-0.06801411,-0.06818891,-0.046695188
0.005755469,-0.0043501975,-0.018649913,-0.013296794,-0.06651344
-0.069146864,-0.1284228,-0.1456699,-0.1497694,-0.09300936
-0.044469595,-0.009744003,-0.1003347,-0.054897998,-0.06625539
0.05892463,-0.05818895,-0.039013166,-0.06670451,0.008983236
0.17401269,-0.0058091264,0.11661059,0.06439118,0.15112905
0.044318505,-0.007823046,0.12928358,0.093155734,-0.044196144
-0.09569592,-0.118054986,-0.111685924,-0.10188767,-0.20948902
0.009877365,-0.10743415,-0.12852505,-0.12974186,-0.033961587
0.031021122,0.0009174198,0.017934393,-0.06228689,0.02918241
0.036171537,0.021382801,-0.073697135,-0.14639822,-0.028556125
0.065807566,-0.030317456,0.022584256,0.042337,0.038021255
0.03489852,-0.016469851,0.018537503,-0.024415467,0.023429014
0.06439441,-0.05546654,0.037574813,-0.052722976,0.008150042
0.05959463,-0.07797289,-0.0012570638,-0.08452014,0.03014427
0.04553824,0.036637656,-0.018956007,-0.065506496,-0.05759347
0.115701854,0.07546818,0.12559545,0.014004715,0.08530829
0.035477966,0.03487799,0.00019057468,-0.033714302,-0.08344667
0.048405677,0.06946342,0.014604235,0.009885549,0.022715032
0.055370886,0.021602858,0.02457258,-0.06427865,0.04825354
0.09753227,-0.022205511,0.032349396,0.0057444246,0.10083134
0.025015686,0.039513808,-0.021557087,-0.06405498,-0.070776746
-0.032888494,-0.05126458,-0.15788934,-0.108185396,-0.16749902
0.018160116,0.048108898,-0.00972524,-0.03864381,-0.06069543
0.10549313,0.0907421,0.106303185,0.0036563538,0.0619236
0.075794056,0.121874176,-0.0052909413,-0.015982952,-0.0026255697
