Care,Fairness,Loyalty,Authority,Sanctity
Harm,Cheating,Betrayal,Subversion,Degradation
0.02579235,0.07289432,-0.048766468,-0.03342478,-0.026363218
0.03487999,0.091315165,-0.042701468,-0.065737486,-0.084386475
0.094053864,0.07184535,0.05017586,0.055443954,-0.07018854
0.05371791,0.015842821,0.045817163,0.029972363,-0.0075646057
0.08040981,0.1030035,-0.01008772,-0.004125405,-0.012594243
0.05219847,0.11642864,0.030543681,0.019295378,-0.068197966
0.039797816,0.06861427,-0.016918514,-0.06930668,-0.053532194
0.04887344,-0.010558531,-0.0019653607,-0.02891109,0.042391557
0.093214735,0.050125174,0.09235929,0.063449234,0.038948506
0.05477382,0.05123273,0.1439709,0.07537027,0.034119494
0.0034435587,0.025186233,0.107914574,0.09356609,-0.019579416
0.063662276,0.01730817,0.06283844,0.023085563,0.016798297
-0.0026190188,-0.015015366,-0.04143095,-0.0024665222,-0.1533705
0.0049236733,0.019657534,-0.06992839,-0.044280853,-0.044764265
-0.08756623,0.05656775,0.04615937,-0.010230263,-0.12941784
0.043694116,0.051249195,0.07080549,-0.0057110777,-0.004724605
0.1087164,0.0700648,0.024320861,0.015756123,-0.09359088
0.029580163,0.10761509,0.0025789067,0.003683635,-0.08439056
-0.043194983,0.06241313,0.016211523,0.035913862,-0.043226063
