Care,Fairness,Loyalty,Authority,Sanctity
Harm,Cheating,Betrayal,Subversion,Degredation
0.008086766,0.09662806,-0.043669134,-0.10617793,-0.053876113
-0.03101771,0.07119689,-0.07531003,-0.18172291,-0.05592494
0.05888066,0.13342154,0.02328934,-0.05374092,0.04609946
-0.08743073,0.023966804,0.05101324,-0.018671444,-0.05146863
-0.06654566,-0.027466562,-0.024988223,-0.08182976,0.05657289
-0.057999052,0.007420938,-0.083256856,-0.17693946,-0.12679121
