Care,Fairness,Loyalty,Authority,Sanctity
Harm,Cheating,Betrayal,Subversion,Degredation
0.012868726,0.058674004,0.079025425,0.15900096,0.041160803
-0.032261647,0.020755405,0.0013434596,0.00782726,0.06245093
0.023712685,0.13679445,0.03658589,0.12297158,0.073587574
0.015797058,0.04365621,0.07338686,0.009308202,-0.025914816
