Care,Fairness,Loyalty,Authority,Sanctity
Harm,Cheating,Betrayal,Subversion,Degredation
-0.07428321,0.050967276,-0.042890355,-0.03948729,0.003475437
-0.08558303,0.024841994,0.05314795,0.011979625,-0.026617039
