Care,Fairness,Loyalty,Authority,Sanctity
Harm,Cheating,Betrayal,Subversion,Degredation
-0.01627557,0.07387057,0.04932417,-0.002660242,-0.037497677
0.036342643,0.043231282,0.003523414,0.0071665766,-0.018016115
0.03490361,0.015815524,0.022442017,-0.015498475,0.009392962
0.019765384,0.045815106,-0.009930959,-0.064989,0.0042285486
0.06615855,0.09187435,0.020267015,0.001613291,0.03501846
0.012600203,0.053065486,-0.015146675,-0.04101339,-0.04987215
-0.026408266,0.0314855,-0.034630314,-0.09552223,-0.047367074
