Care,Fairness,Loyalty,Authority,Sanctity
Harm,Cheating,Betrayal,Subversion,Degredation
0.031854298,0.03933162,-0.044768807,-0.16237095,-0.10634753
0.057895865,-0.05718882,0.043749016,-0.036014237,0.11873753
0.08234877,0.05495693,0.044605974,0.099859565,0.1764549
-0.029305786,-0.026799923,0.0027028043,0.015833858,0.04941248
-0.09025197,0.06810066,0.07540147,0.15059105,-0.016472869
