Care,Fairness,Loyalty,Authority,Sanctity
Harm,Cheating,Betrayal,Subversion,Degredation
0.078654066,0.08428453,0.055634253,0.010344349,0.101769134
0.12169823,0.073674865,0.10011728,0.0304658,0.054033738
0.07290319,0.09969882,0.045079418,0.015868466,0.05358376
0.10365163,0.08591699,0.09757759,0.050819054,0.12104277
0.072545275,0.069444306,0.058051318,0.022743275,0.102060445
0.096077144,0.05995328,-0.0138893835,-0.076336764,0.10563442
0.034456287,0.06213419,0.05585161,-0.01593174,0.027643973
-0.09025197,0.068100676,0.07540147,0.15059105,-0.016472876
