Care,Fairness,Loyalty,Authority,Sanctity
Harm,Cheating,Betrayal,Subversion,Degredation
-0.036328442,0.07917479,0.037431005,0.12039326,-0.023297817
-0.1383714,-0.021310369,-0.0783735,-0.04082395,-0.12689118
-0.012698149,0.053316094,-0.012336561,0.05949101,-0.048122294
-0.0012036171,0.09901251,0.064722806,0.10976188,0.0012699692
-0.07555277,0.029068297,0.0069906237,-0.024528556,-0.056719784
