Economic,Capacity,Morality,Fairness,Legality,Policy,Crime,Security,Health,Quality,Cultural,Public,Political,External
0.9930360317230225,0.807583212852478,0.08239590376615524,0.25405821204185486,0.10024422407150269,0.726044774055481,0.04709205776453018,0.29815050959587097,0.003883188124746084,0.355156272649765,0.3823111355304718,0.6042143106460571,0.22903628647327423,0.024009976536035538
0.964917778968811,0.6442396640777588,0.0027600014582276344,0.4815478026866913,0.07683014124631882,0.31903618574142456,0.3300935626029968,0.46793830394744873,0.11586672812700272,0.5217954516410828,0.08081483095884323,0.4613334536552429,0.34983396530151367,0.07380536198616028
0.2931133806705475,0.19463585317134857,0.3911570608615875,0.39806893467903137,0.5532088875770569,0.0853254497051239,0.31513792276382446,0.7167904376983643,0.08044593036174774,0.4321132004261017,0.11282967776060104,0.20456930994987488,0.4816248118877411,0.00883041974157095
0.43947574496269226,0.32601550221443176,0.014616712927818298,0.16372835636138916,0.18573598563671112,0.032937873154878616,0.2248045653104782,0.29996055364608765,0.21810515224933624,0.5657062530517578,0.166849747300148,0.3964345157146454,0.26627734303474426,0.05641781911253929
0.5873058438301086,0.716776967048645,0.5775905847549438,0.26495879888534546,0.4775179624557495,0.12254609912633896,0.3237249255180359,0.5091126561164856,0.3603687584400177,0.6676912903785706,0.45085763931274414,0.8929824829101562,0.6988893747329712,0.15347109735012054
0.8302176594734192,0.25785890221595764,0.006390172988176346,0.011805819347500801,0.015104184858500957,0.014631750993430614,0.002379090990871191,0.01231332030147314,0.0004854043363593519,0.05154004693031311,0.02690022811293602,0.3157004714012146,0.02570268325507641,0.0021987028885632753
0.41164249181747437,0.42859548330307007,0.15338103473186493,0.026478946208953857,0.2030927687883377,0.033295709639787674,0.3092957139015198,0.5913950800895691,0.060147956013679504,0.759462296962738,0.19348260760307312,0.791780412197113,0.5897043347358704,0.09770870208740234
