Economic,Capacity,Morality,Fairness,Legality,Policy,Crime,Security,Health,Quality,Cultural,Public,Political,External
0.9321181178092957,0.599170982837677,0.06127547472715378,0.052216529846191406,0.20332607626914978,0.27344587445259094,0.10128369182348251,0.3051668107509613,0.0041961101815104485,0.23799043893814087,0.08113064616918564,0.6354705095291138,0.8445215225219727,0.07332286238670349
0.7394558191299438,0.5565006136894226,0.051071833819150925,0.23229806125164032,0.2841101884841919,0.18730123341083527,0.04284500703215599,0.49346238374710083,0.002931904746219516,0.356695294380188,0.09594529867172241,0.48286131024360657,0.7069393396377563,0.031255096197128296
0.6067718267440796,0.43048006296157837,0.25567975640296936,0.28461015224456787,0.4335882365703583,0.06833308935165405,0.3858673572540283,0.6255024671554565,0.3092549741268158,0.5064572095870972,0.1954599767923355,0.4097815454006195,0.6998556852340698,0.10400138050317764
0.6219027042388916,0.3225761651992798,0.020123716443777084,0.04781714826822281,0.028596702963113785,0.1467687338590622,0.018838783726096153,0.059053756296634674,0.0005248900852166116,0.052323997020721436,0.033305324614048004,0.1331273466348648,0.13830937445163727,0.025251707062125206
0.6390889286994934,0.4331968128681183,0.13049666583538055,0.5753644108772278,0.18360625207424164,0.06457071751356125,0.33105388283729553,0.6455033421516418,0.33390721678733826,0.3253628611564636,0.14698103070259094,0.3075738549232483,0.484386146068573,0.08212084323167801
0.7319610118865967,0.5201621055603027,0.5516893863677979,0.4482520818710327,0.689577043056488,0.3318098783493042,0.5783376097679138,0.6436939239501953,0.33877795934677124,0.35629817843437195,0.4835347831249237,0.5972776412963867,0.6321165561676025,0.10868179798126221
