Care,Fairness,Loyalty,Authority,Sanctity
Harm,Cheating,Betrayal,Subversion,Degredation
0.004508110928926237,0.004099269354385459,0.004132179688264676,0.006146146804060384,0.005905385519629682
-0.03286196430373978,0.4401326882598837,0.15451663587265108,0.1340443492620098,-0.32851308051096884
