Care,Fairness,Loyalty,Authority,Sanctity
Harm,Cheating,Betrayal,Subversion,Degredation
0.003670000957079194,0.004207470891138625,0.0034560902555404024,0.005045425110571612,0.004485187268169134
0.1418401912030025,0.3624909193519996,0.2797240228315032,-0.021335915108804948,-0.23390695352619184
