Care,Fairness,Loyalty,Authority,Sanctity
Harm,Cheating,Betrayal,Subversion,Degredation
0.003630553112033391,0.0045960673289822925,0.0033162081705432047,0.0049900011225593646,0.004857905306973571
0.011674965394358638,0.30255524075376017,0.21337234727083865,0.008403029599609368,-0.3838122014594241
