Care,Fairness,Loyalty,Authority,Sanctity
Harm,Cheating,Betrayal,Subversion,Degredation
0.003804675854545267,0.0059717436115607194,0.0031317936256062173,0.005298413229966396,0.004261271857959149
-0.09047082536827988,0.6099579995159761,0.3803442460938089,0.3171755204298694,-0.04634685018778917
