Care,Fairness,Loyalty,Authority,Sanctity
Harm,Cheating,Betrayal,Subversion,Degredation
0.002461838956236178,0.0038623983065757413,0.0036623848819090743,0.00693736570107223,0.004024094958815068
0.47569700960524686,0.6762409256364319,0.9031825319566638,0.6478739401375797,0.20775363029487437
