Care,Fairness,Loyalty,Authority,Sanctity
Harm,Cheating,Betrayal,Subversion,Degredation
0.0049313754407143365,0.004822124607530049,0.004353435339477024,0.005513469532548047,0.006062704085435236
0.012676500405384816,0.35894508780992607,0.3020028516271389,0.0388332897545014,-0.2476844614706304
