Care,Fairness,Loyalty,Authority,Sanctity
Harm,Cheating,Betrayal,Subversion,Degredation
0.004039257122242912,0.005219236560029493,0.004070513817650425,0.005319013943675021,0.0055358469110665725
0.06461760800275163,0.372596130862235,0.301769907105885,0.0018106588663144851,-0.2162710507509814
