Care,Fairness,Loyalty,Authority,Sanctity
Harm,Cheating,Betrayal,Subversion,Degredation
0.0036971248365387024,0.003728972431746628,0.0034825505412859935,0.0046169213356033415,0.005048578605173636
0.03834895777679859,0.33252756554508256,0.3731333619099457,0.09636205500484385,-0.04962280468171176
