Care,Fairness,Loyalty,Authority,Sanctity
Harm,Cheating,Betrayal,Subversion,Degredation
0.0042825061105673115,0.005478335079148357,0.004331774381120962,0.006405924718792969,0.005136753267871617
-0.2376085279437039,0.25880895297628115,0.2162656819260902,0.16759873460614294,-0.1290891440378148
