Care,Fairness,Loyalty,Authority,Sanctity
Harm,Cheating,Betrayal,Subversion,Degredation
0.003301616014276561,0.008008680768972543,0.004038873120202205,0.006938568372567672,0.005162228432288287
-0.026996442761827555,0.3568491605011981,0.19774199238486756,0.014886299443703122,-0.46133395244359787
