Care,Fairness,Loyalty,Authority,Sanctity
Harm,Cheating,Betrayal,Subversion,Degredation
0.006167048118025126,0.005385767955987749,0.004642587783359399,0.007835538823245423,0.006407287976896648
-0.1392475177226674,0.3677858411031487,0.31236911635499265,0.35316050858602144,-0.0963152726552553
