Care,Fairness,Loyalty,Authority,Sanctity
Harm,Cheating,Betrayal,Subversion,Degredation
0.0051861485687488326,0.004328391474010568,0.004457851788335924,0.00537612380469421,0.006288816826766988
-0.01644762526854726,0.13019178495768524,-0.05489161435270162,-0.20701136997812197,-0.27604222842382753
