Care,Fairness,Loyalty,Authority,Sanctity
Harm,Cheating,Betrayal,Subversion,Degredation
0.004830410205170184,0.004547533970569659,0.005300002404977488,0.006388770581696477,0.006574759423664552
0.0041059418061877295,0.15760690621438012,-0.04308840428391458,-0.12738407585580747,-0.18880183975225906
