Care,Fairness,Loyalty,Authority,Sanctity
Harm,Cheating,Betrayal,Subversion,Degredation
0.005631974422694661,0.005131888038309315,0.004816206370996163,0.0065272859961694645,0.008192824470246204
-0.03731409601938063,0.12515425611579922,-0.04952577081811771,-0.1099075352158726,-0.19563953347051377
