Care,Fairness,Loyalty,Authority,Sanctity
Harm,Cheating,Betrayal,Subversion,Degredation
0.005389919072463478,0.005051864770627415,0.005213769274178336,0.005703862110862071,0.006414375367921943
-0.049597056667666894,0.07773097778398896,-0.06822670654995067,-0.14480135575895658,-0.14123446881414858
