Care,Fairness,Loyalty,Authority,Sanctity
Harm,Cheating,Betrayal,Subversion,Degredation
0.004972960424427778,0.004129367611101381,0.004050530451444271,0.005223018700967942,0.005724870448920794
-0.0021665438957416683,0.14246983625905685,-0.07951141782834015,-0.25031296848303775,-0.3620824022692589
