Care,Fairness,Loyalty,Authority,Sanctity
Harm,Cheating,Betrayal,Subversion,Degredation
0.0030212924,0.14994702,0.04445806,0.060437642,0.024222193
0.11060165,0.12824823,0.0020537693,0.17826615,0.09984428
-0.07555277,0.029068297,0.0069906283,-0.02452855,-0.056719784
