Care,Fairness,Loyalty,Authority,Sanctity
Harm,Cheating,Betrayal,Subversion,Degredation
0.08191096,0.06812664,0.053887896,-0.0020327847,0.10103877
0.11578676,0.057821557,0.05638114,0.027941959,-0.0059527494
0.040806457,-0.009720154,-0.00556909,-0.00029957504,0.019073334
0.039626226,0.027974464,-0.022747306,-0.016049929,-2.932176e-05
