Care,Fairness,Loyalty,Authority,Sanctity
Harm,Cheating,Betrayal,Subversion,Degredation
-0.0014312146,0.04859765,-0.019238614,0.011008862,-0.08793521
0.004546987,0.10804216,0.11855663,0.09768494,-0.0057975594
0.023559825,0.14933676,0.066773534,0.07278273,0.033800825
0.18475902,0.11933728,0.23682751,0.09392686,0.14182717
0.005118216,0.019250603,-0.0036944645,-0.029920876,-0.06656953
