Care,Fairness,Loyalty,Authority,Sanctity
Harm,Cheating,Betrayal,Subversion,Degredation
0.019702518,0.064543426,0.0075937416,-0.12561461,-0.06310918
0.0024318453,0.11006074,0.023600824,-0.017203059,-0.026692465
-0.08945817,0.103942774,0.0015416369,-0.026594017,-0.03528638
-0.1363612,0.07171553,-0.02672058,-0.054056123,-0.075045094
-0.041792043,0.020200174,-0.034661125,-0.17890663,-0.09130992
-0.07555277,0.029068297,0.0069906237,-0.024528556,-0.056719784
