Care,Fairness,Loyalty,Authority,Sanctity
Harm,Cheating,Betrayal,Subversion,Degredation
-0.101009354,0.17987435,0.073621124,0.03519285,0.06677561
-0.07555275,0.02906826,0.006990526,-0.024528677,-0.056719802
