Care,Fairness,Loyalty,Authority,Sanctity
Harm,Cheating,Betrayal,Subversion,Degredation
0.02853389,0.08803113,-0.0069997692,0.036555763,0.00076971576
-0.044292342,0.06057661,-0.0029884758,-0.0603124,-0.014980514
0.017456166,0.09877598,-0.0064764824,-0.015602513,0.034291826
-0.07555277,0.029068297,0.0069906237,-0.024528556,-0.056719784
