Economic,Capacity,Morality,Fairness,Legality,Policy,Crime,Security,Health,Quality,Cultural,Public,Political,External
0.9832774996757507,0.851812481880188,0.220884308218956,0.2682007849216461,0.23024708032608032,0.7847466468811035,0.05803579464554787,0.545905590057373,0.011310676112771034,0.5900527834892273,0.22186605632305145,0.9078940153121948,0.5852529406547546,0.08542709797620773
0.5272667407989502,0.9138709306716919,0.002351399976760149,0.02146504819393158,0.03348461911082268,0.23123052716255188,0.0019766660407185555,0.42546898126602173,0.00012375778169371188,0.16637489199638367,0.022211171686649323,0.27877581119537354,0.07604369521141052,0.004894237499684095
0.14915475249290466,0.5541489720344543,0.03472163528203964,0.031609296798706055,0.0472383014857769,0.10293658077716827,0.04101656749844551,0.03632688894867897,0.0005132359801791608,0.28289085626602173,0.04888482019305229,0.6045970916748047,0.8999965190887451,0.03534392639994621
0.2883916199207306,0.8077539801597595,0.0009785740403458476,0.047518689185380936,0.05241043120622635,0.07362084090709686,0.004618494771420956,0.10935232043266296,0.000360470381565392,0.0665803924202919,0.008923421613872051,0.023253731429576874,0.009018867276608944,0.0011266289511695504
0.7399232983589172,0.6936481595039368,0.006946843583136797,0.039156924933195114,0.06465845555067062,0.14065144956111908,0.005757846869528294,0.16012120246887207,0.0002870974421966821,0.07711781561374664,0.06500674784183502,0.07506899535655975,0.10790544748306274,0.04938320443034172
0.877784252166748,0.5898587703704834,0.12317484617233276,0.15620508790016174,0.5587462186813354,0.7511603832244873,0.18621647357940674,0.8651158213615417,0.0009087165235541761,0.6906254887580872,0.3682398498058319,0.4970698058605194,0.6163040399551392,0.7915052175521851
0.9905262589454651,0.8396467566490173,0.0248442143201828,0.08886472135782242,0.061442550271749496,0.44672372937202454,0.010818894021213055,0.23622380197048187,0.0007474946905858815,0.29874181747436523,0.08855190873146057,0.7208364009857178,0.04768788069486618,0.008908821269869804
0.7722862958908081,0.6307229399681091,0.5266932845115662,0.6731773018836975,0.5559995770454407,0.7573516368865967,0.4345135986804962,0.6471633911132812,0.30000409483909607,0.6876177191734314,0.38603585958480835,0.7843149900436401,0.6209322214126587,0.12626905739307404
