Economic,Capacity,Morality,Fairness,Legality,Policy,Crime,Security,Health,Quality,Cultural,Public,Political,External
0.8678686618804932,0.7061635851860046,0.4989315867424011,0.5681363940238953,0.33603635430336,0.8062491416931152,0.1558021903038025,0.6764430403709412,0.23093345761299133,0.6456481218338013,0.4671047627925873,0.5927739143371582,0.5367128849029541,0.1743336021900177
0.5652101039886475,0.5740545988082886,0.00463129673153162,0.029314259067177773,0.08452853560447693,0.20494960248470306,0.011720441281795502,0.09185473620891571,0.0008468551095575094,0.05200324207544327,0.14650337398052216,0.44868144392967224,0.23762208223342896,0.04066143184900284
0.8838668465614319,0.6042717695236206,0.12412092834711075,0.16523316502571106,0.039362359791994095,0.0881759375333786,0.00555290887132287,0.24171969294548035,0.0018925011390820146,0.27180784940719604,0.0400540865957737,0.10291555523872375,0.06095920503139496,0.03760521113872528
0.9267059564590454,0.8832838535308838,0.18144938349723816,0.5075135231018066,0.10733842104673386,0.6491595506668091,0.015629088506102562,0.14451317489147186,0.08641230314970016,0.5233150720596313,0.08017271757125854,0.20414136350154877,0.052574969828128815,0.02018970064818859
0.6552379727363586,0.5702998638153076,0.2413644790649414,0.28364497423171997,0.32143253087997437,0.40875479578971863,0.026703620329499245,0.09601505845785141,0.00893646851181984,0.5211766958236694,0.17813336849212646,0.5535117983818054,0.048187412321567535,0.040944844484329224
0.6658673882484436,0.5954197645187378,0.7094123363494873,0.6678267121315002,0.6452249884605408,0.4623759984970093,0.4717878997325897,0.7240194082260132,0.5253998041152954,0.6657240986824036,0.5252218842506409,0.8077363967895508,0.6381996870040894,0.1281721591949463
0.7168372273445129,0.6513420343399048,0.03357284516096115,0.01636982522904873,0.010336759500205517,0.599149227142334,0.002500860719010234,0.010145342908799648,0.0004994557821191847,0.1015995517373085,0.03592626005411148,0.42083504796028137,0.015728874132037163,0.014746641740202904
0.9031094312667847,0.9333420991897583,0.12242691963911057,0.49408668279647827,0.3325330317020416,0.208064004778862,0.04235972836613655,0.8971787095069885,0.6668014526367188,0.7121398448944092,0.1137576624751091,0.2266322821378708,0.1690412163734436,0.04111982509493828
