Economic,Capacity,Morality,Fairness,Legality,Policy,Crime,Security,Health,Quality,Cultural,Public,Political,External
0.9354868531227112,0.7516276240348816,0.2921432554721832,0.3271607458591461,0.44795283675193787,0.669372022151947,0.22668740153312683,0.7651302218437195,0.0258413664996624,0.5961058735847473,0.395678848028183,0.9254607558250427,0.9393389225006104,0.09623096883296967
0.9546738266944885,0.5890934467315674,0.01996244303882122,0.16032244265079498,0.18323561549186707,0.528416633605957,0.0722188651561737,0.13688571751117706,0.0020457094069570303,0.12153419107198715,0.11050739139318466,0.39002883434295654,0.6084815859794617,0.06525679677724838
0.5294842720031738,0.48241958022117615,0.05128026753664017,0.17521584033966064,0.20494969189167023,0.2428080290555954,0.016713149845600128,0.21004608273506165,0.003678599838167429,0.07531514018774033,0.07386766374111176,0.4816014766693115,0.27935895323753357,0.04513472691178322
0.7735151052474976,0.6394670605659485,0.07011128962039948,0.49081841111183167,0.23913443088531494,0.21108287572860718,0.07276599109172821,0.4253707826137543,0.06511672586202621,0.4421425461769104,0.24062754213809967,0.32101330161094666,0.24065685272216797,0.09600256383419037
0.8555108308792114,0.7155642509460449,0.11072796583175659,0.291987806558609,0.24285399913787842,0.23882101476192474,0.06954781711101532,0.2799593508243561,0.07835285365581512,0.3528461456298828,0.18442389369010925,0.45066890120506287,0.3387117087841034,0.1201556846499443
0.6435727477073669,0.6282768845558167,0.17967739701271057,0.663680374622345,0.5865697860717773,0.41813889145851135,0.40818044543266296,0.6935046911239624,0.38133570551872253,0.6444900035858154,0.3587981164455414,0.7958630919456482,0.7031565308570862,0.3333272635936737
0.683343768119812,0.48502248525619507,0.20155158638954163,0.45473217964172363,0.48288410902023315,0.1323755830526352,0.2668171525001526,0.7147572040557861,0.26658546924591064,0.48591348528862,0.25012290477752686,0.7536725997924805,0.6227009892463684,0.11051303148269653
0.6495633721351624,0.442050963640213,0.43198779225349426,0.37754252552986145,0.39250198006629944,0.062454987317323685,0.35663896799087524,0.7601779103279114,0.188088521361351,0.6237167716026306,0.2615543305873871,0.7668895125389099,0.7524615526199341,0.14631387591362
