Care,Fairness,Loyalty,Authority,Sanctity
Harm,Cheating,Betrayal,Subversion,Degradation
-0.015064076,-0.035868615,-0.07178113,-0.0680548,-0.10592738
0.058260173,0.10572963,-0.022896402,-0.0062230937,-0.02351081
-0.07351418,0.0033406066,-0.0731782,-0.10753988,-0.111152515
-0.05408336,0.01171522,-0.045328427,-0.029449932,-0.11339539
-0.071405396,-0.029433388,-0.08917417,-0.06884445,-0.11516591
0.029762642,0.075386934,0.009252573,0.025812164,0.029942108
0.06451972,-0.04421386,-0.0068005826,0.0029266477,0.021856744
0.013262699,0.048739195,-0.021458812,-0.06663634,-0.06506658
-0.14848928,-0.0673393,-0.21997702,-0.14153436,-0.07108015
0.07021445,0.112848,0.05993702,-0.0465538,0.009040779
-0.09820334,-0.012522571,-0.061685525,-0.2323911,-0.11302665
0.04635629,0.13150418,0.07755561,-0.08767582,-0.02981502
0.031602602,-0.007697502,-0.0044822963,-0.06694472,-0.0904326
-0.010416025,-0.069035366,-0.0040717144,-0.054296438,0.015145663
0.009897447,0.03612739,-0.008975749,-0.002422438,-0.08343754
-0.05320077,0.0065082777,-0.10036038,-0.028982082,-0.1347084
0.10489371,0.060965706,0.12053235,0.022465141,0.024193522
-0.045129105,-0.039853252,-0.11382428,-0.12314542,-0.07759203
-0.018299926,0.033425454,0.021237317,0.013345081,-0.083226755
0.044858545,0.04593309,-0.048220545,-0.041006908,-0.052652318
-0.0069835377,0.06766617,-0.007261581,-0.028718187,-0.062865175
0.050340585,0.044690218,-0.019856952,-0.031366095,-0.08785246
-0.05813528,0.019858701,-0.053759314,-0.08637423,-0.093333006
