Care,Fairness,Loyalty,Authority,Sanctity
Harm,Cheating,Betrayal,Subversion,Degradation
-0.022651017,-0.013417392,-0.054924898,-0.040957913,-0.10416311
0.07865739,0.08803015,0.046600558,0.09889194,-0.039041743
-0.009817664,0.0018540882,-0.054723274,0.0154073,-0.12615293
-0.07995256,-0.07212585,-0.1156611,-0.067233555,-0.08560832
0.008196923,-0.020965345,-0.03798054,0.010683417,-0.023447476
-0.08810217,0.0060057174,-0.04213409,-0.056575455,-0.065744445
-0.05461008,6.951718e-05,-0.010152537,-0.026772328,-0.028986868
-0.020741602,0.0893379,0.013264275,-0.041144226,-0.038537398
0.017373217,0.14676481,0.012146026,0.021958541,0.02003614
0.0076581603,0.028495174,0.085521996,0.04715185,0.006119653
0.04846435,0.085847065,0.032671183,0.011206423,-0.077295244
0.07871698,0.087016486,0.15956503,0.05258815,0.008262634
