Care,Fairness,Loyalty,Authority,Sanctity
Harm,Cheating,Betrayal,Subversion,Degradation
0.0050507374,-0.05797571,-0.09110221,-0.12349445,-0.11531494
-0.022064421,0.011830953,-0.06438727,-0.012667,-0.059768
-0.14340265,-0.022029229,-0.1576576,-0.090526134,-0.12514426
-0.024901507,0.056314103,-0.01271118,0.0056816284,-0.05244322
0.0026374366,0.0029331176,-0.11504872,-0.041891854,-0.06719987
-0.017694794,0.005246481,-0.008302307,-0.06833404,-0.07246502
0.059609033,0.043983433,0.0040747,-0.029021516,-0.08494928
0.034914933,-0.023240274,-0.018223926,0.0014321837,-0.035976194
0.1113802,0.020166783,0.008027586,-0.049010567,-0.019570453
-0.08216736,-0.017710447,-0.004177049,-0.023829268,-0.06484624
0.047017068,0.047492385,-0.06826082,-0.032441266,-0.040285964
0.0046830326,0.006735977,-0.07748232,-0.030311212,-0.17131808
-0.013494395,0.00329806,-0.076580696,-0.034821577,-0.10616286
0.0045650154,-0.015788643,-0.07150245,-0.0844665,-0.02813667
-0.010344809,0.021796301,0.042833503,0.048051693,-0.041556407
-0.13061908,-0.10637292,-0.1111875,-0.053559642,-0.19171488
0.08107078,-0.028879866,-0.075659305,-0.01019766,-0.08517218
-0.05007015,0.0066082515,-0.05516313,0.0062848376,-0.03391437
0.0077006146,-0.0290274,-0.083797246,-0.10633451,-0.09882098
-0.06263988,0.019967584,-0.04961245,-0.018967664,-0.11667906
-0.033484343,-0.0010256935,-0.10526208,-0.08375113,-0.124363706
0.02623934,0.0002633389,-0.0013509346,0.020021398,-0.05434341
0.02623934,0.0002633389,-0.0013509346,0.020021398,-0.05434341
-0.012380354,0.053701334,-0.046638805,-0.028466456,-0.09117477
-0.042724125,0.0048596426,-0.11099546,-0.062175967,-0.21971515
-0.03333298,0.04724688,-0.0671071,0.029529952,-0.116831794
0.020135015,0.01694396,-0.053338118,-0.016497862,-0.11225341
-0.114936985,0.001738891,-0.034110542,-0.021891808,-0.046166718
-0.056096986,-0.04918268,-0.09179926,-0.019557426,-0.05648773
0.031118296,-0.008480068,-0.034708682,-0.0068902494,0.020727465
0.11348998,0.03442888,-0.0070763957,-0.04123777,-0.0032630023
0.07535303,0.05343059,0.011935454,0.028994732,-0.03934257
-0.03025891,-0.007029526,-0.0584293,-0.008980846,-0.10510811
-0.02224077,0.006989507,-0.09220296,-0.08966726,-0.07924451
