Care,Fairness,Loyalty,Authority,Sanctity
Harm,Cheating,Betrayal,Subversion,Degradation
-0.063790396,0.0055411495,-0.10380399,-0.108224176,-0.20018354
-0.017039426,0.12219019,-0.005310146,-0.029081682,-0.027377747
-0.09057854,0.05171957,-0.060329355,-0.09639974,-0.11957588
-0.034455083,-0.024015525,-0.11814636,-0.08139546,-0.10831813
-0.02910409,0.103761725,-0.026281396,-0.0122914035,-0.12802231
0.044892993,0.021204112,-0.047595717,-0.03872734,-0.078155726
0.051530592,0.07475757,0.0518354,0.039975017,-0.0017901994
0.015321385,0.10105595,0.059919983,0.046588995,-0.05034783
-0.05205111,-0.0013965634,0.0012203106,-0.0154004125,-0.118662015
-0.058824554,0.09346421,-0.025374962,-0.019959215,-0.083737314
0.067762226,0.023008274,0.031156888,-0.0057495274,-0.13176104
-0.057225786,-0.009819524,0.07792454,0.06586514,-0.022967698
-0.056305215,0.023196086,-0.07068971,-0.08092198,-0.1798394
-0.08715562,0.014422389,-0.045735795,-0.0783631,-0.12879571
-0.053627905,-0.0168406,0.079469964,0.023697343,-0.09134187
-0.07804301,0.021582214,0.08927195,0.082085714,-0.02107004
0.04533658,-0.08079512,0.0065272567,-0.025216043,-0.058481485
-0.13400254,0.05527155,-0.029570943,0.007006068,-0.20189308
-0.05687189,-0.0521517,0.00039781258,-0.082548425,-0.0333693
-0.11045691,-0.013401225,-0.06916636,0.054406155,-0.08884148
0.020628236,0.018100034,0.053457435,0.016220517,-0.014740689
-0.02694684,-0.042995088,-0.06910475,-0.050468273,-0.20678958
-0.01126855,0.058387812,0.042375244,0.06667734,-0.084780425
0.07234869,0.027118837,0.051759806,0.01386543,0.008655272
-0.031848416,-0.030139368,-0.053114526,-0.038360436,0.0015177615
-0.067012504,0.0050236257,-0.16146663,-0.047872707,-0.10536445
-0.055229373,0.11742387,-0.066910505,0.025167724,0.0064113317
-0.010793043,-0.022875017,-0.048569016,-0.02133426,-0.01864008
0.081845805,0.025328504,-0.017316476,-0.027145062,0.04089445
0.033053853,0.040750816,0.022034053,-0.007145997,-0.061484363
0.01240487,0.045141693,0.027041554,-0.058057874,-0.1229934
-0.016816068,-0.059074707,-0.06949813,-0.041435435,-0.09477027
