Care,Fairness,Loyalty,Authority,Sanctity
Harm,Cheating,Betrayal,Subversion,Degradation
-0.08586526,-0.0020342935,-0.09148252,-0.08018132,-0.06384507
-0.058914684,-0.033641264,-0.13448942,-0.13388586,-0.0422445
-0.08722727,0.010992806,-0.049036987,-0.030873036,-0.03660021
-0.017210707,0.021975635,-0.02496697,-0.018784165,-0.052878603
0.014464431,0.027210288,-0.027255632,-0.02812402,-0.020850806
-0.044720713,0.03437368,0.016241694,0.0057222424,0.03203415
0.004746329,0.06446369,0.038145956,0.05149124,0.07970246
-0.0738053,-0.059314076,-0.12681554,-0.08434632,0.001256818
0.112035915,0.06242761,0.07169013,0.092274085,0.0877807
0.048162773,-0.008410789,0.06417893,-0.02179753,0.06767158
0.06940628,0.060147196,0.049090683,0.053810738,0.09828535
0.20272526,0.2038668,0.22502293,0.16057272,0.21860318
0.00082205795,0.03935018,-0.0006274227,0.07275635,-0.013479159
-0.052472442,-0.042835902,0.014513381,-0.033219688,-0.0589229
