Care,Fairness,Loyalty,Authority,Sanctity
Harm,Cheating,Betrayal,Subversion,Degradation
0.0198901,0.056961812,-0.023957504,-0.0418548,-0.11144325
-0.070286795,-0.052653685,-0.029151898,-0.07405743,-0.061584793
-0.035859488,0.078652464,0.016685152,0.020236356,0.04779064
-0.0030710949,0.054400127,-0.05099717,-0.006487011,-0.06796715
-0.006452858,0.015323119,-0.060480412,0.04407081,-0.17813505
-0.02322976,0.06298871,-0.069917396,0.054358125,0.09946281
0.026736418,0.15012723,-0.013116876,0.08257723,-0.060652267
0.0067076646,0.05121991,-0.07335025,-0.06871413,-0.07844187
-0.049187265,-0.050976396,0.034376793,-0.011249302,-0.04559837
-0.034282554,0.13984928,-0.052831497,0.0016516503,0.013373714
-0.036039226,0.16941862,-0.04847594,0.05439073,0.036624633
0.016560894,-0.009984195,-0.017456159,-0.054894634,-0.03893031
