Care,Fairness,Loyalty,Authority,Sanctity
Harm,Cheating,Betrayal,Subversion,Degradation
-0.0030301204,0.030322406,0.012685809,-0.023707803,-0.03263984
0.0020172512,0.05776286,0.029175278,-0.055854872,-0.076260015
-0.077553555,0.09742005,0.17248628,0.085361645,0.070263654
-0.027013976,0.034975424,0.028448317,-0.027426334,-0.010427367
0.002174737,-0.0057738326,0.041383408,0.028507665,-0.07051994
0.021347793,0.06259328,0.051764417,-0.010946412,-0.03762166
0.07002154,0.06691563,0.041054085,0.033965852,-0.054138012
0.00538739,0.055833645,0.0075846957,-0.068233036,-0.053516924
-0.07950083,-0.014340127,-0.004687752,-0.052529395,-0.12870437
-0.020126164,-0.0027372437,-0.0033572903,0.040340476,-0.03068371
0.05498068,0.11598204,0.19056989,0.18579102,0.07750094
0.023629352,0.081468284,0.07917382,-0.002024047,-0.039110646
-0.050014243,-0.005251469,-0.011104668,-0.049663153,-0.090414405
-0.074836895,0.051109683,-0.022735566,-0.06843936,-0.0723362
-0.2487472,-0.04817857,-0.20957437,-0.17619061,-0.19959915
-0.048414253,-0.061626915,-0.124782726,-0.03898259,-0.07711741
0.124014944,0.15599522,0.1157566,0.022287946,0.1310007
0.0078667905,0.0020148326,0.014388263,-0.027666083,0.048504528
-0.01677858,0.111093104,0.06922724,0.021973204,-0.028598947
0.028886538,0.0073250923,0.12685071,0.030491946,-0.031056836
0.0817634,0.022890614,-0.004011698,0.07053311,0.031936694
0.017099876,-0.009095028,0.04477695,-0.018891985,-0.039452694
-0.13692284,-0.022663012,-0.02239077,-0.044892635,-0.039160438
