Care,Fairness,Loyalty,Authority,Sanctity
Harm,Cheating,Betrayal,Subversion,Degradation
-0.014777509,0.078772664,0.007892758,-0.01851751,-0.010968981
-0.063029855,0.07403656,-0.020316659,-0.06229105,-0.10922396
0.0059166183,0.0758304,0.06166265,-0.0033753235,0.0012800442
0.02766642,0.02227702,0.012707878,-0.020039082,-0.017337963
0.0640567,0.0023530694,0.090209,0.022687241,0.012554783
-0.020936895,0.047082625,-0.015938979,0.079302855,-0.005515013
0.043502353,0.014922354,0.055079676,0.008501511,-0.027563762
0.08800153,0.0072174007,0.09418458,0.061100326,-0.03551216
-0.036961757,-0.06631359,-0.07005794,-0.040676706,-0.07701731
0.008128032,-0.005409899,0.06312853,0.012836204,-0.09798367
0.058886684,0.054863166,0.100198224,0.082616396,-0.02435901
-0.026190042,-0.03255974,-0.074551284,-0.08488992,-0.14164394
4.7435984e-05,-0.014098322,-0.0026303697,-0.048537113,-0.08043802
-0.021851912,-0.06253646,-0.13943854,-0.10454337,-0.13152042
0.017723864,-0.04678236,-0.05661486,-0.1223167,-0.094946876
-0.050008856,0.0033316575,-0.043809347,0.040752303,-0.02469156
