Care,Fairness,Loyalty,Authority,Sanctity
Harm,Cheating,Betrayal,Subversion,Degradation
-0.027696226,-0.020693388,-0.055533282,-0.11542073,-0.081397705
0.0012972541,0.0034953132,-0.064176835,-0.0612925,-0.10304458
-0.12276378,-0.012004809,-0.017518507,-0.03445261,0.025246011
0.031244634,-0.029564533,0.042277433,0.02517834,-0.009862017
-0.012207201,-0.003370054,0.02218102,-0.0013875808,-0.09089255
-0.0033815792,-0.008890994,0.008826951,-0.021826953,0.03499058
0.050936,-0.018557675,0.040848203,0.07167362,0.1307732
0.05980379,0.022381235,0.036769502,0.037631113,0.027698405
0.14649767,0.07522268,0.17776227,0.090243354,0.1593947
-0.07332552,0.039635617,-0.05622267,-0.0510968,-0.05538463
-0.06959891,0.024891883,-0.03587357,-0.1368321,-0.041732706
-0.047860835,-0.010472961,0.041253775,-0.010496222,-0.11259701
-0.0041844733,0.0124609005,-0.00035171863,0.0161157,-0.01856178
0.035267137,0.043160252,0.063761465,0.02208223,-0.06168443
0.05844641,0.0708882,0.08718416,0.07792271,0.045638196
