Care,Fairness,Loyalty,Authority,Sanctity
Harm,Cheating,Betrayal,Subversion,Degradation
-0.08772123,-0.041403208,-0.06535371,-0.112320945,-0.14170326
-0.02082349,0.09385641,0.014145855,-0.029272284,-0.028795205
0.12909201,0.1337362,0.10420409,-0.00830389,0.07892682
0.048623838,0.034520134,0.081475124,0.006561244,0.0107644
0.040764365,0.17070252,0.1573799,0.01997085,0.080898345
-0.029981092,0.017887762,-0.016902477,-0.077250436,-0.101842865
0.06081088,0.023202652,0.06064412,-0.026813496,-0.01966504
0.026319781,-0.011313053,0.015381154,-0.07514821,-0.07764294
-0.07223493,-0.06657326,-0.09171515,-0.091444165,-0.14330688
0.01945942,0.018174974,0.018781628,-0.02550758,-0.026160153
0.05710963,0.033401895,0.06292678,0.063506424,0.0005371785
-0.07059012,0.023255244,-0.067806035,-0.05324082,-0.08654651
-0.086424716,-0.05879642,-0.11064526,-0.07817457,-0.19204131
-0.06743309,0.02693615,0.014282591,-0.08510447,-0.060792953
-0.0023121536,0.030767247,0.038796417,-0.041151207,-0.067285635
-0.009386168,-0.020620637,-0.018418055,-0.04532582,-0.1772463
0.056489147,-0.014743635,-0.017533492,-0.03480395,-0.11576483
0.04913868,0.20770633,0.13457093,0.18984081,0.0578335
-0.07214822,0.03964079,-0.049232785,-0.052750353,-0.09347968
-0.10105596,0.032723803,-0.057939548,-0.03536489,-0.1260168
-0.0026452076,0.08362682,-0.049158998,-0.059269924,-0.09726117
0.013566396,0.054857247,0.031167304,0.07520784,0.091641255
0.066044465,0.09456591,0.007364493,0.03886557,0.058426566
0.17878461,0.08904191,0.18105507,0.06775584,0.19596916
-0.0067303404,0.019026991,0.052390344,-0.009306386,0.040427573
