Care,Fairness,Loyalty,Authority,Sanctity
Harm,Cheating,Betrayal,Subversion,Degradation
-0.05022172,0.041684337,0.011873987,-0.03826607,-0.13512623
0.03775115,0.046454348,0.08125305,-0.023728337,-0.07084711
-0.08811679,-0.008072911,0.0097814975,-0.027184542,-0.12397033
-0.0842261,-0.04036041,-0.04572483,-0.114821866,-0.24319384
0.015612859,0.06101939,0.017523158,-0.05001199,-0.032611817
0.03996309,0.11082022,0.06212695,0.035835017,-0.0147679895
-0.016513888,-0.028881095,-0.038038317,-0.06407589,-0.061638705
-0.024196286,0.05201562,-0.0381409,-0.0026471373,0.054638464
-0.019384727,-0.04078861,-0.06275788,-0.06492731,0.03536623
-0.045559086,0.008249335,-0.041696522,-0.07834686,-0.06779271
0.14193666,0.17387354,0.11945103,0.1648906,0.03386517
0.06441071,0.07588352,0.12820083,0.021929365,0.0005581938
-0.12859802,-0.12201872,-0.071703985,-0.15871401,-0.27192616
0.049358733,0.0704409,0.04637097,0.055671815,-0.068525106
0.006271353,-0.09062445,-0.060019214,-0.08823709,-0.0860198
0.06918962,0.031425934,0.1199701,0.058068305,-0.01849941
0.06347626,0.09115183,0.016506061,-0.03030932,-0.097325474
0.0049863597,-0.01653027,0.0040618256,-0.05217173,-0.11967312
-0.069001585,-0.024244396,-0.069115445,-0.15983847,-0.11065549
-0.029106883,-0.03058537,-0.039153192,-0.016423184,-0.12440561
0.043593884,0.046375133,-0.023595199,-0.024985587,-0.033185545
0.0014071446,-0.042474493,-0.058171783,-0.0898133,-0.11286834
