Care,Fairness,Loyalty,Authority,Sanctity
Harm,Cheating,Betrayal,Subversion,Degradation
-0.026777204,-0.0035405308,-0.026444852,-0.020888537,-0.052698635
0.06517346,0.07354837,0.009815535,0.0027965829,0.0012675095
0.06060775,0.035413615,-0.014366276,-0.030221814,0.0004946962
-0.07364635,-0.07348548,-0.15707299,-0.1254915,-0.18844005
-0.04976469,-0.060419023,-0.055306435,-0.045332834,-0.05417291
-0.018905412,-0.038301192,-0.11812853,-0.09107248,-0.08161
-0.034829125,0.018743716,-0.039373428,0.044766575,0.003412187
0.10087034,0.11536375,0.11778268,0.05837421,0.09620631
-0.015925318,0.06806986,0.036560934,0.08386685,0.07473279
0.08915706,0.04141948,0.08702797,0.055991102,0.05638473
-0.06901473,0.020548552,0.0069079837,0.092387155,-0.030257367
0.107260615,0.048789103,0.079662025,-0.0076804534,-0.016897768
0.051636115,0.07768494,0.06649256,0.07251918,0.013012737
0.055663683,0.030318227,0.01956267,-0.09901847,0.018833527
0.02858378,-0.0048696417,0.028286915,0.027611515,-0.015457757
0.059738502,0.13832323,0.1379059,0.15997912,0.17655942
-0.015774067,0.016040493,0.008026359,-0.007422952,0.032691527
0.019747239,0.088231474,0.14559628,0.095218465,-0.008009607
-0.020298356,0.069807224,0.08824231,0.037310485,-0.004193565
-0.038734213,-0.08685935,-0.031694017,-0.05111576,-0.1348113
0.09135381,0.07317944,0.015596508,-0.103955254,-0.05624281
0.07691455,-0.040119812,0.011459373,-0.073317125,-0.01346086
0.1412056,-0.011644706,0.06515833,0.008016455,-0.08520625
-0.046741016,-0.011977412,0.002137863,-0.081167564,-0.12632704
0.07045607,0.0060073435,0.06679292,0.015164178,-0.012097978
0.059513494,-0.021689791,0.07709495,-0.0011644773,-0.0662765
0.02623939,0.00026330724,-0.001350834,0.020021424,-0.05434332
0.02623939,0.00026330724,-0.001350834,0.020021424,-0.05434332
0.06580582,0.0267421,0.043944515,-0.036375184,-0.045693435
0.07108421,-0.097675696,0.030344889,-0.105797455,-0.03327337
-0.018375527,0.016803574,-0.02457096,-0.10834831,-0.11282476
