Care,Fairness,Loyalty,Authority,Sanctity
Harm,Cheating,Betrayal,Subversion,Degradation
0.060146324,0.099150226,-0.00017987983,-0.010554321,-0.02685217
0.05832839,-0.062230073,0.015627671,0.03239117,-0.11413455
0.020287225,0.14221561,-0.012566116,-0.022753512,-0.053555172
0.08098195,0.068612956,0.058065645,-0.0257027,0.011333324
0.007499891,0.08522856,-0.07088185,-0.01546473,-0.025925066
-0.0071246326,-0.03497541,-0.061757594,-0.034960046,-0.14144391
-0.08404817,0.07726464,-0.08011116,-0.07199395,-0.12058036
0.0060854508,0.09098575,0.026755601,0.06197192,0.03636152
-0.07235703,0.039394267,-0.079214185,-0.0878388,-0.16052741
-0.056908224,0.02085906,-0.064767085,-0.047177143,-0.12490611
-0.04652322,-0.10541119,-0.07087204,-0.093404174,-0.12999058
-0.073268,-0.047420032,-0.016151503,-0.030010022,-0.06899132
0.09852201,0.04691771,0.09012139,0.05669135,0.018313922
0.11967538,0.0766973,0.047307305,0.043822303,0.08611286
0.1399797,0.07195473,0.11966448,0.06325501,0.034424033
0.04566794,0.03505561,-0.034030423,-0.0105555225,-0.09703939
0.09625319,0.10352239,0.11436752,0.050385855,0.03911785
0.043022323,0.037832018,0.01723434,0.0043535875,-0.10168031
-0.078150466,-0.024832727,-0.056080718,0.002965495,-0.09459394
-0.103218965,-0.021117022,-0.046819318,-0.0104909465,-0.14408302
-0.018780556,0.0471999,0.09125985,-0.013842775,0.004101429
0.085794225,0.11306619,0.14071596,0.12987186,0.07412856
0.033448003,0.038671628,0.08569139,0.017615471,0.07069695
0.011966135,0.005553532,0.010761468,0.04321251,0.014439927
0.20972747,0.10411669,0.14519021,0.015761837,0.12585233
-0.03070555,-0.08671279,-0.033371784,0.03505285,-0.07472046
-0.115756765,-0.021197949,-0.14580086,-0.107639536,-0.08703926
0.014777437,-0.043567184,0.0052515864,0.0029887818,-0.065447964
0.046939835,0.04063107,0.11998992,0.038264625,-0.02898282
-0.055349108,-0.072462596,-0.060128637,-0.037436,-0.12877719
0.08723741,0.116151504,0.053216185,0.021600941,0.06298873
