Care,Fairness,Loyalty,Authority,Sanctity
Harm,Cheating,Betrayal,Subversion,Degradation
0.06227298,0.013909911,-0.06920472,-0.10203718,-0.123643436
-0.0724845,-0.0123088285,-0.037860632,-0.0629936,-0.034576662
-0.017998047,-0.008773074,-0.030424051,-0.09120649,-0.19507381
0.030371286,0.014865356,0.034892596,-0.027836291,-0.15421146
-0.023829825,0.012540042,0.033540323,0.045034263,-0.09131677
0.07620971,0.06293412,0.056469344,0.05710177,-0.105578974
0.04013592,0.06002189,0.108040795,0.030307291,-0.07781271
0.090149775,0.038064238,0.058162007,0.047714688,-0.038761735
0.020510193,0.09129898,0.029214537,-0.0011583269,-0.023195168
0.069257505,0.015804784,0.101907365,0.013432136,-0.009672346
0.043800127,0.012502776,0.009488149,-0.014698024,-0.09745497
-0.00313434,-0.011410719,-0.09321421,-0.078706294,0.042852357
0.015825205,0.034599643,0.0026596822,-0.06298877,-0.08359115
0.009789828,0.10975292,0.07792582,0.03253091,-0.005669996
-0.0026970394,0.027721856,-0.039722726,-0.06761725,-0.030309588
0.090718485,0.027986126,0.121348776,0.010939617,0.01631705
0.07851693,0.09469563,0.12585686,0.056235045,0.031647585
0.09766176,0.10419527,0.093106486,0.010801631,0.062369082
-0.016923837,0.052990984,0.014851527,-0.01976405,-0.027747396
-0.06342956,-0.06562897,-0.043283515,-0.09593118,-0.009944533
-0.02568999,-0.082664534,-0.07637548,-0.17735726,-0.18017553
0.022327933,0.09363255,0.049026348,0.038622044,-0.03099623
0.031508513,0.025951676,0.035254538,-0.015904795,-0.07509656
0.06820737,0.03405846,0.03514589,-0.051642463,-0.051160146
0.0068630194,-0.044622254,0.04162138,-0.010301526,-0.0675871
-0.00973459,-0.007457478,0.060897507,-0.017032837,-0.10431875
-0.042669483,-0.020210389,-0.08644319,-0.069869995,-0.16420951
-0.09145219,-0.03559869,-0.046288237,-0.07687336,-0.11711627
0.080854625,-0.04791727,-0.038918275,-0.057997473,-0.017870445
-0.0911548,-0.14176396,-0.1950793,-0.14162198,-0.21335137
-0.099457845,-0.13042235,-0.003813631,-0.016786523,-0.06613812
0.048756804,-0.039449617,0.13035074,0.03615403,0.059814032
0.10412129,0.10522663,0.09253989,-0.015969943,0.1281277
-0.021464955,0.0960038,0.13987955,0.08267152,0.0041185915
0.061523598,0.026377186,-0.032176647,0.031169673,-0.103963345
0.04045652,-0.07413869,-0.06260465,-0.05901971,-0.23326562
0.11430225,0.051463995,0.11536119,-0.02592856,0.046099994
-0.002421877,0.08802137,0.0123569295,-0.03942537,-0.06636449
