Care,Fairness,Loyalty,Authority,Sanctity
Harm,Cheating,Betrayal,Subversion,Degradation
0.03414904,0.080038056,-0.04464204,-4.567392e-05,-0.013902603
-0.049414054,0.05136744,-0.05526607,0.014983317,0.045774043
0.0018201843,0.04899673,-0.005657623,-0.051418014,0.00014088769
0.059986927,0.034448817,0.04359979,-0.033632904,0.010554418
-0.06801299,0.031955376,0.096138015,0.09647721,0.046955034
-0.028247358,0.10649029,-0.03152893,-0.047024745,-0.011373587
