Care,Fairness,Loyalty,Authority,Sanctity
Harm,Cheating,Betrayal,Subversion,Degradation
-0.06708835,0.02585788,-0.059132084,0.00096724555,-0.04594635
-0.0051600253,0.027859036,0.048935354,-0.027781803,-0.066201404
-0.16512209,0.039142087,-0.08728315,-0.046162702,-0.08919071
-0.023015248,-0.102699116,-0.15182005,-0.03271281,-0.011745304
0.034720886,0.01212004,0.045120947,-0.08519769,-0.031651467
0.056033373,0.09809828,0.15589061,0.090399176,0.11031067
-0.005013928,0.041727792,0.06511312,0.024131062,0.032206282
0.040826514,0.0976137,0.106974244,0.08562006,0.07233955
0.028421694,0.01921214,0.060479343,-0.014275137,0.0034584645
-0.032396372,-0.023728114,-0.04952398,-0.08994657,-0.04875494
-0.028494073,0.04368469,0.04419613,0.02066504,0.0078062136
0.037835397,-0.0051927175,0.013377203,0.07242769,0.072325505
-0.04096707,0.0004044585,-0.011125542,-0.027972335,-0.05355481
-0.0032656877,0.06396046,0.07324356,0.0069345813,-0.035064474
-0.032462236,0.10441102,0.11502288,0.02961249,-0.039259233
-0.03756607,0.06083921,-0.0024310164,-0.061171625,-0.13278092
-0.03697893,0.0722239,0.072575904,0.08113013,-0.054797478
0.058366485,0.057927124,-0.039604537,-0.02359964,0.031154802
0.05666679,0.09086391,0.086604595,-0.034025215,-0.059517305
-0.020591512,0.06515744,0.061646264,-0.020090176,-0.052025508
0.010226366,0.018793244,0.030338133,-0.04718177,-0.013532098
