Care,Fairness,Loyalty,Authority,Sanctity
Harm,Cheating,Betrayal,Subversion,Degradation
-0.050556995,-0.0062742857,-0.017151121,0.021342825,-0.050946753
-0.03056814,-0.010783359,0.0023266263,0.10187108,-0.0024898835
-0.0009921254,0.08397603,0.11797948,0.074489206,-0.0040170457
0.047824167,0.10943925,0.06266374,0.100271925,0.108669624
0.20161913,0.13488874,0.18284431,0.07033369,0.10396962
0.025311064,0.07515258,0.041377027,0.035214256,0.022438386
-0.14177015,0.008071242,-0.06109163,-0.051723663,-0.11274426
0.007979214,0.05139451,0.060560685,0.0483529,0.055434834
0.043800093,0.085917905,0.10399231,0.06201122,0.03399083
0.047268137,0.06965823,0.08476822,0.0126585085,0.07904281
0.10646078,0.09632629,0.049672443,0.0437352,0.07462096
-0.23755667,-0.05136239,-0.014881132,-0.035968855,-0.12731671
-0.069853,-0.05729021,-0.032080036,-0.01484391,-0.112233974
0.035425268,0.06824763,-0.027962655,0.05542177,0.04027598
-0.07001144,-0.02280265,-0.050701156,0.0033036238,-0.057676096
-0.14732458,0.0027464349,-0.039931282,-0.03283654,0.012328195
-0.08154896,-0.066411145,-0.11831622,-0.07854155,-0.17479742
-0.11355877,-0.053006656,-0.16272348,-0.07055959,-0.032825924
-0.015053977,-0.033904612,0.05142198,-0.039654776,0.0034457957
0.13709344,0.1344751,0.14563307,0.07358554,0.14918908
0.038467325,0.1832362,0.083218426,0.0060811304,0.030048156
-0.10585226,-0.08907358,-0.045639828,-0.03871365,-0.109004706
-0.016515741,-0.046512704,-0.066967264,-0.09925267,-0.07012889
0.013907585,0.07242758,0.07430369,-0.047867976,-0.06260765
-0.021430288,-0.08706846,0.033608105,0.07878039,-0.060112424
-0.001363419,0.10445194,0.09311557,0.08384643,0.020304695
-0.09971864,-0.01063128,0.032023076,0.012897688,-0.011347969
-0.06340565,-0.06792135,0.040714186,-0.035511144,-0.14715289
0.0029891059,0.009959967,0.103908435,0.070865884,-0.06255404
-0.07894947,0.037024893,0.013714608,-0.06730648,-0.0407002
-0.04774055,0.10805076,0.07359977,0.073621444,-0.03852005
0.04872206,0.06365033,0.05513379,0.042748556,0.0014040563
-0.010502594,0.09444846,0.06467998,0.11527978,-0.018396653
-0.013170317,0.03407617,0.03548105,0.009429807,-0.06063018
