Care,Fairness,Loyalty,Authority,Sanctity
Harm,Cheating,Betrayal,Subversion,Degradation
-0.0015358282,0.10346332,-0.031674102,0.04140553,-0.06226669
-0.10374054,-0.0020789355,-0.12305899,-0.08058532,-0.110780075
0.06612457,0.14331484,-0.024559343,-0.02749327,-0.03014109
0.043203827,0.0056427326,0.010609098,0.014219647,-0.05471143
-0.09469973,0.009123687,-0.068796374,-0.077828646,-0.06029486
-0.103192806,-0.07109845,-0.13874036,-0.10403639,-0.097075015
0.032537844,0.008324357,-0.06909755,-0.022843037,-0.07017627
-0.105539344,-0.034824155,-0.11640626,-0.14884625,-0.15562524
-0.122254126,-0.099207744,-0.08777258,-0.071612,-0.09944345
-0.03363779,0.021795034,-0.062188014,-0.120677516,-0.14602159
0.048345853,0.02245236,-0.101509735,-0.06371392,-0.0029867962
0.039519943,0.06504344,-0.02488372,-0.059375424,0.046805743
-0.015404753,0.064014,-0.032690674,0.07580863,-0.008323513
0.005467646,-0.015666911,-0.08960098,-0.026862083,-0.05340618
0.030738872,0.02137506,0.014688782,0.020252584,-0.01393559
-0.028179523,-0.03255824,-0.06646634,0.005494264,0.012469918
0.022365632,0.016409466,0.0516335,-0.0005234666,0.007880591
0.081260495,0.029897474,-0.066640556,-0.08118926,-0.010805842
0.06404234,0.054459363,-0.025152657,0.09737776,0.019026978
0.07966142,0.090813145,0.10445963,0.04279335,-0.01463983
0.044115104,0.041825518,0.07716306,0.040641762,-0.07305539
-0.09523046,-0.05138074,-0.08726989,-0.09251795,-0.18509217
0.05780518,0.030219609,0.019710924,0.023126448,-0.0133429915
0.04214885,0.10003565,0.014865976,-0.018348623,0.073187076
0.001911683,-0.024651067,-0.11711484,-0.07435896,-0.085066795
0.10524384,0.07622611,0.038542155,-0.035422355,0.03919099
0.009746974,0.16329011,-0.0070596756,0.04019612,0.033451527
-0.0106593445,0.059989333,-0.00079930853,0.1299432,0.07748614
-0.06498144,-0.0031319,-0.021310199,0.07409422,-0.11482697
0.00025973935,0.08449755,-0.017935473,-0.07707381,0.024548102
-0.069232374,0.035101786,-0.051384214,0.019575566,0.08236831
0.07071845,-0.03024958,-0.038533702,-0.06497432,-0.10177593
