Care,Fairness,Loyalty,Authority,Sanctity
Harm,Cheating,Betrayal,Subversion,Degradation
-0.09479321,0.01704511,-0.13106488,-0.063329965,-0.18071753
-0.079334125,-0.0100144055,-0.0771613,-0.11519793,-0.17959008
0.020142237,0.00534741,-0.07320476,-0.038647216,-0.020492138
-0.09633647,0.032310884,-0.038106646,-0.06597779,-0.10812673
-0.13610214,-0.010419035,-0.107773975,-0.051603243,-0.1576957
0.053028915,0.017339945,-0.0035422668,0.012365896,-0.048202112
0.12629229,0.092446044,0.054697987,0.009348779,0.0979386
-0.032768786,0.054666176,0.041143425,0.028432537,0.021866117
-0.031897716,0.034597788,0.03401181,-0.028274592,-0.02408792
0.044207983,0.029630361,0.066078275,0.03305117,-0.070764996
-0.0397869,0.010334652,0.11688874,0.0041771354,0.025767006
-0.03341413,-0.0024790466,-0.021534609,-0.08854075,-0.09618006
-0.14435507,-0.07348735,-0.14343753,-0.025285918,-0.16309606
0.03605612,0.028710604,0.10170413,0.0726068,0.025656141
0.018525457,-0.09726641,-0.112860285,-0.05843118,-0.07449734
0.029405389,0.039859552,0.028183907,0.07061524,0.003034249
-0.1567635,-0.05804833,-0.10608643,-0.12924004,-0.20202199
-0.0031249784,0.05460153,0.0078738155,0.01019574,-0.017898083
-0.009120037,0.053029902,0.042026546,0.09414403,-0.00989715
-0.080816485,-0.12747353,-0.15604523,-0.13999715,-0.1385467
-0.068107106,-0.060953606,-0.006059929,0.05290687,-0.13122647
-0.03240983,-0.020680796,-0.08153067,-0.058372952,-0.19617234
-0.15168178,-0.058767628,-0.15902916,-0.05428796,-0.1280007
-0.011910373,-0.013088506,-0.020739075,-0.019359965,-0.07944428
-0.10154703,-0.04084023,0.014178198,-0.04915367,-0.033078242
0.043792374,0.13946769,0.09416114,0.037360884,0.0073888376
