Care,Fairness,Loyalty,Authority,Sanctity
Harm,Cheating,Betrayal,Subversion,Degradation
0.029422171,0.026189493,0.020875227,0.057743087,-0.023863126
0.0538705,0.015588769,0.04531686,0.0026994646,-0.026756952
0.081356086,0.042646926,0.059919238,0.07134706,-0.033609305
0.027858116,0.011965243,-0.009229891,-0.15615617,-0.074692994
-2.4929643e-05,0.0015621986,0.04860928,-0.013790708,-0.022214532
0.0022975262,0.022682285,0.03461361,0.046798967,0.037237264
-0.0006739758,-0.026665252,-0.018237686,-0.117350675,-0.043067474
0.05654118,0.08605503,0.076874234,0.033230536,-0.062152963
0.09052134,0.019160973,0.038348913,0.002018419,-0.024165072
0.026239263,0.00026322342,-0.0013509551,0.020021398,-0.054343425
0.026239263,0.00026322342,-0.0013509551,0.020021398,-0.054343425
0.055813733,0.006921415,0.029748868,0.007153976,0.004871674
0.027655989,0.024068356,0.09519042,0.0958707,0.023905735
0.09851259,0.03876409,0.024161682,0.036165193,0.036750007
-0.06320683,0.091513336,0.025917003,0.08355967,0.06087949
-0.17745006,0.014446611,-0.11484064,-0.10447192,-0.21153803
-0.16878125,-0.1327179,-0.12039258,-0.09088828,-0.23217687
-0.007138972,0.024946392,0.03191438,-0.009521607,-0.12269114
-0.062468246,0.03267359,-0.0012391619,-0.028979626,-0.08383367
-0.073373824,-0.098604694,-0.110256046,-0.121990964,-0.18826687
-0.154822,0.013908492,0.027299974,-0.0782474,-0.17856735
