Care,Fairness,Loyalty,Authority,Sanctity
Harm,Cheating,Betrayal,Subversion,Degradation
-0.034259368,-0.06486286,-0.0572865,-0.014056951,-0.057352833
-0.051105384,-0.1464772,-0.057764523,0.008991076,-0.09414185
0.022888765,-0.041067977,-0.0892827,-0.13329132,-0.13843375
-0.007321085,-0.07396032,-0.020481143,-0.036488913,-0.075071916
0.0047231913,-0.106937155,-0.012264017,-0.036252573,-0.09774224
0.03235111,-0.09953225,-0.07317924,-0.07643769,-0.04564661
-0.014246813,-0.066721834,0.031816274,-0.060237527,-0.07656473
0.011226432,0.09098889,0.08684341,0.06793876,0.00029211864
-0.02264526,-0.010532798,-0.009802608,-0.049237616,-0.08697748
0.0050153024,-0.059804916,0.03991256,0.02288981,-0.0047633536
0.05821617,-0.036495432,-0.022427393,0.032667752,-0.074171096
0.007930502,-0.017198427,-0.00856995,0.047056947,-0.0015488788
-0.007374903,-0.11557893,-0.034774706,-0.0061960183,-0.079550676
-0.035548102,-0.07506932,-0.10918204,-0.0093867425,-0.08718877
-0.033324637,-0.13411829,-0.15095791,-0.10626673,-0.1343303
0.06331718,0.013344422,0.0026202556,-0.019389091,-0.033075314
-0.0044315686,0.02214158,0.014146136,-0.08962242,-0.0018548649
0.04247838,0.063027404,0.016165804,-0.05306289,-0.101034194
-0.02316095,-0.008481795,-0.08289149,-0.1213662,-0.0025001839
-0.11999746,-0.022546973,-0.05028238,-0.18336797,-0.18036333
0.057237525,0.0011939928,-0.042333625,-0.044912614,-0.057240535
0.0028177556,-0.057432324,-0.05156703,-0.0990344,-0.14529315
