Care,Fairness,Loyalty,Authority,Sanctity
Harm,Cheating,Betrayal,Subversion,Degradation
-0.038197845,0.01873978,-0.05254992,-0.002034498,-0.047807816
-0.016396265,0.014107923,-0.034361415,-0.013928618,-0.06751929
-0.07525322,0.014644809,-0.030954592,-0.07101963,-0.059201166
-0.012066748,0.0021373923,-0.05412428,-0.082305,-0.091991335
0.019880893,0.08040242,-0.03318675,-0.0033747144,-0.069965534
-0.08743363,-0.15142749,-0.22521105,-0.25788116,-0.19698562
-0.033540722,0.059491843,-0.02030276,0.004419552,-0.11929314
-0.053500343,0.051005416,-0.053611733,-0.09366872,-0.18917707
0.050176695,0.03752197,0.018923393,-0.020957228,0.06397534
0.0129102245,0.040638465,-0.11456174,-0.12521866,-0.10891774
0.07031637,-0.1067628,-0.0210943,-0.060698025,0.041312907
-0.0691768,-0.14969364,-0.12746726,-0.09080586,-0.08816096
-0.03474862,-0.013056027,0.0029334035,0.054542325,-0.055726435
0.036440633,0.022678375,-0.054847874,-0.098064914,-0.12833461
0.08509916,0.022584844,0.02359158,-0.032202687,-0.012679341
-0.09584318,-0.047347143,-0.034229927,-0.059359647,-0.14910024
-0.07224999,-0.021849312,-0.10740352,-0.08551631,-0.17485127
-0.006148038,-0.03924814,-0.08864341,-0.11407965,-0.12181287
0.061370008,0.03167335,0.09428934,-0.053194795,0.00363525
-0.049981244,0.0102918465,-0.022667028,-0.029069282,-0.070552595
