Care,Fairness,Loyalty,Authority,Sanctity
Harm,Cheating,Betrayal,Subversion,Degradation
0.018126298,0.030140191,-0.03658296,-0.081836805,-0.09490065
0.06912649,0.07156043,0.02150559,0.025817614,-0.019220024
-0.0052540684,0.1607082,-0.017521363,-0.044027396,-0.068065435
-0.023437833,0.03211722,-0.024966083,-0.03365491,-0.09406982
0.11847173,0.03653895,-0.031979337,-0.06833219,-0.060259562
-0.05970574,0.079968676,0.0028344374,0.06707487,-0.07138444
-0.016099354,0.028595803,-0.0074168826,-0.08033726,-0.047592312
0.044492956,-0.040673014,-0.07995975,-0.069999136,-0.04147874
0.040254492,0.030710034,0.00029563438,0.0037057549,-0.061304346
-0.17413832,-0.021773444,-0.16433576,-0.07109033,-0.11560757
0.018514734,0.084666826,0.06215824,0.20109215,0.05718442
-0.029295724,0.055359162,0.1078898,0.12982471,0.05362054
-0.04299403,0.085722655,-0.053052533,0.03714788,0.025986457
-9.380281e-06,0.1220958,0.17091897,0.03823354,-0.023622816
0.012350984,0.04998094,0.019551385,-0.04726766,-0.11917743
-0.052653696,-0.14471185,-0.16074003,-0.120114625,-0.07119878
-0.05084593,-0.054878473,-0.03168304,0.038784314,-0.09035963
-0.00901576,-0.009639844,-0.017089019,-0.08504072,-0.1047824
-0.14732063,0.025730444,-0.066247135,-0.029684626,-0.14605615
-0.008129921,0.017727714,0.038035553,-0.0059100315,-0.056240227
-0.06365608,0.014647566,-0.10413348,-0.070701614,-0.06016705
-0.11657444,0.020959191,-0.02623621,0.025013328,-0.13700587
-0.08276361,-0.055813495,-0.014759643,-0.033345934,-0.14828387
-0.02645814,-0.009210774,-0.06903179,0.01644373,0.019267581
0.019717518,0.12827003,0.16559553,0.043399453,-0.013167014
-0.063166544,-0.023838693,-0.04860775,-0.051271565,-0.17704502
0.02682551,-0.030654263,0.058875263,0.15063593,0.0063698813
-0.10796045,-0.04641415,-0.023003863,-0.01443818,-0.07308258
-0.023779057,0.018173805,-0.054631043,0.0011451691,-0.07261694
0.04138103,0.09027144,0.081539676,-0.0015457869,0.033997703
-0.010644671,-0.046993725,-0.0017787963,-0.016848067,-0.12321654
-0.014680561,-0.036494125,-0.010925576,0.030038469,-0.010944821
-0.011535998,-0.02379827,-0.03805655,-0.10308284,-0.09864609
-0.052059826,0.0529047,0.017533273,-0.04095696,-0.0090703815
0.047420356,-0.03729402,0.046813447,-0.03689392,-0.085546225
-0.03052362,0.093687676,0.053915095,0.06474203,0.050416432
-0.0433986,0.010092806,-0.01274761,-0.015296693,-0.03403578
-0.074861676,-0.059604526,-0.16050348,-0.062245216,-0.10066266
0.039769493,0.099318705,0.045203492,-0.0053707976,-0.021949833
