Care,Fairness,Loyalty,Authority,Sanctity
Harm,Cheating,Betrayal,Subversion,Degradation
0.068263784,0.04199058,-0.06808077,-0.054608215,-0.07868243
-0.0553741,0.03019293,-0.02823411,-0.078764245,-0.10868511
0.016433496,-0.023212463,-0.05944191,-0.02196162,0.008307371
0.06601154,0.09593932,-0.060560003,-0.07473276,-0.040894885
0.04590665,0.02384713,-0.012109911,-0.13267437,-0.071156844
0.04608388,0.17244512,-0.00602917,0.024709629,0.087313
0.045475323,0.096328236,-0.07687878,0.029761959,0.05419153
0.056587093,0.09853123,-0.06157656,-0.0652145,-0.03463359
-0.038199224,0.08312321,0.0017937841,0.10984511,0.14145398
0.009784388,0.029467415,-0.11310824,-0.107275106,-0.043871995
0.010926907,-0.025651842,-0.08584656,-0.08931185,-0.17551921
-0.02166181,-0.061868593,-0.0444668,-0.13252178,-0.09864552
-0.14146635,-0.05882574,-0.1824559,-0.11692375,-0.27178487
-0.010229438,-0.061266754,-0.037421823,-0.024463683,-0.09188314
0.022506384,-0.01647693,0.010095356,-0.084572464,-0.014722154
-0.06195521,0.0075927395,-0.075135216,-0.04499925,-0.028919894
0.06353595,0.016892944,0.07980641,-0.067595795,0.07682341
0.04004234,0.08237703,-0.022327268,-0.021864377,0.055239916
0.017399367,0.06738857,0.006146847,0.032849737,0.042310208
0.028801704,0.057571772,0.10186267,-0.019187117,-0.0073077884
0.06749767,0.04914183,0.062149405,0.047012735,-0.10953365
0.1062084,0.13239029,0.14818917,0.14156285,0.08521416
0.029933954,0.11553706,-0.05386148,-0.040693093,0.0052390136
0.008577097,0.14226255,0.026531015,0.049786493,0.07641159
0.07866067,0.08449434,-0.04055722,-0.01574412,0.0061811637
0.09609607,0.06401404,0.035792917,0.04677695,0.047879543
-0.10395479,0.016578887,-0.103532165,0.022743776,0.031942308
0.06420182,0.17963207,0.039472934,0.046044983,0.014898278
0.14254402,0.16380394,0.11119501,0.043049484,-0.0058748517
0.09666488,0.05919556,0.025226887,0.050707683,-0.0024351384
-0.009172114,0.06791364,-0.031869624,-0.14115183,0.019350804
-0.024119977,0.071261205,-0.038590875,-0.09228095,-0.012299808
0.1035846,0.08235276,0.0190586,0.025785318,0.09099359
0.045285963,0.089939535,0.019055713,0.07664287,0.005460661
-0.020268854,0.100575194,0.046646297,0.09578052,0.12370988
0.010331924,0.058381397,-0.05800258,-0.008955786,0.017596534
0.049354963,0.018433845,0.018842341,0.0730876,0.08943812
