Care,Fairness,Loyalty,Authority,Sanctity
Harm,Cheating,Betrayal,Subversion,Degradation
0.097016476,-0.024812799,-0.037976623,-0.013036223,-0.03668598
-0.012134444,-0.013680808,-0.17083241,-0.09588083,-0.02707808
0.035550363,-0.015143769,-0.027113475,-0.029630566,-0.020002142
0.01984568,-0.015140608,-0.009718602,-0.03491483,0.0033775512
-0.044427693,-0.04305172,-0.07062349,-0.009607103,-0.07274343
-0.11995131,-0.04260758,-0.19366382,-0.19599509,-0.08932463
0.12229644,0.10743961,0.08586429,0.029491562,0.12749282
0.10530225,-0.01271585,-0.13041687,-0.10997644,0.07031817
-0.07605094,0.08581789,0.047233306,0.0824558,0.00048521906
-0.105888724,0.054586366,-0.02881531,0.062074266,-0.03193041
0.002370175,0.047416523,0.010358729,-0.012732929,0.024355093
-0.08092462,-0.11713181,-0.14915037,-0.11176168,-0.15237612
0.06603962,0.08121871,0.09910248,0.08607736,0.09340152
-0.021774137,-0.024734396,-0.120769605,-0.12882136,-0.10372979
-0.03684315,-0.038639743,-0.11486888,-0.042346135,-0.015532911
-0.03665347,-0.01981966,0.060451806,0.05066048,-0.0043824464
-0.0952402,0.07202548,0.003935705,-0.0030019484,0.027567282
-0.023374733,0.12206201,-0.0039409283,0.033604532,0.029497463
-0.005294122,0.012189876,0.037528172,0.055393204,-0.0089088725
-0.022195555,-0.09134103,-0.03463038,-0.07984417,-0.104071066
0.020055152,-0.07119697,-0.017350065,-0.00955474,-0.101123564
0.014971607,-0.04280991,-0.054488573,-0.096461535,-0.082228914
0.093494326,0.09391299,0.08170824,0.011576728,0.08361827
0.03909884,0.03942146,-0.047661006,0.01180916,-0.003756445
0.002212203,-0.0017484766,0.06491546,0.04514662,-0.018442372
0.0045583863,0.035082832,0.0575859,0.06039947,0.13707963
0.08364048,0.042957295,0.12600611,0.103678145,-0.060362518
0.07288654,0.015494361,-0.067629285,-0.048059523,-0.04093326
