Care,Fairness,Loyalty,Authority,Sanctity
Harm,Cheating,Betrayal,Subversion,Degradation
0.00042557344,-0.023340862,-0.024882462,-0.009173145,-0.036769047
-0.007863166,0.06809242,-0.0339263,0.027178435,0.0050587803
-0.02018689,-0.012275811,-0.09866443,-0.06289288,-0.031849146
-0.035282344,0.015676618,-0.04816891,-0.021839233,0.056644786
0.0038279127,0.06733372,-0.046666108,-0.029239498,0.0099314395
0.085994065,-0.006192895,0.015842326,0.08196484,0.033032432
0.0012846068,-0.015728436,-0.061657704,-0.071872026,-0.020329585
0.012794217,0.08205667,0.05146732,0.041503467,0.013360222
-0.10072971,-0.0023742095,-0.035780217,0.037978545,-0.03721676
0.04370398,0.14854075,0.0700614,0.11663704,0.0021734238
0.057249784,0.03357437,0.08392294,0.018925572,0.007680416
-0.0078916885,0.06271877,0.031431787,0.033112198,0.026589293
-0.041695993,-0.07745657,-0.05876603,-0.06716224,-0.096181
