Care,Fairness,Loyalty,Authority,Sanctity
Harm,Cheating,Betrayal,Subversion,Degradation
-0.039357953,0.027723402,-0.07357414,0.016228272,-0.035349734
-0.032118797,-0.0013758056,-0.11326559,-0.06238866,-0.10740282
-0.019948702,0.014576117,-0.10148939,-0.08529878,-0.06547445
