Economic,Capacity,Morality,Fairness,Legality,Policy,Crime,Security,Health,Quality,Cultural,Public,Political,External
0.5089572668075562,0.6484129428863525,0.3184957802295685,0.5286105275154114,0.24767497181892395,0.002425550948828459,0.08722065389156342,0.6160222291946411,0.026216726750135422,0.3209686279296875,0.27761325240135193,0.2198575884103775,0.4299040734767914,0.11814725399017334
0.38653284311294556,0.4466441869735718,0.30214035511016846,0.36638906598091125,0.21030889451503754,0.3442296087741852,0.17304179072380066,0.24107663333415985,0.16169515252113342,0.21693336963653564,0.17715877294540405,0.4934334456920624,0.47567152976989746,0.03416680544614792
0.8682844638824463,0.49830368161201477,0.0301814042031765,0.0675356537103653,0.1018725261092186,0.18533164262771606,0.032639745622873306,0.22998571395874023,0.004028428345918655,0.2943006455898285,0.19463826715946198,0.47679319977760315,0.26318418979644775,0.007096912711858749
0.3764543831348419,0.5436685085296631,0.08148892968893051,0.46169862151145935,0.3275761008262634,0.8466675877571106,0.454961359500885,0.4441028833389282,0.2749674320220947,0.6419250965118408,0.2926975190639496,0.19480644166469574,0.10444121807813644,0.08920180797576904
0.4145309329032898,0.4459977149963379,0.05138238146901131,0.03742848336696625,0.10365261137485504,0.1764010488986969,0.0254781786352396,0.2626032829284668,0.004691350273787975,0.2127806395292282,0.06438122689723969,0.12844333052635193,0.09479042887687683,0.016842810437083244
0.3761924207210541,0.19789057970046997,0.006914013065397739,0.010110689327120781,0.008612527512013912,0.028155051171779633,0.0008149571367539465,0.07316045463085175,0.0008916674996726215,0.02708943374454975,0.014249049127101898,0.01787221059203148,0.028209134936332703,0.0071614463813602924
0.6501109600067139,0.6022588610649109,0.44141680002212524,0.7657155990600586,0.6110738515853882,0.5666816830635071,0.4298529326915741,0.6546111106872559,0.3725074231624603,0.5491864085197449,0.5357345342636108,0.6307721734046936,0.6233917474746704,0.0665038451552391
0.30325570702552795,0.16625763475894928,0.015682989731431007,0.028796600177884102,0.01709900237619877,0.024324357509613037,0.001819452503696084,0.12503837049007416,0.0020244226325303316,0.009235831908881664,0.03307228162884712,0.05694549158215523,0.033396799117326736,0.0066154771484434605
