Economic,Capacity,Morality,Fairness,Legality,Policy,Crime,Security,Health,Quality,Cultural,Public,Political,External
0.9767497181892395,0.6588325500488281,0.0868460014462471,0.31288349628448486,0.24871303141117096,0.8542361855506897,0.08201102912425995,0.7778382897377014,0.14956621825695038,0.28830623626708984,0.17704525589942932,0.9331439733505249,0.7968799471855164,0.048763833940029144
0.5712242722511292,0.3595748841762543,0.014560554176568985,0.031138550490140915,0.040538590401411057,0.05950441583991051,0.014285300858318806,0.9053618311882019,0.5785913467407227,0.30827128887176514,0.04632097855210304,0.5116072297096252,0.16163146495819092,0.0071771941147744656
0.9877157807350159,0.7016882300376892,0.09327206760644913,0.0608939453959465,0.05520081892609596,0.7238452434539795,0.021578118205070496,0.7051295638084412,0.03587804362177849,0.30726587772369385,0.11111985146999359,0.8105102777481079,0.49935001134872437,0.016965487971901894
0.8926128149032593,0.4191323220729828,0.0023341551423072815,0.02839130349457264,0.008019804023206234,0.2398262321949005,0.021004576236009598,0.3657132387161255,0.12218470871448517,0.03434297814965248,0.01733870431780815,0.07521061599254608,0.010440426878631115,0.0016253087669610977
0.593997597694397,0.2655651271343231,0.007077409885823727,0.012149262242019176,0.017953861504793167,0.34468865394592285,0.01803906075656414,0.07639048248529434,0.010959162376821041,0.042877569794654846,0.02002892829477787,0.1406233310699463,0.07902608066797256,0.009140434674918652
0.8161813616752625,0.7290618419647217,0.13885854184627533,0.1408945471048355,0.2172493040561676,0.15550477802753448,0.29405462741851807,0.6621452569961548,0.25629594922065735,0.20963455736637115,0.14797978103160858,0.6897633671760559,0.34096187353134155,0.03565317764878273
0.7342996001243591,0.5830250978469849,0.23419979214668274,0.1994522362947464,0.38639697432518005,0.2641637921333313,0.2423929125070572,0.8232604265213013,0.29063287377357483,0.4989998936653137,0.1837041825056076,0.6727142333984375,0.4761287271976471,0.1187882125377655
