Economic,Capacity,Morality,Fairness,Legality,Policy,Crime,Security,Health,Quality,Cultural,Public,Political,External
0.9499639272689819,0.801445484161377,0.2855115234851837,0.3109161853790283,0.44442513585090637,0.801831841468811,0.7434657216072083,0.6650510430335999,0.032665155827999115,0.6599069833755493,0.2874481976032257,0.9268797636032104,0.8743312358856201,0.051736969500780106
0.6383549571037292,0.5515407919883728,0.4274453818798065,0.29209497570991516,0.4683477282524109,0.5664023160934448,0.37166085839271545,0.32186609506607056,0.02891550399363041,0.6580904722213745,0.39790844917297363,0.6242675185203552,0.5813650488853455,0.021827276796102524
0.4994720220565796,0.1490759402513504,0.044345058500766754,0.011546151712536812,0.033433713018894196,0.2542184889316559,0.00494158873334527,0.05412925407290459,0.004274694249033928,0.24246478080749512,0.038829635828733444,0.39133119583129883,0.20729783177375793,0.010312163271009922
0.5392526984214783,0.3360632359981537,0.040222734212875366,0.014673328027129173,0.04002568870782852,0.5773520469665527,0.007860352285206318,0.00803421065211296,0.00011714084394043311,0.007428002543747425,0.03960855305194855,0.2895229458808899,0.04755416512489319,0.02293967828154564
0.8713377118110657,0.7591016292572021,0.46694377064704895,0.29956841468811035,0.56037437915802,0.5441620945930481,0.4910182058811188,0.42882245779037476,0.012188591994345188,0.6323867440223694,0.40179765224456787,0.9198054671287537,0.9128310680389404,0.030801929533481598
0.8537566661834717,0.5741403698921204,0.6844602823257446,0.18793044984340668,0.7139795422554016,0.6390327215194702,0.7155750393867493,0.6113918423652649,0.02241872064769268,0.8633478879928589,0.5644922852516174,0.9685340523719788,0.7516525983810425,0.08696941286325455
0.4732395112514496,0.1899661421775818,0.21067261695861816,0.09341498464345932,0.13881681859493256,0.034496478736400604,0.4331684708595276,0.3391704559326172,0.03600538894534111,0.2122766375541687,0.08918222784996033,0.38230621814727783,0.38383445143699646,0.03915945068001747
0.6904467940330505,0.46189820766448975,0.10818862915039062,0.3072732090950012,0.4904840588569641,0.5040077567100525,0.058941785246133804,0.23388217389583588,0.0030864288564771414,0.2873336374759674,0.3137732148170471,0.6495033502578735,0.3158978819847107,0.028586748987436295
