Economic,Capacity,Morality,Fairness,Legality,Policy,Crime,Security,Health,Quality,Cultural,Public,Political,External
0.9926358461380005,0.9420105218887329,0.236332967877388,0.5395833253860474,0.7138567566871643,0.8936235308647156,0.34101203083992004,0.6513081789016724,0.022132162004709244,0.6959249973297119,0.16252683103084564,0.9519391059875488,0.9473955035209656,0.46372202038764954
0.9341856241226196,0.8567547798156738,0.2843564450740814,0.3307951092720032,0.438344806432724,0.5108823776245117,0.19744259119033813,0.3823099732398987,0.020780744031071663,0.373280793428421,0.26750701665878296,0.579849362373352,0.6132011413574219,0.1940055638551712
0.8965453505516052,0.8269973993301392,0.5708953142166138,0.5095397233963013,0.5655275583267212,0.41941171884536743,0.6748090982437134,0.6399323344230652,0.16179679334163666,0.7563758492469788,0.281510591506958,0.7874913215637207,0.8602023124694824,0.13584695756435394
0.7797271609306335,0.5125805735588074,0.5998268127441406,0.7242770195007324,0.401035338640213,0.2521148920059204,0.3138226270675659,0.5156665444374084,0.1512662172317505,0.6403555870056152,0.264140784740448,0.8357638120651245,0.5619134306907654,0.12053072452545166
0.8299282193183899,0.4668547213077545,0.17229345440864563,0.349595844745636,0.06813158094882965,0.14702609181404114,0.05652429535984993,0.10131843388080597,0.5598769783973694,0.7698642611503601,0.06983526796102524,0.2881060838699341,0.04111366346478462,0.02580648474395275
0.8959633111953735,0.6886454820632935,0.13508082926273346,0.3554222285747528,0.5368292331695557,0.4888550639152527,0.2538263499736786,0.7144590020179749,0.19998227059841156,0.4424898624420166,0.20407375693321228,0.2869783937931061,0.21566584706306458,0.01404615305364132
0.8548734188079834,0.6527844667434692,0.3947521150112152,0.42676639556884766,0.405930757522583,0.5075446367263794,0.217595174908638,0.4889364540576935,0.04856988415122032,0.5723506212234497,0.23133735358715057,0.6191529035568237,0.6193100214004517,0.11047793179750443
0.5444931387901306,0.3612823188304901,0.14235608279705048,0.044231195002794266,0.10009406507015228,0.09654160588979721,0.012885118834674358,0.05575473979115486,0.00030932118534110487,0.19608429074287415,0.11649758368730545,0.42824751138687134,0.30107617378234863,0.012846370227634907
