Economic,Capacity,Morality,Fairness,Legality,Policy,Crime,Security,Health,Quality,Cultural,Public,Political,External
0.9564934372901917,0.8204711675643921,0.3662241995334625,0.3948104977607727,0.5537635087966919,0.9325466752052307,0.14747391641139984,0.40954938530921936,0.003583018435165286,0.4201507270336151,0.26691845059394836,0.9504480361938477,0.918441653251648,0.1597699671983719
0.26078107953071594,0.36395028233528137,0.04615536704659462,0.05081343278288841,0.11729897558689117,0.611187756061554,0.012997881509363651,0.12496940791606903,0.000596644647885114,0.051322273910045624,0.03831109777092934,0.6349754929542542,0.4957374036312103,0.04478271305561066
0.16803403198719025,0.362694650888443,0.37415799498558044,0.05971816927194595,0.1325431764125824,0.19774384796619415,0.081412173807621,0.9450238943099976,0.011727363802492619,0.15424290299415588,0.2147708386182785,0.4399912655353546,0.06063905358314514,0.018712429329752922
0.6351445317268372,0.6486850380897522,0.22195540368556976,0.32816922664642334,0.320004403591156,0.40867236256599426,0.23882746696472168,0.7960280179977417,0.23019787669181824,0.4885748624801636,0.4852074682712555,0.711728036403656,0.7894309759140015,0.12446113675832748
0.78113853931427,0.6150166988372803,0.19924068450927734,0.6790028810501099,0.5164746642112732,0.822825014591217,0.39146292209625244,0.664996862411499,0.4406508505344391,0.5985780954360962,0.3630886971950531,0.6808823347091675,0.7079957723617554,0.06839436292648315
0.7385465502738953,0.7383968234062195,0.1175198033452034,0.16847553849220276,0.07795590162277222,0.813754141330719,0.01492558978497982,0.22491319477558136,0.0005413679173216224,0.3128250539302826,0.10625861585140228,0.1304963380098343,0.05718623474240303,0.007071258500218391
0.8933313488960266,0.6686003804206848,0.2712133824825287,0.24051138758659363,0.21122457087039948,0.7756742835044861,0.06409001350402832,0.542083740234375,0.011653593741357327,0.44812479615211487,0.19786086678504944,0.45887720584869385,0.23556733131408691,0.06139048933982849
0.6090812087059021,0.7064853310585022,0.08447670191526413,0.328301340341568,0.513713538646698,0.6246082186698914,0.34299755096435547,0.42757296562194824,0.0023413149174302816,0.427611380815506,0.3398008644580841,0.8410494327545166,0.8153581023216248,0.040528614073991776
