Economic,Capacity,Morality,Fairness,Legality,Policy,Crime,Security,Health,Quality,Cultural,Public,Political,External
0.9816566109657288,0.8513163924217224,0.013544595800340176,0.39934471249580383,0.5409291386604309,0.6267737150192261,0.06468842923641205,0.49300476908683777,0.004798625595867634,0.6214444637298584,0.1013265997171402,0.25000569224357605,0.08724906295537949,0.0381518229842186
0.8060324788093567,0.6226040720939636,0.06745528429746628,0.09697301685810089,0.05622117966413498,0.5548765659332275,0.04869978874921799,0.10800231993198395,0.0015703868120908737,0.2435654252767563,0.07216595858335495,0.5275673866271973,0.08007596433162689,0.01987769640982151
0.8387468457221985,0.7197610139846802,0.43144914507865906,0.2512670159339905,0.3756125271320343,0.7322227358818054,0.20458188652992249,0.4006626009941101,0.0007359932642430067,0.43494176864624023,0.12794719636440277,0.7518802881240845,0.6926655173301697,0.03134719654917717
0.5885545015335083,0.6689526438713074,0.023966018110513687,0.08587069064378738,0.17917890846729279,0.28965750336647034,0.04487255960702896,0.07036475092172623,0.00025138939963653684,0.21996870636940002,0.036491360515356064,0.5552711486816406,0.4911971986293793,0.009974555112421513
0.48053601384162903,0.4968656301498413,0.021596785634756088,0.0962766483426094,0.16450966894626617,0.33167940378189087,0.01878729835152626,0.2787656784057617,0.0003235458570998162,0.10404964536428452,0.08574287593364716,0.7446191906929016,0.13085277378559113,0.017121417447924614
0.8443337082862854,0.4530436396598816,0.024236837401986122,0.10195861011743546,0.03980352357029915,0.37668299674987793,0.008005546405911446,0.06945934891700745,0.0023833331651985645,0.22951430082321167,0.01420961320400238,0.47190988063812256,0.020937960594892502,0.0054917060770094395
0.883341908454895,0.7802993655204773,0.09571751952171326,0.22435230016708374,0.4848175346851349,0.6035919189453125,0.19387871026992798,0.30131056904792786,0.00167612184304744,0.3485764265060425,0.054324667900800705,0.6484031677246094,0.440235435962677,0.028874995186924934
