Economic,Capacity,Morality,Fairness,Legality,Policy,Crime,Security,Health,Quality,Cultural,Public,Political,External
0.2680415213108063,0.19846715033054352,0.013006975874304771,0.011332813650369644,0.0640486553311348,0.03726489841938019,0.011666253209114075,0.0224093496799469,0.0036346393171697855,0.08532468229532242,0.008977960795164108,0.1271226704120636,0.049293749034404755,0.04698668420314789
0.0008489873725920916,0.0014561187708750367,0.00022330114734359086,0.00029326140065677464,0.0011328145628795028,0.0014359807828441262,0.0003835103998426348,0.0012441178550943732,0.0001373851700918749,0.0006813544314354658,0.0005841600941494107,0.0037707688752561808,0.0016347303753718734,0.0008881045505404472
0.1958376169204712,0.5284774899482727,0.04691999405622482,0.09162378311157227,0.16255876421928406,0.05519041419029236,0.037391871213912964,0.4589802622795105,0.0038592976052314043,0.28803277015686035,0.08682429045438766,0.9793272614479065,0.23956313729286194,0.006844281684607267
0.603334903717041,0.6655172109603882,0.547342836856842,0.5139496922492981,0.508887767791748,0.6963523030281067,0.49832701683044434,0.5103996992111206,0.3640757203102112,0.5510502457618713,0.5456738471984863,0.8273504376411438,0.6981645822525024,0.14731250703334808
0.03588418290019035,0.1346280872821808,0.009771766141057014,0.07940283417701721,0.019709691405296326,0.10653933882713318,0.10369967669248581,0.13023360073566437,0.29199862480163574,0.10991041362285614,0.016669046133756638,0.0694534033536911,0.031844042241573334,0.026163699105381966
