Care,Fairness,Loyalty,Authority,Sanctity
Harm,Cheating,Betrayal,Subversion,Degredation
0.014473911762746816,0.29775413102155435,0.0664893077137707,-0.03491866590306303,-0.23989178468537165
