Care,Fairness,Loyalty,Authority,Sanctity
Harm,Cheating,Betrayal,Subversion,Degredation
-0.056236703753344,0.22865830436083012,0.1928655082401871,0.01716915897375859,-0.2863841614892515
