Care,Fairness,Loyalty,Authority,Sanctity
Harm,Cheating,Betrayal,Subversion,Degredation
0.006079946751045062,0.2700726510080156,0.22759666210880813,0.08747754242021744,-0.49537591232703915
