Care,Fairness,Loyalty,Authority,Sanctity
Harm,Cheating,Betrayal,Subversion,Degredation
0.07887020351542873,0.3102283263115657,0.24174855249822524,-0.04540931340836474,-0.2963868232889174
