Care,Fairness,Loyalty,Authority,Sanctity
Harm,Cheating,Betrayal,Subversion,Degredation
-0.018488760706539487,0.2816610410135516,0.3208463073043635,0.0744816512425639,-0.4667798291615689
