Care,Fairness,Loyalty,Authority,Sanctity
Harm,Cheating,Betrayal,Subversion,Degredation
0.03834895777679859,0.33252756554508256,0.3731333619099457,0.09636205500484385,-0.04962280468171176
