Care,Fairness,Loyalty,Authority,Sanctity
Harm,Cheating,Betrayal,Subversion,Degredation
0.18245724089836557,0.4069514666875407,0.35704935753189604,0.09312340964317234,-0.11829404053620418
