Care,Fairness,Loyalty,Authority,Sanctity
Harm,Cheating,Betrayal,Subversion,Degredation
-0.015778317854477364,0.24598051671655763,0.15119876599211235,-0.08782534222397786,-0.2127854823553822
