Care,Fairness,Loyalty,Authority,Sanctity
Harm,Cheating,Betrayal,Subversion,Degredation
0.0027427563496214002,0.13861797368237805,-0.07835683331112175,-0.18624699905584108,-0.25439221715375915
