Care,Fairness,Loyalty,Authority,Sanctity
Harm,Cheating,Betrayal,Subversion,Degredation
0.03546828390301848,0.16705981532514658,0.00865190185551823,-0.15585603619113553,-0.1590346028313322
