Care,Fairness,Loyalty,Authority,Sanctity
Harm,Cheating,Betrayal,Subversion,Degredation
0.04606582504499124,0.1910207554312746,0.009478234633004456,-0.1634682948202255,-0.2963994989631319
