Care,Fairness,Loyalty,Authority,Sanctity
Harm,Cheating,Betrayal,Subversion,Degredation
0.01202593085073822,0.13543684654155208,-0.03815649251522801,-0.2086386854888892,-0.30491856927345984
