Care,Fairness,Loyalty,Authority,Sanctity
Harm,Cheating,Betrayal,Subversion,Degredation
0.022736118394892646,0.12361914523152806,-0.037009356304872676,-0.21020456878525895,-0.23565218388961007
