Care,Fairness,Loyalty,Authority,Sanctity
Harm,Cheating,Betrayal,Subversion,Degradation
-0.106966406,-0.05184204,-0.118369535,-0.1089806,-0.09172115
-0.05047483,0.008496554,-0.06225232,-0.022212034,-0.056691825
0.08114143,-0.019085657,0.006042199,0.0059115943,-0.01815733
0.024311652,0.023978679,-0.07978472,-0.116050504,-0.123514
-0.0028512357,0.056090012,-0.049247246,-0.06311342,-0.07375981
0.042998858,-0.007935539,-0.016895458,-0.024980064,0.017087027
0.021062225,0.07821436,0.09245832,0.027678214,0.10870947
0.023680164,0.059285827,0.033096176,0.022400822,0.03263735
0.01714855,-0.008923564,0.016725445,-0.013730977,0.03029735
-0.060443446,0.01884291,-0.0047884835,0.0027253237,0.029416915
0.07984744,0.024159234,0.04751774,0.008187739,0.023159536
0.06950677,0.030149523,0.065672696,0.06065935,0.0528228
0.007496017,0.019898841,0.025353685,0.09299943,0.018273074
0.003288107,0.023772828,-0.057729065,-0.100629106,-0.04304111
-0.06810964,-0.04485617,-0.08587119,-0.04290857,0.023509819
-0.05734866,-0.07865992,-0.10496102,-0.08030694,-0.1349034
-0.0540162,0.013414411,-0.0052377004,-0.05456596,-0.00244145
-0.1333434,-0.037952665,-0.05121974,-0.027551195,0.04230639
-0.019465405,0.0034514973,0.01978963,0.056794714,0.023212854
-0.1134806,-0.057665665,-0.046664923,0.029994648,-0.08222629
-0.09504499,-0.056734987,-0.10273045,-0.07962465,-0.080091186
-0.059531365,-0.006439787,-0.084287375,-0.035431284,-0.03145834
-0.14594638,0.01851241,-0.031893723,-0.10524717,-0.030606342
-0.022530852,0.0047164783,-0.030659137,0.04135662,0.040695947
-0.018684309,0.035882097,0.00135158,-0.00883402,0.013464974
-0.1329085,-0.07362545,-0.17462505,-0.09092284,-0.1574248
