Care,Fairness,Loyalty,Authority,Sanctity
Harm,Cheating,Betrayal,Subversion,Degradation
-0.07159181,-0.024640763,-0.06751951,-0.049059995,-0.14093073
-0.046542443,-0.06718163,-0.12032716,-0.13254845,-0.14149095
-0.15389088,-0.094242096,-0.12618689,-0.098718874,-0.16819248
0.050980207,-0.030699454,0.080195636,0.0032619508,-0.05504327
-0.01106721,0.025229162,-0.034174867,-0.0030501075,-0.032510195
-0.065715775,0.009531508,-0.028022375,-0.04681032,-0.12089077
-0.072817475,0.058937185,-0.07232082,-0.09073586,-0.14451331
-0.118414655,-0.015383542,-0.18193695,-0.11885233,-0.17186448
-0.12528661,-0.03234666,-0.09080432,-0.11286077,-0.11559133
-0.124131605,-0.024322435,-0.12854299,-0.083695546,-0.11208548
0.022914324,-0.044268355,-0.03064493,-0.0023037028,-0.119199015
-0.07980542,0.017610606,-0.047556445,-0.047679164,-0.07658991
-0.100514024,-0.06065593,-0.0893424,-0.089068346,-0.12129521
-0.004254869,-0.046806,-0.116989,-0.15524544,-0.044223025
0.068474635,-0.07387765,-0.08751904,-0.030626252,0.044542067
-0.076663904,-0.0797364,-0.08842118,-0.00964977,-0.0068873838
0.13127455,0.09903984,0.1285786,-0.009523289,-0.04822312
0.01844769,-0.06080252,-0.092528515,-0.08280816,-0.070996255
-0.029835647,0.04343157,0.0019082511,0.0011471189,-0.053960264
-0.10533547,-0.039857857,-0.10182822,-0.10636775,-0.08675593
0.01320288,-0.038758576,0.060140215,0.03493136,0.13660687
-0.03573431,-0.0015547201,0.00092644664,0.023088787,-0.07016784
-0.027171614,0.044964056,0.004598042,0.03315342,0.0066424645
0.024107441,0.040177107,0.061043575,-0.01831624,-0.036063462
0.00015510805,0.095718,0.043020844,0.009367984,-0.029288132
0.086297825,0.15125227,0.11185518,0.07306605,0.060493432
