Care,Fairness,Loyalty,Authority,Sanctity
Harm,Cheating,Betrayal,Subversion,Degradation
-0.035145804,0.023430333,-0.060343638,-0.046197474,-0.12725554
-0.11481497,0.04283932,0.0004042294,0.04191377,-0.09427052
-0.11275199,-0.027439054,-0.11942053,-0.16750985,-0.18262082
-0.016626598,-0.008929246,-0.08384292,-0.029741408,-0.07137607
-0.049431965,0.0136169065,-0.102996245,-0.11285949,-0.049195774
0.012768304,0.023388209,-0.012492797,-0.0260835,-0.018899135
-0.06477261,0.007448068,-0.1333886,-0.14113791,-0.13997743
0.0683886,0.064880915,0.03861743,-0.02435587,0.044230603
-0.019031944,0.032276895,-0.05140242,-0.05050479,-0.08124664
0.0031283144,0.045884524,-0.013175146,-0.019393094,0.0028432189
-0.10480718,0.0042668385,-0.060825612,-0.088398516,-0.10218767
0.020578062,-0.01441324,-0.056477882,-0.03301067,-0.07747673
-0.029839119,-0.005170483,-0.016741877,-0.05548934,-0.028501762
-0.13251431,0.03978689,-0.12047427,-0.06536381,-0.19948122
0.07412534,0.068968594,0.07318631,0.017079812,0.07494691
-0.03629353,0.11238066,0.057054862,-0.008878175,0.0041603977
-0.104777165,-0.048044097,-0.018482972,-0.07455246,-0.16986363
-0.012558095,0.093932815,0.05218304,-0.030559666,-0.085289806
-0.05932797,0.03694751,-0.005573446,-0.117918804,-0.043652765
0.050116308,0.0067486707,0.020346675,0.00016674493,0.006636778
0.10498144,0.10298751,0.27266464,0.06321054,0.0890442
0.096901245,0.061930206,0.10231211,-0.01616698,0.040351264
0.0057487637,0.010575866,-0.027373334,-0.0638888,-0.06635387
0.019736383,0.07778516,-0.021021059,-0.05179552,-0.12288975
0.10097095,0.06479388,0.07285412,0.019593965,0.028766343
