Care,Fairness,Loyalty,Authority,Sanctity
Harm,Cheating,Betrayal,Subversion,Degradation
-0.016402483,0.005400746,-0.03165161,-0.037780896,-0.094546095
0.03894879,0.05621966,0.06941276,0.046569556,0.016871395
-0.0036297347,0.021060634,-0.062925525,0.038696364,0.0023932941
-0.000794244,-0.008368826,-0.0059073195,-0.0029354836,-0.028441295
0.12524503,-0.026520614,-0.008294884,0.05298934,0.043539174
0.010035151,0.02720439,0.013587398,0.009096492,0.0038081594
0.002187281,0.0059738513,-0.024812657,-0.023562882,-0.033870585
