Care,Fairness,Loyalty,Authority,Sanctity
Harm,Cheating,Betrayal,Subversion,Degradation
-0.04911764,-0.031181399,-0.020030856,-0.048745364,-0.08540081
-0.15785395,-0.028790833,-0.024353571,-0.008675391,-0.08464007
0.016459348,-0.0027372427,-0.018467471,0.025261637,-0.0483291
-0.10584669,-0.01765489,-0.0061240117,0.044467676,-0.03759517
0.0049442537,-0.016550643,-0.010299071,-0.062809385,-0.098535955
-0.035370976,0.01937447,0.009952735,0.012570015,-0.07196136
-0.023686396,0.0012617293,0.029163834,-0.010430377,-0.0734171
-0.0020182934,0.024430655,0.11063484,0.09189758,0.005826939
-0.070199884,-0.029734444,-0.07853481,-0.07351567,-0.07875576
0.043731347,0.080733225,0.025654424,0.073007494,0.02578634
-0.0686637,-0.060929522,-0.0017515495,-0.0008864766,-0.00993219
0.034290053,-0.025093023,-0.017766478,-0.046828657,0.064169705
0.017359732,-0.0025920905,-0.0611575,0.0032935403,-0.027116613
0.023967884,0.010097057,0.008046485,-0.050703846,-0.017393142
-0.010936033,0.013285097,-0.03206724,-0.032680735,-0.004286361
0.0057573393,-0.0124685075,-0.051276226,-0.030750087,0.015197181
0.033852663,-0.014482088,-0.039486505,-0.019991415,-0.02418726
0.010363788,-0.03756029,-0.029200893,-0.047799196,0.027128274
-0.14943025,-0.043846518,-0.05520946,-0.05341434,-0.13102898
-0.036152493,-0.04133178,0.022435341,-0.031388223,-0.08762821
-0.05250202,-0.047315232,-0.07043885,-0.023246406,-0.051455352
-0.187514,0.034110416,-0.00035224762,0.010354964,-0.13186246
-0.05628453,0.02107768,0.03249477,0.0031268848,-0.13259844
-0.12453458,0.04461636,-0.0025837934,0.02863315,0.0018587001
-0.07331557,-0.033106234,-0.0025765458,-0.06787439,-0.01278918
-0.03881465,0.007981058,-0.05738742,-0.014338737,0.009836983
-0.1064482,-0.11768314,-0.11951895,-0.024528753,-0.089912444
-0.09789008,-0.008395148,-0.046473686,-0.06115716,-0.081137255
