Care,Fairness,Loyalty,Authority,Sanctity
Harm,Cheating,Betrayal,Subversion,Degradation
-0.060876016,-0.027284082,-0.068255395,-0.040923495,-0.046807855
0.07342358,0.040193345,0.039283223,-0.0197361,0.033491254
0.0568816,0.065715,-0.0051102675,0.025360662,0.07976341
0.085231274,0.09092143,0.12284594,0.149029,0.062364265
-0.021318462,-0.046060637,0.00060812384,0.009790624,0.0851247
-0.03661611,0.06777243,0.056655943,-0.07837273,-0.050612934
0.028896358,0.067035474,0.07595298,-0.05139452,-0.0602663
-0.03630738,-0.062039834,0.015862636,-0.09508087,-0.041165743
-0.008848264,0.020163072,-0.008778632,0.048232973,-0.038593978
0.030378953,-0.055086054,0.056932166,-0.046386775,-0.07716766
-0.11016979,0.051047757,-0.019788723,0.06797109,0.03995751
