Care,Fairness,Loyalty,Authority,Sanctity
Harm,Cheating,Betrayal,Subversion,Degradation
-0.011948412,0.025593616,0.009959694,0.0055870544,-0.048715666
-0.057759795,0.0087922085,-0.06960228,-0.062108185,-0.0638358
-0.056777656,0.041513346,-0.019388273,0.0019586384,-0.020053359
0.053471237,0.21658108,0.12350744,0.123988695,0.09310676
-0.07649696,0.036443077,-0.014329568,-0.032417372,0.023842745
0.09337386,0.021424836,0.05425844,-0.0036604665,0.023197584
-0.0057984293,0.035778597,0.0009395047,-0.028696008,0.0013708891
0.038870268,-0.019798223,-0.012567123,0.012747653,-0.053053927
0.07834674,0.04597737,0.027223399,0.07334781,-0.07135538
0.039229497,0.0787566,0.078514814,-0.008002768,0.12708105
0.053458095,0.018389244,0.09609069,0.08805981,0.07190897
-0.015430054,-0.036978286,-0.03431804,0.023311615,-0.08299044
-0.03009255,-0.18301888,-0.2660635,-0.10169932,-0.09394802
-0.016402673,0.014240403,-0.0041729314,-0.0063444898,0.0065857526
-0.028143413,0.011271479,0.00020234939,0.033618215,-0.05292821
-0.047920793,-0.03463331,-0.037591454,-0.08049219,-0.016386772
-0.029101502,-0.025455743,-0.14456213,-0.12116766,-0.13031767
-0.03989328,0.099934176,0.040618833,-0.0107814595,0.07028633
0.051262327,-0.001601228,-0.027263803,-0.02953206,-0.039860733
0.026239324,0.0002632849,-0.0013508964,0.02002149,-0.05434341
0.026239324,0.0002632849,-0.0013508964,0.02002149,-0.05434341
-0.0052080713,-0.034437664,-0.023642022,-0.024371028,-0.13613522
0.054259904,0.10269101,-0.018591948,-0.01046087,0.018598074
0.003086742,0.025090571,-0.07764158,-0.0407314,0.015019096
-0.007760875,0.07969626,-0.011560215,0.029757325,0.12341742
