Care,Fairness,Loyalty,Authority,Sanctity
Harm,Cheating,Betrayal,Subversion,Degradation
-0.05223538,-0.093753204,-0.041863125,-0.029008012,-0.067705676
-0.027607914,0.017655611,0.09403992,0.084374785,0.061520632
0.050064947,-0.02871793,0.022258563,-0.10077056,0.026352124
0.06471057,0.030655432,0.06711375,0.045445234,0.07640092
0.04567594,0.017648134,0.022673931,0.012145963,0.061924934
-0.009180902,0.004257137,0.04212576,0.014045495,-0.046933692
-0.022107014,-0.04112867,0.028715368,0.0026011923,-0.025987789
0.124205165,0.118232906,0.11736836,0.0812428,0.0807662
-0.007815972,0.034940828,0.08177847,0.016364321,0.027846798
-0.05005687,-0.036833413,-0.10709584,-0.099292815,-0.11721468
-0.03040697,0.0049211774,-0.017153477,-0.06091994,-0.12002765
-0.14459231,-0.115490034,-0.12591837,-0.13167128,-0.1900027
-0.03873674,0.049227875,-0.016284792,-0.07330766,-0.08146661
-0.0057668164,-0.0030503385,-0.0056668855,-0.04064772,-0.17768317
0.029652702,0.06369235,0.018877715,0.012102258,0.017507907
-0.0060012443,0.03252546,0.06582442,0.006059006,0.015473882
0.0626567,0.019244045,0.048555393,-0.015807971,0.021361861
0.060790934,-0.0046711154,0.0148075055,0.013185828,0.0114107
-0.007879098,-0.03596724,0.0051975995,-0.052213468,-0.027925115
0.046439424,0.014545297,0.0010534786,-0.032237865,-0.02678814
0.012132524,0.017485421,0.027340261,0.008032568,0.05954372
