Care,Fairness,Loyalty,Authority,Sanctity
Harm,Cheating,Betrayal,Subversion,Degradation
0.018953409,0.04355148,0.029651605,0.010285018,-0.02334433
-0.026983965,0.01969006,-0.101764515,-0.019831844,-0.07020579
-0.040564563,0.02902715,-0.030526418,0.035570562,0.03811623
0.10312994,0.10825218,0.03877638,0.02643252,-0.025345959
-0.014312878,0.07053025,0.020309152,0.023900453,0.0031401776
-0.0070986454,0.079891875,0.10089241,0.16208163,0.09665626
-0.01194775,0.07158151,0.12868723,0.10412446,0.01760462
0.0465561,0.17406328,0.17075413,0.15959045,0.034067243
0.05524476,0.20136237,0.06734727,0.07334539,0.052712396
0.1020848,0.017393269,0.07791348,0.006653758,-0.014422595
0.0428229,0.11806412,0.050938733,0.068416476,0.068127915
0.0029109032,0.114327714,0.060440704,0.19771758,0.07660476
0.02653028,0.07363803,0.08871364,0.13447341,0.120364584
