Care,Fairness,Loyalty,Authority,Sanctity
Harm,Cheating,Betrayal,Subversion,Degradation
-0.0252099,0.022993343,-0.07605793,-0.07819335,-0.08710118
-0.098643646,-0.009242646,-0.116981514,-0.06735365,-0.08732366
-0.025223665,0.015742753,0.005970776,-0.06395535,-0.08326149
-0.090947345,-0.0013317205,-0.14464638,-0.11621401,-0.13649434
-0.08959174,0.011039309,-0.10051825,-0.08125519,-0.12415559
-0.032785784,0.09014323,-0.08304645,-0.06766432,-0.072775826
0.008531301,0.0930073,0.05133754,0.083550714,-0.01088335
0.058483906,0.06199704,-0.01421757,-0.06598203,-0.054273583
-0.04438626,0.039928433,-0.05134625,-0.16612405,-0.10228942
0.012153134,0.07014189,-0.011565444,-0.08041416,-0.041298274
0.07115881,0.025088329,-0.03438659,0.025966039,0.014218957
-0.03252689,0.002433369,-0.073468916,-0.14964524,-0.06373444
-0.0031743534,0.03820628,-0.012613741,-0.030741487,-0.031093778
