Care,Fairness,Loyalty,Authority,Sanctity
Harm,Cheating,Betrayal,Subversion,Degradation
-0.08217245,-0.044646464,-0.064967394,-0.10035783,-0.0990493
-0.03958427,0.07921858,0.0029565329,-0.0038297917,-0.0026004184
-0.098031476,-0.012892295,-0.054886445,-0.10520905,-0.11237943
-0.033623055,0.09351268,0.018521566,0.003882097,-0.099909216
-0.101271674,0.022980211,-0.079692826,-0.06803404,-0.074279234
0.07788982,0.057995852,0.008057037,0.008449331,0.014254703
-0.078070015,-0.0076329336,-0.04896397,-0.063705996,-0.123690635
0.04334658,0.13077828,0.14511842,0.078611925,0.030378338
-0.06927408,-0.06701139,-0.14290373,-0.07390268,-0.057186514
-0.023426041,0.04442053,-0.057546906,-0.052183982,-0.07586443
-0.07238695,-0.009609692,-0.030705018,-0.061462015,-0.020962507
0.1307607,0.031927615,0.094526626,0.026754647,-0.0034150295
