Care,Fairness,Loyalty,Authority,Sanctity
Harm,Cheating,Betrayal,Subversion,Degradation
-0.04557279,0.018644886,-0.055561952,-0.026614783,-0.09180454
-0.018876012,0.07855891,-0.05274338,0.036759283,-0.06575535
-0.05770938,0.0049753077,-0.14140086,-0.09551385,-0.13146552
0.06868046,0.12696193,0.108174406,0.07050593,0.04191393
0.037927143,0.07512584,0.11140128,0.13618499,0.006597968
0.033781398,0.102578156,0.106904194,0.06509367,0.043324064
-0.13390273,0.02441273,-0.13292575,-0.041053873,-0.14182487
-0.027347535,0.022668224,-0.052950215,-0.0043382086,-0.10617908
0.022786243,-0.026440598,-0.01169157,-0.001328554,-0.051243655
