Care,Fairness,Loyalty,Authority,Sanctity
Harm,Cheating,Betrayal,Subversion,Degradation
-0.030772932,-0.0049880818,-0.041181628,-0.03769147,0.019606719
0.062756844,0.008567196,-0.03772305,-0.033930615,-0.07775594
0.062640354,-0.016477982,-0.026495593,0.0021737786,0.036127772
0.008351794,-0.021075895,-0.06821513,-0.03816898,-0.048051246
0.054766186,0.023217632,0.09910068,-0.025869483,0.014457284
-0.016436959,0.04194249,-0.025877882,0.0033560917,-0.05363708
-0.0057822205,0.025168972,-0.108797036,-0.02004904,0.04089757
-0.064897195,-0.010915909,-0.07385026,-0.07430774,-0.117085
-0.10729479,-0.1453437,-0.21950047,-0.20731796,-0.093572766
0.019296285,0.05663217,0.07898185,0.0034274533,0.057933953
0.014851684,0.01542419,0.059499756,-0.10556088,0.013783699
-0.03610605,-0.027796794,-0.011568893,-0.1220162,-0.07846029
-0.045749366,-0.009056996,-0.030841962,-0.07892856,0.002089588
-0.026336437,-0.00925879,-0.02169014,-0.061784416,-0.009764949
-0.0590581,-0.043337256,-0.15694278,-0.13185258,-0.1014912
-0.079785556,-0.0041924883,-0.02513006,0.015286965,0.026101442
-0.07384811,0.00045868754,-0.0992297,-0.10556944,-0.008008026
-0.09923559,-0.042598184,-0.09456961,-0.061042838,-0.027226545
-0.034836814,0.0038320068,-0.037651923,-0.010133715,-0.16089368
-0.15381163,-0.06064832,-0.0652448,-0.11187959,-0.0465154
-0.007940954,-0.019873856,-0.07425599,-0.044476654,-0.12125224
0.016533595,0.021826379,-0.053469587,-0.021043459,-0.043532375
-0.02707967,-0.05116289,-0.1010181,-0.13750416,-0.04841227
0.025405563,0.016034734,-0.034216125,0.00795812,-0.0033478234
0.036045335,0.036589786,0.036973853,0.017368529,0.05675958
-0.055785872,0.003976589,-0.01908322,-0.018596753,-0.042034872
0.00904634,-0.120301,-0.14066622,-0.118867874,-0.02695417
