Care,Fairness,Loyalty,Authority,Sanctity
Harm,Cheating,Betrayal,Subversion,Degradation
-0.037642382,-0.0075667156,-0.026033837,-0.03059092,-0.108838305
-0.046632383,0.046611782,-0.089318946,0.035972938,-0.1412015
-0.013578887,0.013283905,-0.0643873,-0.03189709,-0.06878341
-0.0072817113,-0.04589719,-0.087644376,-0.08023392,-0.063973725
0.03190975,0.13477176,-0.04795286,-0.026237445,-0.03860586
0.13024426,0.17112443,0.1063114,0.104403436,0.11532439
-0.043718666,-0.059061423,-0.12329596,-0.10532791,-0.09508873
-0.042173218,-0.063813716,-0.13012725,-0.06886487,-0.14984232
-0.04036927,-0.043283112,-0.138108,-0.09800483,-0.1578084
-0.02397534,0.087392285,0.023734167,-0.02102647,-0.03269295
0.05415365,0.028002402,0.10445333,-0.06502305,0.0119320005
