Care,Fairness,Loyalty,Authority,Sanctity
Harm,Cheating,Betrayal,Subversion,Degradation
0.003930063,0.00020028092,-0.017959474,-0.074010566,-0.083146855
0.016012866,0.0710785,-0.051745582,-0.08016792,0.021077879
-0.034353673,0.064989194,-0.03930733,-0.0015429594,0.033771466
-0.03888397,-0.038503505,-0.06104905,-0.06149002,-0.049610883
-0.09285513,-0.03347286,-0.11355562,-0.12613249,-0.115477234
0.004188209,0.00055895373,-0.04201682,-0.034935378,-0.06847278
0.016238209,0.055402342,-0.040774632,-0.04725287,0.023306571
0.026239263,0.00026322342,-0.0013509551,0.020021398,-0.054343425
0.026239263,0.00026322342,-0.0013509551,0.020021398,-0.054343425
-0.039787985,-0.00021654367,-0.08967564,-0.075645536,-0.07970163
-0.1458776,0.03712155,-0.12363773,-0.08125182,-0.026380422
-0.040030282,0.046210065,-0.016783617,-0.06514336,-0.09794448
-0.11602445,0.03426739,-0.16273645,-0.09848222,-0.062115006
0.005393668,0.007821815,-0.11845961,-0.08389961,-0.0671595
-0.015073608,0.08423248,-0.019690417,0.03935592,-0.0039271936
-0.043125104,0.031059034,-0.028710771,-0.07502722,-0.071833916
0.024798773,0.0691935,0.035753336,0.012024907,0.14086062
-0.056581005,-0.0024414007,-0.07939782,-0.13324371,-0.15013488
-0.07721472,0.047616623,-0.048232637,-0.02524019,-0.043905046
0.020201156,-0.021685634,0.03895743,-0.013367144,0.11982638
0.094251074,0.037875436,0.058842674,0.027813114,0.033321496
-0.019284913,0.13262716,-0.010337427,0.0067203403,0.005155839
-0.073217794,0.018544495,0.085651055,-0.039572667,-0.014143212
-0.03178356,0.0012268722,0.009001883,-0.07829642,0.00024101138
-0.12207224,-0.05547667,-0.08908266,-0.16986334,-0.04943411
0.015640218,0.05697499,0.06884666,0.01193032,0.053998202
-0.08179123,-0.12031585,-0.15403238,-0.13738164,-0.050544765
0.07413311,0.03376276,0.015060861,0.09994009,0.103968054
-0.07798693,-0.05048539,-0.099871226,-0.107985035,-0.09627646
0.09714188,0.13982512,0.18631361,0.09501747,0.25519097
