Care,Fairness,Loyalty,Authority,Sanctity
Harm,Cheating,Betrayal,Subversion,Degradation
0.049138118,-0.034898262,0.0364855,-0.046905555,-0.09117547
0.043387435,-0.09041414,0.0012220759,0.007046854,0.03065288
0.05708257,-0.09237258,-0.013579621,-0.03856601,-0.0037599616
0.030117664,0.021373972,0.054302737,-0.012403302,-0.023184909
0.04288546,0.066599205,0.043376494,0.02647299,0.037412457
0.09003818,0.021438152,0.1602545,0.10927642,0.07016054
0.062372565,0.07299897,0.15619425,0.051117577,-0.0023632664
0.11159766,0.035630718,0.097069636,0.016296918,-0.0016189199
0.13950822,0.1381913,0.20262106,0.10943622,0.07736919
0.10141251,0.13491671,0.16683614,0.05516567,0.025594423
0.04460114,0.043808956,0.021464206,0.010063672,-0.012707993
0.109758526,-0.0058489293,0.13879293,0.016697623,-0.046112943
0.1361523,0.022621533,0.09538691,-0.017248927,0.040422812
0.09926072,0.039947648,0.11028777,-0.03038813,-0.01126988
0.05765878,0.03869983,0.11731008,0.06188489,0.003554387
-0.022058796,0.15244862,0.09493272,0.064410344,0.010355266
0.044449344,0.12072273,0.098262005,0.034635186,-0.0074332952
0.038986903,0.021183312,0.0867534,0.085601404,0.017272288
0.03116725,-0.04599406,-0.029573502,0.018450389,-0.020647012
0.0644386,0.022476453,0.051914845,-0.011193597,-0.032511268
0.008082762,-0.046409257,0.057096913,-0.0557695,0.01465255
0.08450705,0.03251459,0.05393211,-0.007988183,-0.012392137
0.10185376,0.07140958,0.12627593,0.15717617,0.03583261
0.019364785,-0.030023705,0.06085759,-0.010582813,0.06263965
0.153738,0.108184926,0.22980474,0.12090464,0.06286287
0.069099054,-0.026825547,0.07325694,0.012886928,0.090837725
0.093758136,0.0074671647,0.16107045,0.017736798,0.07715799
0.044386156,0.049918793,0.16213912,-0.020240389,0.07243803
