Care,Fairness,Loyalty,Authority,Sanctity
Harm,Cheating,Betrayal,Subversion,Degradation
0.006820744,-0.0008057654,-0.052691504,-0.08006235,-0.10324562
0.058260635,-0.060421742,-0.13667442,-0.08905595,-0.09865049
0.01264107,0.01251056,-0.05653155,-0.03655818,-0.04585459
-0.05283622,0.037732873,-0.05349093,-0.064893246,-0.11672401
0.0118418895,0.1159381,0.0045708707,0.008724503,-0.08250417
-0.11275701,-0.027075356,-0.11711926,-0.06435229,-0.17586893
0.06830262,-0.050770372,0.0117910905,0.052048795,-0.02931538
0.021558318,0.050578035,0.012828156,-0.037892655,-0.025082687
0.11335775,0.1908142,0.2203573,0.19562992,0.062234797
-0.056084394,0.03011294,-0.029294979,0.021383073,-0.100992575
-0.15019763,-0.021667842,-0.12287329,-0.09781648,-0.073964074
0.036179468,-0.0032111276,-0.06317721,-0.079717025,-0.04653805
0.054013543,0.04924371,-0.024421189,-0.06507641,-0.061681367
0.10704869,0.078881994,0.0020244475,-0.019948838,-0.14149016
0.0040715886,0.0065672453,0.030697383,-0.0070144683,-0.07271143
0.0068911575,0.048771277,-0.008878326,-0.046590112,-0.11245515
-0.014956803,0.053574182,0.012231677,-0.05781234,-0.013958359
-0.041811313,0.0059333183,-0.060184706,-0.076550595,-0.059096023
0.06142955,-0.013376849,-0.07021667,-0.06968566,-0.0722813
0.043578207,0.059008442,0.015222898,0.019265315,0.044408754
0.06252442,0.046224944,0.04194796,0.008785468,0.032834947
