Care,Fairness,Loyalty,Authority,Sanctity
Harm,Cheating,Betrayal,Subversion,Degradation
0.004998317,0.010895077,-0.03886663,-0.04303667,-0.12941337
0.03873393,-0.066191226,-0.12099159,-0.09969395,-0.06143662
0.007924101,-0.013395514,-0.091743454,-0.03596217,-0.110781774
-0.04407382,0.07940374,0.0226072,-0.005528314,-0.057708405
-0.0679685,0.014997536,-0.09278568,-0.0632088,-0.17711973
-0.039929025,0.019374717,-0.07247965,-0.03172897,-0.108237766
-0.014577534,0.065405406,-0.001583837,0.031671774,-0.07504316
0.0068687676,0.08985224,0.031156596,0.030211788,-0.08382769
