Care,Fairness,Loyalty,Authority,Sanctity
Harm,Cheating,Betrayal,Subversion,Degradation
0.009238427,-0.0859016,-0.059189387,0.0092240665,-0.006116364
-0.016751744,-0.013204407,0.048097648,0.067334935,0.0626483
-0.016284997,0.012499616,0.0956581,0.033806562,0.05368723
-0.10936035,0.14279708,0.12138532,0.093385994,0.15625224
0.07385879,-0.009507645,0.06850108,0.049596187,0.11421734
-0.06564628,-0.058597162,0.0062261024,0.005022483,-0.020628395
0.060568646,0.05576415,0.06781492,-0.048738874,-0.060831722
-0.0071631623,-0.023388933,0.03243951,-0.0807593,-0.042897366
0.0014926805,-0.013659077,0.07302211,-0.013985962,0.018693706
-0.045670956,0.023824677,0.032718003,0.09044182,0.02691145
-0.07317373,0.032956664,0.02738923,0.036866333,-0.016925361
0.043610148,-0.04998588,-0.04519677,0.014403846,-0.003874477
0.02315503,0.03147168,0.090576775,0.115977734,0.03652241
-0.0056097796,0.0005352618,-0.032334886,-0.07265908,-0.020499242
-0.06457935,-0.0581599,-0.062931895,0.03231639,0.0021626465
0.025717895,0.042155303,0.038586926,0.03148801,0.1016188
0.082627356,0.08386123,0.0476792,0.018288203,0.007278787
-0.069570355,-0.058131963,-0.085974455,-0.048633635,-0.018539399
0.054222047,0.08388792,0.07760965,0.020590257,0.012749558
-0.007372235,-0.024719454,-0.07547004,-0.1540067,-0.11606521
0.026992854,-0.0649442,-0.056488134,-0.07398153,-0.11106613
0.045494825,-0.023072973,-0.037192095,-0.045925204,0.03655295
0.11713437,0.1071794,-0.006302847,0.09160371,0.123062655
0.023117132,0.010662928,0.059151065,-0.07049878,0.028507978
0.032364033,0.016387556,0.035633028,0.0686925,0.09771746
-0.10886268,0.039750174,-0.039189942,-0.013922488,-0.06520563
0.07218539,0.012880977,0.004249522,0.04412198,0.083782256
