Care,Fairness,Loyalty,Authority,Sanctity
Harm,Cheating,Betrayal,Subversion,Degradation
0.05241744,-0.030697698,0.014694728,-0.012959588,0.036547206
0.04240091,0.01600373,-0.05636152,-0.06941169,0.07114652
0.021216922,0.07636781,-0.087170295,-0.05274414,-0.0070976727
0.0014055409,0.01038884,-0.011836237,-0.02463967,-0.032415926
0.06470372,-0.015123863,-0.025771922,-0.125736,0.068792716
-0.008231631,0.09322503,0.071082324,-0.030771513,0.042697784
-0.041159883,-0.031414494,-0.1285293,-0.16855067,-0.10691868
-0.044879496,-0.048254512,-0.044777267,0.01145572,-0.024622802
-0.016873794,0.03782256,0.08354688,0.075243756,0.08353152
0.0720776,0.11731093,0.010375164,0.055072103,-0.04183574
-0.050877057,0.0526703,-0.015618312,-0.014831724,-0.053430118
0.028505452,0.09480682,0.13453917,-0.0034226645,0.069554366
-0.12281434,-0.033448648,-0.08661243,-0.17352036,-0.12785503
-0.022989959,0.051721666,0.067420155,-0.025600431,-0.10062395
-0.07546736,0.012742886,-0.04978297,-0.08180752,-0.07335375
0.027768902,0.103491805,0.10461265,0.0519258,0.04112583
-0.040665925,0.10854891,0.098552465,0.06561129,-0.042282213
0.026239324,0.00026332214,-0.0013509598,0.020021396,-0.054343432
0.01716794,0.03270854,0.022166956,-0.02931272,-0.0182903
-0.050513703,-0.0023863055,-0.027614618,-0.16229847,-0.11442551
-0.02603299,0.010025077,0.0007459186,-0.022037394,-0.03924751
-0.020289399,0.0074094236,-0.03291693,0.0062344517,-0.070530176
0.052721567,0.14478248,0.062160797,0.028294802,0.054518804
-0.09970726,-0.067732684,-0.19729352,-0.21752274,-0.1803217
0.08129127,0.0647267,0.089945495,0.02353123,0.106659144
0.051712874,-0.06547634,0.0024454817,-0.046805598,-0.05760172
0.02919954,0.02489245,0.012668519,-0.01841309,-0.038087595
-0.01397535,-0.033111736,0.054726765,0.014415083,-0.023471063
0.039011955,-0.026574362,0.025602305,-0.043332223,0.03914046
-0.0063106623,-0.035128735,-0.034642134,-0.035689306,-0.036770303
0.0077364948,0.029477492,0.13302699,0.084101036,0.033413008
0.005948377,-0.029909397,0.002068703,-0.060182214,-0.053649515
-0.023968631,-0.025071356,-0.0155388005,-0.107897624,-0.03516248
