Care,Fairness,Loyalty,Authority,Sanctity
Harm,Cheating,Betrayal,Subversion,Degradation
0.068372294,-0.023687474,-0.055223886,-0.08036356,-0.017729828
-0.06492479,0.03870803,-0.15735987,-0.15846068,-0.11486731
0.07301813,-0.003237912,-0.015452103,-0.038164426,0.08719857
0.040202685,0.039284464,0.03829463,0.0016501201,-0.05455621
0.12501304,0.054513358,0.018449666,-0.06859638,-0.040528752
0.03704483,-0.018777687,0.029955972,0.03190622,0.054471865
0.11704503,0.046329796,-0.032295812,-0.034323044,0.07650651
-0.0051157307,0.01126998,-0.123264655,-0.08846439,-0.13848387
-0.17198107,-0.077462286,-0.17846338,-0.2187073,-0.15377393
-0.06593156,-0.021526817,-0.11140043,-0.060136404,-0.10220224
0.026239315,0.00026331283,-0.0013509267,0.020021407,-0.05434346
0.026239315,0.00026331283,-0.0013509267,0.020021407,-0.05434346
0.022098843,0.0018453887,-0.07671305,-0.090184726,-0.09612788
-0.043110996,-0.052201476,-0.094594106,-0.013572808,-0.0053321403
-0.063949436,-0.114901945,-0.20949712,-0.18321875,-0.08552188
-0.022099918,-0.11676761,-0.09851935,-0.09938385,-0.08832671
-0.10936257,-0.116101354,-0.1511148,-0.12585051,-0.08462499
0.06047304,-0.032034982,-0.004401464,-0.008791907,-0.025751188
-0.038762633,-0.06362559,-0.019928474,0.003951419,-0.073487334
-0.13050562,-0.09453381,-0.050066464,-0.12599841,-0.075980514
-0.037721343,-0.016315168,-0.06395797,-0.08790433,-0.054821797
0.03126688,-0.039507225,-0.018051531,-0.09776974,0.058938697
-0.024281645,-0.054030642,0.0756039,0.0059979856,-0.076649934
0.06148517,-0.05857488,-0.061269283,-0.073536776,-0.1366416
0.17302972,0.020052169,0.12490062,0.036903713,0.05603972
-0.021523308,-0.015070662,0.01824005,-0.030279087,0.05392622
-0.013739384,-0.003949607,0.009368144,-0.07505053,-0.10908239
0.048734434,0.049048774,-0.029266592,-0.08026209,-0.02987015
0.05765053,-0.025739597,-0.019468905,-0.10558586,0.012119375
0.030192614,-0.012485953,-0.03194939,-0.03207381,0.034950837
0.047095776,-0.007067496,0.022574298,0.094642155,-0.044536747
0.12529618,0.0727133,0.11425842,-0.022483047,0.05967089
0.05061157,-0.015160027,0.06435368,0.12292806,0.054064233
0.12484695,-0.0011956422,0.035516113,0.040565763,0.0015014773
-0.047118865,0.04405333,-0.01838452,0.04115476,-0.050668135
-0.16297656,0.032150693,-0.1291613,-0.09338897,-0.08696167
-0.0042531993,0.06400939,0.043372985,-0.0206068,-0.027403833
0.019705076,-0.015550453,-0.0132930735,-0.016352423,0.044885978
