Care,Fairness,Loyalty,Authority,Sanctity
Harm,Cheating,Betrayal,Subversion,Degradation
0.031472288,-0.0039285584,-0.07058935,-0.053319253,-0.06592496
0.07470818,-0.022122514,-0.0175407,-0.00062119216,0.0003642738
0.06615508,0.018970437,-0.007947944,0.028242387,0.049271937
0.061506674,0.07475602,0.11834459,0.053006977,0.11191959
0.07351534,0.05510643,0.026592076,-0.0008743666,0.03564322
0.08944471,-0.012308466,-0.042049758,-0.016603867,4.8726797e-05
-0.028919829,-0.006686032,-0.015000442,-0.06248209,-0.06582619
-0.029424205,-0.027278317,-0.06018742,-0.04216634,-0.022287404
0.112991646,0.0919504,0.024761505,0.006763585,0.044531114
0.05502888,0.016669765,-0.03129287,-0.07182881,-0.07353319
0.073201925,0.026239011,-0.032425594,-0.029227361,-0.04448574
0.077662766,0.0678521,-0.011452377,-0.044985186,-0.05132965
0.03714361,-0.019468136,-0.033776525,0.007053081,-0.029217921
0.01818337,0.013148368,-0.08401862,-0.04440016,-0.06545676
-0.013370645,0.0005966099,-0.032119267,-0.10156083,-0.077978164
-0.030486403,-0.021328136,-0.05166407,-0.07261827,-0.03722327
-0.041912545,-0.026342474,-0.0063479953,0.027990907,0.03832299
-0.024026202,0.0036862968,-0.042530596,-0.00027453713,-0.029115131
-0.061441615,0.031631134,-0.054564215,-0.047597107,-0.0039310334
0.06821625,0.00699275,0.067752495,0.040427502,-0.018273303
