Care,Fairness,Loyalty,Authority,Sanctity
Harm,Cheating,Betrayal,Subversion,Degradation
-0.0050343685,-0.009524785,-0.07182123,-0.05973226,-0.12030937
-0.11235118,-0.02408944,-0.1437178,-0.11428185,-0.11385546
0.020185556,-0.034790035,-0.039040044,-0.08321611,-0.02944214
-0.008058957,0.03781926,-0.053444285,-0.064076185,-0.08126829
-0.027992092,0.004087873,-0.095613435,-0.08229638,-0.05551241
-0.10051409,-0.06065593,-0.08934243,-0.08906836,-0.12129521
0.005315584,-0.03090567,-0.042115495,-0.06276851,0.034107048
0.0010005459,-0.019036874,-0.08879846,-0.057999678,-0.048891164
-0.07016262,-0.022422183,-0.0697446,-0.023746269,-0.11695689
0.016126249,0.033739395,-0.051223487,0.0012475438,-0.02473361
-0.025228886,0.025684297,-0.046116088,-0.021000218,-0.045230955
-0.033531345,0.0031162566,0.056108616,0.024897385,-0.0075432705
-0.039123416,0.06122307,0.016905226,0.04944949,-0.05505067
0.024760269,0.014657065,-0.019400489,0.0279969,0.04819528
0.085247494,0.022607233,0.06814136,0.040072717,0.037477892
-0.1265892,-0.049164645,-0.086108275,-0.08317685,-0.26595825
0.013613718,-0.0044529373,-0.094049305,-0.06475178,-0.0064896103
-0.07178289,0.012734016,-0.044156224,-0.03913992,-0.06969914
-0.06709478,0.041002907,-0.050427034,-0.10965007,-0.123270065
-0.12783794,-0.029831264,-0.093164265,-0.11815469,-0.11512336
0.06394463,-0.0654345,-0.03452304,-0.04268407,-0.11388469
