Care,Fairness,Loyalty,Authority,Sanctity
Harm,Cheating,Betrayal,Subversion,Degradation
-0.017375283,0.008705914,-0.0876408,-0.0065598227,-0.08070742
0.014596074,0.0482557,-0.031809516,-0.036844786,-0.029991709
-0.052781716,-0.040645618,-0.02306594,0.03952035,-0.032504775
-0.05606671,-0.010721734,-0.14483988,-0.17184141,-0.11667864
-0.107459866,-0.09686652,-0.093318544,-0.088994056,-0.0929904
0.06677746,-0.014426976,-0.032633178,-0.04935892,-0.08008753
0.07451402,-0.07938276,0.010469366,-0.05999741,-0.016982581
0.05762517,-0.034073047,-0.059048478,-0.06440419,0.030495994
0.0222294,-0.011667894,-0.114310354,-0.055264086,-0.064644955
-0.00069307163,-0.018069988,-0.098534726,-0.09154768,-0.08109137
-0.021352153,0.025197491,0.032982856,0.07864096,0.0062775724
-0.029610794,-0.017242525,0.02492712,-0.027861062,0.0396296
0.011489455,0.055078432,0.0021194397,0.03804352,-0.01030202
-0.061335146,0.011666033,-0.03996381,-0.07838916,-0.05381456
0.063326485,0.11391069,0.046400048,0.025638081,0.064517476
-0.10906931,-0.078603946,-0.16332693,-0.1281834,-0.042318385
-0.1168286,0.0079878345,-0.121452436,-0.049827524,-0.07814478
-0.051689137,0.0048431344,-0.07202017,-0.092232846,-0.1676211
0.007284157,-0.013297499,-0.07130615,-0.07491924,0.03510141
0.11087425,0.080869615,0.04037223,0.04130745,0.042910982
-0.04004876,-0.03432765,-0.06315201,-0.11075155,-0.07194302
-0.00043250248,0.013435351,0.064454414,0.17598027,0.083248295
0.0046166666,0.024916518,-0.04231463,0.028644685,-0.061678857
-0.06936224,0.010293074,-0.012228634,-0.08723537,-0.03068474
-0.032353893,0.024544762,0.021815721,-0.056374237,-0.019092962
0.011669618,-0.07923607,-0.12827611,-0.09760876,-0.08852786
-0.02184681,0.081467256,0.030099252,-0.02311934,0.03292735
-0.10712451,-0.09700895,-0.08828143,-0.12739725,-0.16033354
0.07729636,0.0941953,0.003333481,-0.009569174,0.03909789
0.0534234,0.14663547,0.09836505,0.018559843,0.040801544
-0.06542904,0.022732783,-0.059276424,0.037826847,0.024868008
-0.08153444,0.054642785,0.039319094,0.04272583,0.0490216
-0.021439683,0.012270421,-0.005990416,0.06803633,0.010533545
-0.075293414,0.026930466,0.0122080855,0.02404569,-0.09972055
