Care,Fairness,Loyalty,Authority,Sanctity
Harm,Cheating,Betrayal,Subversion,Degradation
0.0029970948,0.03283113,-0.01801642,-0.010502758,-0.07006639
0.02953528,0.05880168,0.026987148,0.03583905,-0.060164966
-0.108380035,0.011942837,-0.1064898,-0.114876315,-0.15118754
-0.048321277,-0.06439417,-0.14738011,-0.063164994,-0.07945184
-0.032357246,0.058748387,-0.06691212,-0.009142493,-0.059575036
0.026753744,0.07148093,-0.007145932,-0.0068002064,-0.0008030357
0.007992812,0.055275045,0.024122583,-0.02932596,0.039471515
0.0567159,0.05902023,0.040976755,-0.028939035,-0.030702116
0.08832204,0.11242002,0.16711754,0.112528086,0.06335613
-0.017648794,0.078168884,0.054735575,-0.014810957,-0.025617681
0.059579395,0.07371134,0.17404881,0.16471937,0.01242101
0.0001676986,0.11145292,0.019721646,0.023194168,0.026256954
0.004868176,0.12611526,0.15042615,0.080282375,0.0652159
0.063582115,0.11152005,0.11638491,0.073297925,0.082000755
0.04617381,0.055715363,0.0247754,-0.0014942735,-0.044341527
-0.10808812,-0.013412017,-0.10894484,-0.09822705,-0.117863804
-0.12210144,-0.06390699,-0.05364582,0.0058541,-0.03360989
-0.06163666,0.08005939,-0.0332769,0.035957683,0.02031565
0.02909081,0.12993659,0.20784138,0.24451388,0.12403503
-0.06761932,-0.03873626,-0.09701123,0.013227178,-0.108047664
