Care,Fairness,Loyalty,Authority,Sanctity
Harm,Cheating,Betrayal,Subversion,Degradation
-0.08200048,-0.026010934,-0.021316253,-0.02413176,-0.12029646
-0.0039519947,-0.036823705,0.008574985,-0.024619475,-0.099047326
0.054233957,0.036425896,0.08042501,-0.04528886,-0.051374476
-0.06998199,-0.034676112,0.018637467,-0.0076794513,-0.14660186
-0.098614976,-0.013719222,-0.053712565,-0.0775886,-0.14494303
-0.017538352,-0.049585197,0.05770389,0.0066026747,0.0011700839
-0.06006877,-0.0023431946,0.023600757,0.047286704,0.04602211
-0.1985674,-0.08360244,-0.1403406,-0.13620746,-0.26313844
0.010296086,-0.014817609,-0.0806819,-0.07648063,-0.07806556
0.036561128,-0.012464229,0.15194328,-0.014411866,0.029247414
-0.059594724,-0.021837285,-0.019017914,-0.041642822,-0.018652573
-0.09782087,-0.032975383,-0.09515202,-0.073091105,-0.23021224
0.017961264,-0.009758769,0.063657865,-0.017452545,-0.02503407
-0.14256875,-0.07173202,-0.032670148,-0.061374716,-0.24002354
-0.07782371,-0.055213425,-0.12893483,-0.10545033,-0.17054428
-0.11005331,-0.031837437,-0.047267556,-0.0070670266,-0.13639683
-0.13614008,-0.16286631,-0.060442083,-0.08684393,-0.20737506
-0.036760055,-0.0257797,0.060384594,-0.0066604577,-0.114612
-0.0374194,-0.09554717,0.02690917,-0.058274195,-0.09342193
-0.06670973,-0.11021047,-0.08694905,-0.11005889,-0.18052505
-0.04515277,-0.07065742,0.01812056,-0.037733227,-0.06479667
-0.04504401,-0.00552023,0.0499595,0.0009911209,-0.0036923364
0.015756713,0.01942146,-0.007535424,-0.022612274,-0.051125005
0.032672405,0.021479383,0.07900406,-0.041620776,-0.058583897
-0.043389007,-0.1044402,-0.0120479055,-0.0154190995,-0.07848081
0.014703065,0.05554324,0.05143753,0.021689147,-0.087595895
-0.11616238,-0.076840594,-0.002684651,-0.10558176,-0.08433204
0.050762627,-0.024486922,0.026851188,0.016289137,-0.053157758
0.015741687,0.0650703,0.07071924,0.08613734,0.009792117
0.05753336,0.05802013,0.054092668,0.03554285,-0.018850228
-0.15333581,-0.022097196,-0.110200584,-0.025769712,-0.22064707
-0.097749256,-0.033662856,-0.13658112,-0.030813605,-0.27492657
-0.14195424,-0.0037604282,-0.06798134,-0.015238561,-0.13284451
0.016229741,-0.042007256,0.04454619,-0.015709322,0.051134232
