Care,Fairness,Loyalty,Authority,Sanctity
Harm,Cheating,Betrayal,Subversion,Degradation
0.036590062,0.003588602,0.022880377,-0.038196627,-0.11144581
-0.06673369,-0.06351879,-0.09044229,-0.096225694,-0.19764122
-0.034675956,0.007659903,-0.004049577,-0.10448758,-0.10817795
-0.0638807,-0.026695058,-0.09970614,-0.09369039,-0.09824561
-0.17810792,-0.11911957,-0.16588157,-0.17115875,-0.2460792
0.04537698,0.06046851,0.08468743,0.036599018,0.015087571
-0.008715581,0.029009935,-0.03399293,-0.046158075,-0.12006612
0.04588613,-0.0044494355,0.0013933582,-0.016943106,-0.106853455
-0.095173396,-0.014540675,0.04262787,-0.04453328,-0.0508526
0.08588863,0.14592513,0.15737504,0.08057577,0.039203577
-0.043504633,-0.037670195,-0.07048367,-0.0570026,-0.15461802
-0.070223466,0.0417953,0.024842374,0.043291017,-0.13511913
