Care,Fairness,Loyalty,Authority,Sanctity
Harm,Cheating,Betrayal,Subversion,Degradation
-0.05293402,-0.0030326527,-0.038622484,-0.04207908,-0.09672477
-0.02968247,0.022448827,0.023119796,-0.07479635,-0.067155644
0.10891925,0.061706826,0.07162528,-0.021450825,-0.001625712
0.07016599,0.004030654,-0.008297732,-0.09482979,-0.03038651
0.0333516,0.08591159,0.019294119,0.05718875,-0.035076305
-0.032162048,0.046191245,-0.035245247,-0.03270597,-0.011339529
0.017841509,-0.009927098,0.00018584263,0.0034649856,-0.08502082
0.028782908,-0.14905229,-0.02548571,0.0033372976,-0.05623527
0.06883776,0.03116973,-0.04064263,-0.0046772603,-0.0041363426
-0.016107503,-0.0005534794,-0.1682137,-0.100189,-0.09524835
-0.03691428,-0.051833242,-0.02008828,0.008855533,-0.043080058
-0.014378976,-0.01730022,-0.050153214,0.012984913,-0.09428077
0.054839663,0.03838547,0.011254084,-0.02000019,0.009736065
0.030403445,0.013056193,-0.03216691,-0.025992474,-0.010729764
-0.053200305,0.025221763,-0.006711267,-0.009875704,0.049780566
-0.048679017,-0.060402993,-0.08224331,-0.05310222,-0.0876317
-0.04501706,-0.059073597,-0.11403827,-0.088987514,-0.0010358859
-0.0029807761,-0.024592169,-0.006351237,0.058601815,0.04486218
-0.04536689,-0.10594173,-0.18313399,-0.1483787,-0.24512719
0.10104881,0.051445637,0.077839874,0.13442107,0.16809511
0.19983625,0.1224878,0.10065722,0.115739666,0.14862843
-0.011813961,0.013212399,0.06082799,0.044785887,0.036783557
0.01556247,-0.018133307,0.08261561,0.06341041,0.0026563136
-0.022559986,-0.035902373,0.03535885,0.069071,-0.012761608
0.004202145,0.096652895,-0.027781997,0.012827588,0.035155557
0.049093064,0.11306327,0.03740962,0.04303831,0.09143104
-0.07308468,-0.059182584,-0.13908882,-0.054990437,-0.0789988
