Care,Fairness,Loyalty,Authority,Sanctity
Harm,Cheating,Betrayal,Subversion,Degradation
-0.055624217,-0.032891322,-0.06651403,-0.07253149,-0.14507449
-0.018062875,0.030238291,0.059632532,0.08228787,-0.039579958
0.042560313,0.059617877,0.057416383,0.03996218,0.031362057
0.022311468,0.017070465,0.03166372,-0.0080071,0.02787882
-0.002510408,-0.02555488,-0.030209027,0.0044545326,-0.014510479
0.038154192,0.017009111,0.052522153,0.052093104,-0.02222972
0.14580037,0.082183085,0.14017867,0.20038489,0.028575879
0.040014293,0.07850411,0.12589714,0.122514,-0.00042414665
0.02623934,0.00026334822,-0.0013508368,0.020021476,-0.054343365
0.02623934,0.00026334822,-0.0013508368,0.020021476,-0.054343365
0.0055526644,0.047317155,0.023285002,0.036333635,-0.015848527
0.03614858,0.02917175,0.04171516,0.010930873,0.009419315
0.0049699917,0.003456429,0.00034542382,-0.05081027,-0.07229339
0.08574767,0.05375182,0.13321397,0.032254092,0.0079293735
-0.060263135,0.0074070767,-0.051358417,-0.038190648,0.038286354
-0.11376243,-0.016677655,0.006156871,-0.0013424009,-0.012348175
-0.045473933,0.032532375,0.1078942,0.083637975,-0.05338289
-0.104486376,-0.027706195,-0.028039288,-0.029287472,-0.107528105
0.03131169,0.0021438096,0.08676738,0.06619508,-0.03589219
-0.07305212,-0.036156,-0.017771423,0.054683242,0.04099638
-0.058559723,0.00994885,-0.02118856,0.093409486,-0.14645052
0.03801641,0.11686849,0.051505174,0.012331819,-0.0020296136
