Care,Fairness,Loyalty,Authority,Sanctity
Harm,Cheating,Betrayal,Subversion,Degradation
-0.008543458,-0.022187237,-0.065085925,-0.026084539,-0.09160766
-0.07235898,-0.009777062,-0.06336222,-0.099926874,-0.113032155
-0.04868062,0.008615849,-0.124611154,-0.090672314,-0.04850231
-0.021993779,0.01886952,-0.01936173,-0.05122508,-0.054994307
0.05206979,0.0123480465,0.00806951,-0.022335134,0.033452384
0.0009153569,0.032230865,-0.011639493,0.015799802,-0.08860975
0.01819973,-0.10680546,-0.10146585,-0.15223843,-0.0038609365
0.054373533,0.07347775,0.024998799,0.008764999,0.06423645
0.06416224,0.014169055,-0.0332262,-0.068775624,0.037570916
0.04064588,0.06409648,-0.051285595,-0.019581651,0.02202974
0.07288271,0.12680678,0.08337582,0.07423205,0.04033996
0.07691792,0.10744162,0.021847963,0.121631384,0.10774785
-0.014802013,-0.013235912,-0.09407177,0.03747184,-0.027247045
