Care,Fairness,Loyalty,Authority,Sanctity
Harm,Cheating,Betrayal,Subversion,Degradation
0.15411785,0.033119682,0.11034852,-0.086660914,-0.0033653476
0.05667472,-0.0129935015,0.07113237,-0.017287971,0.018580876
0.044404518,0.09669385,-0.05460658,-0.025117086,0.025242988
0.07171525,0.023200665,0.091767184,-0.035787273,-0.07866721
0.028785883,-0.06838036,0.071398795,-0.037869878,-0.10139239
0.09386718,-0.036122493,0.051404737,-0.0801789,-0.021691665
0.1805645,0.060666148,0.28297183,-0.029549532,0.08214437
0.14700505,0.033222087,0.19293165,0.059689023,0.06016817
0.07985938,-0.031137189,0.14411205,0.035972252,0.040084604
0.1268433,0.053839426,0.21498269,0.106842786,0.056889042
0.14239405,0.094634525,0.04764374,0.0012786393,-0.037654176
0.13059428,0.09044103,0.026374333,0.019168478,-0.07300654
0.16102117,0.09590474,0.10842953,0.011542943,-0.012137521
0.07851429,0.032718465,0.045268297,0.0034481734,-0.0015107151
0.13366044,0.09285407,0.1306465,0.103792794,0.10615949
0.1456179,0.15576133,0.1368674,0.008692678,0.09874867
0.10383621,0.10223771,0.08986054,0.018744515,-0.011669455
0.109437525,0.10625431,0.14325638,0.033812027,0.07868317
-0.009058854,-0.011251507,-0.060418256,-0.030570218,0.021563949
0.11913262,0.062146846,0.02213806,-0.07311866,-0.011990508
-0.11017123,0.02881375,-0.057602983,-0.07286325,-0.030213257
0.09965034,0.031254757,0.05406087,0.0034262296,-0.048696347
-0.0123502165,0.07380884,-0.042066623,-0.050552778,-0.06749849
0.063041076,0.060263734,0.031845633,0.0028273584,-0.0030805059
-0.037051573,0.008825282,0.050072215,-0.015934505,-0.097869225
0.13921937,0.14151518,0.12901329,0.080102324,0.01778548
0.15140106,0.09809342,0.14563355,0.018763341,0.12685665
0.05189481,-0.013624582,0.100846425,-0.036252752,0.0037350007
