Care,Fairness,Loyalty,Authority,Sanctity
Harm,Cheating,Betrayal,Subversion,Degradation
-0.007189738,-0.005740015,-0.01767119,-0.037312083,-0.14837365
-0.09354721,-0.082654044,-0.07816821,-0.05265857,-0.12452456
-0.033341225,0.011432527,-0.021666974,0.014017938,-0.08135634
0.08710299,-0.011149444,0.13231973,-0.0023728237,-0.027787695
0.16142225,0.15280163,0.21750918,0.05489973,0.11828488
-0.16326967,-0.11060932,-0.173623,-0.10932791,-0.1819025
-0.0454693,0.0008804463,-0.04536883,-0.16577034,-0.054596074
-0.01297583,0.023383472,-0.02032868,-0.0016286233,-0.12405495
0.02191372,0.002409705,0.11595811,-0.004916258,-0.01416848
-0.027761295,-0.016787069,-0.053691573,-0.036560025,-0.06124706
-0.20812678,-0.05706088,-0.039875954,-0.030656436,-0.20117551
-0.13457157,-0.01944333,-0.06087615,-0.022344891,-0.14707859
0.019771587,-0.020683484,-0.005298279,-0.03352396,-0.07460216
0.06266816,0.007913024,0.021313125,-0.03663922,0.056251347
-0.14300977,-0.038280554,-0.08359815,-0.12679851,-0.2335389
-0.021745067,-0.073720485,-0.06491419,-0.0771771,-0.0833219
-0.13694227,-0.023369864,-0.043759406,-0.046275925,-0.10580616
-0.04127867,-0.045948632,-0.06634687,-0.11085572,-0.1521937
-0.11724129,-0.08539577,-0.049664266,-0.012117014,-0.12125736
0.008821512,-0.05272183,0.074727766,-0.019053236,-0.06607072
-0.088380165,0.010844436,-0.007386323,-0.024525061,-0.10183519
0.028352339,0.015615832,0.07444182,0.09345025,0.01987112
