Care,Fairness,Loyalty,Authority,Sanctity
Harm,Cheating,Betrayal,Subversion,Degradation
0.0331986,0.017102294,-0.040524505,-0.025132593,-0.047480118
0.034063667,0.07199594,-0.015287083,-0.024033045,-0.0054247864
0.024772793,-0.051938277,-0.04024247,-0.11553915,-0.0715506
0.0127617605,0.028966777,0.017517159,0.056738786,0.020591438
0.06907455,0.015025061,-0.06102968,-0.08354316,-0.07236896
0.035054117,0.05563523,-0.015840478,0.02378184,-0.03286395
-0.00085869245,0.022579942,0.09894775,0.0006432738,-0.0023635458
0.034604494,0.018846404,0.0072293854,0.013108928,-0.08373116
0.0072092307,0.0121193165,-0.008787498,0.025490412,-0.021641277
0.047787853,-0.021684662,-0.017118104,0.07516861,-0.09460345
