Care,Fairness,Loyalty,Authority,Sanctity
Harm,Cheating,Betrayal,Subversion,Degradation
-0.07787006,-0.054336693,-0.10904403,-0.0777107,-0.039253257
0.022502989,0.048083395,-0.032642134,0.012125835,0.012973916
0.06702989,0.11712626,0.12606096,0.09317966,0.09139315
0.022585612,0.055936765,0.08895132,-0.0011850335,0.12241967
-0.10022149,-0.00045113638,-0.03178167,0.006145197,-0.054839544
-0.044368237,-0.023268156,-0.12727183,-0.08753911,-0.06749283
-0.09480761,-0.08208266,-0.09747467,-0.083569914,-0.16408397
0.03166292,-0.01649382,-0.07787736,-0.03511893,-0.038442623
0.035158634,0.017612062,-0.010506122,-0.039445385,0.033234913
0.10836935,0.061949655,-0.039867096,0.006240215,0.10326871
0.022360248,-0.056222837,-0.17414738,-0.08804292,-0.11737632
-0.041555878,0.04255639,-0.11303564,-0.055838607,-0.06592289
-0.059543233,0.045206763,-0.07855508,-0.03190933,-0.22424659
0.03808628,0.080351755,0.17582065,0.12544283,0.15813339
-0.041656718,-0.08182265,-0.055962265,-0.07251715,-0.08369118
0.02869821,0.028394822,0.008284033,0.0036367127,0.061196033
0.017174892,-0.030109156,-0.060088642,-0.043798827,0.009218454
-0.07335004,0.0078089163,-0.10722808,-0.09702608,-0.12322552
0.018663082,-0.09458922,-0.12498284,-0.080306515,-0.03706711
0.060574234,-0.007241158,0.0034851609,-0.043810382,-0.05176579
0.036851946,0.07125787,0.07791902,0.06679906,0.14762521
-0.002107394,0.029474735,-0.0061690677,-0.06702015,0.013882872
0.078977376,-0.05123195,0.036211293,0.026772298,-0.03525633
0.02137825,-0.005235914,0.10196631,0.11198801,-0.066996336
-0.026183996,-0.041756988,-0.106938526,-0.046415217,-0.083900064
-0.07948477,-0.02475192,-0.049308874,-0.022689316,-0.05859241
-0.12935874,-0.0059671616,-0.15664902,-0.0809435,0.00062434934
-0.06698045,-0.046213724,-0.06530384,-0.10364729,0.026111921
-0.028752457,0.07147468,-0.048129365,-0.08253163,0.029155552
0.0811124,0.042857613,0.08289042,0.027036618,0.095195696
-0.09411214,-0.031472784,0.037844934,-0.036806658,-0.0004889928
0.15880457,0.024619471,0.047691166,0.038150594,0.03616838
