Care,Fairness,Loyalty,Authority,Sanctity
Harm,Cheating,Betrayal,Subversion,Degradation
0.003026559,0.013296748,-0.019094788,-0.07268967,-0.1257163
0.103275806,0.069135696,0.09140524,-0.009877827,0.06809392
0.008166157,-0.03832133,-0.015655218,-0.067977026,-0.081265174
0.051046718,0.006507922,0.049587905,-0.012377924,-0.038437
-0.015901161,0.05904511,0.032023914,0.05241201,0.007481687
-0.03637928,0.021896383,-0.115205824,-0.17437235,-0.13648212
-0.04069466,0.037826777,0.028998826,-0.08964404,-0.104867026
-0.027872704,0.029189326,-0.0061091,-0.0035150377,-0.082900815
-0.008998832,0.07492387,-0.05933035,-0.07755418,-0.06779553
0.009583979,0.07102673,0.026146889,-0.06367126,-0.11228002
-0.11605825,-0.08044788,-0.093610875,-0.10921729,-0.12772441
0.02025444,0.085055895,0.0629437,-0.004910553,0.07173271
0.01863147,-0.14174339,-0.08075506,-0.029702961,-0.09161304
0.048782,0.07406164,0.101991706,0.01070603,0.013365574
0.11104779,0.051977426,0.08533416,0.00079722144,0.030604973
0.047901995,0.07861649,0.05653521,-0.050437845,-0.04104551
-0.04312837,0.014365423,-0.06990391,-0.15151721,-0.15843648
-0.0761571,0.078355476,-0.10659643,-0.037110493,-0.10493303
0.032141343,0.05968175,0.040513806,0.0020161653,-0.104511626
0.020228216,0.12029155,0.07904367,0.019863129,0.014467612
-0.052789435,0.009187644,-0.040355008,-0.06824374,-0.17011702
0.04712721,-0.05753546,0.01809688,-0.10897614,-0.06505285
-0.059071846,0.009228276,-0.026012596,0.0031640339,-0.13496464
-0.10108329,-0.11723493,-0.08368459,-0.12725887,-0.13154376
