Care,Fairness,Loyalty,Authority,Sanctity
Harm,Cheating,Betrayal,Subversion,Degradation
-0.0064812955,0.0076698596,-0.001498057,-0.03973583,-0.09592061
-0.032647878,0.016618434,-0.029917287,-0.04840035,-0.045232214
0.054013327,-0.018693501,-0.019781552,-0.011300448,0.04415948
0.014558278,0.026748963,0.045173205,-0.038085926,-0.083738096
0.0666316,-0.047178235,-0.16062747,-0.14071144,-0.030596
-0.017099101,-0.04004021,-0.0339804,-0.09107268,-0.14081454
-0.01414073,-0.023470126,-0.12406025,-0.11561226,-0.11201851
