Care,Fairness,Loyalty,Authority,Sanctity
Harm,Cheating,Betrayal,Subversion,Degradation
0.031248897,0.029656326,0.017121842,-0.01798473,-0.014100706
0.026208349,0.065029174,0.102181494,-0.02687027,0.0077218935
0.18844134,0.12028359,0.18830363,0.055265293,0.04904416
0.029873312,0.060150854,0.114496864,-0.04192271,0.010313576
-0.0775961,-0.02222896,-0.07824018,-0.08046421,-0.22995798
0.011789786,-0.012893819,-0.05187606,-0.07523775,-0.21120381
0.06952823,0.054846205,0.02806113,0.018142726,-0.032226816
0.15683684,0.11916217,0.17949884,0.054373585,0.12779738
0.04565103,0.16441995,0.16658673,0.08558765,0.01931643
0.1062157,0.015501767,0.107904054,-0.083430424,0.05946032
0.10453074,0.096824035,0.1736279,0.07595551,0.0357098
0.1182768,0.09591374,0.09293275,0.06285563,-0.006658487
0.11380398,0.124866895,0.12980908,0.089252636,0.056106877
0.06925744,0.04226912,0.09978383,0.1583007,0.030467575
0.118271045,0.10120611,0.21069518,0.06287884,0.06514534
0.06441046,0.06659578,0.04395995,0.0372123,-0.008891724
0.04960646,0.11630763,0.113173306,0.056536052,0.026935825
0.049023747,0.14641362,0.15675247,0.18494529,0.08842777
0.12099452,0.09261124,0.18738642,-0.01283125,-0.002383235
-0.027788451,0.12433495,0.09241103,0.07409781,-0.099735975
0.07104643,0.039200522,0.14807853,0.026859075,-0.00807536
0.011892794,0.107327744,0.16102648,0.04850722,0.0059144683
0.058429457,0.064185545,-0.0030781855,-0.022987813,-0.020539839
0.11417088,0.072275355,0.16390698,0.06662437,0.026077403
0.09514013,0.07898121,0.0449193,0.038030956,-0.005733574
0.04173147,0.0121136205,-0.01711496,-0.06050405,-0.08837685
