Care,Fairness,Loyalty,Authority,Sanctity
Harm,Cheating,Betrayal,Subversion,Degradation
0.0019656038,0.035210848,0.008496854,0.032323726,0.04069729
-0.0048465133,0.046805855,0.0049832277,-0.039136503,-0.069182396
0.09698693,0.04261307,0.08621672,-0.07581658,-0.0153556615
0.10296327,0.09465448,0.10695716,-1.4187302e-05,-0.06578672
0.07117234,0.061863936,0.10014119,-0.024508325,-0.009321557
0.07850379,0.06284462,0.052774966,0.046983875,0.05224576
0.07792062,0.16674948,0.09236867,0.0065092444,0.0031720009
0.0323577,0.10294861,0.07716985,-0.00077661034,-0.038422145
0.03614598,0.023438405,0.055762477,0.014231837,0.04383292
0.016122377,0.009451584,0.044936847,-0.0034753885,-0.027995192
0.046521485,-0.010400452,0.048311185,-0.04944414,-0.0038372227
0.034710646,0.055721316,0.05148504,0.08969128,0.05283519
0.0018055066,0.083441645,0.034824688,0.0023011388,0.0035307258
-0.025148842,-0.0022078007,0.03979566,0.022955714,-0.05415731
-0.011362305,0.012127142,0.072051674,0.093144044,0.047438584
0.07361054,0.09882958,0.03321511,-0.0038062367,-0.013652729
-0.022657475,0.07890343,0.063479744,0.01699577,-0.024212435
0.11427367,0.06090063,0.057713427,0.06322165,0.016354447
-0.02559235,0.03714119,-0.0050310716,-0.07124028,-0.08150771
-0.002647942,0.028081914,0.053891353,0.046337888,-0.018175814
0.039982207,0.076512784,0.10718875,0.098085076,-0.010593528
0.03135933,0.06477908,0.03486728,0.05956291,0.0063444134
0.063981175,-0.00502849,-0.057724997,-0.11448726,0.0063355826
0.020702489,0.07578187,0.07607627,0.08848409,-0.047426753
0.08938967,0.058081612,0.086406454,-0.0032360926,-0.004830106
-0.014288956,0.05667648,0.027162194,0.06617264,-0.032237586
0.058137,0.07872909,0.13991995,-0.0028216196,0.032381475
-0.006332238,0.00050027855,-0.008120332,-0.012516696,-0.06703552
0.058946952,0.07259749,0.13050497,0.00951796,0.04921216
