Care,Fairness,Loyalty,Authority,Sanctity
Harm,Cheating,Betrayal,Subversion,Degradation
0.0046218964,0.047324628,-0.069967635,-0.028504197,-0.037995756
0.012493185,0.040094994,-0.046252824,-0.0021717101,0.052700978
0.059241645,0.09106099,0.01031483,0.0063996287,0.03145067
0.014989989,0.1060391,0.035312146,-0.016334904,-0.032761686
0.07725556,0.085746795,-0.028394118,0.090834744,0.06793697
0.017112885,0.10685101,0.081873275,0.06115495,0.035481993
0.008259973,0.0086168945,0.00599334,0.009075157,0.07754116
-0.017404199,-0.020385632,0.009996608,0.04743591,0.0054439236
0.1541748,0.082173936,0.048389964,0.018243954,0.13420539
0.1288819,0.05737511,0.05001437,0.043075267,-0.037511762
0.0790477,0.06321733,0.05762758,0.058837444,0.04642393
0.072368495,0.10447854,0.08946982,0.10240967,0.0049941484
-0.016915144,0.0051667225,-0.09363186,-0.091237634,-0.15021476
0.040818434,0.03076212,-0.009613946,-0.035792407,0.00010645762
0.026921839,0.071149774,-0.03700089,-0.006084576,-0.011164483
-0.067018464,0.07149201,-0.05759416,-0.047130253,0.028448764
0.0019487366,0.103199795,0.0360068,0.015681814,0.12203864
0.11048746,0.11516117,-0.00043186639,0.02985774,0.08551189
0.13949692,0.1536454,0.07825638,0.0987798,0.11604529
0.07959427,0.08647917,0.02288176,-0.008373038,0.013756042
0.07689093,0.090161525,-0.018368522,-0.045964286,-0.008318512
0.05865285,0.024626756,-0.07016538,-0.089607194,-0.14236367
0.0843676,0.10638488,-0.027537802,0.013138252,0.081532955
0.041156232,0.02245989,-0.041221756,0.051593065,-0.023964554
0.0019556768,0.08135045,-0.06482907,0.006936718,0.085611224
-0.013360725,0.06714672,0.062196672,0.029320419,0.077613726
0.024086308,0.14967473,-0.0076383334,0.10925784,0.13367906
0.10209375,0.10812057,0.01995791,-0.0132676,0.12066373
-0.03771046,0.024847854,0.01932057,-0.038964633,-0.10432302
-0.01940152,0.019978609,0.0009498666,-0.03979511,-0.06098596
-0.06988741,0.030122291,-0.040981226,-0.04935742,-0.008361177
-0.099504896,-0.021287572,-0.07762119,-0.05088453,-0.050605413
0.1022059,0.08266471,0.114445165,-0.00048116827,0.036121696
