Care,Fairness,Loyalty,Authority,Sanctity
Harm,Cheating,Betrayal,Subversion,Degradation
-0.010286966,-0.0029245578,-0.013241531,-0.0035464782,-0.06992972
0.016695533,0.063633405,0.066918835,0.025868319,-0.03697063
0.07801883,0.073063,0.0020437725,0.024791922,-0.004511036
0.08842945,-0.0015820004,0.06899163,-0.0010894651,0.08937833
-0.078820944,-0.074696146,-0.03929209,-0.036923185,-0.07093471
-0.04088461,0.057490595,0.076776005,0.15706865,0.044210054
0.037175544,0.07077552,0.071927436,0.064582944,0.04331542
0.0016767858,0.0017655464,0.027268894,-0.0127576385,-0.08550999
0.011503321,-0.0021277927,-0.0035223113,-0.08058307,-0.07640849
0.023512445,0.03236358,0.033849202,-0.02017618,-0.03309427
-0.028033169,-0.011562457,-0.034585766,-0.052958887,-0.094716296
0.00019096537,0.057663187,0.0360881,0.035715293,0.023674604
0.01250926,0.067665756,-0.005070147,0.06814261,0.025667094
-0.02230766,0.0022742897,0.02010959,-0.0054118503,-0.04471366
0.010535928,0.060126543,0.09196226,0.028762411,0.0024978165
0.0058847507,-0.01908765,-0.0089999745,-0.003037246,0.009153308
0.021181263,0.05012301,0.028707063,0.0040899245,0.021997042
-0.07771688,-0.06764581,-0.07651332,-0.049426347,-0.07660978
-0.053613752,-0.05229801,-0.07548029,-0.14115915,-0.03634435
0.009890006,0.022681316,0.04387367,0.0139431115,-0.0347907
-0.05381942,-0.014559923,-0.045696273,0.028793605,-0.06518321
0.040492043,-0.0029510185,0.0015931437,-0.022157356,-0.09553021
0.023912739,0.0699609,0.015803207,0.026129717,0.007779088
-0.058009684,-0.022067875,-0.099101014,-0.076662794,-0.08924387
-0.012760732,-0.008379164,-0.13239181,0.001688445,-0.07660614
