Care,Fairness,Loyalty,Authority,Sanctity
Harm,Cheating,Betrayal,Subversion,Degradation
-0.0309495,0.05673617,0.008390384,0.030685566,-0.09329657
0.009440124,0.19033705,0.056012042,0.12418166,0.06316115
0.012522337,0.060641274,0.06408219,0.09590553,0.009063129
0.07490591,0.075577244,0.029038537,0.027216118,-0.036865495
0.031503092,0.0548558,0.075843245,0.08954061,0.024695445
0.037260514,0.1118334,0.074933454,0.04263889,0.06777016
0.04168753,0.121138655,0.04470281,0.060070504,0.013655467
0.019416992,0.11687546,-0.0029684198,0.039720025,0.07800047
0.03138355,0.17793433,0.10497141,0.08740747,0.08252917
0.000761766,0.019061971,0.031198738,0.07373345,0.047643352
-0.0041388664,0.092364706,-0.02410006,0.11450804,0.16172719
-0.032593288,0.09639874,-0.096358195,0.032126978,-0.03229306
-0.019264782,0.057273254,-0.032934316,-0.13065757,-0.14115098
0.020473607,0.060932003,0.023929909,-0.044049665,-0.015064694
-0.0015238691,0.17559305,0.15957798,0.1097713,0.1203024
-0.00015203003,0.051191136,0.008967136,0.017208725,0.002880577
-0.024756152,0.1599232,0.078533,0.11665237,0.12615807
-0.03404091,-0.047328264,0.04400471,-0.04491938,-0.16196805
-0.002614146,0.07011384,0.11893016,0.04382526,-0.02237558
0.0018231934,0.011298995,0.045632266,0.04771626,-0.041207556
0.102631755,0.12972715,0.09180464,-0.0020213984,0.013745166
0.07105283,0.13626593,0.090815894,0.116405085,0.07273772
0.06116608,0.17176923,0.04719104,0.064204656,0.11111213
0.05827139,0.13140011,0.15382576,0.1643512,0.25332943
-0.001314668,0.06596926,-0.087219134,0.008098866,0.1477946
