Care,Fairness,Loyalty,Authority,Sanctity
Harm,Cheating,Betrayal,Subversion,Degradation
-0.0022505792,0.06277311,-0.024399467,0.026106685,-0.053223737
-0.018725358,0.040230557,-0.06588509,-0.018975712,-0.04778322
-0.16272531,-0.028053548,-0.11783336,-0.112577096,-0.14215082
0.014290297,0.15036842,0.052092537,0.06260813,0.0006612167
0.014993691,0.11521068,0.010355017,-0.0052113337,-0.09111476
-0.019870555,-0.037143722,-0.067732215,-0.15081753,-0.1700905
-0.059707187,-0.011020057,-0.040626206,-0.08104968,-0.016857874
-0.058414925,0.03634266,-0.018076476,0.060435638,-0.006405037
-0.09900174,0.0071980767,-0.083855666,-0.09366789,-0.10357629
-0.014637133,0.05296011,-0.058582306,0.08974743,-0.030869529
0.042853393,0.065345794,0.04743951,0.04567054,0.04034196
-0.04431542,0.014320755,-0.029554043,0.017889678,-0.08878823
0.014578522,0.14666554,0.08232158,0.027999075,0.0455644
-0.060476113,0.05697774,-0.021991082,-0.05894946,-0.058685288
-0.0010274313,0.062412664,0.0030216118,0.007976605,-0.015683483
0.061446816,0.06651016,0.025893526,0.067957774,0.058669403
0.07086668,0.07733932,0.06715971,0.02831045,-0.0019483259
0.012675969,0.10798237,0.096262485,0.02759773,0.004044777
0.04537364,0.041326284,0.024119766,-0.04804314,-0.04205972
0.08086896,0.10096262,0.10715371,-0.00052753836,-0.084293544
-0.06466633,0.0028441176,-0.10514577,-0.098217696,-0.15627265
-0.023413297,0.025109977,-0.017109983,-0.029660799,-0.049487367
0.023891479,-0.012578323,-0.06453353,-0.048801225,-0.015262973
0.027104996,0.0056674667,-0.096907005,-0.06739497,-0.09272229
-0.0043230634,0.031198552,-0.084620185,-0.030952636,-0.098551854
-0.016564272,0.15157941,0.056255274,0.11188372,-0.021588478
0.009251227,0.027781758,0.026841216,-0.020163244,0.00932103
-0.016785491,0.058263395,-0.014686386,-0.014536039,-0.10520057
-0.052581362,0.045170903,0.01812869,0.008429144,-0.0625621
0.14821996,0.09698531,0.16895795,-0.0004948918,0.07322675
