Care,Fairness,Loyalty,Authority,Sanctity
Harm,Cheating,Betrayal,Subversion,Degradation
0.005145099,0.06892728,-0.022936707,-0.04117298,-0.054048143
0.06918302,0.1156643,-0.01000464,0.010838324,-0.0149010625
0.04751796,0.03701033,0.022416957,-0.011339262,0.021554064
-0.06812101,-0.07418929,-0.15537846,-0.10807565,-0.11361096
0.008276552,0.00471225,-0.10029051,-0.078844234,-0.073199436
-0.05026894,-0.10406522,-0.18615407,-0.11623454,-0.017138358
-0.009911574,-0.03876485,-0.050330482,-0.021006614,-0.08514328
0.038241148,0.01443381,-0.034801703,-0.021585405,-0.030890882
-0.08209803,0.07358105,-0.075556196,-0.048977174,-0.00904816
-0.079126135,0.07083622,-0.07299633,-0.082919106,0.0089987535
-0.06668646,0.047558635,-0.08757002,-0.081773475,-0.025122236
-0.05824529,-0.021741968,-0.03735924,-0.008268497,-0.15061623
-0.029992118,-0.0101634795,-0.07064918,-0.032312058,-0.019728929
-0.031677376,-0.0625097,-0.066109575,-0.017211327,-0.0029735584
-0.09363514,-0.03341096,-0.0111998245,-0.06975311,-0.031821813
-0.11551437,-0.17545567,-0.07857082,-0.032922782,-0.05714997
-0.023792215,0.03447249,-0.051082768,-0.058296993,0.037382808
-0.057690665,0.022580985,-0.102336764,-0.059164263,-0.07061898
-0.0494003,-0.0013949126,-0.08027815,-0.12833714,-0.023962403
-0.10401732,-0.03788982,-0.07288729,-0.11485687,-0.06742293
-0.12949687,-0.11230617,-0.24568132,-0.18489173,-0.1781867
0.006387763,0.004486277,-0.0009549353,-0.028136114,-0.08799013
-0.041470096,0.106091335,-0.073041946,-0.08211354,-0.06457415
-0.0025078785,-0.0016428288,-0.085370645,-0.07441518,-0.13383895
0.036810063,0.07270852,0.003714385,0.058555353,0.013286449
-0.08551387,-0.047936305,-0.11889768,-0.13298728,-0.16900745
0.0949171,0.11105348,0.10063304,0.106850274,0.077054486
0.045600526,0.043914385,-0.015201557,0.008419633,0.0032266304
-0.06536618,-0.13216966,-0.14203346,-0.11053707,-0.13477057
0.08945648,0.014528837,0.11383933,0.040713407,0.019542199
-0.053327177,-0.03983321,-0.045828838,-0.038594775,-0.11015978
0.055160314,-0.008868156,0.0666124,0.013620196,0.03655764
0.1274839,0.017068965,0.093020886,-0.0066769486,-0.01710961
0.15114264,0.19925523,0.19565254,0.07252379,0.05658993
0.042137384,0.08745655,0.13105612,0.056221668,0.10540056
