Care,Fairness,Loyalty,Authority,Sanctity
Harm,Cheating,Betrayal,Subversion,Degradation
-0.106104575,-0.092715755,-0.09238986,-0.08582806,-0.14944822
-0.0028002579,-0.029424239,-0.0074698664,0.025055697,-0.00092958007
-0.116720706,-0.029505622,-0.04580162,-0.11826263,-0.20779793
-0.07113588,0.11212778,0.11593263,-0.0048179626,-0.06478422
-0.005965447,-0.025415678,0.011797404,-0.083901666,-0.07957971
0.1442633,0.057651445,0.12331837,0.011143645,-0.06259844
0.0008500749,-0.03301903,0.060489584,0.030695047,-0.050744954
0.08395091,0.06751845,0.19474618,0.053899344,-0.04281307
0.033307984,0.011028536,0.05592996,-0.059491143,-0.025064113
0.1066066,0.010542911,0.09220131,-0.006649064,0.04772184
0.03396537,-0.016861703,0.073592246,0.06966153,-0.017098961
0.028019119,0.059503525,0.111346945,-0.00817544,-0.001508465
0.12633961,-0.018074352,0.07338871,0.003211272,0.02274761
0.09823914,0.0068373643,0.12081623,0.031005206,0.010410559
0.020739302,0.07384151,0.10505072,-0.003300067,0.0048881136
-0.015941724,0.045890793,0.03267131,0.061622784,-0.05557775
-0.00898573,0.15683171,0.16236675,0.07890771,0.01492518
0.023393076,0.08242701,0.030860059,0.06941394,-0.029256392
0.14998579,0.12732711,0.18822484,-0.00955148,0.093494564
0.116306305,0.011006325,0.11255051,0.060097054,0.014314454
0.065289296,0.0052174367,0.035284646,-0.019519696,-0.06523015
0.0662884,-0.010452474,0.12219825,0.0588507,-0.014614227
0.09520717,0.003468288,0.06412204,-0.02205755,0.013361083
