Care,Fairness,Loyalty,Authority,Sanctity
Harm,Cheating,Betrayal,Subversion,Degradation
-0.06713415,-0.016928395,-0.05006694,0.064481765,-0.056576073
-0.11967257,0.0952305,0.026476514,0.09743931,-0.011280708
-0.051544067,-0.006014513,-0.1118112,-0.012848109,-0.0411343
-0.2352429,-0.069596834,-0.13944107,-0.053264886,-0.14924246
-0.07428879,-0.056154776,-0.0335463,0.008464153,0.04185216
-0.04407415,0.12729174,0.061029688,0.09999021,0.009092383
-0.14395341,0.02359166,-0.08061359,-0.027191218,-0.025400605
-0.08639116,0.06705821,-0.045037594,0.0029734597,-0.0075985044
-0.09118588,0.15268022,0.05811307,0.07532971,0.046674073
-0.00018637627,0.10544704,0.09251049,0.14961362,0.1002353
-0.14253813,0.085956134,-0.04811607,0.046041973,-0.009733006
-0.044781476,-0.049136784,-0.024386037,0.008517138,0.08018315
0.011929367,0.031301565,0.068038575,0.12489033,0.09885313
-0.07944895,-0.09723047,-0.057424102,-0.009567021,-0.15410325
-0.03448047,-0.017579788,-0.05824127,-0.031730518,-0.011720743
0.15765938,0.040058013,0.11785561,-0.016876161,0.0957272
-0.15111633,-0.14019422,-0.07495625,0.043187127,-0.04137308
-0.07057427,-0.035317354,-0.0025401823,0.005903486,-0.10064414
-0.038349815,-0.06405271,-0.05389266,-0.015365116,-0.043399453
-0.17249487,-0.0930191,-0.09281002,-0.006233664,-0.03246454
0.061069064,0.013892509,-0.063742265,-0.01251531,0.017043885
-0.06905947,0.096030734,-0.07741596,0.047038507,-0.103542164
0.113528535,0.05518609,0.020291409,-0.027309068,-0.051523365
-0.06398375,0.02879997,-0.022063289,0.0002900036,-0.037105873
-0.14405578,-0.017100131,-0.10447219,-0.06918174,-0.120869786
-0.09386932,0.042681336,0.021416295,0.07254699,0.041987278
