Care,Fairness,Loyalty,Authority,Sanctity
Harm,Cheating,Betrayal,Subversion,Degradation
-0.11507795,0.00037719868,-0.06495617,-0.05656719,-0.15805602
0.005243767,0.09432119,0.072011456,0.040814523,0.016425617
0.116056316,0.054393295,-0.002955379,0.004351085,0.009008776
0.035922255,0.05662748,0.0071978047,-0.0018834062,-0.065157674
0.022990935,-0.01567882,-0.057100788,-0.106250644,-0.07673155
-0.07210967,-0.0010516457,-0.045454465,-0.039996438,-0.10018766
0.008421781,0.04605697,0.07009354,0.0065765623,-0.016616665
0.0014430806,0.06937656,0.052079923,-0.0075101326,-0.07448393
-0.04875467,0.0005866531,-0.025759328,-0.0482473,-0.0888595
-0.04915563,0.004074268,-0.063240536,-0.05846634,-0.15186274
-0.054203752,-0.057350457,-0.1327405,-0.09556827,-0.15970682
0.02712283,0.020572672,-0.014511187,-0.094416454,-0.045393087
-0.02318129,-0.06540518,-0.02923391,-0.08129483,-0.12157859
-0.1427905,-0.12528163,-0.103291735,-0.06257171,-0.10982777
0.071756184,0.046072345,0.017704409,0.0004852889,0.0077225827
-0.017093534,0.10860682,0.08264235,0.09479885,0.022791062
-0.036293976,-0.025381122,-0.022162963,-0.020941177,-0.070374355
-0.058606528,0.045926515,-0.03630017,-0.024648884,-0.15034437
0.004758184,0.05577054,-0.03153923,-0.032310385,-0.002066873
0.09627326,0.022609185,0.03183046,-0.032425232,-0.076720275
-0.22364005,-0.058517378,-0.16761824,-0.079235196,-0.22330114
-0.15616503,-0.09224036,-0.13385928,-0.13518076,-0.2834468
-0.08441105,-0.10199965,-0.14638518,-0.11213553,-0.16173229
-0.17546314,-0.075826205,-0.14449532,-0.08668237,-0.23019812
-0.06775634,-0.07687505,-0.2018934,-0.15051857,-0.13961446
-0.06374771,-0.023063023,-0.09372118,-0.08683214,-0.10668081
-0.008989106,0.090135805,0.04795604,-0.0153092425,-0.10841852
0.07186261,0.031730875,0.033420406,0.03707497,0.044295695
-0.09348581,0.052888744,-0.068477616,-0.04120639,-0.1186852
0.031147096,0.0021875724,0.019161645,-0.034375682,-0.09497804
0.10263108,0.06423223,0.028626312,0.0098144,0.04854591
-0.05452992,-0.020372484,-0.050738174,-0.054098018,-0.16019893
-0.012179801,0.029136943,-0.021929495,0.012408711,-0.018913276
-0.025231825,0.03214381,-0.047625285,0.08883138,-0.038537182
0.050842978,0.024847092,-0.051626712,0.047992885,0.017764498
