Care,Fairness,Loyalty,Authority,Sanctity
Harm,Cheating,Betrayal,Subversion,Degradation
0.012539664,-0.029159369,0.030236382,-0.02040109,-0.041258086
0.0038233344,-0.024217758,-0.03778584,-0.06411137,-0.07331407
0.053905204,0.020487953,0.011954809,-0.034987997,0.043346412
0.013669787,-0.0031849742,0.03829457,0.03023657,-0.076336235
0.0019637132,-0.037897084,-0.048834614,-0.046264976,-0.0902897
0.029673412,0.0518224,0.03907747,-0.01993024,-0.04820569
-0.021761533,-0.01667482,-0.024559904,-0.04618174,-0.092216834
0.02167515,0.06196976,0.017585732,-0.026122663,-0.0036581755
-0.027706355,0.023988826,-0.052948803,0.087829255,0.0053773
-0.09329077,-0.09730826,-0.12311334,-0.09040688,-0.109592326
-0.009798093,-0.0067368494,-0.019672897,0.015228052,-0.06769572
0.043601464,0.08029443,0.04656295,0.01672615,-0.060195222
-0.0005477108,0.04851488,-0.0295958,-0.038746107,-0.06513635
0.06612867,0.008151222,0.036394734,0.00052203424,0.022481922
0.078503296,0.010632608,0.025144354,0.013946278,0.0071279723
0.067279786,-0.0010710228,0.088924825,0.099108644,0.13777646
0.0007506823,0.020099238,0.075813115,0.03120355,-0.007269784
0.0045157857,-0.124850795,-0.08913426,-0.04865401,0.00061775
0.007865734,-0.005380094,-0.02083962,-0.043371577,-0.026805464
0.013619481,0.053230897,0.06475812,0.115180805,0.08312571
-0.05542201,0.016631927,0.022909813,-0.05824589,-0.075993404
0.09894604,0.07196391,0.058347315,0.021807335,-0.017326377
0.11147386,0.12459694,0.07377288,0.042090815,0.06932561
-0.00066828355,-0.052829724,-0.03604082,-0.0604465,-0.10155997
-0.011718659,-0.06996114,-0.074816905,-0.016684629,-0.026994377
-0.016548812,-0.035181385,-0.04312156,-0.028232297,-0.05943223
-0.01951121,-0.10098751,-0.055623274,0.045485646,0.021527112
