Care,Fairness,Loyalty,Authority,Sanctity
Harm,Cheating,Betrayal,Subversion,Degradation
-0.0045262966,-0.021411799,-0.092065215,-0.088514924,-0.08389627
-0.036537122,-0.009507835,-0.0012085661,-0.056868188,-0.15787643
0.058876477,0.09033613,-0.024636298,-0.03411594,0.12434398
0.047352247,0.008525085,-0.023381442,-0.0046734884,-0.044276394
-0.10051708,-0.012177594,-0.00831208,-0.02792857,-0.10580397
-0.027606867,-0.027236901,-0.03224949,-0.10526016,-0.13882738
0.0047938935,-0.064919606,-0.066508524,-0.08115958,-0.08552089
-0.06829287,-0.042757727,-0.02726909,-0.11411354,-0.1609039
0.038562864,-0.0020028558,0.017115904,-0.07459717,-0.06042001
0.097754166,0.028839972,-0.045211136,-0.04267141,-0.057089064
0.07798734,0.064029165,0.014514003,-0.0039615985,0.0014852807
-0.051668875,-0.031960852,-0.07940127,-0.14385408,-0.17887898
