Care,Fairness,Loyalty,Authority,Sanctity
Harm,Cheating,Betrayal,Subversion,Degradation
-0.027111817,-0.075763375,-0.10012889,-0.08171653,-0.056545734
-0.054939426,0.029750634,-0.076894075,-0.047011837,-0.033808865
-0.068354145,0.07198908,-0.03811376,-0.027533792,0.01614852
-0.0066182236,0.01423989,-0.005559829,-0.03945174,-0.0513155
-0.013786398,-0.19268522,-0.08821452,-0.15142028,0.017470805
-0.03644437,-0.0068714973,-0.048482582,-0.020245764,-0.013616234
-0.04202724,-0.061192855,-0.06020604,-0.044038903,-0.08855346
0.034670606,0.008975772,-0.031569883,-0.09872912,-0.039962787
0.010385351,-0.029814549,0.00085732713,-0.039878137,-0.050908007
0.07984251,0.03856261,0.055239744,-0.06575015,0.018860247
0.05270348,-0.083548516,-0.05741451,-0.119376525,-0.034540866
-0.0779314,-0.034349307,-0.097818226,-0.07667953,-0.036028232
0.018606521,-0.07172177,-0.042913318,-0.07710472,-0.051595144
-0.04143447,-0.05058632,-0.078185886,-0.036776878,-0.08909163
-0.054827537,0.00011448469,0.022053292,0.075445816,-0.026464555
-0.13299403,-0.032364592,-0.12034294,-0.12767538,-0.014318742
-0.04942234,-0.060942546,-0.12139875,-0.1189613,-0.11719158
-0.02220627,-0.07605073,-0.05701051,-0.11874294,-0.08988882
-0.050224673,-0.06932629,-0.09167885,-0.124021955,-0.16997823
-0.07516683,-0.031070873,-0.022841368,-0.051475093,-0.067711264
-0.046859417,-0.04521993,-0.059278682,-0.10280949,-0.17601913
0.019542644,0.008618582,-0.041606225,-0.070838965,-0.12825042
0.047236674,-0.012714215,0.09723918,0.036890503,-0.104307294
0.0049408916,0.0026425812,-0.012045233,-0.018196337,0.015450034
-0.0138342455,-0.049607344,-0.086398244,-0.084605545,0.012638181
-0.068126135,-0.082122475,-0.13018417,-0.1113231,-0.11486888
-0.07378802,-0.0586939,-0.029748105,-0.067978315,-0.09852174
-0.057171304,-0.1524246,-0.1510132,-0.1093342,-0.039157707
0.10391347,0.028063472,0.054073557,0.009099011,-0.050932623
0.0064184545,-0.06512811,-0.05570416,-0.098695755,-0.064349845
0.0164375,0.08690195,0.02986601,0.0027780589,-0.02939562
-0.022816982,-0.004873218,-0.027134866,-0.066302806,-0.0032148883
-0.012537282,0.05249799,-0.051823657,-0.06854287,-0.00807108
0.021628805,0.05877906,0.04371486,-0.063336685,-0.06149746
-0.031092694,-0.043770052,-0.061868712,-0.04668735,-0.13223156
0.035844203,0.021376345,-0.019294586,-0.0533007,-0.1315394
-0.10664047,-0.13239062,-0.15821554,-0.13008773,-0.19437638
-0.0068714274,0.06304219,0.023938723,-0.02358506,-0.065838285
-0.027103677,-0.058412157,-0.034336176,-0.08170794,-0.12167306
