Care,Fairness,Loyalty,Authority,Sanctity
Harm,Cheating,Betrayal,Subversion,Degradation
0.0069689862,0.06252083,-0.052576564,-0.0015064022,0.027543312
0.03295677,-0.012372086,0.034100737,-0.10398258,-0.038763657
-0.012526309,0.0039928444,-0.09923802,-0.105884984,-0.035587396
-0.026652286,0.066772684,0.029819585,-0.030891433,0.011835411
0.05395024,0.06404238,0.058906518,-0.0025464557,0.08581975
0.014077882,0.06948462,0.037917364,0.051638637,0.0693349
-0.008242152,0.093567595,0.06125796,0.014367296,-0.004431461
0.02023184,0.019899081,-0.0829853,-0.07676085,-0.004512772
-0.013319466,-0.048065633,-0.051434763,-0.032143675,-0.06574785
-0.0051857578,-0.00015110895,0.011972211,-0.0059471,-0.065942526
0.03662618,0.08565886,0.038515665,0.009413483,-0.020696905
-0.1000003,-0.012388451,-0.08368953,-0.07193949,-0.17778668
0.033969805,0.05346205,-0.013329747,-0.026624594,-0.036946386
-0.015020043,0.015469156,-0.03442068,-0.077532485,-0.1405429
-0.11800705,-0.0119858,-0.07009486,-0.025913902,-0.14784572
0.022185527,0.0087867025,-0.07247538,-0.009011399,-0.039432526
0.027734794,0.0051686494,0.13550052,0.013876258,-0.028069148
-0.06895113,-0.07597731,-0.059521414,-0.097819775,-0.05557978
-0.00447578,-0.133952,-0.11228378,-0.16507581,-0.099218324
0.11125307,0.032267768,0.056975238,-0.073414415,0.052877687
0.080534555,0.065060794,0.10357916,0.09858005,0.07203306
0.15756121,0.10049758,0.070871525,0.0430244,0.050712325
0.06284571,-0.011076417,0.061743386,-0.0013585668,-0.01280329
0.032981068,0.0738283,-0.057701223,-0.03864763,0.018156216
0.0049224445,-0.052086513,-0.11036377,-0.04358288,0.031891342
0.019092478,0.010584271,0.026506897,0.036356445,0.013201106
0.024729716,0.088677354,-0.07095958,0.017604705,0.047314752
0.08757946,0.11126517,0.031078037,0.12505287,0.14866309
0.082999736,0.07709867,0.0020696167,0.057636358,0.07183155
0.020364622,0.06838368,0.049059015,-0.0005520573,-0.019197136
-0.02006396,0.07465483,-0.027237631,-0.042610213,-0.054315496
0.050023913,-0.01014117,0.085924804,0.0829631,0.013150582
-0.05305063,-0.13062695,-0.083469614,-0.013129514,-0.08933182
0.016259346,0.001553718,-0.040231746,-0.04219551,0.010040468
