Care,Fairness,Loyalty,Authority,Sanctity
Harm,Cheating,Betrayal,Subversion,Degradation
-0.002869267,0.033283494,-0.09140974,-0.097006716,-0.02974927
-0.056696344,-0.121170826,-0.14118363,-0.10587436,-0.10513705
0.03999741,0.11693121,0.013097303,-0.028633002,-0.014029922
-0.1024811,0.043939248,-0.06738272,-0.10746859,-0.1267052
-0.06522576,0.08933467,-0.0051632943,-0.04537184,-0.090078995
-0.026657745,0.045713983,0.08405833,-0.05417137,-0.028843887
0.032103103,0.007323727,-0.019848906,0.010349041,-0.05801537
0.030998457,0.04298684,-0.04056839,-0.06705698,-0.0265387
-0.083820075,-0.04456858,-0.08151411,-0.08320896,-0.11961747
-0.025609346,-0.011596045,-0.015399151,-0.0707403,-0.06560738
0.049142122,0.02557283,0.044717215,-0.05614738,-0.02061909
-0.11307374,-0.07043213,-0.17860997,-0.14521515,-0.11964432
-0.014216375,-0.0058083003,0.02659823,-0.08934116,0.0075197853
-0.04026883,0.085564874,-0.014064759,-0.007529963,-0.015930284
-0.026177146,-0.087026894,-0.13240689,-0.026236646,-0.07495012
0.054981936,0.10027534,0.1759798,0.16952182,0.16297683
-0.08141654,0.03772839,-0.11482575,-0.025652053,-0.022078574
0.053297844,-0.06654335,-0.083412096,-0.094437554,-0.07233726
0.0060950764,-0.02585277,-0.102558166,-0.08950752,-0.04120081
-0.049751036,-0.06838319,-0.08072941,-0.11473614,-0.068808734
0.021363046,0.018028397,-0.012609087,-0.02664648,-0.05168292
0.037606567,0.067963175,-0.018617276,-0.103983104,-0.049401622
-0.013818642,0.0007104464,-0.06275833,-0.114767134,-0.020728126
0.0446359,0.104550235,0.05333256,-0.03471021,-0.04719738
0.05194559,0.06438186,0.11417225,0.10192305,0.008957179
0.0014389306,0.010674961,-0.04028324,-0.113344334,-0.08274372
0.04113388,0.059808172,0.02888379,0.00424329,-0.010494199
0.10278457,0.15725726,0.13106337,0.0689659,0.05139536
0.027444089,0.04093179,0.02238282,-0.034469903,-0.031806264
