Care,Fairness,Loyalty,Authority,Sanctity
Harm,Cheating,Betrayal,Subversion,Degradation
0.0317828,0.047498837,0.03408334,-0.00074016117,-0.0026762038
0.009268952,-0.04384449,0.019735064,-0.04033794,-0.096765965
0.061375007,-0.0374719,0.081388146,-0.058306616,-0.024795536
0.03405014,0.025297767,0.072389886,-0.051229663,-0.038539898
0.020651734,0.037199665,0.09659192,0.0074660704,-0.022040367
-0.009019703,-0.017358398,0.03579282,-0.02982976,-0.031411037
0.099026494,0.086638466,0.1493898,0.062708296,0.012604032
0.06400214,0.032912523,0.16536179,0.034168974,0.010038983
0.055191077,0.0948066,0.21978398,0.085248426,0.0017752722
0.18143469,0.09226771,0.14100401,0.026475811,0.06925908
-0.0046519237,0.024009772,0.05189746,0.027478047,0.010795531
0.081126735,-0.049598444,0.05256003,-0.05400695,-0.003112399
0.17037669,0.021302406,0.08745134,-0.035634387,0.031391457
0.07627285,0.014314698,0.07376014,-0.046055257,-0.07120788
0.02223577,-0.035829432,0.03991643,-0.042153105,-0.07180931
0.013594478,0.005897428,0.19373277,0.1300821,0.053462118
0.046322815,0.026413234,0.06271327,0.021916222,0.019313771
0.0528367,0.038460635,0.07078946,0.037910715,-0.056778535
0.029971596,-0.0021929797,0.07100001,-0.04095444,-0.061334006
0.036863025,-0.022463854,0.09455475,-0.02816191,-0.03048971
0.09038643,-0.015940964,0.08388193,0.010523097,0.014708564
-0.012990032,0.0392564,0.04121626,-0.0034178104,0.023906171
0.102452904,-9.257905e-05,0.16738793,-0.004871662,0.07411344
0.023278397,0.024224784,0.06432113,0.028340012,0.009986608
0.053531483,0.028760517,0.13567847,0.006318585,-0.031046432
0.035031535,0.11859183,0.10190982,-0.04891363,0.051256645
-0.068630114,0.07257834,0.024874758,-0.13778171,-0.024823237
0.052186493,-0.057061188,0.08310127,0.029515808,-0.03764599
0.05959604,-0.028308012,0.10415764,0.0015298892,0.049771827
0.109245345,-0.01780391,0.15135014,0.035700217,0.10315319
-0.002158193,0.017751647,0.016260514,0.0032482776,-0.057145186
0.12915552,0.13216698,0.17756288,0.072851,0.09429152
0.04332784,0.0039794054,0.041599344,-0.007952417,-0.012764791
0.1499812,0.0721315,0.08596502,0.0015861199,0.082778946
0.12681302,0.028011419,0.06712325,0.022432867,-0.019468894
0.10429998,0.042663664,0.0990019,0.01853963,0.013716318
0.077429965,-0.017486852,0.08024653,-0.0038015544,0.015818497
0.16304004,0.13688779,0.09382105,0.015656374,0.023224771
0.05621683,0.06543209,0.064332806,0.022469725,0.027537666
0.042225257,0.1288542,-0.016762346,-0.017255891,0.131763
