Care,Fairness,Loyalty,Authority,Sanctity
Harm,Cheating,Betrayal,Subversion,Degradation
-0.0059758993,-0.059989884,0.041843567,-0.0063791163,-0.072657
-0.016021417,-0.01619871,0.039551005,-0.040289026,-0.15527265
-0.08431359,-0.052158825,-0.12008618,-0.09147591,-0.18233688
-0.03980338,-0.10104233,-0.098526105,-0.09014908,-0.22777957
0.040204916,0.07799377,0.01966809,-0.052714445,-0.12332329
0.03186937,0.05222915,0.14268795,0.06328298,0.06936872
-0.006796076,-0.024195813,0.049832717,-0.051719114,-0.02336301
0.008314189,0.065286264,0.09969663,-0.0017485414,-0.05327742
-0.008266591,0.039087527,0.043885216,-0.00504686,-0.04348744
0.0050914073,0.0019224212,0.07215404,-0.0044753775,-0.051795535
0.020095222,-0.07150201,-0.034893513,0.018297557,-0.095880255
0.11961199,0.11163582,0.16483441,0.10668363,0.1037093
0.033171725,0.21007478,0.17495346,0.080662996,0.037236262
0.016703876,0.017824909,0.0023842268,-0.01244707,-0.0606277
