Care,Fairness,Loyalty,Authority,Sanctity
Harm,Cheating,Betrayal,Subversion,Degradation
-0.067269966,-0.021309486,-0.01866195,-0.06633452,-0.16721249
-0.05370612,-0.073315516,-0.06381926,-0.10400231,-0.13936153
-0.03527315,-0.029906908,-0.03445684,-0.11410354,-0.0664708
-0.028289106,-0.06731664,-0.05712814,-0.06856461,-0.14503759
0.00061397254,-0.0549336,0.046504293,0.03865607,-0.037757643
-0.23681465,-0.13546658,-0.15940613,-0.19151288,-0.33666122
-0.048831485,-0.10175185,-0.0067499224,-0.046585344,-0.12774245
0.024112461,0.092225015,0.11155699,0.03148092,-0.052862406
-0.0032038763,-0.083969824,-0.01174685,-0.062289458,-0.09265556
-0.047383174,0.046967432,-0.0455579,-0.048914526,-0.16982758
-0.06308435,-0.11536281,-0.03306143,-0.06427108,-0.11581908
0.041404285,0.07330941,0.049480844,0.030836906,-0.045311518
-0.030282706,-0.05000867,-0.031645257,-0.12300493,-0.042282306
0.083951086,0.1286549,0.14496034,0.061184697,0.04472454
0.050079923,0.020017734,0.028519988,-0.029042624,-0.032616902
-0.009501038,-0.008207088,0.08467881,0.011340389,-0.13110724
0.036101576,0.012979111,0.06262764,-0.01583629,-0.07208342
0.059352286,0.08295297,0.22331741,0.083563015,0.053187273
0.0018581757,-0.054714046,0.029785525,-0.11594911,-0.054531693
0.03431013,0.00227442,0.081071384,-0.038989853,-0.08522306
-0.0144372275,-0.009890595,0.052296296,-0.044581972,-0.12560691
0.013831787,-0.06195485,0.06668866,-0.04165364,-0.05524001
0.041818943,0.054470196,0.13427316,0.02041715,-0.05642819
0.0656113,0.053789906,0.1339524,0.11467537,-0.06377163
0.030620236,-0.0023318883,0.10537197,0.0068389103,-0.059495054
-0.124805525,-0.1131521,-0.08247286,-0.13964471,-0.20807871
-0.04448094,-0.06939175,0.005578764,-0.045651466,-0.19455057
-0.035739873,-0.10979979,-0.06493135,-0.06560893,-0.14498378
-0.015462113,-0.059047535,-0.024089588,0.014720591,-0.06913617
-0.09626225,0.016480831,-0.08948845,-0.027566748,-0.13208008
-0.16477591,-0.14700249,-0.14663857,-0.13229015,-0.20929784
