Care,Fairness,Loyalty,Authority,Sanctity
Harm,Cheating,Betrayal,Subversion,Degradation
0.019929186,0.019112088,-0.025697023,0.013758931,-0.042511303
0.00013748184,0.023330808,0.06157087,0.17069662,0.12183179
0.023687573,0.071489096,0.023575447,0.01585259,-0.015466437
-0.019932216,0.045482334,-0.10793457,-0.053950608,-0.0574774
-0.13589603,-0.010252927,-0.09619885,-0.051975004,-0.024653228
-0.17202564,-0.07123886,-0.081676826,-0.058583334,-0.09435883
-0.113384984,-0.13316496,-0.033406354,0.043475788,0.03862711
-0.012133282,0.04302994,-0.0659509,0.12361272,0.10438602
-0.06143363,-0.05672265,-0.08494662,0.07414879,0.07376891
0.01622334,0.055127718,-0.017059432,-0.01763696,0.13376969
-0.113284424,-0.006561799,-0.043276384,-0.03140491,-0.039645076
-0.0037130266,0.117927924,0.0073398836,0.05786945,0.09114757
-0.02964506,0.011592183,0.09728336,0.1421006,0.09171359
-0.07256559,-0.04354337,-0.07792597,0.000145128,0.0064095017
-0.068034835,0.01904188,-0.10466487,0.04542351,0.020053476
-0.025059342,0.034971848,-0.020335628,0.17400455,0.09256924
-0.021389578,0.044803172,0.009931166,0.077883124,0.04785861
-0.007732356,0.08566103,0.09567082,0.14187393,0.13547353
0.06627252,0.07810582,0.07569021,0.100852884,0.119677186
-0.01789878,0.052958556,0.050135266,0.101287335,0.0067044906
0.033452623,-0.021611158,-0.015554815,0.03646197,0.033908907
0.12925582,0.064694405,0.09389747,-0.00804941,0.03983941
-0.12962665,-0.030865477,-0.054714825,0.05715369,-0.011019532
-0.14688756,-0.08650695,-0.06190314,0.020724464,-0.027660377
-0.08954686,-0.08845887,-0.082806185,-0.024435064,-0.028263627
-0.030670919,0.08929449,0.10583575,0.06689859,0.09708498
-0.11014515,0.0023887157,-0.03935375,0.02570361,-0.013088185
0.12432256,0.08707526,0.14479114,0.016170869,0.079208106
