Care,Fairness,Loyalty,Authority,Sanctity
Harm,Cheating,Betrayal,Subversion,Degradation
0.057114627,0.06537968,0.13304327,0.05663792,-0.030530352
0.056191128,0.031467304,0.07967924,0.09453639,0.036647882
0.09837051,0.070234664,0.061156534,-0.034306955,0.0033522286
0.055585552,0.1167243,0.027308235,-0.030513313,-0.010750229
0.052985862,0.022519602,-0.034372695,-0.037861712,-0.04922132
6.553996e-05,0.0109509,-0.05708014,-0.040823996,-0.06596501
0.0021710098,-0.03135833,0.00044585206,-0.07616615,-0.11682354
0.061959866,-0.010916397,0.059253816,-0.03331669,-0.027384862
0.10386818,0.07002163,0.11218571,0.03060748,0.030060695
0.12133236,0.06303398,0.17168328,-0.008229122,0.044242587
0.12375519,0.043548577,0.19137028,0.07168613,0.114665605
0.115944326,0.051670022,0.14246863,0.09244026,0.08194202
0.027952809,0.07615414,0.10970952,0.09882018,-0.022587204
0.024636865,0.039569587,0.13958701,0.0036333483,-0.013587413
0.08830634,0.14117804,0.19607314,0.122961774,0.07388265
0.119432904,0.16226748,0.16550124,0.09906761,0.054286443
0.08056091,0.06926597,0.19559006,0.05229819,0.0443291
-0.12618445,-0.050434947,-0.07861936,-0.051919565,-0.19806726
-0.017943967,-0.0062661357,0.0029822085,0.025425857,-0.05443177
0.12668657,0.0236658,0.088266894,-0.020368254,-0.002804054
0.13110092,0.18581721,0.23768504,0.083377615,0.13175932
0.17159444,0.09481621,0.19318104,0.040560454,0.025742546
0.053985473,0.20982297,0.24277194,0.1274401,0.09994843
0.06171313,0.18573213,0.24228656,0.13529223,0.14722297
0.06301336,0.11644171,0.16354543,0.0728638,0.02463837
0.050219234,0.13078335,0.18883976,0.05927357,0.035674952
0.026575904,0.09174293,0.14850229,0.021415334,-0.057654772
0.07805659,0.050572876,0.14614397,0.04584211,0.09437332
0.012317616,-0.067715034,0.02161593,-0.03549778,-0.08112849
0.082772695,0.039729312,0.10445284,-0.027422603,-0.02367001
0.12097916,0.1481825,0.24788171,0.044169158,0.058128625
0.06153988,0.08501195,0.04127893,-0.012880123,-0.05116636
-0.00509811,0.020328883,0.025824107,-0.042612113,-0.01935058
0.08633471,0.096728854,0.105184756,0.00920786,0.064345084
