Care,Fairness,Loyalty,Authority,Sanctity
Harm,Cheating,Betrayal,Subversion,Degradation
-0.037398618,0.027872138,-0.11077909,-0.112900324,0.0069000795
0.021295723,0.07060196,0.09754634,-0.0044878623,-0.035936084
-0.16584294,0.035428084,-0.046702694,-0.06407379,0.0065576993
0.07414242,0.10054432,-0.00044807512,0.035802297,0.06726106
-0.08518274,-0.0039461516,-0.04240599,-0.07429317,-0.021677699
-0.011788949,0.11336036,0.11647852,-0.04929638,0.07188175
0.03619751,-0.021575753,-0.030496288,-0.028694563,0.026339011
-0.01449882,0.124295026,0.045487046,-0.026038349,0.008236818
-0.022518711,-0.027528435,-0.061188057,-0.07380924,-0.0879827
0.014971569,0.05204298,-0.043150857,-0.07054228,-0.0122429095
0.07536402,-0.0064505283,0.03672189,0.021112943,-0.02621161
0.058858592,0.05282837,-0.034217525,-0.122012295,-0.0059040873
-0.010897702,0.107298315,-0.049872443,-0.13119537,-0.09426926
0.009187606,0.0980407,0.022588126,0.05826465,0.02106945
0.003435351,0.049371608,0.007828033,-0.06148339,-0.06386828
-0.0041411184,-0.0065402575,-0.046132933,-0.1064583,0.021186858
-0.0398662,-0.071662635,-0.117434114,-0.1090298,-0.047686357
0.02642365,0.028225541,-0.119837485,-0.030209035,0.10359037
0.014117799,-0.017245265,-0.037994295,-0.027400628,-0.009643748
0.098332755,0.031995006,0.032913662,-0.029092634,-0.017954547
-0.08345237,0.105484694,0.105725706,-0.020246658,0.042470552
0.018346898,0.0655996,0.01587928,0.016480517,0.0845864
0.081771284,0.09458515,0.07199172,-0.019563993,-0.057966802
0.0009064204,-0.07009305,-0.092589475,-0.06754755,-0.113201514
