Care,Fairness,Loyalty,Authority,Sanctity
Harm,Cheating,Betrayal,Subversion,Degradation
-0.04715632,0.002608126,-0.13891104,-0.09762482,-0.15734398
0.046251796,0.09486912,-0.013116256,0.0094488785,-0.080872834
-0.059341148,5.1846728e-05,-0.077589445,-0.09790688,-0.17053995
-0.004322376,0.13093063,-0.07991719,-0.04746037,-0.12290111
0.0019574417,0.0031456277,-0.10282343,-0.07628208,-0.095621236
-0.035213288,-0.05175724,-0.13852371,-0.11195879,-0.15134811
-0.11177797,-0.06993042,-0.17826365,-0.15743923,-0.18224412
0.009702255,0.032327592,0.07212059,0.04812447,0.00011105649
-0.074002475,-0.0033814376,-0.12822752,-0.07848731,-0.14728306
-0.010847107,-0.038550694,-0.10401809,-0.06236824,-0.116442256
-0.10160895,-0.09202061,-0.12125499,-0.104510486,-0.1692162
-0.10748049,-0.08522637,-0.11876406,-0.12908539,-0.16106062
-0.033794858,-0.05461265,-0.08783758,-0.11643516,-0.20418593
0.0009464845,-0.010303244,0.027325697,-0.049795054,-0.07908933
0.027562935,0.020374738,0.0097098425,-0.024235517,-0.10577776
0.0152588375,-0.015236087,0.02397452,-0.052175224,-0.09769812
