Care,Fairness,Loyalty,Authority,Sanctity
Harm,Cheating,Betrayal,Subversion,Degradation
-0.023723276,0.013422843,-0.05376278,-0.0038663615,-0.048084505
0.07658139,0.0872701,0.017153211,0.052363053,0.06514649
-0.056126237,-0.061714303,-0.08252686,-0.07578116,-0.021169236
-0.060184464,0.01673829,-0.20179313,-0.06391111,-0.030803606
-0.09129524,-0.060969315,-0.20419037,-0.13186015,-0.080186725
0.04752403,-0.01855052,0.06570414,0.010571035,-0.010068662
0.06514215,0.010441871,0.045663383,0.07876405,0.025629312
-0.04629484,-0.0011536591,-0.013053184,-0.052762102,-0.034290284
-0.014748592,0.025063388,-0.0057267286,-0.01230658,0.12576973
-0.04446765,0.028808387,-0.08023748,-0.046359815,0.00498743
-0.08729455,-0.020189587,-0.1753436,-0.07019966,-0.090229355
-0.055871423,0.05165607,-0.11637706,-0.082635626,-0.10749969
-0.047988657,0.0025399812,-0.035256457,-0.12061064,-0.0077167526
-0.0047326805,0.028618386,-0.0487023,0.029364841,0.06741835
-0.054506473,0.006814532,-0.0124835335,0.0736592,-0.011406084
-0.14958613,-0.093334794,-0.07274642,-0.055609267,-0.09366483
-0.06493375,-0.11052367,-0.113086924,-0.16555086,-0.035519928
-0.10146518,0.029376533,0.022375744,0.015814045,0.080947064
-0.07088387,-0.08645166,-0.10800831,-0.02014906,-0.0019835662
-0.045026124,0.04141523,-0.031700682,-0.02931728,-0.015986674
0.014717871,0.033368006,0.034607034,0.039305642,0.02800414
0.0537628,0.15590188,0.15503374,0.11565189,0.13790609
0.12777717,0.116615504,0.121420026,0.084318504,0.15969488
-0.027585313,0.050840575,-0.008068848,0.00685924,0.011597701
0.04116586,0.110072464,0.20046523,0.052932348,0.10496478
0.029844873,0.07809374,0.0657858,0.034507986,0.08566568
0.07596752,-0.034397192,-0.011266845,-0.026529953,0.090580225
-0.037667327,0.021805745,-0.08775726,-0.0782952,-0.0066844597
0.036775086,0.1153043,0.06265178,0.0794992,0.007468125
-0.08306369,-0.10506769,-0.148051,-0.061367713,-0.07433563
-0.14973642,-0.06400388,-0.17535998,-0.13121548,-0.15549195
-0.04463937,-0.11390135,-0.102183744,-0.10088858,-0.063415684
-0.013927993,0.015240541,-0.078073874,-0.03263448,-0.005307013
0.02716805,0.0006144382,-0.086854994,-0.035850078,-0.09210573
