Care,Fairness,Loyalty,Authority,Sanctity
Harm,Cheating,Betrayal,Subversion,Degradation
-0.007403475,-0.035067238,-0.102318615,-0.075627595,0.01923549
-0.044263102,-0.0068859756,-0.06115961,-0.026564337,0.04291814
0.017518783,0.0757361,0.026945248,0.032264855,0.10753483
-0.034409083,0.110035196,0.016476322,-0.051682577,0.14240208
0.07944608,0.07483127,-0.04739466,-0.019696224,0.012303134
-0.0093449885,-0.027580123,-0.117744416,-0.054591786,0.04411062
0.05879288,0.027351972,0.03370321,0.013874002,0.07193179
0.046955276,-0.04732923,-0.11012189,-0.07887079,0.010216047
-0.0144116655,0.087294824,0.06936309,0.0031001493,0.1681143
0.070291676,0.089268565,0.012464965,-0.0033380222,0.044570524
0.07363338,0.12685715,0.011697013,0.07091229,0.030808007
0.08638577,0.057700615,0.016472926,0.030360105,0.049745202
0.04799344,0.047210712,0.024412189,0.16009392,0.1675149
-0.042749427,0.06485523,0.09921977,0.08953456,0.045883805
0.13396192,0.08269131,0.07581618,-0.022388224,0.026193023
0.07988989,0.041384067,-0.03350213,-0.050013013,0.033520274
0.040060323,0.12958606,0.07265089,0.0447359,0.05824896
0.008447014,0.046883967,-0.036640063,0.014108708,-0.04622284
0.13390575,0.1086418,0.034473803,-0.005162595,0.12960698
0.029905941,0.061465453,0.024195988,0.0010579629,0.013099731
0.06465885,0.028425235,0.08026841,0.034581147,0.01624865
-0.05594167,-0.08607625,-0.0718875,-0.14543027,-0.052628938
-0.014053948,0.033203736,-0.04701585,-0.053841714,0.006059994
-0.12670685,-0.07962163,-0.25215995,-0.2156345,-0.074717104
-0.17940418,0.041337237,-0.07697549,-0.06699692,-0.17692733
0.07595226,0.046816118,0.007538222,-0.03828788,0.011952892
0.017259985,0.03700973,-0.060062878,-0.083025336,-0.102083854
0.06055113,0.067499936,0.02384951,0.041387174,0.084147975
0.06690875,0.0745378,0.032021556,-0.03982506,0.06458704
-0.046209224,-0.055965543,-0.10597271,-0.09823856,-0.10124794
-0.08947636,-0.0054327827,-0.05119389,-0.09699178,-0.10488191
0.035138696,0.010293474,-0.039694373,-0.04584502,-0.04436574
0.012073452,0.04994122,0.063517004,0.017569028,-0.001805109
