Care,Fairness,Loyalty,Authority,Sanctity
Harm,Cheating,Betrayal,Subversion,Degradation
-0.030859752,-0.029661193,-0.040662467,-0.028859936,-0.025045604
-0.07220707,-0.027981885,-0.09129827,-0.09490867,-0.091924936
0.056797527,0.0028299484,0.11288406,0.037102062,0.06563135
0.024677413,0.026761387,0.060005378,0.019832894,-0.056458563
-0.175945,-0.10717931,-0.15448926,-0.13425988,-0.12230502
-0.026692498,0.07902755,0.13453543,-0.021760518,0.019400282
-0.0053464463,0.1037746,0.035059135,-0.07853213,-0.08991283
-0.006354348,0.10458714,0.031075679,0.05027768,-0.030534197
-0.04684124,0.0060751997,-0.016159669,-0.037486866,-0.03698855
0.07750809,0.032363817,0.031621695,0.08780159,-0.004830047
0.028252114,0.01648909,0.055832624,-0.01197408,-0.010925923
-0.017133351,0.0046761828,0.028343214,0.030265993,-0.041241847
-0.10196164,-0.15957245,-0.08841577,-0.038533017,-0.16557609
-0.11111704,-0.07606487,-0.023931615,-0.0037177373,-0.083865486
-0.07706569,0.028596621,0.043276936,0.0002132617,-0.12842356
0.03139112,0.105207436,0.06578788,0.075426236,-0.04064683
-0.07604292,0.022942377,0.041321665,-0.018880164,-0.14324266
-0.18524025,-0.10931732,-0.07096383,-0.16504721,-0.10506354
-0.010269735,0.016345931,0.039911658,-0.040537097,-0.036536325
-0.0035196748,0.02694772,0.064727426,0.05102595,0.025638921
0.026477246,0.0068414286,-0.09716123,-0.011364022,-0.071812056
0.02715564,0.046081234,-0.0075879013,-0.03082728,-0.07066886
-0.13297808,-0.098550975,-0.05610331,-0.15197456,-0.06789419
-0.11260579,-0.07448803,-0.026763849,-0.046822403,-0.06807514
-0.089626536,-0.011255603,0.042994812,0.0107398145,-0.060889736
0.018854689,0.07153424,0.036435805,0.0064769406,-0.031976786
-0.059270024,0.035759166,-0.0006610453,-0.02281411,-0.043374173
0.013709999,0.021906383,0.0061296374,-0.04839156,-0.091425225
-0.009496154,0.07676919,0.058527973,-0.010780775,0.0334972
0.028164433,0.015091784,0.06752386,0.04177544,0.009550977
-0.02187622,0.020465223,0.022495028,-0.05046159,-0.013068024
-0.08695955,-0.0022697356,0.06122408,-0.040412944,-0.027997818
-0.009646648,0.029255293,0.013360007,-0.053114556,-0.11847771
-0.032856278,0.009183088,-0.00069744885,0.04700337,-0.049392417
-0.000569907,-0.057410516,0.0058037154,0.049543686,-0.108646214
-0.07050948,-0.032602206,-0.019950341,-0.12156512,-0.07876654
0.028588528,0.06685119,0.07696667,0.0008215979,-0.0014348812
-0.03783892,0.08640914,0.046492424,0.081123546,0.058793627
