Care,Fairness,Loyalty,Authority,Sanctity
Harm,Cheating,Betrayal,Subversion,Degradation
-0.013179082,0.046045154,-0.033577926,-0.010770606,-0.008539228
0.0642435,0.082403876,0.06799866,0.058615014,0.020276327
0.025378525,0.04480258,0.026462356,-0.0049792426,-0.01202473
0.0126869,0.07108934,0.041344292,0.079510644,-0.026820106
0.06198527,0.034738574,0.067993395,0.015408932,-0.051625736
-0.037960954,0.024683068,-0.0058586993,-0.0008722469,-0.054200254
0.034766592,0.042702943,0.044251673,0.0077452157,-0.04906898
0.05322153,0.0126786865,0.03562449,-0.06148983,-0.022881702
0.07082541,0.049772687,0.07097976,-0.011338175,0.005995539
-0.105304986,0.008176071,-0.03072514,-0.000715035,-0.09834566
-0.036918543,0.03738335,0.02433664,0.11087589,-0.047052156
-0.015282724,0.026855214,-0.0063711293,-0.029229183,-0.13279611
-0.013386618,0.015783012,0.0050220788,0.05290631,-0.07828806
0.07438869,0.06310716,0.042052947,0.09917244,-0.006904306
-0.007959082,0.008427182,-0.0432704,-0.035403527,-0.13526797
0.019265724,-0.028879771,-0.033946395,-0.0542242,-0.096843034
-0.026382064,0.014598441,-0.011529336,0.017397637,-0.024684604
0.011762075,0.034621798,0.039856732,0.011660658,-0.0014684405
-0.019975422,0.052122943,-0.020514546,0.037568223,-0.072067425
0.046394445,0.068770595,0.027836822,0.035633624,-0.06596811
0.023065876,-0.013512906,-0.0013370225,0.018017618,-0.05746176
-0.04610122,-0.023960063,0.00873265,-0.017371867,-0.075147875
0.025773052,-0.026122771,0.015419879,0.07859409,0.045775652
0.023231685,0.04448028,-0.027928641,-0.0012864228,-0.030273095
0.029357888,0.069808915,-0.025478695,-0.058009997,-0.008088946
0.090799764,0.0348455,0.04124397,0.0007016435,0.010484362
0.042735696,0.08520268,0.091407694,0.05673844,-0.0016468572
0.0266044,0.1195219,-0.0422464,-0.0062778937,-0.024073664
