Care,Fairness,Loyalty,Authority,Sanctity
Harm,Cheating,Betrayal,Subversion,Degradation
-0.03499188,0.011417476,-0.04698317,-0.08717722,-0.09871165
0.031662263,0.034687053,0.089804634,0.04569284,-0.11011943
-0.01235866,-0.0131393615,-0.025744867,-0.031441268,-0.03415758
0.05007202,-0.03180758,0.011874231,-0.1275173,-0.02742306
0.10141734,0.052066535,0.09859721,0.070115976,0.012160897
0.15134984,0.025101325,0.00015578978,-0.085024066,-0.082908526
-0.005082779,0.01303865,0.08880372,0.044767957,-0.0059534237
0.04644556,0.028587926,0.052399687,0.069524415,0.073632225
0.1068389,0.042904444,0.13140088,-0.06706635,-0.029990109
-0.15382177,-0.015139818,-0.0045812377,0.028163869,-0.05920448
-0.11909353,-0.027926235,-0.06906793,-0.06791392,-0.051968455
0.03026907,0.053429812,0.0451213,0.035255954,0.040625982
0.0001377142,0.066247694,0.0049490873,-0.0724088,-0.030334719
-0.03347319,-0.011038702,0.019477816,-0.021736713,0.037397116
0.02668569,0.051047947,-0.008673724,0.02371851,0.014937986
0.009086957,0.014320483,0.051807582,-0.107923076,-0.042623382
0.033830572,-0.039520856,-0.03649433,-0.010320013,0.04846385
-0.036384296,-0.03854219,0.007982507,0.02488663,-0.045965552
-0.10914522,0.04256576,-0.020944003,-0.057061736,-0.024235837
0.0031925435,-0.008683022,-0.031116305,-0.053650133,-0.05444283
0.07001439,0.0744646,0.088526286,-0.018814154,-0.022709321
0.0384792,-0.047565922,-0.024302738,-0.032655403,-0.17863959
-0.072371885,-0.059405923,-0.0663162,-0.039713014,-0.0070402212
0.014590922,0.04555784,0.08847757,-0.007395692,-0.015672114
0.13812783,0.1318844,0.10685468,0.049301654,0.124151155
-0.031522736,0.03257531,0.023354242,0.029851966,-0.07549387
0.0018541156,-0.048773155,0.0043880623,-0.05292549,-0.05249678
-0.044351824,0.026994513,0.078725055,0.023769546,-0.061659276
-0.00482444,0.002207283,0.016879447,0.042926777,-0.028605586
-0.07560369,-0.0023920909,0.0029679239,-0.036442097,-0.067110315
-0.08545847,-0.04701482,-0.1102938,-0.12115936,-0.13375574
-0.06526346,0.0152339395,-0.012569588,-0.0050358176,-0.06550619
-2.109236e-05,-0.04236552,-0.05421674,-0.027845658,-0.08072679
-0.14669387,0.035220973,0.030572888,0.044335064,-0.04808598
-0.098548084,-0.0023000278,-0.06978902,-0.0679982,-0.1324774
