Care,Fairness,Loyalty,Authority,Sanctity
Harm,Cheating,Betrayal,Subversion,Degradation
0.052365568,-0.03087721,-0.031600755,-0.044740938,-0.0069428906
-0.007920152,0.0096127,-0.040245038,0.013914412,-0.04852373
0.019029286,-0.06376241,-0.012833688,0.055568777,0.039902724
-0.052233696,0.080254786,-0.09213817,-0.056724004,0.015727397
0.06493784,0.02764944,0.012639452,-0.0077324826,0.0069544967
-0.13048089,-0.07070023,-0.050027393,-0.017421156,-0.1021545
-0.02989203,0.04832934,0.0971227,0.07545663,0.091502585
0.033605162,-0.02985825,0.034324892,0.10645771,-0.026389653
0.044495404,0.035302587,-0.03270841,0.036231183,0.025375633
0.07014555,0.11991547,0.061882287,-0.018064845,0.0020262431
0.054473314,0.061855845,0.088743985,0.13202135,0.036578164
-0.024218153,0.07663949,-0.0047069984,0.0017200303,-0.09913397
0.09611505,0.041580807,0.106386125,0.06085724,0.017011324
0.0041500153,0.05554489,0.07159081,-0.0072291726,-0.05135883
0.0057257507,0.08228651,0.12567735,-0.0051020673,-0.05888038
0.11583562,0.15567578,0.15180495,0.008477733,0.003278057
0.094454855,0.03159368,0.06636587,0.07946862,0.11763578
0.030048277,0.10637624,0.08078337,0.061741,0.035605025
-0.08999546,-0.05514265,0.005428273,0.05253741,0.030478507
0.023057831,0.024067046,0.10551873,0.03548441,0.06850271
0.0064739715,0.048778016,0.029226115,0.066816054,0.03948857
-0.015184455,0.027464224,0.003097359,0.033633612,0.07325293
-0.030311102,-0.08133872,-0.08727684,-0.024565285,-0.019321859
0.03193368,-0.0074991956,-0.029990874,-0.0075808903,0.027816495
-0.020224653,0.012432057,-0.0249593,-0.07076562,-0.010838702
-0.012343062,-0.074803665,-0.074236535,0.035947025,-0.05993267
-0.0054955073,-0.07633595,-0.037600167,-0.01149688,-0.036807142
