Care,Fairness,Loyalty,Authority,Sanctity
Harm,Cheating,Betrayal,Subversion,Degradation
0.03852908,-0.033348836,0.008392725,0.061778076,-0.038951524
0.0487664,0.008719852,0.0341161,0.07446237,-0.006190844
0.0034320438,-0.050600998,-0.0626229,0.008778732,-0.03171274
0.089835525,0.022902358,0.068474874,0.11048865,-0.03973045
0.13912351,-0.05056653,0.12668298,0.03787541,0.0043361546
0.078225665,0.022281088,0.18119797,0.089268476,-0.03550183
-0.024272338,-0.114122115,-0.0025558528,-0.00056292675,-0.08209169
0.028110962,-0.021463647,0.05945865,0.015997048,-0.1359914
-0.059752066,-0.0057443306,0.04801532,0.047391247,-0.037909582
-0.00053038634,-0.06534723,0.0269845,-0.0022716168,-0.11073056
0.02261538,-0.016769426,0.09950709,0.08588418,0.002502188
0.017075928,-0.06413488,-0.030709662,-0.014808169,-0.032364227
0.046175215,-0.012280504,0.016936904,0.020150095,0.04342072
0.13562942,-0.015047917,0.066853166,-0.0055146012,-0.048722394
0.118087664,0.052455362,0.06517135,0.10490815,0.06872766
-0.02464803,-0.049366906,-0.016832843,-0.036232747,-0.087969035
0.047104113,-0.04669559,-0.024370018,-0.06035144,-0.16744354
0.039280467,0.037845287,0.01733777,-0.026425501,-0.13411126
0.018718598,-0.08232101,0.011160036,-0.057470772,-0.060328953
-0.041503374,-0.03790792,-0.122994274,-0.07352321,-0.05873537
-0.13732609,-0.08618001,-0.2389125,-0.156585,-0.1429426
-0.113609895,-0.053928465,-0.106168,-0.08505657,-0.13376279
0.07307702,0.08044868,0.10552724,-0.025302585,0.063132085
0.0788453,-0.04156658,0.03664602,0.027048938,-0.02606596
0.10588932,-0.04027297,0.091854386,0.039728716,-0.008068463
0.13219294,-0.0037986133,0.10653411,0.13244487,0.031906378
0.024250358,-0.0776449,0.009397922,-0.076988846,-0.10448005
0.11286696,0.051781204,0.076071724,0.062392276,-0.05572814
-0.043275386,0.13166875,0.03845753,-0.013706801,-0.06749772
0.06461516,0.025977932,0.06391436,0.033254527,0.007471038
