Care,Fairness,Loyalty,Authority,Sanctity
Harm,Cheating,Betrayal,Subversion,Degradation
-0.0370131,0.22944789,-0.024626419,-0.008090604,0.05852012
0.105110355,0.101463996,-0.008036431,-0.05471644,0.0055520907
-0.14559184,0.038511477,-0.043435518,0.043386064,-0.020917915
0.064810894,0.040329725,-0.053715892,-0.06941937,-0.08789747
0.049039055,0.053916603,-0.064419806,-0.07780932,-0.07175628
-0.04840887,0.17642863,0.009636005,-0.028102333,0.0028386079
-0.031887338,0.18734735,-0.01160834,-0.013104003,0.04948199
-0.010971751,-0.02141612,-0.19563125,-0.18711498,-0.08114749
0.04157617,0.0998486,-0.021995045,-0.059619933,0.13325281
-0.028664064,-0.048043508,-0.14119421,-0.16661412,-0.08229459
0.05002859,0.06679875,-0.027301924,-0.043319605,-0.07019161
0.039705116,0.08002664,-0.026164927,0.004045586,0.0032785535
0.041204724,0.13760191,0.021615095,0.014022091,0.052419413
0.1307732,0.058790743,0.16789493,0.10684703,0.10018268
-0.09573959,-0.024344847,-0.10632587,-0.07395499,-0.0039532743
-0.17732775,-0.02273245,-0.13652372,-0.09380129,-0.10372593
0.027866535,-0.011254406,0.020168304,-0.047656238,0.064263225
-0.020849014,-0.037675057,-0.068791494,-0.10739076,-0.0012766253
0.10667494,-0.005424572,-0.01428414,-0.035120722,-0.023713324
0.0320418,0.028845914,-0.03124861,-0.08902158,0.036613762
0.056703337,0.08054128,0.06443533,-0.043560468,0.03715038
-0.009407458,0.08606513,-0.04475528,-0.009352639,-0.018305283
0.02406079,-0.023016516,0.0060987957,0.06769651,0.06429992
-0.0005113408,-0.08764058,-0.15779494,-0.109198526,-0.02789015
-0.08556688,-0.10824387,-0.26862592,-0.22616045,-0.036259267
-0.016821839,0.061161447,0.032538027,-0.07866817,0.08340198
0.14143538,0.12516007,0.17197573,0.03474714,0.14616823
-0.015384262,0.13680282,-0.001142282,-0.051947463,0.0329318
-0.059598587,0.00938495,-0.04701054,-0.07279713,0.01683741
0.008941747,0.074317224,0.033298045,-0.08179633,0.05741215
-0.04311265,0.02101463,0.018511742,-0.11233796,-0.06217732
0.00085993577,0.107146844,-0.013814539,-0.043669052,0.001968665
-0.06913778,0.115661494,-0.06969342,-0.06627188,-0.059303258
-0.03874305,0.098884,0.013435144,0.038697287,0.0533104
0.003193833,0.06815776,0.030109914,0.025294848,-0.11142525
-0.046265557,0.038135238,0.022514272,0.025726005,-0.06745649
0.038576674,0.16846658,-0.0040511973,-0.037154347,0.03208839
-0.026691232,0.25109786,0.08097564,0.08073658,0.10701888
