Care,Fairness,Loyalty,Authority,Sanctity
Harm,Cheating,Betrayal,Subversion,Degradation
-0.008606305,0.06561353,0.045465115,-0.009100157,-0.059981916
-0.047980506,0.07645656,0.010423526,-0.0002118405,-0.08677405
0.009260893,0.07356246,0.105655216,0.01173503,0.06127791
0.037296984,0.13027374,0.19245785,0.11574882,0.035064843
0.061064217,0.0536893,0.048337445,0.026036587,0.023415156
0.045096327,0.09356132,0.08226215,-0.0009600539,-0.06503329
-0.023381127,0.03715276,0.055062946,-0.05091331,-0.018407285
-0.021873776,-0.0041714646,0.07896383,0.007883165,-0.1031642
0.041342594,0.053594064,0.072739124,-0.01736928,-0.09104786
0.015199061,0.045237754,0.071605176,0.11035984,-0.043486632
0.0595764,-0.038641423,-0.023710568,-0.030221555,0.052483268
0.051573165,0.114280105,0.05655878,0.08127463,-0.081545465
0.053031288,0.0022037458,-0.01514828,-0.043006346,-0.046687488
0.11816864,0.07350659,0.02654771,0.01394649,-0.040307187
-0.0397213,0.088820316,-0.054422703,0.009254612,-0.06509121
