Care,Fairness,Loyalty,Authority,Sanctity
Harm,Cheating,Betrayal,Subversion,Degradation
0.043250747,0.021891348,-0.037454367,-0.089506894,-0.06304
0.02275056,0.039640203,-0.027416745,0.03974709,-0.0018363036
-0.06459549,-0.111951694,-0.2866732,-0.12462993,-0.1296292
0.089454666,-0.00047961995,-0.04589728,-0.09700226,-0.06398911
0.026810024,-0.11705132,-0.042769756,-0.071535766,-0.11726781
0.116850026,-0.03731154,0.05572611,-0.019691503,-0.100568816
0.058538307,-0.008162072,-0.010556204,-0.06104189,-0.07132518
0.097538315,-0.0031794198,0.122284785,0.026797416,0.003916472
-0.08739337,-0.009801958,0.037970863,-0.09367261,-0.11654185
0.025298227,0.054444447,-0.016814545,-0.067174554,-0.038999777
-0.035421934,-0.046856746,-0.076314755,-0.09871821,0.02216438
-0.024431698,0.04230906,0.005064752,-0.07591869,-0.08728682
0.036692154,0.05696161,-0.0064196642,-0.034845997,-0.10584781
0.05443259,0.018058632,0.024909675,-0.13217272,-0.14094904
0.062291607,-0.044884637,-0.013459366,-0.07505355,-0.112746626
0.030766072,0.068885095,0.16181408,0.06300564,0.049562804
0.08153698,0.086813346,0.010944999,-0.029156318,-0.0006874129
0.10165554,0.004112575,0.06607297,-0.06008769,-0.01926982
0.04925621,0.017611146,0.02107591,-0.14067873,0.001485642
0.100037545,0.044659514,0.03912877,-0.042692468,-0.055627882
0.12249155,0.0358654,0.042953424,-0.07727587,-0.06472963
0.09708612,-0.028428793,0.025070373,-0.08816606,-0.018345058
0.12863787,0.059504148,0.025789233,-0.0039247572,0.013584204
0.13831446,0.091731876,0.113287345,-0.037749186,-0.014387052
-0.05115875,-0.02402605,-0.16675907,-0.0899082,-0.15584159
0.04392429,0.0353538,-0.052847415,0.07460122,0.06838594
0.09584082,0.07807199,0.017903833,-0.09308123,-0.073182344
0.0577065,0.11984695,0.010879649,0.077993296,-0.016198672
0.1294544,0.0064957812,0.023060804,-0.12540027,-0.013494007
