Care,Fairness,Loyalty,Authority,Sanctity
Harm,Cheating,Betrayal,Subversion,Degradation
-0.0051791533,0.06974716,-0.041948333,-0.05208891,-0.07708841
0.059447877,0.071368724,0.036414117,-0.042032048,-0.014419004
0.012889618,0.06910678,0.098937005,0.06684694,-0.005029658
0.026147377,-0.014812853,-0.00795787,-0.06085474,-0.100453034
0.023827994,0.07356577,0.048620827,0.045720026,0.023644878
-0.08480899,0.045206726,-0.011511557,-0.02655305,0.059826024
-0.014244847,0.14095017,-0.021638835,0.109871805,0.054079738
0.011914682,-0.103729084,-0.055588,-0.044099778,-0.0854937
0.031907167,0.08543504,0.11525576,0.025280843,-0.054473445
-0.051234864,-0.1055345,-0.043344703,-0.03682523,-0.12238155
0.10479991,0.08321263,0.10456739,0.0874176,0.05434071
-0.042194,-0.046078995,-0.039993618,0.092030846,0.0050330334
-0.11250139,0.010883719,-0.15653417,-0.15874521,-0.08726892
-0.043499112,-0.07413652,-0.14374638,-0.10993708,-0.10018317
-0.13486093,-0.05368902,-0.10612868,0.005108379,-0.083735555
-0.07720663,-0.084658906,-0.050247535,-0.10634941,-0.22625245
-0.0005816724,0.03323485,-0.056661498,-0.008429801,-0.06972301
0.03840096,0.057489883,0.0141949,0.12009592,-0.019213911
-0.047469046,0.053697485,0.05641234,-0.022968581,-0.037747893
0.06727487,0.012334717,-0.017824903,-0.034355957,-0.042004824
