Care,Fairness,Loyalty,Authority,Sanctity
Harm,Cheating,Betrayal,Subversion,Degradation
0.028506078,0.08033041,-0.015210595,0.00071152113,-0.036729768
0.067941956,0.11672001,0.11483529,0.023056349,-0.019318724
0.025843019,0.04915996,-0.014997579,0.0013874695,0.029044341
0.099244006,0.08161465,0.061174005,0.028777152,0.016408475
-0.026186064,0.10310129,0.12268139,0.060491845,0.04852321
0.060751755,0.054328497,0.003114313,0.02580566,0.054768775
0.035696127,0.06258741,0.0035744626,0.01777934,0.055290867
0.08107545,0.08886367,0.045130283,-0.04146429,0.021295067
0.013545535,0.08324851,-0.0040009255,-0.08403709,-0.058119353
0.017708814,0.18950287,0.08327887,-0.039182365,-0.029611373
0.064172395,0.09586377,0.10067432,0.029475458,0.0266046
0.11801036,0.06105983,0.098563194,0.011443157,-0.012135649
0.06923127,0.13613375,0.07911798,-0.0065006865,0.009261715
0.00075051375,-0.0045817266,0.008379802,-0.007504443,0.03091941
