Care,Fairness,Loyalty,Authority,Sanctity
Harm,Cheating,Betrayal,Subversion,Degradation
0.043835215,0.02404606,-0.0037214514,-0.03287405,-0.09088423
-0.0033657495,-0.04750883,-0.11027169,-0.10605624,-0.16295135
0.04005603,0.011097158,-0.04761658,-0.0049140463,0.006067479
-0.1236901,-0.07831483,-0.1712359,-0.118799254,-0.25112638
0.01721375,-0.055800002,-0.03149292,-0.07079024,-0.10336876
-0.009516511,0.026637109,0.032955557,-0.0032469295,-0.073990844
0.013461639,0.028630795,-0.024201795,-0.08551726,-0.12139158
-0.053222824,-0.0800739,-0.08492033,-0.12325354,-0.14596826
-0.004775157,-0.048471995,-0.029640391,-0.023722254,-0.059117906
-0.007215798,-0.019339707,-0.09501246,-0.11356393,-0.023385074
-0.034815233,-0.030733407,0.028654212,-0.013586284,-0.079004474
0.02885031,0.015995659,0.01313045,-0.0148254875,-0.12260987
0.041918322,0.042980123,0.16573074,0.16782558,0.020933386
0.012249984,-0.04856126,-0.14611809,-0.12738073,-0.07560519
0.0806113,0.10230975,0.15097386,0.045501888,0.065564595
-0.044005476,0.055134557,0.017491426,0.11119068,0.022992007
0.07861672,0.06716906,0.053936467,0.038214315,-0.013655767
0.0054882467,-0.09033826,-0.07303986,-0.018769044,-0.02252263
0.06679246,0.03394818,-0.0229799,0.027074296,0.008782782
0.03394852,0.021332791,0.022659363,0.032902896,0.0094623435
-0.020103408,-0.00026653707,-0.02378081,-0.063096955,0.04751302
-0.010789717,0.06712304,0.07013431,0.024321668,-0.05596487
-0.013064497,-0.022358445,0.0014075451,0.024933193,0.003641203
0.08202377,0.09054125,0.009388842,0.004518304,0.05505754
0.10663508,0.13336578,0.091925204,0.083327115,0.086331174
0.018445143,0.12985553,0.09593189,0.025481598,-0.012724685
0.03051009,0.007168617,-0.029395398,-0.06683964,-0.081810564
0.0074884165,0.04702474,0.0058990205,0.050352503,-0.10011288
0.06301096,0.08268186,0.06342775,0.10374329,-0.014125872
0.10963597,0.12922683,0.118353285,0.04972323,0.13987787
0.009408569,0.041166276,0.11476949,0.0016346211,-0.10352466
0.038758267,0.00029447302,0.036381878,0.04186056,0.007825183
-0.10439305,0.07097347,-0.023723353,-0.036051825,-0.035118833
0.025381895,0.10543819,-0.042651057,0.08710164,0.023693226
-0.06284168,0.0049604233,-0.04713734,-0.04206338,-0.03533376
0.016729541,0.09731362,0.014131431,0.088044316,0.05445235
