Care,Fairness,Loyalty,Authority,Sanctity
Harm,Cheating,Betrayal,Subversion,Degradation
0.062398873,0.10258381,0.09367788,0.02076042,-0.04046575
0.092397526,0.0925775,0.107464924,0.12212803,0.07392123
-0.034379296,-0.19628718,-0.14144033,-0.119626224,-0.023905665
0.094698496,0.08993277,0.08024189,0.017548103,0.051179558
0.090673625,0.00069752336,0.11005764,0.02385103,-0.003399551
0.04987377,0.09320349,0.1398174,0.054564558,-0.051509287
0.005354245,0.1041386,0.03783742,0.11170748,-0.008202609
0.09676619,0.13022555,0.08201137,0.011089856,-0.034485076
0.015344079,-0.11280718,-0.12013259,-0.13716738,-0.030677784
-0.05162193,-0.042571157,-0.026970662,-0.021921713,-0.1501278
0.049612142,0.043769524,0.038935024,0.07970802,-0.009097146
0.09334187,0.08183146,0.035772823,-0.010720452,0.0023486353
0.029991176,0.10942963,0.14848702,0.020400072,0.04553342
-0.030380344,0.05470205,0.11850444,0.013539069,-0.04784686
0.040783376,0.02687446,0.10462713,-0.014631934,-0.009812627
