Care,Fairness,Loyalty,Authority,Sanctity
Harm,Cheating,Betrayal,Subversion,Degradation
-0.028996674,-0.04978567,-0.038581934,-0.04278008,-0.0845103
-0.03574164,0.027818311,-0.007894121,0.04358386,-0.014676806
-0.10892821,-0.097913325,-0.09269366,-0.04028981,-0.1030329
-0.08221306,-0.06292984,-0.13165456,-0.05664921,-0.1961655
0.032008424,-0.08219743,0.0033455212,-0.057871986,-0.04938095
0.05989396,-0.0020455346,0.029840657,0.0029640254,-0.039802637
-0.060445227,-0.117763996,-0.13454668,-0.12774627,-0.08016507
-0.06750907,0.047843225,-0.010799703,-0.047093946,0.039865512
0.029523056,0.110739894,0.07350449,0.07416482,0.09429165
