Care,Fairness,Loyalty,Authority,Sanctity
Harm,Cheating,Betrayal,Subversion,Degradation
0.051668257,0.027670091,0.13244918,0.08372083,-0.027641982
0.0506916,0.04503811,0.16775638,0.05446788,0.049554683
0.04196007,-0.07651083,0.056451835,-0.053709276,-0.011026476
0.12162944,0.06871364,0.2082771,0.120922446,0.1326153
0.12742254,0.058133632,0.27079067,0.113504834,0.07431388
0.06771686,-0.020753985,0.06542173,-0.050689314,-0.03615492
0.16314095,-0.009881112,0.162367,0.09314071,0.05046629
0.09181226,0.09956527,0.18466184,0.11853378,0.01809838
0.07163662,-0.0074666003,-0.021895416,-0.064377956,-0.13382286
0.16748868,0.07438384,0.2674507,0.11140859,0.062082067
-0.024111934,0.07318516,0.061094,0.010383762,-0.047344644
0.1587941,0.11311771,0.09946649,0.08426467,-0.019506404
0.15339272,0.107128724,0.16233924,0.057627775,0.010229632
0.11873659,0.03337425,0.17661072,-0.004142324,-0.04413427
0.037763033,0.040681195,0.09704523,0.06268893,-0.015386845
0.07535028,-0.0008132644,0.11670471,0.09260385,-0.050910078
0.054614715,0.06631926,0.03865368,-0.06994435,-0.020662388
0.16051574,0.14345878,0.13818726,0.012348865,0.077339664
-0.007596245,0.08531995,0.12256594,0.046324633,0.024315989
-0.044869248,-0.00016868301,0.013305511,0.011819904,-0.020902121
0.11463861,0.11418228,0.18630418,0.02313372,0.08354192
0.0803061,0.026506457,0.16943613,0.0848415,0.021898557
0.008338556,-0.004076071,0.030377593,0.0015767226,-0.151835
0.07558149,-0.02050268,0.075607724,0.043028407,-0.08411777
0.05625661,0.019144665,0.026960168,-0.030860355,0.02828595
0.1818986,0.07569394,0.12581666,0.0944355,0.032730587
0.10303298,0.034573577,0.24726486,0.11223735,0.080716684
-0.088840514,-0.111978024,-0.06595629,-0.0084195575,-0.0803684
0.10911549,0.11799038,0.20325875,0.21475938,0.031239813
0.10539411,0.062265694,0.12374635,0.06739845,0.031190336
0.042854875,0.08230301,0.13381219,0.03138826,0.037495635
0.021407358,0.0815028,0.11716238,0.07122919,-0.023663204
0.13369672,0.074402556,0.09294682,-0.0028075296,0.030063458
0.11214019,0.113039725,0.12787303,0.06261726,0.0024353303
0.09735492,-0.040678047,-0.034681324,-0.14285935,-0.037334945
0.06795689,0.05233475,0.10637103,0.09390651,0.042584777
0.11411805,0.011626907,0.05059857,0.005190571,-0.10471396
