Care,Fairness,Loyalty,Authority,Sanctity
Harm,Cheating,Betrayal,Subversion,Degradation
-0.0231143,0.039046235,-0.04983791,-0.015711699,-0.07764139
-0.0007081032,0.023923676,-0.043781213,0.06798482,0.02568471
-0.01489641,0.011907383,-0.0851449,-0.06751204,-0.117338814
0.037057802,-0.060045652,0.09449279,0.040365495,0.003200138
-0.058567703,0.018738993,-0.1323623,-0.11292411,-0.09406907
-0.073694974,0.04053715,-0.0079525625,0.016567947,-0.010587733
0.026239306,0.00026331097,-0.001350876,0.020021394,-0.05434335
0.026239306,0.00026331097,-0.001350876,0.020021394,-0.05434335
-0.029684257,-0.0135842115,0.0012668073,-0.035351705,-0.18562828
0.023607288,0.051792692,-0.032405972,-0.10632712,-0.08718977
-0.017819235,0.023316955,-0.040439416,0.040192805,0.012213802
-0.106068306,-0.086555496,-0.15463106,-0.19507799,-0.20531511
0.00042575132,-0.0946481,-0.06052076,-0.10152097,-0.12445703
0.028579762,-0.044652186,0.0045976797,-0.05289114,-0.08332629
-0.011895942,-0.05040373,0.006483175,-0.043284684,-0.10929684
-0.0665998,-0.04414394,-0.13568665,-0.12904532,-0.20660025
-0.04320006,-0.054872803,-0.14702608,-0.13400349,-0.09290238
0.0069281505,0.04553548,-0.005309359,0.04472487,0.019473366
0.008344921,0.025559735,0.004417777,-0.01628881,-0.01970222
-0.04046546,-0.038970456,-0.092368424,-0.045650177,-0.108308695
-0.099809736,-0.035973936,-0.08293788,-0.06641366,-0.22380692
-0.01239395,-0.06948903,-0.09270492,-0.074999504,-0.17408201
