Care,Fairness,Loyalty,Authority,Sanctity
Harm,Cheating,Betrayal,Subversion,Degradation
0.032849222,-2.8144568e-05,-0.049247634,-0.0041501485,0.03298244
0.06646806,0.10200843,0.08493216,-0.013078422,-0.0015483182
0.03650865,-0.005757206,0.029698385,-0.014520392,-0.014271399
-0.012309879,0.023927055,-0.020860733,0.00010789931,0.03615234
-0.0026276512,-0.04603912,0.011292292,0.016884414,0.046760883
-0.042780057,-0.005305629,-0.013656452,-0.056562323,-0.12404978
0.11603482,0.045713395,0.02638739,0.016650947,0.10223319
0.047389187,0.028784856,-0.020344753,0.029411683,-0.022198543
0.10707301,0.06892252,0.17795888,0.09619133,0.12548289
0.050435994,-0.02015019,0.07537289,0.048149154,0.011441801
-0.0016386784,0.022630675,0.024305325,-0.037396032,-0.02276536
-0.07701807,0.054574504,-0.07023876,-0.026795063,-0.06779094
-0.06391709,-0.058359504,-0.16362625,-0.11489171,-0.09668264
-0.005418036,-0.060092784,-0.03362153,-0.111351766,-0.07501213
-0.016494388,0.028695479,0.056749687,-0.0009815395,0.013221504
-0.062039632,-0.011086799,-0.08372849,-0.03178636,-0.027022645
0.07280791,0.0258912,-0.021301493,-0.010095721,-0.050311185
0.02975659,-0.09292464,0.02614151,-0.048504755,-0.006535641
-0.055363484,9.1687776e-05,-0.10409477,-0.13257024,-0.070432045
