Care,Fairness,Loyalty,Authority,Sanctity
Harm,Cheating,Betrayal,Subversion,Degradation
0.021558298,0.060433723,0.025424637,-0.0026959665,0.021017604
0.04443629,0.03597746,-0.041278508,-0.0062972214,0.09238526
0.06151317,0.037172195,0.061515246,0.05410838,0.022410257
0.020648327,0.083126694,0.10351673,0.021633754,0.03299165
0.072849944,0.102224365,0.0756453,0.01823342,0.03387662
0.038170386,0.008090586,0.02099238,-0.17942628,-0.1431799
0.13312837,0.060307484,0.1493906,-0.010971561,0.051853642
0.043287292,0.019237451,0.059733957,0.018057076,5.6512654e-06
0.03609002,0.1240329,0.098421216,-0.016546782,-0.020167988
0.0017041918,0.13987017,0.14156158,0.20287111,0.07534321
0.09892206,0.004650373,0.051895596,-0.047708407,-0.117513135
0.037315026,0.07747549,-0.008257968,0.0049970355,0.031759802
0.054856587,0.058427732,0.09426164,-0.035493962,-0.033564806
0.058588378,0.09561111,0.09472717,-0.031035375,-0.010372372
0.05577164,0.05801787,0.03427872,-0.03938346,-0.02403179
0.05547427,0.054531172,0.047352295,0.030102538,0.016855821
0.06138712,0.033519477,-0.046376884,-0.03957279,0.05659938
0.09046279,0.11366389,0.15777344,0.06721391,0.11636927
0.07980673,0.050848827,0.061906233,-0.014927979,-0.02903521
0.05583299,0.06945646,0.28246534,0.13888592,0.1282011
-0.02320993,0.119254485,0.13497196,0.13378894,0.068360195
0.09928328,0.031294655,0.013904668,-0.004624866,0.021974638
0.036759123,0.019378426,0.038439002,-0.0017560683,0.045567952
0.03691677,0.052116957,0.029657114,0.004149275,0.09596197
0.037549958,0.10620229,0.05756031,0.007467376,0.08993016
0.051331874,0.02707614,-0.0026880791,-0.021137897,0.069794655
0.14005932,0.12629585,0.17136116,-0.043423265,0.018677408
0.070951745,0.116065085,0.2153754,-0.0076329038,0.09710432
0.07680714,0.0970755,0.109419376,-0.0092939595,0.085018024
-0.060281064,-0.029206252,-0.07536924,-0.12059323,-0.17230158
0.040973872,0.033349555,-0.026130171,-0.06029755,-0.02179578
0.0829809,0.11073449,0.0855639,-0.0076181944,0.04676509
0.07675893,0.013454676,0.011018366,-0.074858494,-0.072351895
0.05723849,0.071546815,-0.004906526,-0.044382803,-0.054117046
-0.060484763,0.028755143,-0.067634806,-0.042430103,-0.06941474
-0.058964055,-0.047139052,-0.086086884,-0.09496714,0.0039528925
