Care,Fairness,Loyalty,Authority,Sanctity
Harm,Cheating,Betrayal,Subversion,Degradation
0.029020427,0.0014968514,-0.056741975,-0.041405004,-0.00083209574
-0.012569532,0.039276622,-0.033635758,-0.027722973,0.027663076
0.019797442,0.07212721,0.026021598,0.008375379,-0.09553634
0.06630031,0.057356182,-0.014681669,-0.019232646,-0.026236676
0.11994326,0.08983253,0.08317536,0.037175708,0.034349132
0.105317846,0.043752026,0.14146551,0.13327576,0.13919567
0.12510669,0.04234097,0.13635974,0.09193959,0.13708258
0.07886998,0.09108448,0.10934722,0.04247936,0.07890321
0.0899726,0.08360514,0.120472595,0.075576656,0.07654977
0.074185014,0.024932869,0.11261915,0.039956804,0.09479398
0.054463692,0.05668172,0.053958412,-0.0014382284,-0.056888405
0.085065156,0.026837043,0.09693119,0.036873072,0.064080454
0.08761537,0.08369845,0.07842233,0.039709643,0.036749303
0.014575144,0.086013034,-0.025810847,-0.14205627,-0.03866914
0.025682714,-0.005937092,-0.016839871,-0.002290368,-0.0027078502
0.021492586,0.002563822,-0.08478354,-0.048080526,-0.08117101
-0.051412977,0.07530366,0.034320526,0.04531778,-0.020579822
0.015949786,-0.07391688,-0.07154481,-0.07490553,-0.041790295
0.013913067,0.037044678,0.06891344,0.035249017,-0.039708234
-0.082587935,-0.054531373,-0.22588067,-0.2326343,-0.09159049
0.063257515,0.030435484,0.10569681,0.020737452,0.124960884
-0.03227997,-0.040488977,-0.057688072,-0.02429868,0.027170032
0.1670092,-0.006984556,0.15985937,0.12542193,0.18930885
0.03992763,0.026458973,0.041030243,-0.03532137,-0.058870614
0.008091198,0.106835485,0.02267438,-0.004565802,-0.07458572
0.037087165,0.030182753,0.033268653,0.031232014,-0.0677652
0.06377072,0.047083355,0.020365095,-0.045092124,-0.07312738
0.034642488,-0.025635172,0.014780629,-0.041035164,-0.10254395
0.082223244,0.109331414,0.1709637,0.035515867,0.10472331
