Care,Fairness,Loyalty,Authority,Sanctity
Harm,Cheating,Betrayal,Subversion,Degradation
-0.09523733,-0.114065684,-0.1978061,-0.14940357,-0.044036604
0.0448618,-0.009839218,0.043538958,0.026758939,0.12189456
-0.06542064,0.048514195,0.028936964,-0.000842344,0.030356308
-0.12893614,0.090409555,0.052788295,0.023221921,0.01972726
0.05916524,0.06080614,0.13106436,0.018405369,0.052166052
-0.042517986,0.104197904,0.10155812,0.20686285,0.043769166
-0.09332446,0.002716476,0.015022687,0.051156446,0.004323406
-0.027374148,-0.006553365,0.015609592,0.056414254,0.037404947
-0.016896078,0.036282808,-0.043051504,-0.07532788,-0.043954097
-0.014265187,0.069782756,0.122787714,0.013526605,0.015340723
-0.029816942,-0.022692002,-0.026406337,-0.019553853,0.0035998337
-0.09860248,0.020708656,0.01953047,0.021754425,0.036176447
-0.08117766,-0.00750269,0.029204609,-0.04510899,0.032155156
-0.020257128,-0.013821515,-0.033738703,-0.018643353,-0.050730884
-0.14871988,-0.07838421,-0.12866151,-0.09647559,-0.086175084
-0.038801,0.06533456,0.10595472,0.10265124,0.07751628
-0.014379127,0.070960455,0.041724015,0.011627505,0.0694872
0.06055525,0.039196674,0.09373908,0.059082665,0.03813517
-0.10176063,-0.10295765,-0.10054312,-0.0024433373,0.0097511625
-0.03461985,0.015615577,-0.017808873,0.07382061,0.079722255
-0.041881435,0.103284314,0.112640485,0.11852279,0.07461186
-0.16331235,0.059282348,-0.022103239,0.051983386,0.031343095
-0.1465356,0.022428917,-0.057664808,-0.013946267,0.04803345
-0.12710777,-0.0020848364,-0.06792623,-0.04005904,-0.045507684
0.028864946,0.017648095,0.035105392,0.007988943,0.053758614
0.034294467,0.028792754,0.14311065,0.09576455,0.10406944
-0.11373621,-0.027214617,-0.11289364,-0.008533614,-0.062203284
