Care,Fairness,Loyalty,Authority,Sanctity
Harm,Cheating,Betrayal,Subversion,Degradation
-0.10059342,-0.010815121,-0.076330155,-0.03826398,-0.065388575
-0.078205094,-0.048111577,-0.13497329,-0.1360537,-0.0795655
-0.07054799,-0.0361934,-0.049010783,-0.051858235,-0.081912115
-0.1312457,0.043401994,-0.07021021,-0.04173969,-0.09788525
-0.035608653,0.08792484,0.01793351,0.014586538,-0.03809723
-0.033591278,0.07801259,0.12262586,0.052394886,0.05058919
-0.094764546,-0.062771104,-0.053890325,-0.050806537,-0.1139647
0.009097482,0.032840863,-0.019057175,-0.02055107,0.0023164959
0.02676287,-0.03369115,-0.03288078,0.0012888154,0.04020284
0.010036791,0.020223664,0.034595158,0.05166331,0.034842044
-0.01563127,-0.008257325,-0.040899348,-0.09223646,-0.11058356
0.05272309,-0.010583609,0.0035294164,0.06303094,0.042499173
-0.05527825,0.029105207,0.09174076,-0.027708413,0.018963955
0.08605492,0.03535562,0.10819378,0.14518397,0.05720178
-0.019852594,0.030941281,-0.018674038,0.07094231,0.07708685
0.0328276,0.03462437,0.07463448,0.056528036,-0.06174454
0.09881418,0.045982398,0.16204754,0.029045325,0.13149048
0.09620111,0.13058208,0.18695468,0.01835663,0.09669991
0.16159281,0.10043684,0.13067134,0.025604147,0.046935238
-0.16101845,0.023754783,-0.11097166,-0.043263275,-0.066894986
-0.097328916,-0.02626797,-0.0807508,-0.05653556,-0.09508951
-0.016432762,0.052608803,-0.031195693,0.04243697,-0.07214022
0.00831593,-0.020759191,0.044903655,-0.023082964,-0.08293396
-0.036146358,-0.026537344,-0.13826838,-0.032121614,-0.0758698
0.058257893,0.061269127,0.012882261,0.0013203844,-0.013362359
0.1197728,0.1043459,0.11072691,0.122321025,0.0877417
0.06752758,0.03298078,0.049730893,0.02605494,-0.028651733
-0.07634558,0.013115197,-0.009181034,-0.012536024,-0.07437891
