Care,Fairness,Loyalty,Authority,Sanctity
Harm,Cheating,Betrayal,Subversion,Degradation
0.018152481,0.04680959,-0.030922094,0.0023489725,-0.054869074
0.069119014,0.16362256,0.08475576,0.03388171,0.022864562
-0.07784578,0.06689936,0.06529659,0.02807255,-0.09765614
0.08652227,0.09432827,0.0773692,0.09985346,0.11292292
0.022926114,0.064719066,0.060735457,0.025480863,0.05301721
-0.039294884,-0.019961236,-0.028930612,-0.11038988,-0.11817531
-0.08050107,0.001664944,-0.015936065,0.024024583,-0.026850468
0.004828575,-0.0030840933,-0.066391625,-0.041167695,-0.09843234
0.020828808,-0.04597165,0.014011923,-0.081058875,-0.020877378
-0.04195731,0.01520535,0.005805943,-0.021661088,-0.031340953
-0.069581605,0.0064136162,0.029147917,-0.025468316,-0.13645948
0.0906418,0.026335984,0.02441087,0.06477943,0.08631967
-0.0061371718,-0.002708422,-0.020903504,-0.018010149,-0.13744234
0.08062646,-0.06845264,-0.028950557,0.020407032,0.050903294
0.00026952568,0.027882522,0.051076196,-0.00071199983,-0.08081372
0.0055458033,0.13910474,0.0056375586,-0.0040911543,0.008087333
-0.020778494,0.035201125,-0.05125183,-0.051705673,-0.13673463
0.08695025,0.027536742,-0.01191905,0.04779432,0.016266719
0.024627227,0.04610776,-0.09776839,-0.062347103,-0.05735268
-0.02025869,0.048137102,-0.06406162,-0.07121377,-0.1020479
-0.035156097,0.055751897,-0.0140838865,-0.0069763795,-0.055233188
-0.03293149,0.027513597,-0.0575053,-0.07019898,-0.078879714
0.011506693,0.047202706,-0.055406116,-0.040324084,-0.06665495
0.07882671,0.093663916,0.041185033,-0.013452053,-0.052738976
0.1220994,0.10519045,0.029884543,0.09668152,0.09489556
0.04945247,0.019199155,-0.010074423,-0.02348502,0.03193985
0.082360506,0.05001123,-0.028329622,-0.088331394,-0.03577575
