Care,Fairness,Loyalty,Authority,Sanctity
Harm,Cheating,Betrayal,Subversion,Degradation
-0.01382532,0.04260027,-0.09338222,-0.07328041,-0.17363729
0.00037827296,0.009166492,-0.060368642,-0.04752072,-0.10181864
-0.006972774,0.06054859,0.0028484585,0.0020562224,-0.04905588
-0.11063381,-0.021358572,-0.11366863,-0.10110445,-0.23393947
0.022724738,0.04376594,-0.053532284,-0.07359486,-0.23828998
-0.024989642,0.032905787,-0.0758331,-0.044506945,-0.12916721
0.013982687,0.02513748,-0.014608808,-0.01929292,-0.11125761
-0.02721557,-3.2981858e-05,-0.04679986,-0.029483955,-0.13955775
0.047968205,0.10393898,0.08391726,0.057499044,0.043568276
0.043699257,0.09044303,0.043623284,0.012987272,0.040467635
0.03864622,0.10337657,0.07517975,-0.048910744,0.12712157
0.060822375,0.10045558,-0.0022232328,-0.040196907,-0.010276865
0.051541686,0.049010552,0.08560768,-0.03802295,-0.06844185
0.053157095,0.040563572,0.023586605,-0.052759413,-0.005795991
-0.027450416,-0.026188105,-0.10057173,-0.09436523,-0.17818138
