Care,Fairness,Loyalty,Authority,Sanctity
Harm,Cheating,Betrayal,Subversion,Degradation
0.0048172493,0.047351602,-0.04029991,-0.034367952,-0.033568874
0.019243652,-0.008498408,-0.012892508,-0.020771522,0.080098316
0.06162952,0.029387191,0.01872041,0.035797555,0.0033206493
0.09977299,0.07639021,0.05140917,0.014300775,0.039508507
0.023779964,0.02254068,-0.03393124,-0.06678149,-0.029308164
0.07128643,0.10503904,0.083012715,0.07319544,0.01812329
-0.020186046,0.0021449951,-0.035155617,-0.043107636,-0.0860536
-0.12626703,-0.053308636,-0.03561197,-0.09908287,-0.1138065
0.05291561,-0.0011751018,0.0005780505,0.018858496,0.10596168
0.05685306,-0.0024208743,-0.048214436,-0.013694324,-0.013146706
0.020922339,-0.044722058,-0.07351019,-0.08762136,0.0029012626
-0.03415466,-0.03235126,0.014700751,-0.021903621,-0.09949379
-0.10859791,-0.062385533,-0.00064658,-0.05832225,-0.07306258
-0.019768743,0.089070246,0.13023564,0.09838675,-0.020823497
0.046193726,0.010802828,0.1560341,0.1154253,0.04053268
0.05911747,0.06305469,0.05247963,0.06970801,0.016183399
0.05554008,0.08155917,0.02018917,0.030614372,-0.051807337
0.09493279,0.057981864,0.07337622,0.022776619,0.023899483
-0.0063276915,0.0108642485,-0.06574767,-0.06693312,-0.07765691
0.0134635195,0.029723488,0.017667083,-0.046799146,-0.03720384
0.056449473,-0.016461741,0.025568578,0.03454127,-0.04927697
0.032412913,-0.099693775,0.051252935,-0.06030101,-0.12468146
0.012791507,0.1186188,0.19934946,0.096680835,-0.03360848
-0.09144546,-0.14227195,-0.052883174,-0.09279205,-0.12462409
-0.051237836,-0.019432383,-0.053153817,-0.0521918,-0.13019277
-0.044937007,-0.074138284,-0.024747059,-0.037243348,-0.20720844
0.045952193,0.045829963,0.09818746,0.07362419,-0.022401948
0.0666511,0.07145257,0.059596453,0.032554872,0.004666114
0.09533337,0.08730784,0.10320524,0.00095682964,-0.055192284
0.07470955,0.15814263,0.121680744,0.101545006,0.022688068
-0.0083819665,0.10076685,0.031040959,0.00337596,-0.09092414
