Care,Fairness,Loyalty,Authority,Sanctity
Harm,Cheating,Betrayal,Subversion,Degradation
0.008546984,-0.015390888,-0.03006481,-0.015390262,-0.056077175
0.008967433,0.006388329,-0.03193114,-0.021286812,-0.06311213
0.045217734,0.06744244,0.046843745,-0.035658836,-0.01474284
-0.020622058,0.047207262,-0.024245013,-0.04478492,-0.053983837
0.07505122,0.042298403,0.13216561,0.080437064,0.072406754
-0.04999636,-0.1244923,-0.13335031,-0.06578263,0.0028146617
-0.06987165,-0.16551653,-0.06249111,-0.050850578,-0.112206325
-0.051650815,-0.1363334,-0.109405145,-0.092971295,-0.12494479
0.03337283,0.033674642,0.026410747,-0.00055424124,-0.023420861
-0.03667288,0.028647248,0.060327075,0.031853415,-0.018137105
-0.0647316,-0.04444021,-0.0656738,-0.0012902282,-0.06349624
-0.0016386127,-0.030713338,-0.009933721,0.045254327,0.0057603046
-0.0029243464,-0.03147163,0.033533327,0.033783868,-0.01701702
