Care,Fairness,Loyalty,Authority,Sanctity
Harm,Cheating,Betrayal,Subversion,Degradation
-0.003597151,0.042511348,-0.073033825,-0.03482166,-0.024347994
0.08814053,0.09647697,-0.026554987,0.016478948,-0.026549242
-0.02537943,0.04774476,-0.028879648,-0.10161828,0.07264449
-0.017178357,0.07345961,-0.023290668,-0.02390718,-0.009808805
-0.009921111,-0.011126794,-0.039301768,-0.051584177,0.01077264
0.090597406,0.01461548,-0.0062069166,-0.07636343,0.037562266
0.14299992,0.07529321,0.11333056,0.024560202,0.07103722
0.050710108,0.05659447,0.07315618,0.00735147,-0.08119119
-0.04910697,0.02764571,0.030810297,0.011054542,-0.0680143
0.020157523,-0.020708675,-0.0395455,-0.0434234,-0.05663398
0.10349309,-0.0019328855,0.10171866,0.060517117,0.07604709
-0.058203023,-0.006637022,-0.024648532,-0.10664402,-0.025039949
-0.0265859,-0.06654095,0.056365237,-0.017420065,-0.08342375
-0.020173399,-0.064023405,0.011755012,-0.068405904,-0.15927269
-0.020132758,0.001092542,-0.04170166,-0.034713406,-0.03836561
0.07187942,-0.024256889,0.036615245,-0.032667164,-0.07558399
0.1522043,0.094023384,0.081712954,0.023159675,0.087359235
0.007838527,0.0940487,0.11878286,0.03821171,-0.00720359
0.025498142,0.09559822,0.028003033,-0.02072914,0.0150636425
-0.09673384,-0.08814858,-0.098946646,-0.1576446,-0.12697046
-0.08644855,-0.046011925,0.010450035,-0.04771583,-0.11394516
-0.01615353,-0.00838311,0.012815105,-0.03693025,-0.08586113
-0.08431289,-0.08168931,-0.03339486,-0.0040532164,-0.10859006
0.040732693,0.02220453,0.101616174,0.0062497184,-0.0031668954
0.112301536,0.018799208,-0.052234463,-0.06148383,-0.07276815
0.07761434,0.12595558,0.019005382,0.023751236,0.12754369
0.07026409,0.010593037,0.0031699743,-0.05052217,0.005770469
0.025193315,-0.017176677,0.12883183,0.057062976,0.14796574
-0.05404321,-0.0490033,-0.018438566,-0.050693754,-0.13778144
