Care,Fairness,Loyalty,Authority,Sanctity
Harm,Cheating,Betrayal,Subversion,Degradation
-0.09888846,-0.049901627,-0.063629985,-0.06926006,-0.073612876
-0.107960925,-0.030224994,-0.17433491,-0.08534654,-0.11492704
-0.06761049,0.010165298,-0.0048291963,-0.124511264,-0.04348931
-0.022508908,0.017297389,0.030604046,-0.100025,-0.076927856
0.009234059,-0.018473288,-0.0091351215,-0.01597612,-0.08656053
0.048016407,0.10772398,0.10785687,0.07616202,0.0682594
-0.09771113,-0.035684615,-0.05509732,-0.07187052,-0.087492034
0.020910535,-0.030764787,0.037114285,0.025745982,-0.06757507
-0.0009603966,0.017421577,0.039125085,0.008654296,0.0034979694
-0.04903019,0.011928484,-0.084607184,-0.12885159,-0.11465451
-0.004948336,0.080044925,-0.034949176,0.01967306,-0.10153685
0.012367932,0.04358235,0.061471492,-0.035910387,-0.012245963
-0.0026664622,0.0007455256,0.007252604,-0.037534308,-0.078164175
0.0085140355,0.051954083,0.026878325,-0.040030424,-0.050444838
0.02593096,0.06491157,0.011128605,-0.024898183,-0.035844095
-0.10501586,0.06741266,-0.007793813,-0.03202917,-0.03858833
0.031920597,0.07715331,0.13977602,0.023020223,0.06461711
-0.008367809,0.090786494,0.042606447,-0.052790675,-0.0015944093
-0.04074193,-0.040172797,-0.10416052,-0.043108348,-0.09952529
-0.086423025,-0.014686172,-0.1130023,-0.079742834,-0.07878563
0.019427724,0.1384992,0.032886975,0.03540959,-0.023523739
-0.030415086,0.08921355,0.020325517,0.02522159,-0.0416312
