Care,Fairness,Loyalty,Authority,Sanctity
Harm,Cheating,Betrayal,Subversion,Degradation
-0.09158806,-0.11339764,-0.18428284,-0.15823013,-0.09053594
-0.012600524,0.0011260249,-0.08532661,0.013189979,0.057256978
-0.11886117,-0.10582891,-0.17818348,-0.16221017,-0.11609365
-0.16976476,0.05739807,0.01729248,0.06837408,-0.10148488
-0.12066637,-0.09301505,-0.1790223,-0.1766531,-0.0962998
-0.044728346,-0.017310884,-0.034700595,-0.0021299645,-0.10786969
-0.100134514,0.020423878,0.018307619,-0.0043000467,-0.018242717
0.051948685,0.1184679,0.16784275,0.15038252,0.09944831
0.03245929,0.017357305,0.13793284,0.12649664,-0.014868949
0.003336036,0.03255457,0.08755101,0.071075946,0.044463504
-0.084090605,-0.000108290464,-0.13320333,-0.12344614,-0.09469835
-0.0202097,0.045803636,0.11218398,0.13079198,0.02072445
0.010304678,-0.05521928,0.086986944,0.018433427,0.038580332
-0.07582413,0.11438128,0.033499554,0.012729213,-0.077917784
-0.10450294,-0.008064617,-0.017969396,0.0054818466,-0.05732853
-0.23117757,-0.06637393,-0.25123692,-0.16328973,-0.20752737
-0.1366584,-0.026504854,-0.098299965,-0.079325564,-0.1463067
-0.061408017,0.002683621,-0.1290454,-0.042869605,-0.09384075
-0.118235126,0.018177802,-0.0840061,-0.001624627,-0.05532333
-0.07537253,-0.03216329,-0.04745469,-0.003951555,-0.060767666
-0.021873727,0.02968518,0.048550397,0.011295004,-0.029584121
-0.06483152,-0.015391879,0.008835964,0.014877051,0.024802543
-0.11176588,0.0062500658,-0.013817598,0.026354145,-0.011560019
-0.08240768,0.026409721,-0.023121426,-0.01121173,-0.044497788
