Care,Fairness,Loyalty,Authority,Sanctity
Harm,Cheating,Betrayal,Subversion,Degradation
-0.028366227,0.04264346,-0.07758981,-0.08254425,-0.05538392
-0.09179279,0.009110509,-0.1029032,-0.11618298,-0.10102714
-0.034784935,0.038807936,-0.07444298,-0.12718745,-0.1318286
-0.01162033,0.17681858,-0.0409815,-0.034843467,-0.07220816
-0.10540912,-0.006572401,-0.11714071,-0.032898463,-0.074748516
-0.0049279947,0.05286377,-0.09797214,-0.09246075,-0.043384083
-0.02046137,-0.024159536,-0.052651517,-0.016888075,-0.06328647
-0.058035,-0.019616902,-0.11273982,-0.09932518,-0.16496411
-0.06681297,0.07665418,-0.06448486,0.0046927724,-0.007926585
0.0013470212,0.2044947,0.057372294,0.04469646,0.043275222
0.0032407907,0.17611787,0.03315097,0.03408762,0.011907192
0.020679375,0.11580871,-0.003187906,-0.022867534,-0.041852076
