Care,Fairness,Loyalty,Authority,Sanctity
Harm,Cheating,Betrayal,Subversion,Degradation
-0.031190721,0.017982045,0.03813144,0.02217339,-0.033371866
0.025708064,0.08003286,0.040864542,-0.024830718,-0.08682727
0.050658338,0.034900717,0.08140203,0.001239188,-0.12575674
0.049756408,0.043868426,0.07427925,0.0073785894,-0.07912491
-0.09934467,-0.031696588,-0.060552858,-0.037516236,-0.17874244
-0.02575275,-0.08640619,-0.05749114,-0.0676087,-0.18283817
0.08181898,0.054036096,0.051215753,-0.006004274,-0.059929878
0.017296879,0.027755352,0.09207988,-0.010957469,-0.11891322
0.017123116,0.0737907,-0.019384814,0.052093934,-0.0391206
