Care,Fairness,Loyalty,Authority,Sanctity
Harm,Cheating,Betrayal,Subversion,Degradation
0.06526831,-0.008191796,-0.00076552667,0.0025077704,-0.022454865
0.045695186,0.050751477,0.09460721,0.11624697,0.07183807
-0.04106777,-0.004904922,0.05030445,0.04514065,0.0009752307
0.020425495,0.083676115,0.090943344,0.00945323,-0.03327612
0.090436466,0.00020568445,0.102913156,0.033027582,0.10852972
0.066576205,0.043721776,0.08701611,0.083701745,0.055850938
0.049028784,0.15523168,0.12854686,0.12923223,0.078007035
0.06639068,0.01569351,0.020883668,-0.06712937,0.025600526
0.0010601571,0.043935813,0.14644971,0.11254266,0.051500775
-0.12204684,-0.009250377,-0.05439813,-0.05477006,-0.15460074
-0.086426176,0.0449059,0.012954251,-0.035496518,0.0014961893
0.08061655,0.11330977,0.111417875,0.035417266,0.034115124
-0.055642024,-0.05937036,-0.018615419,-0.08260338,-0.064247966
0.06755097,0.07741274,0.044034228,0.019492978,-0.018518245
0.03839244,0.07698384,0.16148272,0.055989094,0.07317279
0.03229117,0.0266867,0.124850005,0.0034284517,0.045272365
0.030278333,0.1402237,0.106260136,0.08646731,0.046322137
0.010590744,-0.024679072,-0.080289416,-0.09646928,-0.09947063
-0.075696915,0.040115997,0.09806675,0.028651286,-0.048926435
0.066021636,0.11378923,0.19864485,0.04290019,0.09985031
-0.019659324,-0.025358805,-0.07450931,-0.0046547586,-0.00093699154
-0.05669215,0.011640858,0.048145298,0.02508912,-0.079465546
-0.13579267,-0.016637186,-0.12012723,-0.16145156,-0.061582603
