Care,Fairness,Loyalty,Authority,Sanctity
Harm,Cheating,Betrayal,Subversion,Degradation
0.05281888,0.017628208,0.00018738769,-0.028375227,-0.049230196
0.0013161805,0.016774122,-0.045057114,-0.064297706,-0.059191473
-0.05484716,0.0100086555,-0.08865859,-0.10181811,-0.21464707
0.029332442,0.014228074,0.0006667767,-0.040021386,-0.08061312
0.036748692,0.030131035,0.050390825,-0.043082435,0.0026606703
0.033184454,0.009072352,0.06631164,0.009424008,0.04724049
-0.07071995,-0.0032748543,-0.012113007,-0.02702377,-0.05132435
-0.13336456,0.02000562,-0.015166737,-0.03578236,-0.115891576
0.0420708,0.0051097777,0.02725517,0.061281182,-0.042982094
