Care,Fairness,Loyalty,Authority,Sanctity
Harm,Cheating,Betrayal,Subversion,Degradation
0.0048800893,0.036579046,-0.03568405,0.023952203,-0.06826438
-0.047090646,-0.011945948,0.040209413,-0.04039246,-0.10504544
0.01954513,0.048649997,0.012363704,0.015958583,-0.05339632
0.03901826,0.063152984,-0.091853574,0.039723553,-0.051602915
0.012225712,0.054274574,0.021045474,0.013539993,-0.06799401
0.07466702,0.08198646,0.0409159,0.021712963,0.032288853
0.08585114,0.12826432,0.113934904,0.031544484,-0.044826683
0.008116147,0.0039782804,0.010214016,-0.025499593,-0.09080552
0.0003072191,0.007806559,-0.012435758,-0.092898875,-0.057920285
0.018143738,0.018631069,-0.009344478,0.011218354,-0.032145098
0.009564351,0.0702903,0.0826951,0.059579346,-0.06640501
0.041314423,0.0628592,0.12183826,-0.037577387,-0.0285136
0.04782468,0.06839416,0.11511991,0.041412413,-0.038870826
0.013903077,0.12967154,0.10957072,-0.01840039,-0.03923271
0.022398585,0.045540597,0.03723436,0.004996054,-0.10609176
-0.035240814,0.09484346,0.0028592134,0.017712718,-0.04240571
0.08131114,0.14720908,0.0375577,0.02251184,0.008007504
0.0173769,0.14548051,0.005591754,-0.045986958,-0.050209768
0.021795247,-0.03497614,-0.06291993,-0.12517062,-0.13174954
-0.07332106,-0.056653127,-0.04786651,-0.038119666,-0.10257003
-0.06323059,-0.08405623,-0.086737886,-0.019066961,-0.14568907
0.08294347,0.09580176,0.06557886,0.008607613,-0.108328626
0.07360008,0.05903722,0.052423626,0.037963897,0.01378064
0.12616752,0.1088634,0.090465054,0.011154082,-0.040076274
0.09884838,0.020770732,-0.000620876,0.035545707,0.089963436
0.020520383,0.09929643,0.021074995,0.022206984,-0.021025052
0.098389566,-0.022008874,0.053970657,0.02212127,0.031468414
