Care,Fairness,Loyalty,Authority,Sanctity
Harm,Cheating,Betrayal,Subversion,Degradation
0.029028453,0.056401215,-0.07867984,-0.04437944,-0.01368719
0.015174432,0.06362084,-0.08096343,-0.058725834,-0.053204596
0.002657937,0.07148583,-0.062102553,-0.12347674,-0.015514083
-0.006007254,0.11924669,-0.02547668,0.002081844,-0.119514
0.08907294,0.06221578,-0.029092632,-0.08263199,-0.041216724
0.062324315,0.01597879,0.047494315,-0.016583731,0.06870767
-0.041872703,0.14151266,-0.02560479,0.08817096,0.036490515
0.099136606,0.12524562,0.119033836,0.08961098,0.09739846
0.07129447,0.07018176,-0.006331592,0.0060620457,-0.008094605
-0.013051125,0.044171855,0.00523898,0.023503318,-0.015215298
0.034316927,0.120532125,0.07170405,0.04098651,0.06504733
-0.046302523,0.07766032,0.013157727,-0.018626608,-0.10121702
-0.09610891,-0.048882097,-0.13567173,-0.093567155,-0.15444756
-0.0830197,-0.025964523,-0.09799292,-0.051868044,-0.19329143
0.024855066,-0.006456081,0.016293611,-0.0114882365,-0.051583357
-0.03793189,0.09358151,-0.0149438,-0.027826175,-0.12398314
0.07669158,-0.0050442964,-0.0195601,0.012156192,0.032558616
0.05648095,0.07511437,-0.011591656,-0.013184196,-0.030138247
-0.040227983,0.032811776,-0.069283634,-0.031970862,-0.101010956
