Care,Fairness,Loyalty,Authority,Sanctity
Harm,Cheating,Betrayal,Subversion,Degradation
-0.0962843,-0.024945663,-0.08021329,-0.0667952,-0.13991964
-0.10903234,0.011149261,-0.12864734,-0.10824695,-0.24152175
-0.0714788,-0.025016695,-0.10708429,-0.12662002,-0.20152834
-0.2225858,-0.12768973,-0.1091198,-0.12211624,-0.1801164
-0.04489953,0.013014315,0.039673276,-0.03688006,-0.04023041
-0.075378135,-0.08721018,-0.105546504,-0.09266277,-0.16541764
-0.10559096,0.010829821,-0.074677914,-0.077127695,-0.082113005
-0.0383915,-0.027007006,0.015908506,-0.022708371,-0.11657041
0.07217162,0.04424791,0.16598518,0.053532716,0.014124571
-0.037502825,0.02582825,0.041972972,-3.418699e-05,-0.16706243
-0.040622093,-0.043919727,0.017502302,0.03220204,-0.064429924
0.033063743,0.028610945,0.06890805,-0.06253624,-0.073318265
0.06676318,0.15031897,0.09086393,0.0849121,-0.009752415
0.009541361,0.14094625,0.122411,0.02972798,-0.02424885
0.010066484,0.052426107,0.01184913,-0.040863417,-0.16470931
-0.030367136,0.06752176,0.028619893,-0.07098171,-0.1548373
