Care,Fairness,Loyalty,Authority,Sanctity
Harm,Cheating,Betrayal,Subversion,Degradation
-0.027731014,0.06586011,0.044150416,-0.0029838998,-0.0357153
0.02005412,-0.055142693,0.0506117,-0.046246663,-0.12593065
0.018992774,-0.007891091,-0.016070273,-0.016846176,-0.03700985
-0.032616854,0.11505532,0.051580474,0.026515812,-0.043457706
0.025008097,-0.0019076616,0.04866928,0.00955523,-0.06741841
-0.029789593,0.057705827,-0.031347737,0.019784125,-0.113866135
0.023084842,0.031272724,0.07060799,-0.02721552,-0.048868783
0.015443848,0.04766193,0.039045885,0.0035290774,-0.09029525
0.015906475,0.030451957,0.032320753,-0.057571314,-0.07829128
0.007004788,-0.01137411,0.02047992,0.010993615,-0.11401552
-0.112724155,0.039966792,-0.10926145,-0.11707708,-0.18552198
-0.033029843,-0.04906529,0.020538718,-0.024145927,-0.14424582
0.039165318,-0.08127993,-0.08057765,-0.13639888,-0.11740107
-0.08354315,-0.0415048,0.003297966,-0.004532825,0.017429342
-0.01588195,-0.06954296,-0.019418454,-0.09601451,-0.13817345
0.060670115,0.021087155,0.05235665,0.035083555,-0.0514942
-0.07288444,-0.01859479,-0.046604656,-0.09727989,-0.08869604
0.014698803,0.058344956,0.07208376,0.027119208,0.042354904
0.009621894,-0.072292686,-0.035604075,-0.005856011,-0.07010305
0.045928013,0.14649136,0.15967155,0.09844672,0.104216315
0.0145407,0.04319085,0.05209666,0.06791157,-0.018670416
-0.04006181,0.10384661,0.06415039,0.002030855,-0.03378922
-0.043049984,0.0027069235,-0.035766125,-0.023096127,-0.13748828
-0.0053948658,0.11384063,0.023752972,-0.02867765,-0.10066779
0.12749808,0.037726168,0.1618922,0.038731433,0.02775558
-0.0630858,-0.038783006,-0.031989433,-0.05319942,-0.0791822
-0.017655538,-0.108466424,-0.078795254,-0.14200369,-0.08289696
