Care,Fairness,Loyalty,Authority,Sanctity
Harm,Cheating,Betrayal,Subversion,Degradation
0.0011109132,0.013515182,-0.02380985,0.043694437,-0.016597278
-0.06665226,0.031792708,0.023420004,0.032673016,-0.016649768
0.0503842,0.048777018,0.0077767083,0.024813877,0.08251172
0.08321221,0.09607271,0.059967555,0.06149303,0.10083185
0.022786122,0.01649306,-0.0076905005,-0.057758275,-0.03257119
0.038349085,0.05799306,0.06370126,0.00046140887,-0.012318284
-0.023445692,0.04949064,0.072138175,0.066969894,0.049818084
0.13707706,0.08064016,0.088454336,-0.00012056902,0.13482931
-0.039603777,-0.013279539,0.014397805,-0.012784867,0.027531583
0.036313195,-0.006568946,0.020096032,-0.004454259,-0.012449082
0.024551578,-0.015450798,-0.07184453,-0.1334448,0.029312814
-0.036566347,0.011726491,0.0054843873,-0.027816167,0.047918376
-0.020156369,0.040818073,0.0070076883,-0.09946185,-0.10090035
-0.0366887,-0.13836195,-0.108058386,-0.0701487,-0.04659962
0.030152675,0.06984671,-0.0048234705,0.011197634,0.006174408
0.054428164,0.06039039,-0.04432107,-0.062356044,-0.014615387
0.012421209,0.11717247,0.091399536,0.065957874,0.05410171
0.1299484,0.090298906,0.11865946,0.06463556,0.117624626
0.117644966,0.119164824,0.15326619,0.08496837,0.102662995
0.059503928,0.060097825,-0.0026815813,0.05144865,0.04290522
0.03696749,-0.052948598,0.022099927,-0.01345399,-0.0938718
0.04179725,0.022232734,-0.10857517,-0.06877383,0.07743372
0.08779609,0.053154264,0.007831624,-0.0058584083,0.016056847
0.055463713,0.06946281,-0.025417998,-0.11192937,0.039978668
