Care,Fairness,Loyalty,Authority,Sanctity
Harm,Cheating,Betrayal,Subversion,Degradation
0.0049283113,0.019583587,0.0043959646,0.041960977,0.056568988
-0.005633052,0.0349636,0.015397807,0.06969293,0.07557592
0.07772056,0.056629002,0.0043157977,0.01772512,0.105132796
0.016030014,0.056234334,0.07039339,0.12307055,0.07274741
-0.055422038,0.016631931,0.022909814,-0.058245864,-0.07599342
-0.03598523,-0.02717812,-0.029661585,0.020349756,-0.025332713
0.010391654,0.110332645,0.08149093,0.15609583,-0.025119163
-0.0070486832,0.13000551,-0.008687458,0.006237762,-0.08219081
0.08855706,0.0638183,0.04713597,0.04000927,0.013710391
-0.013655462,0.03457202,0.027815437,0.00095663266,0.046471957
-0.041615717,0.0060395896,0.025957543,0.030562926,-0.008125264
0.06693067,0.077767424,0.007935423,0.07619663,0.07200432
0.052258365,0.093428195,-0.024949053,-0.05993234,-0.024685519
-0.037646994,0.030688066,0.009862797,-0.04163793,-0.036846127
0.038053658,0.021656953,0.20574874,0.05726394,-0.013618353
0.023610394,0.016289381,0.16845459,0.057088077,0.008250865
-0.006879868,-0.06483493,0.040214155,-0.047252245,-0.0876844
