Care,Fairness,Loyalty,Authority,Sanctity
Harm,Cheating,Betrayal,Subversion,Degradation
-0.005966468,-0.0027109804,-0.07736166,-0.01743409,-0.04109584
0.0061101187,-0.04461781,-0.05170556,-0.012118074,-0.017475134
-0.13544185,-0.033051014,-0.094212085,-0.10537424,-0.1648593
-0.016344378,-0.06612976,-0.07246581,-0.05626887,-0.055365466
0.02452058,-0.010450438,-0.062121984,-0.036738243,-0.042292446
-0.044385877,-0.055531938,-0.036204517,-0.057384565,-0.065139785
-0.09845583,-0.068604544,-0.12000302,-0.054129343,-0.06860114
-0.1156884,0.022185927,-0.073079035,-0.083858594,-0.048230894
-0.04502112,-0.13913876,-0.106942736,-0.04921238,-0.12490393
-0.15512964,-0.09247514,-0.07455013,-0.03895115,-0.050647784
-0.07034647,-0.13674699,-0.08609705,-0.113982305,-0.19130407
-0.036502838,-0.0617852,-0.111162625,-0.10087637,-0.13373885
-0.02711564,-0.014278554,-0.05795674,-0.011619031,-0.0056753736
0.036286887,0.0301356,0.011642192,0.060037285,-0.06619027
0.08375554,0.009351227,0.019868508,-0.09562846,-0.025689851
0.13402948,0.110893175,0.15168105,-0.0011324808,0.016866598
0.08876041,0.039231095,0.03950108,-0.062049534,-0.03720797
0.08042881,0.085768126,0.09212262,0.07968363,0.11814672
0.013535092,0.02921807,0.06271996,-0.080768354,-0.086571895
0.03202979,-0.03295802,-0.0016148817,0.0047497675,0.04570689
-0.028357852,0.079678744,0.04126863,0.10274531,0.13055854
-0.045150872,0.055760592,0.023355424,-0.01886608,-0.10311504
0.010229989,0.025987055,0.04477344,-0.0046967473,-0.034408636
0.04815914,0.0018345993,0.04615174,-0.011627338,-0.01831552
0.1533378,0.09634212,0.17679289,0.025973056,-0.007781883
0.029926192,0.0077316873,0.0205735,0.063917845,0.047578186
0.07474586,0.068653904,0.03595267,0.001584799,-0.04308094
0.0627746,0.021578554,0.03301472,-0.02951257,-0.07014917
0.045605153,0.0077891536,-0.021147776,-0.04331047,-0.034605052
0.037991136,0.04650881,-0.0062163416,0.054075334,0.01387395
