Care,Fairness,Loyalty,Authority,Sanctity
Harm,Cheating,Betrayal,Subversion,Degradation
0.013075628,-0.07450978,-0.09518575,-0.07531219,-0.045234635
0.0013357941,-0.08507659,0.0065493826,0.007173543,0.058046784
0.0025486182,-0.082662925,-0.049752336,-0.05142218,-0.07238056
-0.010668485,0.10690798,0.07859497,0.0343073,-0.07482035
-0.05417755,-0.018931512,-0.02041383,-0.065870546,-0.010771358
0.002900295,-0.088630974,-0.098763704,-0.059825055,0.034296304
-0.070244685,0.013824314,0.051842596,0.015382184,0.048702203
-0.12487758,-0.07559914,-0.15019134,-0.057027362,-0.093783766
-0.028924374,0.029316219,-0.026353896,-0.08307184,-0.0016413406
-0.07850453,-0.0018656552,-0.03149243,-0.07335991,-0.08389355
-0.040512912,-0.041653372,-0.112749204,0.009948909,-0.03410405
-0.045092758,0.012047773,-0.09284502,-0.073952936,0.12069081
-0.10593757,-0.004425101,-0.14636868,-0.03792058,0.11943649
-0.15477747,-0.024233963,-0.06440045,-0.05710717,-0.03959386
-0.11266713,-0.007330755,-0.10542463,-0.043926187,-0.04220447
-0.11244932,-0.07098839,-0.009714135,-0.021258896,0.07402519
-0.21615241,0.006255038,-0.093891084,-0.107412905,-0.021249115
-0.013397912,-0.026311621,0.04934213,0.04939366,0.071220756
-0.0672363,-0.1734646,-0.08122169,0.006879663,0.040735595
-0.0005139839,0.048033908,0.07670387,-0.031507533,0.026324205
0.13038823,0.027644724,0.10791326,0.049407452,0.12251492
0.044238277,-0.039258137,0.05268275,0.027102103,0.0919168
-0.08253695,0.002991885,-0.033469953,0.01158546,0.13079777
-0.14976425,-0.060604475,-0.106084034,-0.08739783,-0.055412035
-0.08533922,0.034866877,-0.07818129,-0.09320931,-0.13270661
-0.10932859,0.013378483,-0.08840109,-0.1673153,-0.10008592
-0.10415596,0.055843852,-0.0034543015,-0.058756016,-0.067986086
-0.15541415,-0.11560674,-0.13712536,-0.13503426,-0.08243664
0.046416886,-0.025151044,0.0609347,0.050119378,-0.005215097
-0.11299966,-0.07823746,-0.07977258,-0.034012243,-0.09574723
0.059188172,0.099137366,0.10435035,0.033768393,0.05798417
-0.009117304,0.01766399,0.048056703,-0.02476644,-0.007428605
0.0085114855,-0.0035497919,0.056484565,-0.010525186,0.016392794
0.020635728,0.05972431,0.1547878,0.12441061,0.12948176
0.06454614,0.0404053,0.09383079,0.08701446,0.043346845
