Care,Fairness,Loyalty,Authority,Sanctity
Harm,Cheating,Betrayal,Subversion,Degradation
-0.0025523473,-0.014578612,-0.02869223,-0.01418359,-0.028927017
0.055240948,0.072719984,-0.0018696878,-0.034958642,-0.021449339
-0.037265375,-0.03381164,-0.1580067,-0.11045988,-0.19986063
0.0048568277,0.002292905,-0.07035674,-0.022392396,-0.11759336
-0.06516478,-0.045582682,-0.059090883,-0.028406758,-0.14340226
-0.039210327,0.093938276,0.04937901,0.008092925,0.0006413385
-0.039437845,0.057585843,0.0060986765,-0.044163253,-0.08253077
0.013344552,-0.032693658,-0.1291647,-0.14180584,-0.16102625
-0.04564151,-0.008951183,-0.09740286,-0.10851629,-0.10297304
-0.08696139,0.027874138,-0.08155131,-0.07310776,-0.034138884
-0.14229128,0.034555487,-0.10730235,-0.099185616,-0.11000579
-0.043784313,-0.016750813,-0.09383357,-0.10279002,-0.0671499
-0.048155762,-0.042350188,-0.06418438,-0.092951134,-0.16461259
0.009843243,0.09348163,-0.01995041,-0.030147884,-0.040477935
0.0496672,0.036035262,0.04218372,0.06458303,0.0010998417
0.05555152,0.14623556,0.056140896,0.012685807,-0.0053149797
-0.009082543,0.02623349,-0.060394954,-0.05644852,-0.08040282
0.07687411,0.10098089,0.040885713,0.020271733,0.04294668
0.11099786,0.08315143,0.08818486,0.040078897,-0.04257582
0.07132292,0.09618098,0.107029155,0.046130955,0.07109519
0.06638704,0.038668744,0.034233402,0.015006575,0.117308855
0.05111659,0.087318085,-0.008587519,-0.053835563,-0.0889539
-0.050985634,0.05383517,0.046022423,0.061424814,-0.0003160881
0.043028794,0.102880925,0.09163162,0.07149796,-0.055039644
-0.1015085,-0.082191676,-0.13538612,-0.11008467,-0.19630453
0.06643772,0.013867438,-0.01275097,0.023560202,-0.07172832
-0.03357321,-0.019491345,-0.055181094,-0.082070395,-0.12795396
