Care,Fairness,Loyalty,Authority,Sanctity
Harm,Cheating,Betrayal,Subversion,Degradation
0.084797524,0.0017943252,-0.01807784,0.06827064,0.08647674
-0.0015124758,-0.06675647,-0.006849235,0.026974795,0.067993104
0.04229577,0.043682102,0.038633,0.058982663,0.12646699
0.06966923,0.09579302,0.0736401,0.06434955,0.10420044
0.111377105,0.19591215,0.17591491,0.061977662,0.08434176
0.11904057,0.011870302,-0.04249396,0.020429095,0.16601425
0.051496714,0.054484524,-0.041428085,0.014636293,0.043880813
0.028950887,0.07082549,-0.015525315,0.07460848,0.06925158
-0.0049735433,0.061894387,-0.005641112,0.022977252,0.07865223
0.19232816,0.17959884,0.12761985,0.08705771,0.1448424
0.12149122,0.15223664,0.02645416,0.06485375,0.15104055
0.041435685,0.10366821,-0.032620724,0.0062077604,0.085129514
0.12727632,0.11875068,0.036892824,0.1377188,0.1712681
0.03089249,0.013450021,0.03784008,0.015201865,0.02880323
0.06989485,0.05105406,0.06906338,0.15150881,0.19881698
0.23443857,0.12516685,0.16382843,0.15391518,0.23400047
0.042510442,0.12842749,0.06397119,0.021977665,0.056062847
-0.04537122,0.0059585255,-0.053093873,-0.0698894,-0.06420739
0.16566366,0.14470169,0.09213906,-0.0309987,0.072057664
0.035600692,0.07373428,0.0076742657,-0.052261632,0.07818486
0.103024095,0.036529813,-0.025702573,0.040103666,0.14010595
-0.023965465,-0.0057320828,-0.0059465244,0.14382714,0.18064755
0.008548114,-0.021463633,-0.0035437364,0.026270207,0.09221292
0.10801085,0.1675381,0.17103109,0.082507335,0.17901939
0.038192675,0.12977244,0.044345975,0.064106636,0.16518018
0.039413076,0.13028455,0.11596001,0.11111765,0.115036115
0.096297055,0.16642267,0.1462866,0.106980145,0.1614804
