Care,Fairness,Loyalty,Authority,Sanctity
Harm,Cheating,Betrayal,Subversion,Degradation
0.01190793,-0.011119854,-0.03659531,0.00034203846,0.06055255
-0.010233929,0.037715547,-0.049081624,0.002564652,-0.038200606
-0.13534051,-0.066245675,-0.19404462,-0.14619167,0.032732595
0.0026207874,-0.054013636,-0.04157892,0.008611663,0.01850669
0.009160207,0.021846246,0.10260539,0.01718154,-0.15650347
0.048756037,0.006192036,0.077025324,0.021255404,0.003910104
0.12916493,0.114059016,0.11315964,0.14129868,0.23662114
0.034470297,-0.00025767018,-0.031908475,0.04527852,0.12727183
0.11263429,0.16308855,0.035304002,0.08941254,0.053125583
0.059082307,0.09602898,0.061299734,0.06886031,0.20158672
0.10426146,0.033831786,-0.010461528,0.11365095,0.10345242
-0.010959303,0.06684634,-0.010057762,0.055621248,0.10033029
-0.07785101,-0.06550801,-0.1318068,-0.19028257,-0.081648484
0.03520906,0.057441354,-0.056794498,0.07710479,0.10951289
-0.06360049,-0.013284728,-0.003922237,-0.022663362,0.107886195
0.066117615,-0.0013108738,0.027099373,0.061428882,0.06406707
0.066202745,0.10687551,0.10977085,0.0738703,0.124004945
-0.02398616,0.024406128,-0.018609041,-0.062882274,-0.046232216
0.027476605,0.030076895,-0.004163984,0.03368807,0.007501984
0.06324393,-0.024373442,-0.012423393,-0.022708425,-0.029113403
-0.03372932,-0.07358924,0.007580856,-0.08898571,-0.23435678
0.024732584,0.047777954,0.031898282,-0.0021566995,0.049080506
0.040744137,-0.01909467,-0.09555791,0.016048204,0.06795576
-0.021639932,0.12148246,0.004633154,0.025874896,-0.099835284
-0.013126798,-0.03215615,-0.054402933,-0.030858554,0.026108338
-0.008899181,-0.08886775,-0.04773521,-0.065746285,-0.101445615
-0.01644608,0.033757642,0.0110229105,-0.07669747,-0.0820027
-0.019374572,0.0413614,-0.019484838,0.008498237,0.020934539
-0.15394081,-0.13311255,-0.10843265,-0.20511587,-0.17876893
0.069615215,-0.04569186,0.013619004,-0.060019862,-0.0005062334
0.025269087,0.085111454,0.021083297,0.0109755825,-0.019365635
-0.033899933,0.02709236,-0.03263711,-0.0066564595,-0.13230343
-0.06439765,0.050765608,-0.09445631,-0.11777804,-0.21764135
0.049961686,0.049796566,0.08851803,0.010399213,0.032154042
0.14100792,0.06278856,0.08131906,0.0809237,0.13445908
-0.029170878,-0.018267836,-0.047575273,0.04094897,0.0017116368
