Care,Fairness,Loyalty,Authority,Sanctity
Harm,Cheating,Betrayal,Subversion,Degradation
0.011877537,0.060590442,-0.079888806,-0.036295876,-0.06119837
0.04449444,0.067447945,-0.040930323,-0.030446045,-0.010313366
-0.07316792,-0.04559841,-0.17224032,-0.15069634,-0.08725456
0.08248861,0.031527393,0.022269739,0.010646921,0.107546695
0.13181272,0.10350242,0.092911884,0.09906471,0.11074652
-0.018865716,0.009453688,-0.09034025,-0.13548833,-0.046207376
0.10493843,0.04760774,0.03266064,-0.019762296,0.008316368
0.058877546,0.066000916,0.056969546,-0.013808835,0.052530166
0.14893082,0.1000748,0.06492822,0.10435669,0.058149286
-0.013811808,0.047337025,0.07458897,0.070292115,0.014776865
-0.061825242,0.011182703,0.0048627295,0.02633712,-0.044745546
0.070833,0.035182834,0.07201565,0.007504288,-0.00048131496
0.043258376,-0.09220801,-0.07060528,-0.06885764,-0.01844905
0.02559345,-0.11887914,-0.07669875,-0.05054938,-0.028427806
-0.0643901,-0.031057654,-0.04261133,-0.11043106,-0.16588931
-0.07915434,0.0039888173,-0.09740746,-0.08599943,-0.23084843
-0.034861013,0.0064932983,-0.051229525,-0.0772539,-0.16750754
-0.0075849406,-0.014553187,0.1266092,0.11459754,0.12843986
-0.08789924,0.0069408137,-0.053981457,0.009054156,0.021924764
0.04985899,0.02237472,0.06898081,0.07118705,0.05192708
0.08092744,0.041483346,0.07351824,0.10912754,0.027099192
0.005182609,-0.03466539,0.017679147,-0.012223603,-0.08555745
0.110608585,0.00854617,0.02822342,-0.034487113,0.07653224
0.094622664,0.031334512,-0.003495046,-0.046936505,-0.07963559
