Care,Fairness,Loyalty,Authority,Sanctity
Harm,Cheating,Betrayal,Subversion,Degradation
-0.06327742,-0.07374036,-0.08754781,-0.099689454,-0.12352024
0.08286833,0.014283506,0.04593897,-0.0753457,-0.0061185956
-0.055463344,-0.13439874,-0.09298354,-0.15941274,-0.13738239
-0.016708303,0.016220048,-0.036174506,-0.082020074,-0.04716423
0.12903492,0.092882566,0.21495315,0.07377739,0.06777591
0.044701323,0.03909935,0.054835998,0.00846417,0.0071402397
-0.11622444,-0.095822066,-0.09431228,-0.03118213,-0.1352132
-0.16080886,-0.06285641,-0.09562665,-5.0691888e-05,-0.036122255
0.014113387,-0.110749125,-0.05041987,-0.05688219,-0.10493242
0.13717954,-0.082724385,-0.055736866,-0.02142814,0.020870246
0.15765913,0.041043125,0.18417156,0.011795802,0.049858812
-0.1277274,-0.06692883,-0.017149819,-0.05286836,-0.24391699
-0.12450297,-0.069520816,-0.036829855,-0.026947618,-0.07056554
0.023288079,-0.08461477,-0.025256712,-0.15634918,-0.09460153
0.019756602,0.078169584,0.07028916,-0.0070052734,-0.013018794
-0.014854554,0.008403752,0.06826096,-0.03327729,-0.030410554
0.022713775,-0.034405157,0.04205302,-0.09412126,-0.065452315
