Care,Fairness,Loyalty,Authority,Sanctity
Harm,Cheating,Betrayal,Subversion,Degradation
0.02417992,-0.016570948,-0.03015985,0.024694275,-0.032797486
-0.038786978,-0.012317466,0.0024059825,-0.027971797,-0.12791869
0.00045927428,0.06382495,0.066729434,0.009495037,-0.045469686
-0.08451506,0.006949665,0.0026159137,0.002388008,-0.04302171
0.010139965,0.041121583,0.079189435,0.036628865,-0.001016736
0.04348027,-0.010874089,0.099759415,0.03768649,0.00912901
0.05548139,0.060211778,0.0507513,-0.007053908,0.013788875
0.02902294,0.06673589,0.075065106,0.14008392,0.06066978
-0.21882357,0.008626431,-0.053626873,-0.06952584,-0.10734667
0.034193233,0.06702085,0.10663806,0.024609685,-0.068390936
-0.0751649,0.060275894,-0.062923595,-0.06751473,-0.03646235
-0.037910767,0.052265093,0.023658661,0.002225684,-0.09313649
0.10661968,0.08342479,0.021679915,0.010697274,0.061669506
0.07217727,0.024837673,0.07799882,0.010662083,0.007216949
0.07638092,0.04595951,0.14732113,0.031532127,-0.017961137
-0.06211076,0.060201075,0.026658028,0.014305383,-0.054017812
-0.05757577,-0.00071773864,-0.036607105,-0.06123463,-0.09040409
0.12918614,0.12787917,0.15591468,0.10526199,0.12703583
0.004507236,0.05694702,0.07604598,0.0003372617,-0.025718674
0.025909098,0.028014485,0.024749238,0.053508,0.07724604
0.02716876,0.078883976,0.059465252,0.034892067,0.031577703
-0.054911144,-0.0024497695,0.05416985,0.04228688,-0.07639921
0.023340356,0.06464871,0.11122745,0.076549634,0.03302718
0.069645956,0.04507951,0.036063895,-0.01068992,-0.007003501
-0.03876517,-0.09202766,-0.07662762,0.033851188,-0.0016164128
0.08912836,0.07976703,0.152102,-0.027330168,0.0015395135
0.03161998,-0.0624312,0.028636951,-0.052167986,-0.092543334
