Care,Fairness,Loyalty,Authority,Sanctity
Harm,Cheating,Betrayal,Subversion,Degradation
0.027407717,0.10559423,0.043920316,0.043688852,0.020897264
0.054351155,0.13145506,0.005993325,0.08057687,0.090454444
0.051915456,-0.05037479,0.0062736236,-0.035559736,-0.061704025
-0.02029794,0.02614627,-0.03521762,-0.0700566,0.07686699
-0.024657398,0.09360137,-0.017377315,0.0046306346,0.0011295453
0.10675317,0.20805153,0.15679297,0.08037144,0.16703644
-0.049598653,0.04749252,-0.03577645,-0.030678418,-0.15610327
0.017490238,0.122924745,0.038395934,0.028963892,0.05405629
0.1040269,0.21883917,0.255117,0.25262094,0.24693581
0.061792076,0.0936371,0.06454054,3.5163946e-05,-0.019721292
0.049109396,0.09994231,0.038444944,0.055737264,-0.016596839
0.0030260235,0.089804515,0.02994004,-0.027577199,-0.0946774
0.07447396,0.08984775,0.16100183,0.09747667,0.061162192
0.0056345155,0.00026450306,0.032901607,-0.07004556,-0.03804954
-0.08828066,0.020620562,-0.008545093,-0.04606562,-0.20211816
0.014637647,0.04563011,0.054941818,0.003344383,-0.1258937
0.015588179,0.025742868,-0.04332661,-0.043269157,-0.13036983
-0.109960325,0.070268765,-0.053402185,-0.009924881,-0.08838163
0.09080219,0.006171167,0.0068554524,-0.023071717,-0.017845172
0.07567513,0.08627879,0.009383069,-0.01996934,0.06787963
0.05474703,0.06328251,0.02911822,-0.0060676937,-0.09969776
0.034704845,0.051475428,0.007315725,-0.014172803,0.11046597
0.11139201,0.11413993,0.16606891,0.13491815,0.20268115
0.07578571,0.08103813,0.06677497,0.0043926314,-0.024341805
0.009629814,0.03337267,0.09082526,0.08008418,0.04196456
