Care,Fairness,Loyalty,Authority,Sanctity
Harm,Cheating,Betrayal,Subversion,Degradation
0.0141698085,0.032393493,-0.029828984,-0.0054096114,-0.036361612
0.12995669,0.118294835,0.06696302,-0.0048649814,0.027662013
0.10947107,0.0886995,0.08587239,0.038855936,0.05555685
-0.0021771751,0.04184196,-0.044815972,-0.04287912,-0.08063111
-0.03580065,-0.0075604236,-0.06633395,-0.08202646,-0.16979781
0.010060597,0.061108842,-0.044315733,-0.003874043,-0.1757579
-0.06977006,-0.08316589,-0.19682278,-0.15680945,-0.24112663
0.043381907,-0.00972225,-0.021991879,-0.028058521,-0.12365736
0.14010687,0.09589425,0.071254194,0.101793155,0.107755944
-0.04142626,0.086465865,0.09993214,0.112908125,0.074083306
0.029299311,0.16170624,0.0872975,-0.023075694,0.101688445
0.036828317,0.084881246,0.08421394,0.024708755,-0.02603468
0.12084906,0.19182014,0.2518652,0.12088017,0.016178273
-0.069173425,0.019870536,-0.10758298,-0.08852408,-0.007167641
0.081440635,0.042357966,-0.013868576,-0.06397308,0.008806761
0.14349212,0.10929343,0.18665689,0.059413366,0.100222364
0.028780747,0.3332432,0.16557363,0.111414276,0.05364606
-0.021510936,0.17439929,0.1632003,0.08749808,0.119906716
0.12149227,0.13791865,0.19537394,0.08648866,0.17254715
0.13024445,0.12066549,0.05150385,0.051090088,0.015215218
0.021618718,0.15206349,0.12273377,0.11373703,0.13719064
0.17831126,0.14856303,0.1401195,0.12765229,0.18863402
0.066251986,0.10776983,0.1319083,0.09240845,0.13606085
0.038763758,0.034293897,0.036667455,0.03470917,0.04901521
0.07560761,0.06992231,0.08265032,0.09024373,0.09550982
0.1209656,0.09185625,0.055317,0.072701186,0.139212
-0.020955205,0.05866922,0.12056623,0.06228921,-0.0049524195
0.00022410788,0.16548496,0.030083917,-0.011707543,-0.004542453
0.122185856,0.14754327,0.083362296,0.005289603,0.073974855
0.08016784,0.049218938,0.0034969188,0.062485687,0.01087366
0.11332832,0.18308103,0.018710762,0.07528609,0.14726816
