Care,Fairness,Loyalty,Authority,Sanctity
Harm,Cheating,Betrayal,Subversion,Degradation
0.0045743715,-0.0088474825,-0.074040696,-0.054232176,-0.060391124
-0.038859695,0.04229128,-0.044396084,0.0031378083,0.04068074
0.013879705,0.02137537,0.04498335,-0.03844878,-0.016844276
0.025672399,0.00996583,0.022043165,-0.0032693706,0.0558166
0.013154279,0.07273424,0.021191765,0.035077907,0.008653656
0.058186162,-0.013091981,-0.026556976,0.06199881,-0.047109947
0.1238381,0.117062815,0.08495353,0.057029225,0.05746276
0.099092096,0.14371353,0.051633716,0.083287805,0.05796324
0.032119982,0.07419679,0.016915828,0.023527296,-0.06442441
0.19720444,0.114645615,0.22521988,0.095061444,0.11017988
0.15352729,0.15496464,0.16569848,0.13958533,0.15017018
0.055993956,0.026933465,0.01608907,0.055644587,0.03972434
0.10111751,0.05976577,0.057983704,0.046224914,0.029718786
0.03809364,-0.014316551,0.10232759,0.09057389,0.042403735
0.12675917,0.13014247,0.09490691,0.061345056,-0.014026639
0.09085442,0.09615832,0.15978101,0.08772772,0.15599239
0.08856766,0.09066112,0.16382258,0.08443287,0.08226574
0.095440656,0.12608305,0.120046906,0.05449553,0.088758975
-0.012434239,0.030763965,-0.06536984,-0.017514957,0.019676492
-0.00957888,-0.015397336,-0.031445988,0.014939636,-0.02391626
0.10141679,0.10187118,0.12145456,0.033630792,0.044373654
0.026209584,0.042505328,-0.012939548,-0.057368718,-0.07432174
0.078277886,0.086004764,0.1367225,0.09978592,0.0172386
0.07671885,0.081944555,0.031698614,0.019910958,0.05963783
0.040945604,0.0075156093,-0.058175106,0.007064007,0.060960867
-0.020546157,-0.0032896362,0.028659355,0.021472378,0.05676134
0.11990568,0.07523971,0.033039562,0.03424862,-0.0043210033
0.11084473,0.0768644,0.17010555,0.07436092,0.10885075
-0.05526089,-0.09411499,-0.11547512,-0.120037004,-0.087240666
0.0180953,-0.046221476,0.0019963533,-0.012696104,0.095020205
-0.049391396,-0.082027785,-0.053538837,-0.047589295,-0.13444063
-0.031829253,0.022727216,0.08180386,-0.014401287,-0.054198228
-0.05362845,-0.016022075,0.029149294,0.0068094768,-0.0134769045
0.075278744,0.04675657,-0.0024067685,0.07188973,0.06596376
