Care,Fairness,Loyalty,Authority,Sanctity
Harm,Cheating,Betrayal,Subversion,Degradation
-0.05687341,0.00464579,-0.025729535,0.037472464,-0.04176227
-0.057586983,-0.028676162,0.013487726,0.05466121,-0.114772364
-0.046522886,0.017783515,-0.04560575,-0.040601764,-0.08685121
-0.048919097,-0.020476473,0.028166562,0.06301552,-0.04388135
0.0040706545,-0.06755902,-0.091922745,-0.048623007,0.0037878226
-0.038609516,0.014617643,0.03921767,0.011528872,-0.040956393
-0.098605156,0.018148586,-0.006786978,0.029294277,-0.08261067
0.09494807,-0.018167526,-0.081696145,-0.04454752,-0.06708167
0.03895603,-0.0049303127,-0.052678518,-0.03937972,-0.071444504
0.00033002114,0.06902405,0.045546815,-0.0103120515,0.08838518
0.010335045,0.021106714,0.05009917,0.096142694,0.056472182
-0.116697386,-0.06316152,-0.112378344,-0.036777124,-0.09317386
-0.1386973,-0.04343806,-0.05149476,-0.079474136,-0.09638914
0.0107975295,0.0019447915,0.027586386,0.072873116,-0.036831897
-0.077308685,0.011954915,0.037027735,0.1132908,-0.09554389
-0.07356703,0.032493785,0.025218623,0.03429836,-0.009967586
-0.0875334,-0.019200552,0.0037483252,0.007986991,-0.031765983
-0.0069442387,0.050771087,0.036849618,0.064137645,-0.043726288
-0.025903443,0.06782211,-0.0030389894,0.017615788,-0.094888985
0.016932717,0.041208286,-0.007840153,0.023250815,-0.020877533
-0.07223503,0.06500958,-0.08620584,-0.08592451,-0.14906386
0.02945339,-0.0039484403,-0.0552963,-0.011394896,0.055214707
0.07675563,0.077352986,0.027488936,0.039192576,-0.13077115
-0.08687507,0.16195089,0.067367725,0.047324866,-0.014660398
0.06862398,0.049092717,0.09999866,0.054366544,-0.02187388
