Care,Fairness,Loyalty,Authority,Sanctity
Harm,Cheating,Betrayal,Subversion,Degradation
-0.08105551,0.04393351,-0.083041266,0.043121733,-0.13381611
-0.050113413,-0.036578402,-0.041858327,-0.015565866,-0.065292776
-0.0876015,-0.017314792,-0.056751214,-0.018365016,-0.04713824
-0.18583712,-0.059251532,-0.07757672,-0.041109044,-0.11904849
0.0401852,-0.044595566,-0.099887185,-0.06832676,0.0200832
-0.03703428,-0.07478778,-0.025016077,-0.046745464,-0.15012035
0.15891397,0.1401238,0.17145178,0.0693495,0.026178697
0.091312796,0.18675125,0.06753518,0.067594625,0.03202432
-0.02465153,-0.05685956,-0.05212004,-0.038454123,-0.09915585
-0.12479284,-0.13571277,-0.12931338,-0.13878419,-0.16052642
0.05954777,-0.043218665,-0.09342711,-0.04351443,0.023731716
-0.077508144,0.030077683,-0.10798527,0.03745404,0.06773224
-0.014810473,-0.0043016765,0.017091103,0.04165806,0.0035406873
0.01669532,-0.039784737,-0.0025332514,0.065349326,0.04971538
-0.026705919,0.058243707,-0.010443963,0.09701552,0.07109899
-0.24041305,-0.022027314,-0.15849817,-0.07783754,-0.1716389
-0.05968838,-0.080183595,-0.104800865,-0.022735182,-0.06846861
-0.08892132,-0.0063086455,-0.06621359,0.06688164,-0.022465255
-0.057117283,-0.07613826,-0.0967273,-0.038971983,-0.046670437
-0.108892925,-0.005189795,-0.03152237,0.0360232,-0.04389315
-0.08484157,-0.17767254,-0.13066876,-0.027810307,-0.10253093
-0.0026187024,0.02423787,-0.01713198,0.08369315,-0.021923997
0.017928315,0.043502115,-0.02009333,-0.067028135,-0.122732945
0.15286958,0.12748483,0.117707275,0.068114854,0.016652625
0.12702274,0.12954569,0.11231447,0.100014165,0.07136801
0.027399302,-0.01194559,-0.060576048,0.012580896,-0.11163637
0.07899526,0.19242632,0.09349214,0.090743944,-0.004626438
0.12384797,0.23743543,0.2257765,0.16092305,0.1472213
0.1293931,0.017221227,-0.018961601,-0.012840312,0.11030598
