Care,Fairness,Loyalty,Authority,Sanctity
Harm,Cheating,Betrayal,Subversion,Degradation
-0.06692044,-0.11592701,-0.11672018,-0.09783471,-0.14504033
0.10504113,-0.012367327,-0.06658648,-0.032750994,-0.09562327
0.059756126,-0.067469984,-0.041041136,-0.023220327,0.02036134
0.062681876,0.07301682,0.022941656,0.015625697,-0.05490131
-0.013156768,0.036484003,0.087639965,0.07873589,0.015249854
-0.0643001,-0.059773132,-0.08371195,-0.02509424,-0.02472716
-0.050231893,-0.021515697,-0.035625543,-0.046799622,0.05367482
0.0053659976,0.09513408,0.045312278,0.05527166,0.10179824
-0.13817714,-0.03661024,-0.05653149,-0.01796311,-0.098787285
-0.11360556,0.061097946,-0.07722221,-0.044595573,0.0044381917
-0.07522483,0.068679005,-0.10960884,0.002929316,-0.1074939
0.112001285,0.041434832,0.023062948,0.098539546,0.071183786
-0.1281529,0.03326371,-0.009680696,0.03160893,0.028024722
-0.09344658,0.13005047,-0.043772902,0.06557414,-0.07932507
0.051499687,0.09875654,0.033623893,0.0045497324,-0.020381648
-0.20699179,-0.041564494,-0.08787532,0.018861357,-0.02158859
-0.18967241,-0.0323361,-0.069465965,0.018286426,-0.02798916
-0.08223166,-0.027682343,-0.039913207,-0.023259254,-0.0076052025
-0.06668292,-0.04250642,-0.0009855404,-0.03145034,-0.10367793
-0.027925136,0.033835642,-0.035152357,-0.010119806,-0.062544934
0.01617835,0.142329,0.13581493,0.08908275,0.08790819
0.006741032,0.19657147,-0.0071485993,0.01164099,-0.03612422
0.12204714,0.15137354,0.14742096,0.09448658,0.059366107
