Care,Fairness,Loyalty,Authority,Sanctity
Harm,Cheating,Betrayal,Subversion,Degradation
0.009977641,-0.00951105,-0.03516143,-0.03474564,-0.027554959
0.016854,0.087641,0.01569581,0.0489429,0.024678592
0.047653183,0.10105462,0.09199426,0.10098252,0.12700564
-0.0486817,0.075790904,-0.06545213,-0.0024308097,0.027017897
-0.038719468,0.051949147,-0.03742715,-0.037751045,0.008779876
-0.018402629,0.09276966,0.12807289,0.085721485,0.043143034
0.024455972,0.12552536,0.074625865,0.080782495,0.08272146
-0.010520818,0.024535613,0.024980903,0.119576186,0.057247587
-0.052490354,0.011258855,0.04164594,0.0143954605,-0.07757582
-0.09383665,0.009158457,0.027384872,0.016874246,-0.057679407
-0.06643002,0.02228972,0.012333684,-0.00092922524,-0.053685714
0.037620116,0.038830712,0.075674094,0.08900734,0.1388385
-0.122565806,-0.09429582,-0.06786084,-0.06910692,-0.063412234
-0.05719106,0.03946386,-0.07124129,0.06084367,-0.052516986
-0.013826674,0.111338384,0.09767228,0.08847673,0.09956312
-0.003795172,0.14556134,0.05420617,0.026934383,0.07257591
0.07462076,0.04263504,0.041628286,0.01858073,-0.016198397
-0.07058552,0.092839696,0.0988131,0.11703057,0.09536822
0.043949928,0.10891707,0.10028027,0.07066344,0.13893685
-0.011179239,0.059061013,-0.025947705,0.06769851,0.016195394
-0.039209373,0.05222656,0.060080152,0.08526382,0.11949672
0.0411278,0.06581319,-0.016288096,0.044177696,0.009545548
0.075628385,0.057625122,-0.045982536,-0.018105688,0.047690317
0.045101803,0.018423442,0.043823246,-0.008676326,-0.06547878
0.046342827,0.07315926,0.048097543,0.010416438,0.097699605
0.103346646,0.11393742,0.15886879,0.02773187,-0.023934912
0.06988051,0.16620782,0.08233027,0.09904386,0.009114172
0.09783102,0.022021243,-0.05683194,-0.026005968,-0.109485015
-0.034294736,-0.08234088,-0.08224511,-0.13800928,-0.11839071
-0.03875275,-0.023190852,-0.08625084,-0.05234947,-0.13749191
-0.04958494,-0.0031737238,-0.043788224,-0.05388912,0.07461551
-0.06967646,-0.007947023,-0.049855318,-0.0052659437,-0.014143564
-0.03257868,0.060451843,0.014101686,0.040156513,0.020962745
-0.09486969,0.010431882,-0.055698175,0.03142467,-0.03339699
-0.02352218,0.09597557,0.08162419,0.09343369,0.100282766
-0.055122353,0.04326832,-0.013365913,0.14632198,-0.0084924735
-0.09818402,-0.11845586,-0.10142244,-0.104068205,-0.23684624
-0.091251835,-0.051280685,-0.049530603,-0.025675047,-0.017136496
0.051606428,0.13135798,0.084244214,0.17009899,0.038440686
0.01849733,0.004040649,-0.0047895317,0.1711986,0.07141519
