Care,Fairness,Loyalty,Authority,Sanctity
Harm,Cheating,Betrayal,Subversion,Degradation
-0.032226786,0.0009939717,0.0023363037,-0.022673372,-0.06428939
-0.16420864,-0.007911916,-0.0930164,-0.034746237,-0.15430158
-0.102702156,-0.08728622,-0.130834,-0.017750654,-0.15219818
-0.06819227,-0.07253951,-0.12472528,-0.09973584,-0.15281649
-0.09116619,-0.094816625,-0.17210329,-0.114115566,-0.20412403
-0.12922564,-0.10089242,-0.11617552,-0.00026241224,-0.15690199
-0.01548371,-0.035286766,-0.06398232,-0.037801318,-0.14089893
-0.012927342,0.07253051,-0.0036270604,-0.0037834924,-0.10721549
-0.0026637185,0.010154011,-0.021187209,0.018545136,-0.038252585
0.0694172,0.12667505,0.0820325,0.040418617,-0.06119217
0.061556816,0.09714161,0.15703584,0.05940076,0.014033688
-0.011759026,0.09429081,0.028872918,0.06230832,-0.04954268
