Care,Fairness,Loyalty,Authority,Sanctity
Harm,Cheating,Betrayal,Subversion,Degradation
0.01627072,0.0045299064,0.017473057,-0.018558983,0.0016330499
-0.073829845,0.055119913,-0.016008496,-0.062586404,0.0019623917
0.030685643,0.091320604,0.090058155,0.04572767,-0.017416721
0.17049628,0.11171045,0.19168432,0.13016883,0.09832397
-0.015967013,-0.08745687,-0.09623893,-0.08987014,-0.06083508
-0.03357412,0.024417706,-0.05603683,-0.03840416,-0.03826711
-0.020102408,0.0038901716,-0.011604216,-0.03598766,-0.080378614
