Care,Fairness,Loyalty,Authority,Sanctity
Harm,Cheating,Betrayal,Subversion,Degradation
-0.040500373,-0.04340595,-0.05719269,-0.032050837,-0.08980738
-0.06363691,0.015503429,0.01409338,0.059806257,0.018910192
-0.12146352,-0.03153822,-0.05967245,-0.034963682,-0.05608208
0.018447477,0.054683045,0.08381133,0.042680956,0.087519206
-0.043733772,-0.029853547,0.05743456,0.012206711,0.05344127
0.0012081936,0.05672986,0.009115666,0.0700992,0.008458734
0.036077727,0.101819016,0.053713866,0.012610536,-0.04825625
0.011032375,-0.01543083,0.007725239,-0.06574577,-0.04350689
0.08641531,0.088365376,0.17275411,0.02176743,0.062984675
0.08148819,0.016896177,0.1749799,-0.025943268,-0.005483317
0.028148308,0.023283873,0.06311805,0.0061142035,-0.037348166
0.0067802146,0.10226941,0.013669632,0.028842976,-0.033666566
0.066474095,0.069194525,0.06896193,0.04824341,0.104876116
-0.062102847,-0.08296809,-0.03996326,0.0039382316,0.030272905
0.03744985,0.014049426,-0.03139657,0.005700554,0.0438274
-0.0058252364,0.021589678,0.05478497,0.046302468,-0.0003617853
-0.011696432,0.036294557,0.02894616,-0.02736736,0.0019667
0.035085775,0.04261771,0.1182581,0.01908876,0.016517084
-0.0853802,-0.0058008935,-0.013257235,0.014420932,-0.171206
-0.06380767,-0.0827475,-0.104761414,-0.075059064,-0.069364265
-0.017221987,-0.05566527,-0.08923474,-0.11642957,-0.04508865
-0.061192364,0.037549473,-0.028078243,0.049876794,0.0040404424
-0.019835215,0.0033152066,-0.0011098199,-0.00096733496,0.031078603
0.03042089,0.027978037,0.05892873,0.020897256,-0.0021923687
-0.028382462,0.013445165,-0.037689086,-0.07419638,-0.17158404
0.084569335,0.12371249,0.23574539,0.073547006,-0.0053809807
0.0012410805,-0.050260372,0.049895205,-0.048255812,-0.050587438
-0.003576327,0.03628894,0.09903852,0.061385285,0.055374548
-0.039327312,0.0042657703,-0.07604253,-0.08906886,-0.07793793
