Care,Fairness,Loyalty,Authority,Sanctity
Harm,Cheating,Betrayal,Subversion,Degradation
-0.05270971,0.046706542,-0.05548487,-0.024740942,-0.027211478
0.00578223,0.059300467,-0.049364038,-0.01985905,-0.0816749
-0.0032927534,0.016190529,-0.07891435,-0.033730768,-0.0054608434
0.09502975,0.036811665,-0.048080422,0.04404388,0.10663171
0.004237108,-0.012551788,0.004369054,-0.04696787,-0.07122
0.0040969364,0.06551807,-0.044466134,0.050158612,0.10445057
0.1307387,0.051564313,0.16118635,0.11411914,0.12586044
0.10085274,0.0760006,0.11578015,-0.0066645257,0.029551681
-0.012235893,0.08487968,-0.01841865,-0.058305964,-0.030879308
0.12415294,0.06143588,0.010591747,0.06403073,0.08665974
-0.024857394,-0.001400549,-0.103802525,-0.015282492,0.034109913
0.018553684,-0.0036175307,0.046308808,-0.046119772,0.026302326
0.08317386,0.033640485,0.01709522,0.07102226,-0.035534512
-0.034156866,0.015617594,-0.03512931,-0.10564913,-0.02937825
0.122657165,0.024766538,0.17562506,0.13205385,0.21534947
0.011218248,-0.07523294,0.050197702,0.007938731,0.018324701
0.085613176,-0.0040338794,-0.060224622,0.020300131,0.04978987
0.030279724,-0.008424778,-0.110774,-0.0391452,-0.08755058
0.09041099,0.06169314,0.016744452,0.07972695,0.10255537
0.0989508,-0.05102192,-0.021749685,-0.0435249,0.035704266
0.008692632,0.02893829,-0.07990653,0.02561773,0.08602841
