Care,Fairness,Loyalty,Authority,Sanctity
Harm,Cheating,Betrayal,Subversion,Degradation
0.051062338,0.004327981,0.024372706,0.00894466,-0.045932323
-0.08761338,-0.021494007,-0.13809298,-0.03036889,-0.04535932
-0.06499823,0.005332672,-0.026038166,-0.050864242,-0.08630799
0.015256481,0.029503271,-0.017284984,-0.07204806,-0.09571155
-0.019944124,0.107351914,0.07875303,0.061097037,-0.04966437
0.030453661,0.0436839,0.13614985,0.058453944,-0.05086053
-0.02095009,0.023149792,-0.026389923,-0.0059634037,-0.098801196
-0.08281219,-0.063775435,-0.09455486,-0.061116762,-0.13953087
0.09125113,0.019464416,0.070349105,-0.010000512,0.039808005
-0.025348615,-0.0010010283,-0.011451881,0.012269893,-0.16304772
0.0061580744,-0.041828156,-0.008035742,-0.021779556,0.0059615485
0.029240075,-0.009714559,0.043400723,0.05361668,-0.018349893
-0.011544146,0.03201311,0.03901662,0.08339165,-0.03744991
-0.10186347,-0.004659025,0.0013930909,-0.00062979385,-0.1816349
-0.0244785,0.035865862,0.04594084,-0.011702221,-0.11800969
-0.112201795,0.028117258,-0.05913968,-0.080367506,-0.16697118
-0.1140677,-0.059736475,-0.08751203,-0.06265265,-0.21955478
-0.008028612,-0.041258432,-0.04060961,-0.090089306,-0.12385296
0.04005753,0.039551683,0.03768295,0.09014709,0.05401037
0.046238642,0.17178296,0.1189688,0.12901534,0.04880839
-0.014100777,0.018203773,0.0001680255,0.009858654,-0.12158456
0.06649381,-0.047167607,-0.013709046,-0.05505561,-0.08441218
0.05042622,-0.026336838,-0.0008972166,-0.06980352,-0.10163098
-0.16991857,-0.039368585,-0.15443201,-0.13352062,-0.29435658
-0.14413431,-0.029224444,-0.049215376,-0.09938756,-0.11762218
-0.08319572,-0.09851975,-0.08408478,-0.14435197,-0.2281285
-0.0021585468,0.028438054,0.066093706,0.0075768065,-0.065953046
-0.02146405,0.036163025,0.03193448,0.0139623955,-0.07005688
-0.008552043,0.02977486,-0.062600255,-0.059139952,-0.04754865
0.0283924,0.072052166,-0.027522303,0.04194489,0.024141155
-0.032942057,0.086306065,-0.039694116,0.07449942,0.03494268
0.11471419,0.103748314,0.14402089,0.0218957,0.07129949
0.023603888,0.028819347,0.024773434,0.05757151,-0.091939345
-0.055516444,0.024712173,-0.044350035,0.01793209,-0.12083812
0.059724465,0.04346373,0.020124726,0.036294606,-0.030381802
-0.091201015,-0.0656444,-0.02758259,-0.06333184,-0.24114963
