Care,Fairness,Loyalty,Authority,Sanctity
Harm,Cheating,Betrayal,Subversion,Degradation
-0.06754315,-0.14823426,-0.15248576,-0.063439295,-0.09256112
-0.032248154,-0.12803373,-0.15772863,-0.057032265,-0.06499444
-0.026802346,-0.008003408,-0.0809119,-0.059353493,-0.13786763
0.0015919302,0.051275417,-0.06705997,0.009612523,0.0027590655
-0.014377536,0.00899612,-0.04308999,-0.06887661,-0.008270729
0.0034516845,-0.0018824525,0.047386546,-0.04760225,0.014714612
0.06916312,-0.120474085,-0.07229681,-0.10850616,-0.07115777
-0.0070275366,-0.09324574,-0.11898817,-0.041918077,0.0148573965
-0.024713624,-0.11045799,-0.044071555,-0.10683755,-0.05766099
-0.066139325,-0.129052,-0.081769094,-0.08173698,0.030948842
-0.05014384,-0.021450568,-0.09267125,-0.094752856,-0.13607799
-0.027050178,-0.08282524,-0.095874414,0.007939242,-0.016025927
0.03462067,0.025706701,-0.0177968,-0.043143485,-0.04105599
-0.081269935,0.07732856,0.042645853,-0.013456243,-0.048915867
0.031062646,0.0071871188,0.02765214,0.038210545,0.019154388
-0.14240004,-0.2942811,-0.1558097,-0.106360376,-0.12198734
-0.07740599,-0.018607132,-0.1230503,-0.07422169,-0.09688051
-0.017432764,-0.061490312,-0.09387894,-0.10831788,-0.069678865
0.048471715,0.024515145,-0.015007326,-0.012126101,-0.009446451
-0.09813451,-0.3284611,-0.15410773,-0.14521736,-0.08004359
-0.08966822,-0.06732461,-0.12978065,-0.071420565,-0.15989196
0.047861695,-0.075127706,0.0010954989,-0.039939307,-0.07120661
-0.057453245,-0.03806943,0.018697482,-0.06741901,-0.104867995
-0.06517674,-0.05595165,-0.12751418,-0.06272052,-0.06580161
-0.1396203,0.041542538,0.022157114,0.12042507,0.029541638
-0.053452745,0.0056179613,-0.024836292,-0.0862029,-0.13993874
-0.039744604,0.0067499857,-0.07225631,-0.057463087,-0.050734937
