Care,Fairness,Loyalty,Authority,Sanctity
Harm,Cheating,Betrayal,Subversion,Degradation
-0.04470914,-0.019039772,-0.059292935,0.025535697,-0.032142647
-0.017911427,0.04519932,0.06482726,0.044130474,0.022354037
-0.08008115,0.015273038,-0.012785517,0.020148221,0.04243398
-0.027456079,0.017811175,0.08487391,0.022605225,-0.004092427
-0.024485666,0.059547633,0.03191859,0.028101455,0.012379903
0.006500053,-0.018392727,0.051155385,-0.007548306,0.028305247
-0.16977163,-0.08801588,-0.14375177,-0.07203398,-0.24415024
-0.051595043,-0.019602235,0.03939469,0.069482915,-0.02802504
0.0058253966,0.18819618,0.17842798,0.08891258,0.12298298
-0.08132075,-0.030953396,-0.033827554,-0.01724211,-0.035001572
-0.023189723,0.06584424,0.06286972,-0.036794916,-0.07658231
0.051881116,0.05250845,-0.004795474,0.07254566,0.14166903
0.0217425,0.07145417,0.073332995,0.104760095,0.0648589
0.043697823,0.061294768,0.14796747,0.053359352,0.08201891
0.037432544,0.030750133,-0.015696164,0.007466184,-0.0071650445
-0.080165386,0.0114441365,-0.11841625,-0.08132976,-0.029946584
0.045777522,0.037318207,0.118516,-0.004507429,0.033274617
0.079396755,0.07051465,0.11910434,-0.0065803025,-0.021585692
-0.033102877,-0.041366152,0.00886612,-0.018393809,-0.054134812
