Care,Fairness,Loyalty,Authority,Sanctity
Harm,Cheating,Betrayal,Subversion,Degradation
0.008090333,0.070056,0.029211119,0.0026287474,-0.06141451
0.015357211,0.07293487,0.14008455,0.048359424,-0.030923922
-0.017863614,0.021745587,0.05633829,0.0133065,-0.06683088
0.044742413,-0.048344932,-0.007297294,-0.08502649,-0.16390081
0.044049144,0.114985675,0.07535133,0.052373394,-0.10253574
0.009927772,0.1021017,0.119515836,0.09136164,-0.028950384
0.0076787993,0.057996962,-0.009817537,-0.06995616,-0.16610903
-0.07529617,0.004897502,0.0021165558,0.0017624125,-0.040273786
0.05245079,0.039159887,0.1347969,0.041156784,-0.0033013085
0.0014540614,0.023389583,0.121545315,0.024353974,-0.05435247
-0.024464097,0.06132298,0.091811314,-0.02036573,-0.058105793
-0.02952933,0.006040355,0.019280965,0.015933424,-0.029419761
0.033742048,0.06513339,0.09926964,0.013443261,0.010292622
0.011117394,0.061024174,0.035408854,-0.0005204212,-0.024044603
0.025193255,0.06087623,-0.00015411549,-0.029034179,0.0063245893
0.04668679,-0.025924006,0.054068174,-0.016218668,-0.030617082
0.081346236,0.12665151,0.15584475,0.113654725,0.052950196
-0.03668222,0.008385534,0.03241882,-0.029795356,-0.16355371
0.04782889,0.062483955,0.018226527,0.017541427,-0.13821773
0.067043975,0.06520037,0.093103595,0.006424251,-0.043148726
-0.037299585,-0.020023849,-0.0700065,-0.06835675,-0.0751261
0.039028384,0.119496845,0.14102194,0.06977061,-0.02162669
-0.0020086083,0.1538483,0.120906524,0.07492006,-0.037260562
0.09104087,0.0811738,0.089228734,0.051333398,-0.025871811
0.099487275,0.19035125,0.06734615,0.040314548,0.07183494
-0.04486482,-0.015104249,0.021012567,0.036038667,-0.0014095735
