Care,Fairness,Loyalty,Authority,Sanctity
Harm,Cheating,Betrayal,Subversion,Degradation
-0.0119123915,-0.04712532,0.023736104,-0.0330075,-0.08431296
0.06674505,0.041368224,0.08017809,-0.0056450292,-0.007289904
-0.074459404,0.016647544,-0.04308977,-0.03977697,-0.07105376
0.011848885,-0.026398238,0.009311225,-0.031076498,-0.096785046
-0.088765584,-0.14831406,-0.11510164,-0.12515926,-0.24294999
-0.07165247,-0.012874419,-0.06349823,-0.057566606,-0.096069895
0.04010912,-0.030422185,0.023090722,-0.0113174915,-0.06936454
