Care,Fairness,Loyalty,Authority,Sanctity
Harm,Cheating,Betrayal,Subversion,Degradation
-0.037825704,-0.035276107,-0.084105745,-0.07138905,-0.08174693
-0.028192021,-0.07715714,-0.105308205,-0.114751905,-0.15851492
0.024924248,0.00833625,0.05300572,-0.0006528497,-0.06100313
-0.009707168,-0.020960191,-0.046843007,-0.07312386,-0.11427899
-0.04248032,-0.06846018,-0.09679177,-0.11468449,-0.14772066
-0.06918111,-0.017233243,-0.077363595,-0.0321476,-0.049400873
-0.0020022988,0.009230396,0.0007196595,-0.041949343,0.009610899
-0.025571667,0.022062855,-0.039146982,0.010445001,-0.05578547
0.013196308,0.051228493,-0.029269423,-0.051649347,-0.06245535
0.024936957,0.010253569,0.046358705,-0.042660005,-0.093505695
0.036742035,0.12943615,0.0926567,-0.023855515,-0.0785279
-0.010696988,0.08391422,0.062613964,-0.0013904069,0.022064943
-0.035118222,0.06805769,0.007273147,0.035398394,-0.09566289
