Care,Fairness,Loyalty,Authority,Sanctity
Harm,Cheating,Betrayal,Subversion,Degradation
-0.093211144,-0.029045716,-0.14788933,-0.016153451,-0.13185519
-0.08260975,-0.03557685,-0.03601327,0.06758131,-0.024787897
-0.16030604,-0.0698286,-0.12149367,-0.069215804,-0.10404061
-0.056639597,-0.009708239,-0.051286507,0.04202404,0.01792077
-0.15986371,-0.021430533,-0.15454842,-0.044865556,-0.16924088
-0.08175575,0.050800607,-0.04182578,-0.06106123,-0.08555378
-0.16304113,-0.006327809,-0.13335332,-0.024619171,-0.018511165
-0.16204712,0.124862984,-0.080951646,-0.03282496,-0.08644879
-0.16917685,0.021512356,-0.047413103,-0.022303551,-0.069769494
-0.08069125,0.11646228,0.0716624,0.06521774,0.037487157
0.026921812,0.04191638,0.096652165,0.112142846,0.0023172852
-0.056245647,-0.022671511,-0.019563839,0.0058256155,-0.08712329
-0.061058108,-0.014978325,-0.04099875,-0.031979892,-0.052294772
-0.103683434,0.04008826,-0.09744087,-0.112473175,-0.1361608
-0.020808613,0.09631633,0.13665608,0.14968762,0.11752191
-0.061909832,0.03643462,0.028382089,-0.015431222,-0.06441334
