Care,Fairness,Loyalty,Authority,Sanctity
Harm,Cheating,Betrayal,Subversion,Degradation
-0.13981523,0.032209747,-0.05684431,-0.023106981,-0.06528607
0.035463333,0.05993616,-0.0064584995,0.0126415305,0.054557264
-0.064587675,0.09969368,0.02153942,-0.022390962,-0.041698087
-0.024753481,0.03665799,0.047330823,-0.019629812,0.039568365
0.04130284,-0.028276574,0.1351336,0.05202435,-0.06335498
0.03446138,0.09407348,0.0003835326,-0.011444822,-0.04120204
0.02374293,0.029866595,0.035536796,-0.0053492463,-0.015396458
0.05578532,-0.027649146,0.08343755,-0.038229212,-0.01951335
0.024747303,0.06641764,0.026444623,0.0035713483,-0.032139637
0.1108558,-0.0176224,0.1228544,0.04579323,-0.020946432
