Care,Fairness,Loyalty,Authority,Sanctity
Harm,Cheating,Betrayal,Subversion,Degradation
-0.022493903,-0.022437686,-0.029615495,-0.055398755,-0.0068209236
-0.036494512,0.055038042,0.039087094,-0.017628048,-0.05391386
-0.08559026,-0.043333903,-0.01457244,-0.02961867,-0.07468626
-0.037913844,-0.05039166,-0.036245763,-0.07587792,-0.14339527
0.044938788,0.07454451,0.07523972,-0.010106956,-0.07093984
-0.0304838,-0.04562792,-0.018620994,-0.058744878,-0.14956635
-0.017040662,0.013342574,-0.00083679706,-0.063163154,-0.036478385
-0.03598952,-0.01530026,-0.06235004,0.01384037,-0.06288079
-0.088260256,0.0079549635,-0.0048303697,-0.027817879,-0.13692906
-0.048642185,-0.056891467,-0.011196125,-0.07292099,-0.14015187
0.010276502,0.02925206,0.009921026,-0.057096213,-0.025061484
-0.014517162,-0.054537836,0.023285016,-0.07575462,-0.09507944
0.06549683,-0.00962873,0.056251023,-0.108976275,-0.13499197
0.038029097,-0.0866402,-0.073073804,-0.11524723,-0.11013292
-0.108906105,-0.14196934,-0.05023308,-0.029515866,-0.17470841
-0.01814861,0.019967163,-0.019354578,-0.06616917,-0.08493532
0.038040057,0.02524513,-0.019431202,-0.07698348,-0.08379185
0.0020378754,0.09894243,0.0671052,-0.0006824932,0.0049592545
0.01825981,-0.0029520746,-0.061742492,-0.063414305,-0.064291835
-0.106709555,-0.025559286,-0.04268768,-0.035671573,-0.18522677
-0.08216847,-0.02162534,-0.037244793,-0.09680986,-0.19854432
-0.022786517,0.0530603,-0.008246483,-0.050826438,-0.12864998
-0.15364103,0.01595664,-0.07224254,-0.09903893,-0.054970473
-0.11402922,-0.03255386,-0.0867582,-0.06539795,-0.19948226
-0.14137599,-0.09403348,-0.146516,-0.1458326,-0.22803608
-0.0055500017,-0.018587913,-0.019292742,-0.062857874,-0.081217185
