Care,Fairness,Loyalty,Authority,Sanctity
Harm,Cheating,Betrayal,Subversion,Degradation
-0.046851568,-0.046171933,-0.017084057,-0.056911368,-0.12400544
-0.016397502,-0.070340894,0.015609883,-0.04222104,-0.16180971
0.055482075,-0.019823413,0.000418094,0.014067471,-0.06090178
-0.07249689,-0.042962626,-0.031730637,-0.04281217,-0.06857984
-0.12170226,0.0026677176,-0.04409934,-0.0372847,-0.106795475
-0.056980304,0.017693378,-0.019358374,-0.030454837,-0.09604679
0.02564418,-0.031590514,0.059918724,0.02401619,0.04753513
-0.036267832,-0.049157124,-0.1047987,-0.11533817,-0.12890926
0.021152332,-0.011507662,0.001137225,-0.09324625,-0.05444973
-0.017214432,-0.11055979,0.0015580326,-0.080768935,-0.12059996
-0.04885558,-0.06795462,-0.061389286,-0.14142801,-0.14874099
0.037912052,-0.05683893,-0.00040909648,-0.099563465,-0.08066557
0.060649153,0.050259393,0.11641273,0.02376639,-0.00091852807
-0.103820205,-0.008372154,0.009922884,-0.044505693,-0.093694605
0.06872723,0.08636147,0.21991454,0.07314061,0.08488696
-0.0014882013,0.03928683,0.08505092,-0.03817752,-0.09828573
-0.051855326,-0.024422133,0.06524944,-0.037881617,-0.12955415
0.0074639292,-0.08537023,-0.026157621,-0.11137822,-0.08186506
-0.020196635,0.0737218,0.08290193,0.024501223,-0.007392873
