Care,Fairness,Loyalty,Authority,Sanctity
Harm,Cheating,Betrayal,Subversion,Degradation
-0.041043226,-0.02121647,-0.08365991,-0.053890843,-0.18437533
0.018221587,-0.06685284,-0.013894662,-0.032166533,-0.08775016
-0.03819976,0.073936,0.023695327,-0.040693395,-0.11987761
-0.0070742248,0.120262355,0.018547785,0.028151304,-0.03770613
-0.060139365,-0.21152751,-0.16768658,-0.11736717,-0.24083585
-0.019446723,-0.05400153,-0.056491617,-0.035811204,-0.1091306
-0.09868276,-0.054159373,-0.08127667,-0.07332198,-0.13721594
-0.006301934,0.0073626656,0.0057396768,-0.009367339,-0.087921284
-0.09845557,0.01496613,-0.10584679,-0.1258503,-0.12827843
0.045941405,0.0041032042,0.038363736,0.045518503,-0.088683255
0.07184614,0.07975227,0.13137121,0.07930757,-0.016240854
-0.037599783,-0.033525415,-0.10866717,-0.09906461,-0.073359385
-0.067780375,0.07548433,-0.026983595,0.053466797,-0.02880135
0.028859941,0.051204205,0.010871476,0.010131065,-0.051041268
0.10610013,-0.015277401,0.010423595,-0.1228272,-0.08682136
0.05333811,0.03852047,0.094463915,0.035671405,0.014888816
-0.06539293,0.021063734,-0.0077480217,0.030591229,-0.08077649
