Care,Fairness,Loyalty,Authority,Sanctity
Harm,Cheating,Betrayal,Subversion,Degradation
-0.047647092,-0.030944739,-0.012829499,-0.01118867,-0.031424318
0.07516334,0.07177691,-0.041723575,-0.046188906,0.044326592
0.092599586,0.14436698,0.09176299,0.10688859,0.124977686
0.11707893,0.14804469,0.14164808,0.12837008,0.056141116
-0.027304284,0.021351723,0.06840521,0.011617658,-0.02177406
-0.039614372,-0.04141447,-0.09394656,-0.066016786,0.05079243
-0.090866126,-0.070117965,-0.10129758,-0.106083855,-0.1435548
-0.16263857,0.028307935,-0.02189698,-0.0049189455,-0.05112932
-0.040243343,-0.00424169,0.011043277,-0.11227751,-0.113844536
0.05700294,0.05084546,0.011147145,0.108577766,0.0950092
0.047493607,-0.0048258286,0.024595402,-0.036609855,-0.080158025
-0.073387414,0.005873602,0.04895001,0.026943479,-0.123229496
0.08593074,0.018037561,0.07445598,-0.008041479,-0.00080987625
-0.06756938,0.05403981,0.03592115,0.041630715,-0.06542649
-0.160137,-0.011210345,-0.09453495,-0.025752882,-0.048415482
-0.035664275,0.024624806,-0.019029882,-0.04880807,-0.03252997
