Care,Fairness,Loyalty,Authority,Sanctity
Harm,Cheating,Betrayal,Subversion,Degradation
0.045793388,0.029465508,-0.0012395261,0.011924669,0.018625045
-0.012151018,0.050932944,-0.021258311,-0.0035174582,-0.036234327
0.049667753,0.033502247,-0.0010574777,0.040634174,0.02364746
0.06875846,-0.00794588,-0.018507598,0.021223754,0.08314113
-0.06991289,-0.06576559,-0.12759936,0.0061547514,0.10322998
0.011906342,0.08134121,-0.026058864,0.09553605,0.13927718
0.06290922,0.18907323,-0.014503904,0.10174634,0.112753056
0.05221681,0.06747033,-0.05486247,0.017642612,0.023289302
-0.0045113005,-0.07692476,-0.11182389,-0.032500215,-0.03988931
-0.04021102,0.055109076,-0.0304282,0.12824278,0.10839039
0.046715394,0.12827513,0.053516176,0.051528454,0.08375413
0.10223123,0.050321918,-0.018834561,0.03519796,0.09640707
0.10613236,-0.055526376,-0.025179828,-0.052610613,0.020152144
0.07415745,0.12447882,0.050953723,0.15534467,0.2050704
0.06289812,0.043405093,0.038020343,0.12528315,0.08009886
0.18530151,0.11405302,0.084745415,0.16050935,0.12610026
0.07353294,0.11880031,0.020394247,0.13688955,0.12336317
0.123398915,0.014894761,-0.013586171,0.069458425,0.077483416
0.06873603,0.06725325,0.031462174,0.02553922,0.060093906
-0.13552722,0.02389622,-0.111674294,-0.09191883,-0.30951485
-0.13505419,0.01397213,-0.03044943,-0.00020142924,-0.11584475
0.03824491,0.10204114,-0.05383566,-0.0137226,-0.024185192
0.077843495,0.026058683,-0.010154091,0.016654432,0.031005673
-0.16957381,-0.1354995,-0.30879715,-0.118595794,-0.024677094
0.034931153,-0.083422355,0.0039069597,0.0120629165,-0.045243237
-0.022315245,-0.01852486,-0.04310702,0.041830078,0.067386195
-0.021753646,-0.14346737,0.0149362115,-0.016584614,-0.065148674
0.11944242,-0.004838245,0.062213596,0.1048793,0.107793905
-0.036533393,0.06491626,0.11156785,0.123649605,0.120248154
-0.018243788,-0.09145468,-0.067699075,0.012221778,0.1182899
0.0015302869,-0.05593744,0.011052493,-0.049465984,-0.0028848117
0.10101335,0.019116689,0.08493244,0.15301438,0.07782919
0.05473072,-0.044822864,-0.12638342,-0.008851398,0.049612164
0.117158055,0.070837505,0.068396114,0.08393676,0.13559029
