Care,Fairness,Loyalty,Authority,Sanctity
Harm,Cheating,Betrayal,Subversion,Degradation
0.00092833815,-0.0588291,-0.033375423,-0.0368438,-0.10163722
0.03490015,0.018511169,0.033398457,-0.0019613467,-0.06007914
-0.123835266,-0.053940736,-0.105009854,-0.029994186,-0.16652794
0.01611729,0.08348985,0.06700268,0.0484004,-0.07413694
0.022931151,0.09935049,0.04995227,-0.0075192377,0.016067885
-0.014942791,0.056476206,-0.014594977,-0.043808337,-0.044325214
0.0050052423,0.0024627205,-0.15718174,-0.044708863,-0.10032947
-0.05859829,-0.004890984,0.021474568,0.0068737613,-0.14197695
0.05616539,-0.0065224664,-0.017027732,-0.036009006,-0.066242546
-0.015891232,-0.043224245,-0.054333545,-0.012551016,-0.05610199
-0.11353457,0.025933146,-0.044582956,-0.005550269,-0.124368384
0.0230315,0.05812229,-0.00187614,-0.03869213,0.015816804
-0.028934227,0.020116653,-0.024064515,-0.052337956,-0.09858458
-0.16022152,-0.047174558,-0.07720221,-0.08499939,-0.20952788
-0.14327452,-0.09685992,-0.19009764,-0.12349668,-0.21107031
-0.08579652,-0.08942059,-0.13510755,-0.14724776,-0.15486644
-0.08719008,-0.021041315,-0.022283249,-0.03700354,-0.13461044
-0.09424095,-0.086221695,-0.11900191,-0.05744317,-0.18735373
-0.0030531418,-0.0013130214,-0.09862352,-0.08336398,-0.088236615
-0.05673044,-0.032047812,-0.04449439,-0.072799265,-0.1009198
0.08215828,-0.009776824,-0.017871827,0.010441692,-0.0730053
0.038885426,0.104270026,0.24729054,0.016578186,0.060629886
-0.19328603,-0.0789122,-0.052967332,-0.063534014,-0.24106511
-0.06571241,0.06274301,-0.040042046,-0.075976655,-0.15719429
0.010704766,0.019290227,-0.06734116,-0.17169528,-0.10618262
0.032526255,0.00067348033,0.040078107,-0.012282944,-0.027851041
-0.035855733,-0.0056112763,-0.09798938,-0.0529679,-0.06545382
-0.1419307,-0.056383565,-0.13190208,-0.051593587,-0.16860968
-0.07423285,-0.020855254,-0.09275304,-0.006470114,-0.06694509
-0.08640539,-0.038057126,-0.076345414,0.023815066,-0.03585553
0.0180532,-0.00028600357,-0.04436351,0.019753102,-0.11137259
-0.09766565,-0.042484216,-0.08805721,-0.14400166,-0.13724586
-0.037706513,0.1650691,0.16559404,0.09856545,0.06450577
0.032831777,0.016341586,-0.0969625,0.023001118,-0.010722538
0.014533769,-0.022453383,-0.003272906,-0.011261219,0.038846496
0.014413577,0.11398762,0.06996441,0.0041175317,-0.12047522
-0.023593206,-0.018724594,-0.018742807,0.04379957,0.04823575
