Care,Fairness,Loyalty,Authority,Sanctity
Harm,Cheating,Betrayal,Subversion,Degradation
-0.091954194,0.0035882462,-0.039131343,-0.050796155,-0.12616791
-0.05174904,-0.017908363,0.028689902,-0.052716028,-0.20803775
0.01570452,0.047063492,-0.009158517,0.082882196,-0.06775704
-0.14794071,-0.055039927,-0.07597402,-0.08916795,-0.19021288
-0.079860345,0.043513604,-0.021822646,-0.087685205,-0.102348775
-0.056736052,-0.024877906,-0.028373213,-0.03801578,-0.0902234
0.028221883,0.07278433,0.08337565,0.04165221,0.105150536
0.020909619,0.09332375,0.014826333,-0.0056236964,-0.11290066
-0.052322075,0.011392865,-0.048193432,-0.013943392,-0.15366255
