Care,Fairness,Loyalty,Authority,Sanctity
Harm,Cheating,Betrayal,Subversion,Degradation
0.071457654,0.073143035,0.040985346,0.0014621979,0.038697615
0.09416429,0.08109753,0.055820756,0.040009413,0.0031462573
0.02197522,0.06514322,0.034955893,0.055627234,0.046755835
0.028099163,0.051683646,0.07699618,0.017533641,-0.0048908107
0.002158653,-0.026062794,0.0023088586,-0.023397893,-0.10537336
0.13374615,0.14785257,0.13300805,0.117553905,0.1316809
0.14537299,0.09645009,0.13444343,0.09201439,0.04317467
0.069288224,0.10355588,0.11004825,0.04033309,0.07553266
0.10079646,0.06800054,0.06286709,0.0579144,0.13038309
0.05878779,0.10016407,0.10423711,0.1074419,0.10208641
0.07548836,0.0011618081,0.18156846,0.08346394,0.056472212
0.09122696,0.029650776,0.059144966,0.0021271668,0.014344135
0.15001789,0.11395776,0.09330854,0.02631198,-0.0067952294
