Care,Fairness,Loyalty,Authority,Sanctity
Harm,Cheating,Betrayal,Subversion,Degradation
-0.103813246,-0.07008247,-0.14420831,-0.045437265,-0.038316492
-0.1409572,0.039069887,-0.100056544,0.036391817,-0.016635682
-0.09232307,0.04327486,-0.046341643,0.07294005,0.01760298
-0.17112964,0.013607677,-0.042436976,0.014778405,-0.038713235
0.03346475,-0.02154395,-0.057650097,0.03463166,0.011169707
-0.034169532,-0.07664324,-0.08052168,-0.120819144,-0.16049781
-0.015233848,0.075923406,0.02682066,-0.027068442,-0.07156963
-0.083352044,-0.06965569,-0.09303607,-0.07837096,-0.034668513
