Care,Fairness,Loyalty,Authority,Sanctity
Harm,Cheating,Betrayal,Subversion,Degradation
-0.021752663,0.033037495,0.033054132,0.12250446,0.0908934
0.008194583,0.0019492069,0.03769333,0.066031426,0.03686644
0.040609334,0.08514674,0.017077427,0.09393723,0.0709953
-0.02585098,0.027509427,-0.0020233411,0.025864273,0.02202136
-0.047591124,-0.11378503,-0.07841095,-0.036364526,-0.068798915
-0.03581811,-0.009139534,0.021437729,0.0052277595,0.022029683
0.006615255,0.05913802,-0.014812928,0.09435022,0.08781613
0.030761918,0.14391485,0.11673935,0.116595715,0.1586642
0.17069656,0.07635424,0.095994964,0.085723855,0.075750075
0.09329344,0.083122596,0.11049771,0.07633069,0.04994841
0.038014293,0.029107234,0.011698114,0.066725776,0.09675711
0.0750605,0.06365453,0.058238775,0.0087648565,0.11483362
0.15306556,0.051494762,0.12482896,0.09760201,0.11113126
0.021803027,-0.01430643,0.015009797,0.012482466,0.04165507
-0.04647374,-0.014500298,-0.10406318,-0.008325935,-0.001559848
-0.0052628424,0.0024431422,0.0025217943,0.049439844,0.08121814
-0.017760327,0.034830254,0.10831455,0.14208856,0.07452542
0.0538833,0.084575,0.12896204,0.08675593,0.13823362
