Care,Fairness,Loyalty,Authority,Sanctity
Harm,Cheating,Betrayal,Subversion,Degradation
-0.0953466,0.016690351,-0.06858135,0.004774226,-0.08310491
0.032594662,0.034470703,-0.028473018,-0.013818461,-0.07391019
-0.08160341,0.060381487,-0.051485233,0.0060778838,-0.09096505
0.034783874,0.08513942,0.014414659,-0.027334126,0.018945126
0.0012053009,-0.02148861,-0.041427955,0.02002425,-0.01129581
0.07623337,0.030740269,0.026947666,-0.029732507,-0.07893027
0.0022236723,0.046244405,0.059045296,0.07013105,-0.0007298626
0.038502004,0.022632267,0.02988719,0.053997934,-0.008551128
0.04475391,0.06167384,0.061887674,0.065112226,0.013339314
-0.10227872,-0.022769958,-0.07763427,-0.07623656,-0.10561287
0.07492364,0.04902842,0.09602824,0.05206133,0.0022143158
-0.086224034,0.009629151,-0.015073362,-0.012303792,-0.09588063
-0.14570239,-0.06987972,-0.090620816,-0.032722123,-0.099741355
-0.18432787,0.011299603,-0.08073784,-0.029353421,-0.080290325
-0.087693244,0.03765733,-0.040100675,0.0035201013,-0.06700275
-0.06458695,-0.020340875,-0.080019385,-0.043845963,-0.015620135
0.003802918,0.03806475,-0.007970523,0.07528334,-0.030955955
-0.04088483,0.0044741128,-0.07582782,-0.028591104,-0.031230658
-0.1288229,-0.04252419,-0.053478494,-0.037633944,-0.0098041
-0.100108266,-0.078597546,-0.112678856,-0.07526684,-0.065792695
-0.058849633,0.028855722,-0.0104826,-0.037879456,0.010391092
-0.041790865,0.057331186,-0.0050371997,0.039252207,0.077152945
-0.078990236,0.021687232,-0.09096694,0.039329045,-0.014456079
-0.094366,0.009550426,-0.047255114,0.0013602395,-0.08531602
-0.081348516,0.041266076,-0.054656807,0.027870724,-0.025466748
-0.10442375,0.008084325,-0.046340436,-0.04951281,-0.033001713
-0.028941156,-0.011781529,-0.045997743,0.025522735,-0.069093324
-0.09775606,0.0037497124,-0.0763907,-0.023690728,-0.026505612
0.001587376,0.057933424,-0.007060226,-0.032037236,0.0035722246
-0.0121588595,0.04425632,-0.049324468,-0.036267266,-0.018201621
0.053294122,-0.019347075,0.018195152,0.014570806,0.025858153
-0.036312252,0.05085367,0.044142053,0.013010604,-0.037268728
-0.030212987,0.038436443,-0.032883532,-0.01741885,-0.069153905
0.0056717126,0.042377297,0.052740254,0.048922837,0.05683493
0.03207477,0.047919378,0.018647678,0.045063436,0.07264003
0.0008676676,0.025984535,0.053167716,0.009299188,0.030135905
-0.0074944906,0.07549304,0.017593125,0.023079101,0.036674477
-0.11803079,0.05617994,-0.034340836,0.00783631,-0.056007337
