Care,Fairness,Loyalty,Authority,Sanctity
Harm,Cheating,Betrayal,Subversion,Degradation
-0.029422123,-0.006720001,-0.050345805,-0.04805241,-0.12437893
0.02815643,-0.028183036,-0.06430931,-0.024351008,-0.117319286
-0.059277095,0.02167287,-0.06941636,-0.039094765,-0.12374909
-0.091210134,-0.06690195,-0.16442822,-0.15782003,-0.17959121
0.029392842,0.02684091,0.041045055,-0.05452279,-0.06253895
-0.042056374,-0.06188934,-0.039355632,-0.08951126,-0.1167205
-0.062144388,-0.013992716,0.019576736,-0.0324094,-0.008516658
-0.073975205,0.05100652,0.034276552,0.077059135,-0.026998857
-0.05655276,-0.05791451,-0.03209638,-0.033146672,-0.135521
-0.0040049367,-0.060830176,-0.00016467832,-0.049880024,-0.1465474
-0.076832324,-0.009933282,0.007831804,0.0026076958,-0.064629704
0.020615399,0.13122642,0.10968285,0.044160105,0.00042660534
0.019396879,0.1058163,0.0075625135,0.04278917,0.03489197
-0.05376167,-0.007843312,-0.0928182,-0.008643314,-0.051453725
-0.1378043,-0.055955283,-0.13135245,-0.05684086,-0.13947725
-0.050224062,-0.018479804,-0.05137664,0.011736186,0.010889703
-0.12020955,0.020394595,-0.103389665,-0.098708525,-0.16121419
-0.1408545,-0.020842759,-0.09091182,-0.049976025,-0.17031598
-0.099425,-0.010930745,-0.058664486,-0.063172184,-0.11529936
0.006342888,0.07210495,0.019544791,-0.0038844533,0.0046548657
0.009851402,0.071407326,0.09361316,0.025515452,0.042690277
-0.03724289,0.029360399,0.09761975,0.02529586,-0.04384869
-0.007135357,-0.04445869,-0.084092386,-0.04198825,-0.013408449
0.050987378,0.0712527,0.06585745,0.032861065,-0.027669974
0.14932546,0.102917746,0.15348926,0.04517497,0.056126237
0.11233527,0.09248373,0.15527445,0.052732788,0.062415235
-0.012841621,0.09267394,0.01453552,0.033587266,-0.0527722
-0.034661446,0.037817486,0.14476456,0.11150926,0.00023438036
0.042182934,0.06291653,0.08614765,0.026651263,0.06817641
0.0443548,0.0019221045,0.038701016,-0.07450907,0.015319209
0.07324512,0.00060437806,0.05906843,0.02016716,0.06494105
-0.040538333,0.006555248,0.020534998,-0.030426085,-0.039677557
