Care,Fairness,Loyalty,Authority,Sanctity
Harm,Cheating,Betrayal,Subversion,Degradation
-0.09265969,-0.044576205,-0.10588311,-0.079818174,-0.09302689
-0.00437868,-0.052733485,-0.07312307,-0.05492194,-0.13834637
-0.08982372,-0.0047962256,-0.058928855,0.02463859,-0.087919936
-0.039370175,-0.062035624,0.05330876,-0.01173453,-0.054061845
-0.088404395,0.005178328,-0.03413078,-0.0016741268,-0.07959099
-0.039304733,-0.033029873,0.007980565,0.018707562,-0.0027396502
-0.013922477,-0.04632157,0.033421427,-0.027598938,-0.053089947
-0.08994265,0.00087455544,-0.029105945,0.03282266,0.004514847
-0.100899085,0.009305717,-0.099713415,-0.020794906,-0.0075023193
-0.18524241,-0.10737206,-0.110486984,-0.08174552,-0.20738399
-0.09668025,-0.04099711,-0.021110287,-0.0245478,-0.051851947
-0.030547304,-0.09938932,-0.0154558625,-0.159901,-0.13146377
-0.09924632,-0.11571021,-0.08682075,-0.08040688,-0.13090718
-0.10225007,0.034752414,0.04951824,0.102520056,0.09757959
-0.06536122,-0.03167639,0.052116163,0.018887259,-0.06348926
-0.082725115,-0.031296737,-0.099264115,-0.10425569,-0.14292288
-0.0076367296,-0.074792385,0.045974206,-0.028373696,-0.06005443
