Care,Fairness,Loyalty,Authority,Sanctity
Harm,Cheating,Betrayal,Subversion,Degradation
-0.02485633,-0.00808651,-0.026599187,-0.044213004,-0.049609758
-0.13462782,-0.019699387,-0.19067137,-0.060494676,-0.20889017
-0.061354928,-0.071562156,-0.14086333,-0.09769887,-0.06257206
-0.05243454,0.0025380738,0.034769103,-0.055605434,-0.03335142
-0.07577993,-0.03895735,-0.023223482,-0.06544943,-0.05606368
-0.061601847,-0.042572357,-0.034919072,-0.04237978,0.0041091815
-0.0002915524,-0.14168364,-0.106058285,-0.0958222,-0.045076616
-0.1694246,-0.05882065,-0.20273177,-0.18915191,-0.03065027
0.00691652,0.0013430193,-0.018212022,0.030757263,-0.06891761
-0.023067798,0.021678092,-0.058495145,-0.077888615,-0.11109909
-0.053658195,-0.10008044,-0.097469285,-0.042821474,-0.040684827
-0.029722195,-0.08517067,-0.040580325,0.03588145,0.0017207395
0.08078371,0.12300727,0.23362374,0.15073901,0.10190786
-0.0016292203,-0.00963122,0.016743362,0.04438176,0.04791992
-0.046133615,0.110711396,0.118110314,0.14340733,0.10510774
0.08432761,0.06962671,0.112529516,0.05542578,0.030947503
-0.04840745,0.01584521,-0.10783716,0.04478711,0.11269567
