Care,Fairness,Loyalty,Authority,Sanctity
Harm,Cheating,Betrayal,Subversion,Degradation
0.007350313,0.0042704535,-0.06090693,-0.012988171,-0.06769993
0.0077087153,-0.014846766,-0.1264556,-0.083509356,-0.01661732
0.084542066,-0.015400697,0.03283667,-0.08013809,-0.0495871
-0.027885886,0.015562806,-0.009865924,-0.019105958,-0.02690866
-0.060892064,-0.033689838,-0.16350254,-0.0882293,-0.12255278
0.09726853,0.08645864,0.113115005,0.05776404,0.08694236
0.042459812,0.083453834,-0.014237352,0.014431341,-0.038832642
-0.035994615,0.020682957,-0.03696283,-0.044024706,-0.10143185
0.043216318,-0.0035616457,0.004366208,-0.047218453,0.013310764
0.029808143,0.050112218,-0.051717672,-0.0202851,-0.04796475
0.028308071,0.17429304,0.08063272,0.10230385,0.01685993
-0.08656524,-0.019273806,-0.09996803,-0.123020396,-0.23158808
0.049348406,0.06908645,0.04919102,-0.011666919,-0.020899452
-0.103222966,-0.0026285686,-0.10043356,-0.09734243,-0.11643119
-0.06550324,-0.015096575,-0.009490794,0.003606774,0.006443385
-0.030954022,0.08466642,-0.03767252,-0.028822094,-0.027635656
-0.05589135,0.01696172,-0.08401099,-0.056850046,-0.07796687
0.0374816,-0.0025721695,-0.08910406,-0.060780883,-0.18070078
0.0128386505,0.05547414,-0.10147947,-0.09751858,-0.058840733
0.07056329,-0.009739569,0.06549586,0.010402638,-0.06965287
-0.06905,-0.020967938,-0.13761103,-0.104163095,-0.10100701
-0.17821449,-0.12436134,-0.15865189,-0.07286602,-0.13662206
0.08373724,0.068005405,0.015032759,-0.06933246,-0.01861048
-0.006816405,0.028952397,-0.078992106,0.010474592,-0.025896767
-0.04390549,0.015401313,-0.038259212,-0.063138485,-0.13648598
-0.036616314,0.012536656,-0.014495164,-0.057904202,-0.09339997
0.0969785,0.049491227,0.18469283,0.13946685,0.047297187
0.10032112,-0.004963165,0.1291852,0.013425369,-0.023958176
-0.08258118,-0.10825379,-0.09036714,-0.05989129,-0.16383815
0.036164097,-0.030550234,-0.028378299,0.0011831298,0.031962704
0.09631323,0.11634736,0.11169997,0.08788718,0.07319488
-0.01972292,-0.047158822,-0.060357254,-0.022647724,-0.03745908
0.048832893,0.044300854,0.05084451,-0.014900109,-0.013976553
0.0070800832,0.08813138,0.049463294,0.024770992,-0.06651207
