Care,Fairness,Loyalty,Authority,Sanctity
Harm,Cheating,Betrayal,Subversion,Degradation
-0.07063903,-0.03511967,-0.06337056,-0.07109627,-0.109517306
-0.09595302,-0.077327,-0.093249075,-0.112176396,-0.029861003
0.05577766,-0.0015186444,-0.075844996,-0.10037855,-0.054740153
-0.08804354,-0.027141932,-0.08240539,-0.026931256,-0.034823734
0.07300184,0.061649814,0.068496086,0.08626598,0.0030676834
-0.04052774,-0.062482633,0.005028907,-0.070368744,-0.06570509
0.02940543,-0.02789221,-0.07106375,-0.12917317,-0.029578313
-0.018983416,-0.044128664,0.07268227,-0.051333867,-0.059338253
0.068481594,0.009735435,0.13935792,-0.029711125,-0.0077057616
0.09619455,0.09409262,0.14076293,0.010427791,0.011060923
0.029009275,-0.056276213,0.024466496,-0.11926997,-0.06872096
-0.06753014,-0.123146206,-0.08333748,-0.09846027,-0.1594184
0.066071615,-0.07767783,-0.03185885,-0.014550788,-0.039744925
-0.041841246,-0.12204721,-0.048217606,-0.117376044,-0.12837312
0.04654982,-0.10990552,-0.0062104193,-0.04284835,-0.02309522
0.026891915,-0.00028157234,0.019787928,0.02460503,0.07102875
0.047820725,0.022269268,0.11345909,0.0007086322,0.032484986
0.070525385,0.040239662,0.21460313,0.12913196,0.02341278
0.06118763,0.033532225,0.17325996,0.008218294,-0.012488602
-0.00036173873,0.03315475,-0.028327601,-0.02558023,-0.11074418
-0.0010351706,-0.026637778,-0.041478854,-0.09907808,-0.07140512
-0.054802023,-0.025547445,-0.08387286,-0.082415774,-0.056948517
0.0009981124,-0.015100019,-0.012174205,0.010421781,-0.0073834807
-0.01483798,0.009955732,0.06299251,0.06160496,0.005219592
0.05655724,-0.015987767,-0.008015254,0.025175095,0.019106153
-0.16017163,0.01930656,-0.086903766,-0.14350906,-0.12770261
