Care,Fairness,Loyalty,Authority,Sanctity
Harm,Cheating,Betrayal,Subversion,Degradation
0.04075087,0.046185385,0.081523225,0.08024317,-0.030052163
-0.13237664,-0.031243699,-0.04697158,-0.061410338,-0.0796818
-0.13860874,-0.088222586,-0.14098468,-0.10932429,-0.14235389
-0.094721764,-0.018267116,-0.01622776,-0.047040172,-0.09391391
0.010138532,-0.037348762,-0.001653227,0.030573579,-0.045262255
0.0059112497,0.07205617,0.13131802,0.068184495,-0.018377082
-0.034713328,0.030376116,0.13993612,0.066690356,-0.054028563
-0.11963725,0.008039193,0.044236597,-0.028235923,-0.07631514
0.039140332,0.043305423,0.016320426,0.017500604,-0.05759254
-0.050384056,0.083773114,0.07005161,0.0623926,-0.016600417
0.031841375,0.052640446,0.049030848,-0.017393086,-0.10538575
-0.07069533,0.031073844,0.053618655,-0.046339806,-0.06813284
0.06235514,0.07987904,0.08840689,0.015332308,-0.059358962
0.104208104,0.1050428,0.12756161,0.06279864,-0.004499629
0.057546414,0.07835901,0.12039897,0.15384355,0.05025351
