Care,Fairness,Loyalty,Authority,Sanctity
Harm,Cheating,Betrayal,Subversion,Degradation
-0.09811896,-0.05598265,-0.11275138,-0.047780916,-0.03168434
0.011106737,0.10971031,0.08514002,-0.0006509535,0.05992746
0.0012969747,0.00033198297,0.052749902,0.08219522,0.09304494
-0.09663035,0.07070949,-0.063304886,-0.025515463,-2.2958964e-05
0.020721491,0.09534988,0.108936235,0.08609745,0.14604856
0.03299103,0.09904855,0.21417037,0.13747269,0.09246836
0.018144201,0.057325434,0.012708154,-0.0422922,-0.050592624
-0.042759128,0.0033562668,0.015715694,-0.054441687,-0.050515957
0.03520617,0.12208974,0.12489138,0.027875436,0.023020182
-0.011010185,0.010935806,0.013829753,-0.0136725865,-0.0064352565
0.1115008,0.05631092,0.14586765,0.1993847,0.09626478
0.120144725,0.072217405,0.1189145,0.060070746,0.16872865
0.0112635195,-0.002847448,-0.0028643291,0.05520145,0.062952936
-0.031050118,-0.113956735,-0.13691019,-0.11835145,-0.14457946
-0.028198278,-0.045274682,-0.04315549,-0.022107493,0.002968818
0.06345157,0.03852819,0.026046706,0.017438866,0.043173827
0.005758766,-0.017418794,-0.028588828,-0.020935036,-0.045816977
-0.057396676,-0.0005263062,-0.0034394222,-0.018988682,-0.06664699
-0.04688748,-0.010080554,-0.038423043,-0.016737144,-0.018088963
-0.021224057,-0.03393569,-0.051765107,-0.020301275,0.048287027
-0.11896548,-0.06855513,-0.060460187,-0.0748065,-0.08096699
0.045611992,0.13481769,0.14872131,0.09525585,0.05581686
-0.06732092,-0.0069834366,-0.10352644,-0.043348115,-0.01713951
-0.12876943,0.00065356493,0.019209418,0.077271536,-0.052735087
-0.03101536,0.0056671314,-0.009317117,0.019776508,0.046212155
-0.2092737,-0.10210344,-0.19874251,-0.20954852,-0.102808416
-0.06852935,-0.072419144,-0.15883224,-0.16899747,-0.06252031
0.04488942,0.036920726,0.12149765,0.08417671,0.06647763
0.08136151,-0.044457152,0.00879612,0.009259035,0.028098097
0.017009195,0.06487628,0.07352243,3.7614256e-05,0.06805853
-0.043556973,-0.06923958,-0.16169347,-0.17832968,-0.06798209
0.040930722,0.07108661,0.13365446,0.11415747,0.06344118
