Care,Fairness,Loyalty,Authority,Sanctity
Harm,Cheating,Betrayal,Subversion,Degradation
0.07123722,0.039286252,-0.034358222,0.005442396,0.020725902
0.036065757,0.04879012,0.0042077266,-0.02562244,0.034344297
-0.00064820517,-0.088360764,-0.04362086,-0.08893086,-0.12599298
0.09817039,0.079807326,0.03578457,0.041903824,0.014490932
0.061854195,0.02095199,-0.022675797,-0.056651324,-0.0060381778
-0.004277889,-0.00612244,0.048717182,0.018431623,-0.13551112
-0.043094583,-0.03361752,0.007917637,-0.008819895,-0.07952933
0.07681843,0.102074854,0.104759485,0.020874273,0.012866548
-0.047295015,-0.06939661,-0.06623021,-0.044388685,-0.09051939
-0.2475841,-0.11799311,-0.13670862,-0.13903493,-0.18964574
0.069540665,0.039168335,0.07687176,-0.019833863,-0.0321192
-0.011114733,0.08306167,0.04448223,0.011638373,0.0064155683
0.07995551,0.18266144,0.18992807,0.151741,0.14366452
0.030545713,0.03277322,-0.0029337117,0.057290405,0.08888259
0.0032961424,0.00064480305,-0.079300165,-0.07565234,0.087774694
0.038558662,-0.0044541145,0.009119626,0.025641538,0.065047026
0.043409985,0.026268613,0.072869346,0.0710171,0.100194864
-0.0722018,-0.11099661,-0.21430054,-0.1919662,-0.10534607
-0.029342663,-0.0772222,-0.07692676,-0.15617341,-0.15926653
0.14382055,0.11832592,0.16704291,0.1284096,0.0889772
0.077221856,0.15990987,0.16569814,0.24030197,0.16829227
0.042560942,0.114898965,0.12019325,0.08630377,0.05948895
0.00389265,0.1649563,0.04144316,0.08274593,0.15405293
