Care,Fairness,Loyalty,Authority,Sanctity
Harm,Cheating,Betrayal,Subversion,Degradation
0.1364122,0.081828356,0.071544446,-0.03134325,-0.058881436
0.19569209,0.14938177,0.05686282,0.055696823,0.03870946
0.09182602,0.11895904,-0.023108996,0.0046710623,-0.0035646223
-0.19934621,-0.124060065,-0.2660399,-0.2579931,-0.315256
0.1315037,0.009512421,-0.043411218,-0.09258532,-0.028540466
0.00217801,0.008259013,-0.097858414,-0.08007081,-0.19320537
-0.028598852,-0.10541761,0.029962638,-0.009242974,-0.002743926
-0.024941213,-0.036222246,-0.17501496,-0.089766555,-0.10748477
-0.021674804,0.020623434,0.046044357,0.026466185,0.022898436
0.109320335,0.049801428,0.10183181,0.020255921,0.020094343
-0.13397005,-0.08966804,-0.094075605,-0.07791588,-0.16973387
0.05048631,0.05972781,0.12030225,0.06542321,-0.021299884
0.03310566,0.026338939,-0.0476741,-0.14401266,-0.088256106
0.01058034,0.19936363,0.066079095,0.027867721,-0.06397607
-0.022472836,0.038428172,-0.06719448,-0.056521792,-0.110891774
0.07290436,0.057867505,-0.045516334,-0.14254898,-0.08108434
0.04149384,0.04985278,0.014151839,-0.053876553,-0.08567332
0.11027143,0.15031087,0.073489845,-0.028868638,-0.046033837
0.03242178,0.038553193,-0.050926484,-0.055564415,-0.09055426
-0.03691867,-0.0011448376,-0.012015453,-0.03739885,-0.09300997
0.048623312,0.010554941,-0.034954336,-0.055096276,-0.06727717
0.08023096,0.018066436,-0.019027894,-0.05239833,-0.089169316
-0.058146477,-0.085052416,-0.078150675,-0.06590985,-0.07429129
0.023680935,0.11406166,0.036039155,0.011637276,0.0515348
