Care,Fairness,Loyalty,Authority,Sanctity
Harm,Cheating,Betrayal,Subversion,Degradation
-0.06695155,-0.037721384,-0.06033816,-0.0038949857,-0.05829437
0.011606745,-0.020782458,-0.08064203,-0.028076671,-0.004147418
-0.07627402,-0.03160747,-0.06901474,-0.16205387,0.035584897
0.048857078,-0.023566116,0.03316536,0.018853301,0.06681236
0.02796267,-0.016484575,0.05618363,0.08661217,0.1126269
-0.064947024,0.049817517,0.03394749,-0.034440868,-0.00087904185
