Care,Fairness,Loyalty,Authority,Sanctity
Harm,Cheating,Betrayal,Subversion,Degradation
0.04682117,0.026246069,-0.005348215,-0.03154337,-0.03776755
0.0807221,-0.0020163134,0.07941163,0.038268004,-0.0006407965
0.07766467,0.07559414,0.07452881,0.10918441,0.0063348543
0.010175226,-0.025066327,0.063792884,-0.04153492,-0.017524362
0.071198724,0.07689992,0.12920207,0.058141634,0.009950928
0.1664276,0.0791558,0.11649093,0.08424924,0.12026523
0.06334476,0.06710227,0.09278405,0.03628996,0.0153519865
-0.026310652,-0.08001926,-0.16086766,-0.09889959,-0.1003924
-0.02092803,0.0015598517,0.010774184,-0.0055051614,-0.033092633
0.054028485,0.022085195,0.08159742,0.10698426,0.007723868
0.019171566,-0.11462429,-0.0003974014,-0.06039863,-0.006895039
0.055039432,0.05476177,0.10861787,0.083629966,-0.0030036196
0.034475714,0.024914548,0.018136496,-0.0095398035,-0.012747701
-0.042223427,-0.025475644,0.028879311,0.0143275615,-0.095684305
-0.010571032,0.047360618,0.025246903,-0.012256786,-0.042191073
0.027793622,0.028309636,0.007925013,0.009638602,-0.09248941
-0.0019396441,-0.01224222,0.0060113873,-0.09741385,-0.009609963
0.00043833302,-0.06859328,0.0020593386,-0.058569208,-0.079689234
0.0066946866,-0.0145725235,0.07162979,-0.029855408,-0.04453641
0.12355605,0.14436868,0.11531742,0.09884137,-0.026448589
0.012612188,0.051933534,0.04562848,-0.027221538,-0.024508497
0.08664949,0.036761496,0.119427696,0.031366423,0.029063877
0.15032047,0.10534624,0.17767462,0.08760099,0.075593375
0.03723517,0.0156154465,-0.011887447,-0.061604246,-0.028985918
