Care,Fairness,Loyalty,Authority,Sanctity
Harm,Cheating,Betrayal,Subversion,Degradation
0.03295909,0.013143487,0.004597879,0.020895686,-0.041657016
0.03924765,-0.0136973765,0.01264022,-0.011315117,0.0035918187
0.026691249,-0.0038732402,0.0075502135,-0.08671638,-0.06840104
-0.01824636,0.0050134547,-0.0022615874,-0.22323237,-0.06132433
0.08971736,0.08001689,0.09676874,0.0018763617,0.064914286
-0.024803728,-0.006404914,0.10348719,-0.070810005,-0.012561854
-0.08430332,-0.18321368,-0.10637961,-0.15408936,-0.15027657
0.035656698,0.06043265,0.06501512,-0.012550168,-0.05302255
0.034340113,0.07229009,0.13246298,-0.009341779,0.059603527
0.025095217,-0.07191204,-0.057599597,-0.08230903,-0.097351424
-0.04906018,-0.112190455,-0.09837193,-0.078851774,-0.15608737
0.06558173,0.037388396,0.103654444,-0.038454928,0.004047498
-0.009802446,-0.009689085,0.07089364,-0.003374152,-0.022564657
-0.06780457,-0.07539799,0.026015006,0.004274402,-0.07230707
-0.042256966,-0.013778992,0.04720307,-0.012463149,-0.084987655
-0.04769291,0.013838904,-0.010226197,-0.01616375,-0.057869334
-0.10693862,-0.024279771,-0.07450377,-0.09273222,-0.13998622
-0.06171443,0.04989828,0.015627643,0.060659356,-0.064426094
-0.12958579,-0.07629645,-0.055946678,0.0017888639,-0.09840666
-0.06133178,-0.048787676,-0.06654069,-0.10359065,-0.06466587
-0.092130065,-0.0740577,-0.040266022,-0.06842022,-0.009852596
-0.039999828,-0.055062428,-0.06424447,-0.05925121,-0.08658273
-0.076651156,-0.06848763,0.01882853,-0.010892352,-0.018834073
-0.008212365,-0.07895704,-0.07780919,-0.07607475,-0.04137261
-0.09414017,-0.064528584,-0.048083715,-0.025326958,-0.08132681
-0.093630835,-0.05879078,-0.08565549,-0.015861781,-0.017110035
0.0029077844,0.0042197686,0.0072149765,-0.07753352,-0.020326499
-0.012129536,-0.04720204,-0.009134919,0.014062148,-0.020703148
-0.0030722152,-0.044418354,-0.026753403,-0.023415308,-0.06868117
0.01376341,0.070173115,0.011305291,-0.069568574,-0.009259997
0.0491336,0.0641633,0.06554499,0.03215433,-0.0742021
-0.045961343,-0.037007537,-0.018456796,0.021020751,-0.10465461
-0.0051959315,0.0033162609,0.04255448,-0.034618054,-0.004655419
