Care,Fairness,Loyalty,Authority,Sanctity
Harm,Cheating,Betrayal,Subversion,Degradation
0.027903229,-0.0019079531,0.016313253,-0.02744713,-0.06466837
0.03539466,0.03057341,0.037407562,-0.006162353,-0.042831916
0.10179649,0.122214094,0.2041328,0.18940087,0.11627534
0.012428155,-0.018465977,0.04839112,-0.022958444,-0.13366032
-0.050530773,0.0308967,0.008134976,-0.00094242394,-0.08648756
