Care,Fairness,Loyalty,Authority,Sanctity
Harm,Cheating,Betrayal,Subversion,Degradation
-0.09993488,0.050841488,-0.04945634,0.04051874,-0.017663315
-0.037631184,-0.035932675,-0.10257696,-0.059967585,-0.11121191
-0.073226795,0.02231063,-0.06376076,0.009929271,0.045012444
-0.03980124,0.013170528,0.01945027,0.022934882,0.015106703
-0.04481478,0.08176505,-0.00032527186,0.08048906,0.0030670147
-0.17715535,0.0067024846,-0.13761736,-0.0038188137,-0.048967857
0.0018694999,0.046501778,0.0052419333,-0.043580204,-0.033961713
-0.011371351,0.046727262,0.0550164,0.009024339,-0.06479062
-0.05624861,-0.0038051978,-0.0017663315,-0.0708248,-0.02297705
-0.16751926,0.020053625,-0.07621247,0.025910063,-0.0775386
0.05070713,0.100481026,0.0193718,0.087583706,-0.03183058
0.06773487,0.116714366,0.10239808,0.07581416,0.006190759
-0.06271527,-0.004136365,0.037690118,0.040811155,-0.023498166
0.103815645,0.01789318,0.051535144,0.0024512094,-0.01706519
0.068668485,0.09682694,0.19300595,0.08596267,0.03188681
0.12944262,0.11374728,0.091487296,0.08117099,0.109798744
