Care,Fairness,Loyalty,Authority,Sanctity
Harm,Cheating,Betrayal,Subversion,Degradation
0.004512434,0.009012101,-0.06375116,-0.06469552,-0.08966291
0.030957468,-0.015952073,0.0007667169,0.01911636,-0.10833067
-0.05073005,-0.06071829,-0.11672491,-0.102330334,-0.08790859
0.036219686,-0.057235517,0.050982006,-0.070276126,-0.13745284
0.046370853,0.026761668,-0.00753296,-0.07989678,-0.08652404
0.10310113,0.041793313,0.0024865353,-0.0023955517,-0.10364325
-0.06470604,-0.19596852,-0.14051944,-0.09499287,-0.17319459
0.013497439,-0.04113335,0.064647175,-0.016589388,0.0060869465
-0.030985206,0.005386332,0.023972677,0.06739674,-0.0115154665
0.009038314,-0.0739028,-0.13664973,-0.04206501,-0.11902247
-0.017589536,-0.012751342,0.015983637,0.016383609,-0.14604181
-0.16595232,-0.015696406,-0.08508499,-0.043384172,-0.0043927003
0.08846546,-0.03952582,-0.11116257,-0.081620246,-0.03563665
-0.13380758,-0.07656746,-0.11013834,-0.05403647,-0.16650522
0.07405272,0.09266091,0.008244708,-0.023030851,-0.033428617
-0.030840673,0.0249066,-0.029370494,-0.01853552,-0.06149486
0.11281362,0.0023052054,0.09431011,0.017901268,0.06392838
0.037264355,-0.007284809,-0.014787048,0.010802799,0.0148403905
0.003585402,-0.028997684,-0.004969174,-0.10814923,-0.039941587
0.037611306,0.04808213,0.12104501,0.027147822,-0.023534443
0.04541894,-0.017447866,-0.018490389,-0.0060246717,-0.007174541
0.0042603523,-0.09893672,0.0047296872,-0.085581616,-0.0003779023
0.0058053397,-0.10447474,-0.13448718,-0.05795356,-0.040003356
0.03137901,0.05961307,-0.063919574,-0.08344264,0.031367604
0.020101195,-0.021666283,-0.013076691,-0.069329515,-0.09290167
0.0028835274,-0.0290395,0.008462999,-0.084123746,-0.06705281
0.073964484,0.029401727,0.030556515,-0.036927048,-0.024318058
0.083136946,0.06237001,0.05980301,-0.102419466,-0.07290283
0.09378752,0.009975675,0.0268042,-0.04253706,-0.036801152
0.00798581,-0.0581158,-0.09491223,0.0010644067,0.07366745
0.04066257,0.062328346,-0.008263325,-0.016374934,0.003457848
0.045713335,0.10248919,0.18516679,0.043826617,0.01705802
