Care,Fairness,Loyalty,Authority,Sanctity
Harm,Cheating,Betrayal,Subversion,Degradation
0.06733114,0.037781555,-0.019228103,-0.0051349686,0.039085545
0.029874548,-0.0547287,-0.14406675,-0.14391026,-0.14551273
0.08223093,0.12063361,0.17757833,0.059790894,0.048018485
0.021641567,0.036026474,0.022607077,0.017030409,0.113683924
0.009040539,0.11969977,0.13698763,0.0942109,0.09792064
0.21830815,0.12841724,0.1078396,0.092345074,0.06472109
0.076741755,0.022698343,-0.015813228,-0.031212613,0.010808326
-0.027598416,-0.006517645,-0.0166348,0.018978177,-0.03564492
0.064402565,0.049274266,0.05284278,0.012034636,-0.002809478
0.0731931,0.026987486,0.04567089,0.0014002509,-0.0067911968
0.044661604,0.08673377,0.09860143,0.05254507,-0.001728896
-0.06811702,-0.13117588,-0.09177684,-0.087929204,-0.066335514
-0.09660867,-0.059654754,0.010309777,-0.106564105,-0.18372428
-0.005614617,-0.058520377,-0.030566655,-0.11653824,-0.14088264
0.07562314,-0.008077799,0.060557537,-0.05612751,-0.10450607
0.03643781,0.18164231,0.032657757,0.0518934,0.010409912
0.1409264,0.17707747,0.2126674,0.061105356,0.08138122
0.064413056,-0.0044566337,0.036874555,-0.051887624,-0.08396402
0.0019376893,-0.015848724,-0.032529227,-0.056052204,-0.15982331
0.1159521,0.083167896,0.072231695,0.028596181,0.029321952
0.050515886,-0.02951481,0.024637284,0.005863663,-0.049064744
0.05517437,0.04205776,0.11824463,0.044598714,-0.014946492
-0.0006669834,0.08589429,0.03002715,0.10427837,-0.043496672
-0.11560666,0.046636343,-0.0746582,-0.029181777,-0.12844513
-0.034619704,0.020385725,-0.026852863,-0.09455298,-0.15601668
0.077015355,0.11026671,0.06334275,0.10566993,0.09188586
0.13164693,0.16046712,0.18307196,0.14895722,0.19756085
0.049711242,0.060772035,0.1859807,-0.0075408425,0.06267866
0.110659346,0.055910483,0.09552565,0.058265533,0.1615037
0.039882123,0.11786276,0.1375652,0.0744462,0.13932078
0.07502538,0.04921204,0.038383022,0.02585937,0.05791526
0.09078649,0.11851737,0.110534966,-0.0064720456,0.0320188
0.03991452,0.045473807,0.08294192,0.028939914,0.011412887
