Care,Fairness,Loyalty,Authority,Sanctity
Harm,Cheating,Betrayal,Subversion,Degradation
-0.07196902,-0.009877577,-0.099238664,-0.11174013,-0.10724375
-0.0062283305,0.024315365,0.009012089,0.003925726,-0.074686855
-0.084487915,-0.06267159,-0.16616029,-0.1324424,-0.055967525
-0.20923832,-0.053383112,-0.13272868,-0.09952614,-0.09649431
0.019693617,0.09875715,0.06544074,0.009968618,-0.038476177
-0.014544195,-0.055188596,0.002182132,-0.07768927,-0.13760127
-0.12314906,-0.068806015,-0.13687724,-0.21917251,-0.16708499
0.026474643,-0.017984986,-0.026430683,-0.084562115,-0.11452508
0.074419655,0.029336065,0.07598025,-0.038807645,-0.06701555
0.013354748,-0.03525877,-0.05358413,-0.047856305,-0.14064305
-0.053130466,-0.061466593,-0.026739016,-0.08913542,-0.015924253
-0.05174878,-0.02403713,-0.007953549,-0.099739015,-0.13880461
-0.0216561,0.009171128,-0.040012237,-0.08412622,-0.04948646
-0.0766815,0.05065108,0.005301252,0.008777153,-0.008890407
-0.068908095,-0.15415391,-0.16842815,-0.19266596,-0.042138286
-0.04923498,0.017123371,-0.07077724,-0.08346087,-0.09907684
0.07357458,0.091297686,0.11907204,0.13232657,0.090847395
-0.057996545,-0.03538882,-0.07737695,-0.04369471,0.019371849
0.046941232,0.025527209,0.067819834,-0.030973267,-0.028955698
0.09080219,0.088010415,0.04082821,0.025345743,0.09824404
0.027184086,0.028899875,0.050775442,0.0142086,0.011333488
0.04255432,0.045745652,0.022524348,-0.0015063882,0.08170894
0.020803224,0.042699657,-0.03255934,-0.119459555,-0.05325675
-0.0070182253,0.06752455,0.023210205,-0.0254567,-0.08610066
-0.07609965,0.119216025,0.066525236,0.068286754,-0.00078460015
-0.073045515,-0.053580783,-0.16701274,-0.15318017,-0.23631516
0.061544232,0.0544438,0.084426254,-0.0369056,0.1267776
0.0492531,-0.06630798,-0.026008796,0.01758124,-0.052967884
-0.073856205,-0.03374183,-0.09544736,-0.13365096,-0.10767019
-0.06850378,0.07828843,-0.104354165,-0.16444632,-0.007024057
0.043645516,-0.07745833,0.10914926,-0.02539824,0.123942316
-0.02854279,-0.07943347,-0.011202142,-0.03678623,-0.0033294987
0.1556136,0.13054515,0.32430893,0.14190218,0.1982418
-0.0074706897,-0.07934919,0.011621328,-0.054438025,-0.1293021
-0.12732674,-0.1089014,-0.107231475,-0.19740537,-0.0997493
0.019174516,-0.13329309,-0.041696317,-0.115599886,0.024003144
0.06599427,0.061905913,0.07382306,0.015750566,0.029361043
0.07429406,0.06291633,0.024283351,-0.02125419,-0.00587932
