Care,Fairness,Loyalty,Authority,Sanctity
Harm,Cheating,Betrayal,Subversion,Degradation
0.020450002,-0.040977728,0.022474913,0.057526026,-0.08875473
-0.030329641,-0.068614,-0.08596199,-0.061131563,-0.14533183
0.03544475,0.007161863,0.0086864745,0.03488134,-0.017119447
0.015625536,0.0054713767,-0.013372039,0.017952263,-0.15945105
0.052838124,-0.05019357,0.07698215,0.09176758,-0.068730675
-0.017479783,0.0060101096,-0.010744646,-0.03631622,-0.16734813
0.004442891,-0.035105534,-0.011246059,0.040850706,-0.07141872
-0.1275424,-0.10912286,-0.13299474,-0.10121703,-0.17658725
-0.053382482,-0.050329003,-0.062152676,-0.042229027,-0.10539529
-0.01390852,0.01652033,-0.025986431,-0.03354118,-0.10854836
0.04970006,0.027132694,0.03760707,0.022871612,-0.041303195
