Care,Fairness,Loyalty,Authority,Sanctity
Harm,Cheating,Betrayal,Subversion,Degradation
-0.043873243,-0.03399958,-0.031156108,-0.037516944,0.0012694765
0.0021130396,0.03129232,-0.11481315,-0.0058137476,0.07003082
0.12686148,0.07748034,0.06292038,-0.007827649,0.16514571
-0.003702823,0.040613946,0.023631908,-0.08673862,-0.0019201534
-0.06389299,-0.14547873,-0.10942836,-0.14284563,0.0098601915
-0.03674244,-0.0503155,0.03145784,-0.014699258,-0.050505433
0.029977059,0.033687506,0.041290086,-0.033498347,0.057509392
-0.047220834,-0.053792432,-0.08750849,-0.08413882,-0.10032256
0.008879207,0.07995863,0.116459265,0.09636112,0.082134336
0.062608264,0.078096345,0.040378824,0.057730965,0.11949774
-0.072817855,-0.042305063,-0.09229641,-0.036610372,-0.097848505
0.03971252,-0.020720515,0.06814827,-0.0031117462,0.04643285
-0.10046161,-0.07337559,-0.13989288,-0.12397177,-0.1491392
-0.055812307,-0.12039315,-0.031530097,0.04161541,-0.080809094
-0.16525435,-0.14906812,-0.17183135,-0.09786331,-0.16279736
-0.08941969,-0.02431448,-0.054633003,0.008032039,-0.034395553
-0.08979676,-0.052309543,-0.1135762,-0.15081608,-0.09382416
-0.19813156,-0.064944625,-0.15738885,-0.119195044,-0.18237895
0.024003714,0.0803873,0.011336463,0.001617955,-0.072587736
0.06666857,0.03149086,0.06736842,0.1004635,0.13327178
-0.08941064,-0.1026018,-0.16630077,-0.08703472,-0.053164206
-0.0037620775,-0.03398428,-0.01625426,-0.009706199,0.009493684
