Care,Fairness,Loyalty,Authority,Sanctity
Harm,Cheating,Betrayal,Subversion,Degradation
-0.042579412,-0.17263761,-0.13457835,-0.08583533,0.009236276
-0.061425988,-0.1614332,-0.12898622,-0.11500439,-0.12849943
-0.058475092,-0.19984263,-0.13583925,-0.14027086,-0.091597095
-0.015149692,-0.021001786,-0.00019739568,0.017224614,0.06507786
-0.027057782,-0.04188863,0.087430865,0.082579166,-0.006961543
-0.10361823,-0.11974411,-0.039504763,-0.05358586,-0.056973744
0.01115641,-0.2455326,-0.18810633,-0.11360535,-0.07889173
-0.02190227,-0.08084631,-0.04933156,-0.043429893,-0.029345747
-0.004154519,-0.040850423,-0.07570928,-0.03960227,0.038630273
0.033498738,-0.0024383646,0.054354347,0.13575947,0.09718075
-0.06173428,0.09038376,0.05343857,0.0880999,0.10788769
-0.15667123,-0.11772836,-0.1145602,-0.07100544,-0.03981652
0.0069944724,-0.04538861,-0.03371672,0.0039031375,-0.011301141
0.04012142,-0.028398197,-0.05314917,-0.030461513,0.059069525
-0.005496092,-0.1630312,-0.068816796,-0.06245491,0.0032400806
-0.034311056,-0.2948001,-0.22177024,-0.21445918,-0.06089261
-0.005803259,0.04613504,-0.0045736646,0.0051033804,-0.023179412
-0.15483068,-0.06812646,-0.08868629,-0.14148133,-0.15687045
-0.041525,-0.16188075,-0.12896405,-0.13903414,-0.15057683
-0.048670713,-0.040742993,-0.025914567,-0.08785848,-0.0906691
-0.035153195,0.061251532,-0.0008665025,0.029989038,0.021963112
0.045585074,-0.05747836,0.015378222,-0.082826115,-0.029500667
9.9405646e-05,0.030545212,0.05320835,0.004229013,0.0123496745
-0.028322667,0.015369834,0.11818224,0.11478253,0.07652141
0.025480486,0.0111339325,0.06488578,-0.035324123,-0.008583263
