Care,Fairness,Loyalty,Authority,Sanctity
Harm,Cheating,Betrayal,Subversion,Degradation
-0.0055843443,0.03887244,-0.04185798,0.019285617,0.038937867
-0.037302062,0.11872489,-0.038009495,-0.0648939,-0.05989628
0.047691774,0.05502723,0.06227029,-0.0123897325,-0.018975075
-0.09727075,-0.02147007,-0.09423131,-0.019319657,-0.01140257
-0.05583889,-0.054944534,-0.1266917,-0.09898262,-0.035556577
-0.06458934,-0.009723101,-0.12429879,0.025915451,-0.048680894
-6.375462e-05,0.053740315,-0.13596667,-0.097394004,-0.056611698
0.00870548,0.04199479,-0.045683984,-0.022934848,-0.041842766
-0.060909376,-0.058519322,-0.10633181,0.0029056417,-0.027678162
-0.043715157,-0.04076462,-0.12738204,-0.15206012,-0.103372924
-0.019370181,0.06557633,-0.078312136,-0.07682656,0.0047404347
0.04769747,-0.17170686,0.14663036,-0.033140793,0.055930935
-0.033252787,0.07316988,0.11042684,0.0811836,0.026028566
-0.06621516,0.0373721,0.079335906,0.041344047,-0.05953747
0.09692399,0.08332965,0.14555219,0.07403567,0.16061737
-0.011196005,-0.013133073,-0.0039008372,-0.012101522,0.09125197
0.109305345,0.11537668,0.13733798,0.062673464,0.116402365
-0.10444136,0.015537057,-0.027283037,-0.028159138,-0.11468056
0.09040351,0.045745768,0.115116574,0.10580809,0.08493065
0.07179502,0.017722953,0.24323694,0.06507531,0.15838616
0.10536122,0.07198205,0.14138696,0.117556706,0.16096841
