Care,Fairness,Loyalty,Authority,Sanctity
Harm,Cheating,Betrayal,Subversion,Degradation
-0.05306945,-0.026390187,-0.09760755,-0.03473189,-0.024098445
-0.037571818,-0.055429574,-0.029625714,-0.061237723,-0.080685064
-0.1123833,-0.030674424,-0.11513189,-0.06628628,-0.08105846
-0.047457132,0.034363143,-0.06091509,-0.01196054,-0.1096677
0.01683552,0.03899779,-0.00915652,0.03040874,0.07453284
-0.09258574,0.035986163,-0.02810162,-0.071548454,-0.055433836
0.006590471,0.07720068,0.083532095,0.052838672,0.039606124
-0.038224198,-0.02723533,-0.012358272,-0.07550816,0.0894354
-0.016314264,-0.023280852,-0.017307013,0.015181031,-0.0745286
-0.11591285,-0.08467901,-0.05812557,-0.025222745,-0.043960787
-0.04817231,-0.04709854,-0.028574603,-0.057927553,-0.13633096
-0.04873769,0.051691264,0.0063786916,-0.037653483,-0.021081977
-0.08645272,0.009325916,-0.12647562,-0.066472545,-0.08693625
-0.06857142,-0.020280903,-0.22674394,-0.07295532,-0.13417643
-0.05403553,-0.06158366,-0.045742698,-0.06340015,-0.1165116
0.06468703,0.08260241,0.026093174,-0.022612939,-0.027697137
-0.043730035,0.05793246,-0.031038912,0.014983732,-0.10708979
-0.0017859228,0.0053568454,0.025451094,0.019674279,0.04203329
-0.0011592852,-0.060994282,-0.04834026,-0.09170241,-0.05499493
0.0118600475,0.012210902,-0.04186739,-0.046981655,-0.073933765
0.0001292536,0.045471914,-0.056290716,-0.05315137,-0.014872066
-0.07300712,0.022420011,-0.013514377,-0.080517866,-0.04006839
0.074365735,0.036518037,0.06908979,0.014226634,0.00805776
0.118828,0.013100795,0.13532533,0.036186498,0.10569531
-0.03550438,0.059354667,0.011047011,-0.08084824,-0.039803132
-0.004950719,0.054039925,0.07196093,-0.011988344,-0.09965715
-0.06825537,-0.09599231,-0.086946175,-0.13941677,-0.16212891
0.056634173,0.06925191,0.11358546,0.07898992,0.059020333
-0.03686093,0.024010766,0.008431807,0.021824867,0.022419652
-0.025087174,0.043661803,0.06878708,-0.003959544,0.0058372766
0.08020394,0.10577306,0.03543993,0.08534999,-0.055971034
0.10706988,-0.026052766,0.13482276,0.02868769,0.07800913
0.046535924,0.06288615,0.07698137,0.047601357,-0.024376158
