Care,Fairness,Loyalty,Authority,Sanctity
Harm,Cheating,Betrayal,Subversion,Degradation
-0.081440955,-0.06489203,-0.1198628,-0.03049448,-0.0670021
-0.100422055,-0.03064835,-0.037803095,-0.04725988,-0.094534785
-0.08798692,-0.04807426,-0.10699483,-0.01558131,-0.08518523
0.019023577,-0.009801928,-0.055885192,-0.025248175,-0.055667497
-0.001068525,0.021964971,0.030384287,0.116781674,0.1404651
-0.044363838,-0.03595233,-0.083079554,0.04885496,0.027356934
-0.063903466,-0.082392275,-0.09038543,-0.026684316,-0.046758994
0.047594883,0.021711335,0.027149655,0.11185315,0.13044477
-0.004924476,0.0046431758,0.034304954,-0.0060727,-0.0057026204
0.011963772,0.028384775,-0.01826002,0.062231686,0.10425795
-0.002013974,0.0036321282,0.03492052,0.07128404,0.039569147
-0.07176935,-0.13973887,-0.10961512,-0.06643075,-0.09920071
-0.0071303677,-0.03519354,-0.060093094,0.022603802,0.024341691
-0.030593287,0.06435088,0.039642118,0.0040587224,0.0047810953
0.019590443,0.02661287,0.0154615585,-0.0037089428,0.07779976
0.08187146,0.06912388,0.089906186,0.12889783,0.08788225
0.016170487,0.043895658,0.09621324,-0.013123373,0.02834654
0.0038432805,0.040365912,-0.006144237,-0.02019816,0.007477101
0.027135551,0.024080984,0.07471075,-0.016444076,-0.036564738
0.031292878,0.002731544,0.02289387,-0.07836161,-0.09205027
-0.034619197,0.008551229,-0.08119086,-0.03103612,-0.024595361
-0.039398074,0.027828041,0.03265245,0.043987893,-0.066814534
0.033370048,0.055429667,0.01250698,0.009275302,0.025007565
0.066193365,0.0048900414,0.10768819,0.033894695,0.12920335
