Care,Fairness,Loyalty,Authority,Sanctity
Harm,Cheating,Betrayal,Subversion,Degradation
-0.056626715,0.06491394,-0.022809409,0.03823818,0.017429251
-0.056069344,0.023346832,-0.0074770413,0.057261944,-0.016455006
-0.10854375,-0.0025806157,-0.12507294,-0.016447857,-0.069626614
0.028158491,0.061570987,0.060117602,0.107366845,0.04113471
0.041032843,0.035516612,0.10852526,0.019060995,-0.023660343
0.02390277,0.039514124,-0.0582947,0.06852318,-0.018904598
0.031090379,0.05935514,-0.008532826,0.06792863,0.011782035
-0.043855485,0.06283953,-0.08080515,0.008300784,-0.07089676
0.019685905,0.11345804,0.099003,0.05203083,0.04036854
0.08851507,0.08189285,0.07583525,0.017747985,0.0769806
0.035045933,0.050064597,0.07369478,-0.03403471,-0.047361407
-0.19341388,-0.057254408,-0.13080624,-0.16170853,-0.22286232
0.04217523,0.039565917,0.05174357,0.09373452,0.07511292
0.008506406,0.0087738875,-0.0012379568,0.11065942,0.05471229
-0.03372048,0.109479636,0.07951057,0.05600775,0.08338421
-0.012490085,0.03234079,0.048662364,0.09795904,0.108293965
0.027714059,0.12686776,0.20967498,0.13475502,0.15115504
-0.14374527,-0.007013457,-0.10017887,-0.03657218,-0.14744893
-0.049607582,0.021056324,-0.050862785,-0.03786078,-0.03910435
-0.018913232,0.07619759,-0.024886947,-0.06381622,-0.062466823
-0.046492726,0.030173693,0.043099646,-0.0021601617,-0.032785602
