Care,Fairness,Loyalty,Authority,Sanctity
Harm,Cheating,Betrayal,Subversion,Degradation
-0.04602614,0.021177556,-0.068448946,-0.05994369,-0.102202296
-0.02744342,0.10381609,-0.07782831,-0.051201735,0.0363861
-0.079894505,0.08695069,-0.07228087,-0.047896855,-0.16154446
-0.034248322,0.059159413,-0.050607532,-0.014960233,-0.10388834
0.045082554,0.12208994,0.11663398,0.10573413,-0.067717806
0.0019524461,0.048996672,0.01542274,0.014121944,-0.058205537
0.012281816,0.10979752,-0.018547485,-0.013437711,-0.07628141
-0.03477982,0.012860904,-0.0034823967,-0.046369426,-0.0747267
0.059961226,0.10444477,0.14015678,0.07637062,0.0039695147
0.08683801,0.10005952,0.25418517,0.18274435,0.12237478
0.029041244,0.082892135,0.03031272,0.024520805,-0.029705044
-0.07968608,0.010903526,-0.041346636,-0.023400731,-0.03148271
-0.014068204,0.01673529,-0.018277153,-0.025178706,-0.07927406
-0.10307559,0.022263616,-0.11009597,-0.05209413,-0.16813019
0.041583307,0.078174256,-0.03991963,-0.05537681,-0.018012114
-0.08465767,0.005286716,-0.055609327,-0.053239763,-0.12907532
-0.061971076,0.036309298,-0.10358983,-0.06369365,-0.1409916
0.014019139,0.048221305,-0.03724309,-0.05441891,-0.113940276
0.100078546,0.07465859,0.16155761,0.05357018,0.00045739114
