Care,Fairness,Loyalty,Authority,Sanctity
Harm,Cheating,Betrayal,Subversion,Degradation
-0.11920047,-0.04493374,-0.0943473,-0.14082381,-0.11219469
0.032760873,-0.06717551,-0.06494056,-0.01495445,-0.13272712
-0.042259403,0.060201276,0.0020494238,-0.04353299,-0.036487874
0.05353818,0.055141337,0.07434217,0.016446404,-0.074040174
0.024115212,0.04912063,0.006576311,0.005180274,-0.038953003
-0.05384865,-0.043689273,-0.10714006,-0.1659129,-0.17557621
-0.039973192,0.013563136,0.02061188,-0.039860062,-0.023626234
-0.006555992,0.11985451,0.09989861,0.012252063,0.08348961
-0.10763325,0.07333954,-0.013918075,-0.02292758,-0.011337934
-0.1757851,-0.0046388507,-0.06765941,-0.099919915,-0.063116685
-0.027541516,0.10152562,0.10253851,0.09082482,0.11751261
0.030119512,0.10926357,0.11908472,-0.08635556,-0.010295112
-0.18108894,-0.09889643,-0.19574499,-0.18176065,-0.13012856
-0.045355618,0.008017871,-0.010119527,-0.059462383,0.035287928
-0.08515748,0.063335486,0.017951645,-0.020065358,-0.005974929
-0.09516755,-0.0068846103,-0.041448466,0.01335583,-0.0753611
-0.029529534,0.045567486,0.009701075,0.0148537485,-0.07456274
