Care,Fairness,Loyalty,Authority,Sanctity
Harm,Cheating,Betrayal,Subversion,Degradation
-0.06784454,-0.06470393,-0.10285644,-0.025228249,-0.023762062
0.059831887,0.05185606,-0.05683874,0.053915493,0.07406167
0.0367526,0.05792406,-0.029556971,0.04805482,0.07658125
-0.11367937,-0.080419935,-0.12935278,-0.06506794,-0.056279883
-0.045178503,-0.06432305,-0.036160216,0.061335795,-0.024439901
-0.08073804,-0.07123117,-0.09316735,-0.032829743,-0.044042274
-0.026217047,-0.0044500204,-0.10394539,-0.093329385,0.033375546
-0.01646327,-0.03535322,-0.14978567,-0.036378134,-0.06416145
-0.082787625,-0.06686023,-0.066697694,-0.10273641,-0.07854472
