Care,Fairness,Loyalty,Authority,Sanctity
Harm,Cheating,Betrayal,Subversion,Degradation
-0.032620464,-0.017677486,-0.080622315,-0.04371259,-0.016930245
-0.04081511,-0.04014671,-0.065343216,-0.07303251,-0.1527168
0.015732944,-0.0039828657,0.036914863,0.061889675,0.0672473
0.015795944,-0.02523087,-0.11567698,-0.051145673,-0.057606548
-0.028478324,0.050110377,-0.047609434,-0.003914658,-0.013030805
-0.010553237,-0.009302378,-0.06415429,-0.014644815,-0.01116403
0.0074951127,-5.3547323e-05,-0.042412795,0.03209521,0.020378016
0.0043388493,0.024902105,-0.026621189,0.04863006,0.049441114
-0.025188614,-0.008949008,-0.023622315,0.018322138,0.0043434743
-0.008233493,0.07253695,0.0003174506,-0.033032805,-0.0013432428
0.09842205,0.08603968,0.06233185,0.07524727,0.06429091
-0.020981599,0.08077374,-0.0023158751,-0.019578421,0.009747744
-0.08067493,-0.023333808,0.0043077376,0.032749582,0.029154036
0.038980123,-0.0027617589,0.02865861,0.07141112,0.05672625
0.008077979,0.067054376,0.00078977644,0.01734141,0.031900294
0.033268232,0.08141279,0.0049827173,0.028446179,0.06226744
0.078863606,0.09798202,0.12845306,0.011993229,0.015708895
0.03894767,0.03173806,0.061212383,0.02486592,0.08707505
0.042151146,0.09951344,0.12765715,0.11998086,0.10425906
0.0106878765,0.04483453,0.08193627,0.13155425,0.065199
0.06379422,0.14292295,0.1499797,0.028574849,-0.0044110687
0.06561045,0.10774459,0.018049164,0.057860985,0.041277513
-0.024916768,0.05282628,-0.007894341,-0.0029913783,0.039318375
0.004220266,0.04590601,0.0028116293,0.040491223,0.03283958
0.0215552,0.086729236,0.011811432,0.09337723,0.037522905
0.056270055,0.042937357,0.011623304,0.04779084,0.0008843485
