Care,Fairness,Loyalty,Authority,Sanctity
Harm,Cheating,Betrayal,Subversion,Degradation
-0.04524961,-0.05147403,-0.02072486,-0.08275848,-0.09237324
-0.087291226,-0.06369356,-0.040101726,-0.078816384,-0.14210273
-0.045366637,-0.022805978,0.010043934,-0.0153727885,-0.06926192
0.041200437,0.10080838,0.13645431,0.0724013,-0.13517873
0.05757475,0.031446993,0.060521506,-0.00021050591,-0.04658029
0.024620013,0.1393228,0.0068933647,0.09733148,0.0056939125
-0.006115064,0.040400725,0.08194563,-0.021885391,0.04034569
-0.043945186,0.003337644,-0.01215188,-0.0034568235,-0.026035463
0.043347273,0.0038931407,-0.045706682,0.0029421947,0.04397824
0.05657588,-0.0051931627,0.061873645,0.028635647,0.049597885
0.023080241,-0.015511568,-0.023327347,0.0062412447,-0.013316847
0.06859274,0.09553918,0.17107278,0.059490215,-0.01372586
0.0503335,-0.03331284,0.042957745,-0.0269863,-0.11355345
-0.0028592646,0.044548098,0.022786902,0.0754537,-0.022900369
0.01388591,0.11865319,0.17166519,0.05409257,-0.050421033
0.037470642,0.062262334,0.13136418,0.04593,0.021078553
0.090095244,0.020152524,0.04887573,-0.075550176,-0.008371158
0.021731257,-0.05156161,0.03563485,-0.063166656,-0.121693075
-0.0509931,-0.09514514,-0.09425405,-0.037385378,-0.016176665
-0.0134275295,-0.09913039,0.028384887,-0.019443842,-0.11231303
-0.007258747,-0.025366824,0.053912964,-0.015049204,-0.08791645
-0.009106649,-0.055458967,-0.0040149856,-0.07544739,-0.12482683
0.10654963,0.020152496,0.12790477,-0.012714111,-0.079919934
0.04533958,0.041528475,0.13463992,-0.023029312,-0.061956566
0.016026098,-0.006291691,0.071353346,0.02173414,-0.060969323
0.028953414,-0.022488698,0.07865217,0.085111864,0.01658077
0.0853921,0.088170595,0.14244178,0.004727993,-0.016421521
-0.0063845944,-0.017198741,0.036562927,-0.028373646,-0.055381797
0.06566432,0.19999354,0.20414978,0.10619696,0.1039885
0.044680115,-0.0066954046,0.07630914,-0.044000875,-0.10447983
0.06502023,0.029938117,0.19519898,0.01748174,0.0006431602
0.07131057,0.032332186,0.19366872,-0.05085951,-0.047302425
