Care,Fairness,Loyalty,Authority,Sanctity
Harm,Cheating,Betrayal,Subversion,Degradation
0.027797244,0.05712381,-0.0024699941,0.0037801918,-0.06773291
0.10715102,-0.022936322,0.027172389,-0.021186665,-0.005749195
0.10684088,-0.03152772,-0.023563672,-0.05996009,-0.041767135
0.08174357,0.058632623,0.013407558,-0.047879387,-0.042679325
0.073964804,0.0566298,0.10507296,-0.0016906932,0.046969518
0.083688945,-0.003447235,0.028751591,-0.02464635,-0.05485957
0.1311379,0.094053656,0.1975943,0.09595248,0.13492714
0.15093437,0.17521793,0.10999741,0.017875593,-0.05181453
0.07716612,0.085637115,0.12856795,0.034682296,-0.029770298
0.036547974,0.11950094,0.03974095,0.013670946,-0.0054738317
0.08032274,-0.008312151,0.023433102,0.019238023,-0.027004985
0.062259424,-0.05330472,0.056292556,-0.060236394,-0.036719248
0.13436656,0.06354652,0.16931958,0.07770946,-0.049142625
0.054689318,0.06812274,-0.0043752976,-0.07566407,-0.034829993
-0.005819371,0.0018293448,0.008580544,-0.015264244,0.028262585
0.13104293,0.0646635,0.089732364,0.0091701625,-0.029385766
0.0607995,-0.008456625,0.048430376,0.007332421,-0.082926914
-0.0027181068,0.039043017,-0.016578708,-0.06323313,-0.090817384
0.18736374,0.04121267,0.031280257,-0.036701184,0.008627759
0.065072715,-0.07436079,-0.013478421,0.04392472,-0.015166929
0.078935385,-0.07063202,0.0072692907,0.014495551,-0.016103446
0.058565464,0.04104628,0.014112769,0.027225502,-0.03488901
0.2132535,0.037653126,0.12664041,0.099083595,-0.01869785
0.076579615,0.06341797,0.112390295,0.078317255,-0.0611448
0.09252925,0.10117467,0.08472065,0.06499113,-0.056208998
0.101575755,0.05494448,0.06989685,-0.005937176,0.021040529
0.070753604,0.06135288,0.059807695,0.068901934,-0.014027732
0.008996893,-0.031800993,0.07331182,0.06108138,-0.023669919
0.0962813,0.0874622,0.06910944,-0.020227378,-0.04363682
0.07065131,0.06276252,0.09628493,0.035865255,-0.027400028
0.08937009,0.11858868,0.1152515,0.05249883,0.0019749478
0.083040036,0.042337123,0.1360602,0.19622913,0.18498552
0.04290628,0.098457366,0.06817759,0.072618075,0.057313923
0.087618575,0.12704805,0.10573638,-0.011139392,-0.07825591
0.07557486,0.14810814,0.070096865,-0.0130775375,-0.0970833
