Care,Fairness,Loyalty,Authority,Sanctity
Harm,Cheating,Betrayal,Subversion,Degradation
0.0357722,0.001635341,-0.03991562,-0.017171025,-0.051676504
-0.007529605,0.08599277,-0.12715116,-0.10300639,0.014593191
0.037369713,0.05884877,0.037456714,0.048072167,-0.04689348
0.018823508,0.021104068,0.028072461,0.02279716,-0.0026885886
0.0041805524,-0.01937155,-0.023000715,-0.05645518,-0.090145946
-0.013105467,-0.0073276963,-0.02826976,-0.08623463,0.011129715
-0.061652176,-0.0016983785,-0.12320052,-0.09370011,-0.089829326
0.014181582,0.038026735,-0.05371902,-0.07415363,-0.08328104
0.05330437,0.047967378,-0.037050534,0.030311309,-0.020871924
0.08206715,-0.061647236,-0.07392111,0.04372613,-0.0314076
0.13652554,0.06917493,0.0967318,0.06886035,0.03949966
0.040033013,0.07518985,0.041091263,-0.008766352,-0.07127698
-0.085799254,-0.04219105,-0.14689074,-0.054383043,-0.14389019
0.016092326,0.010030629,-0.08962941,-0.010667179,0.018750813
0.046819508,0.014622096,-0.087089986,0.0020862669,0.021463197
-0.046291254,-0.0061030798,-0.013362285,0.03733987,-0.0390604
-0.08316839,-0.008871292,-0.0861613,-0.07705833,-0.12426212
0.05253876,0.06325297,0.071808174,0.10617639,0.052705936
-0.015380027,0.06378874,-0.011626495,0.028401457,-0.08105749
-0.024642093,-0.076416165,-0.0073102927,0.0144566,-0.111105815
0.0155789275,0.04526794,0.061027225,0.023184508,-0.05635802
0.026227506,0.102793634,0.083098486,0.014547232,-0.045211982
0.049463026,0.0003595166,0.059515513,0.00084118685,-0.111797765
0.04020957,0.04587628,0.058301155,0.024665728,-0.009700295
0.053753942,0.07076289,0.11964965,0.026968218,-0.026506191
-0.05738435,0.11128456,0.043020412,0.12429921,-0.033957858
0.06646817,0.022403374,-0.012488594,0.023952097,-0.050443083
0.064179495,0.09760275,0.037220772,0.031290617,-0.0060904175
0.06341559,0.08469885,0.059228033,0.009516168,0.058266643
-0.016707344,-0.015698891,-0.06905994,-0.023416106,-0.09679669
0.06503549,0.081849955,0.020839857,-0.005801294,-0.023629118
0.056120597,0.08663652,0.20338084,0.07809156,0.01806521
0.03461542,0.08510835,0.024035018,0.015568158,-0.036641028
-0.005931356,-0.075749256,-0.10589814,-0.07998366,0.018923718
