Care,Fairness,Loyalty,Authority,Sanctity
Harm,Cheating,Betrayal,Subversion,Degradation
-0.067984074,-0.037602082,-0.110168904,-0.03422831,-0.02882931
-0.0036486331,-0.05334665,-0.124636665,-0.06609565,-0.03046761
-0.027229605,-0.07106723,-0.07004424,-0.07063845,-0.090874456
-0.011448789,-0.046525713,-0.047924787,-0.021314476,-0.004020624
0.08818805,-0.006794771,-0.061703503,0.00469071,0.039471023
0.051650025,0.031690016,0.00085185,-0.0056823455,0.08251233
0.0072219204,-0.0660009,-0.09239707,-0.059366163,0.01647044
-0.0524321,-0.15770744,-0.11500466,-0.097637735,-0.086168036
-0.0679856,-0.08141853,-0.031570494,-0.030080741,0.0073028654
-0.050043155,-0.062455863,-0.013335234,-0.079631664,-0.021756202
-0.017470744,0.062177867,0.024561109,0.008847039,0.036919836
0.002489728,-0.054658864,-0.05639808,-0.096417114,-0.04665463
0.003877258,-0.0031931233,0.017567687,-0.04104548,-0.04248302
-0.006839223,0.05104433,0.061713487,-0.010717496,0.047861166
-0.046433788,-0.022889934,-0.040096737,-0.048580408,0.0063854754
-0.0017323233,-0.053427108,-0.09634817,-0.11617435,-0.0443979
-0.039492972,-0.12405647,-0.076447666,-0.050429266,-0.012220591
0.018054405,-0.17921482,-0.0008213427,-0.071723945,-0.03174724
0.016366975,-0.08264735,0.010978887,-0.043787755,-0.039896715
0.025864488,-0.14656436,-0.0060864175,-0.08414562,-0.06438532
-0.059393935,-0.16010362,-0.14896573,-0.10734116,-0.04724926
