Care,Fairness,Loyalty,Authority,Sanctity
Harm,Cheating,Betrayal,Subversion,Degradation
0.012586443,0.021227848,-0.06376225,0.037150122,-0.052401297
-0.015019679,-0.019087154,-0.03858931,-0.023888316,-0.03520328
0.025406541,0.081041545,-0.042405453,0.023615232,0.045246705
-0.017927554,-0.06629285,-0.090104856,-0.12558101,-0.011263508
0.037470236,0.036124628,0.01681614,0.047262106,0.075654
0.039078973,0.05034072,0.07200278,-0.00034533814,0.09290391
-0.07320592,-0.04210069,-0.11760073,-0.05350763,-0.14281593
0.05010706,0.1472544,0.12853988,0.09853093,0.14559723
-0.0030901507,0.10943668,0.01475146,0.03593952,0.07790992
0.0037092892,0.12674901,0.078403495,0.11538783,0.06351481
0.044800177,0.088990346,0.0744323,0.03570823,0.0965759
-0.07309267,-0.024659522,-0.07863809,-0.034210563,-0.1009119
-0.12169586,-0.026497368,-0.13261436,-0.1491726,-0.101218596
-0.1171734,-0.0054632835,-0.115478866,-0.015236583,-0.038449846
-0.093034804,-0.050762247,-0.14816648,-0.113045804,-0.090751104
-0.10557791,-0.07351106,-0.11591345,-0.11735214,0.010799613
-0.0034385975,-0.027177274,-0.10332634,-0.040172357,-0.039353874
0.009967238,0.044934943,-0.03042356,0.0637642,-0.052078787
