Care,Fairness,Loyalty,Authority,Sanctity
Harm,Cheating,Betrayal,Subversion,Degradation
-0.07972081,0.03641292,-0.055397935,-0.049946796,-0.08783829
0.07042417,0.008515153,0.12649104,0.010890797,-0.055368394
0.04526455,-0.0014583338,-0.07190557,0.0081488155,0.014349777
-0.09133747,0.075901195,-0.03442392,-0.07224402,-0.13736516
-0.18672283,0.027217086,-0.05675144,-0.08488555,-0.15032628
-0.20644921,0.0050489344,-0.106777914,-0.13043348,-0.19915453
-0.08029291,0.09598666,-0.06888171,-0.12127809,-0.10157449
-0.12731946,0.07066682,-0.006459303,-0.08099567,-0.07823343
-0.08962712,0.051849186,-0.048985906,-0.12186794,-0.16251367
-0.10891069,0.047651835,-0.05524958,-0.078651786,-0.11380088
-0.20493275,0.03458296,-0.029785112,-0.10733715,-0.14335111
-0.08357343,0.021152075,-0.007034689,-0.056070633,-0.0890117
0.049452446,-0.009487187,0.12963733,0.021453071,0.061734226
-0.003093876,0.008219296,-0.0034598913,-0.031151509,-0.005141398
0.0032892488,-0.026846841,0.027109023,0.007583827,-0.028478002
-0.011087194,0.07630237,0.04606712,-0.0029797852,-0.06841576
0.0009735073,0.0026396085,0.033050247,0.013913941,-0.050936595
-0.06674613,0.06632902,-0.024817314,-0.044149376,-0.07770058
-0.020333664,-0.013088747,0.012808919,0.00011606142,0.0049980916
0.05901076,0.13151467,0.06248913,-0.0046935547,0.01930948
-0.04690905,0.009604419,-0.055252727,-0.038802885,-0.0062911157
-0.034577847,0.046956338,-0.05931711,-0.069575556,-0.09276168
-0.04536069,0.107997596,0.054083355,-0.025820676,0.055223655
0.011420904,0.045398094,-0.014788732,-0.0070288405,-0.018709172
-0.01751538,0.0037894994,-0.10133019,-0.09154554,-0.10656838
0.0057975804,-0.036780603,-0.057588205,-0.056780428,-0.0776656
-0.15454385,-0.03928189,-0.12436078,-0.10695517,-0.07826036
0.026215795,0.020309266,-0.07855373,-0.059335783,-0.065398335
-0.1381925,0.051140513,-0.01594175,-0.12243617,-0.16296388
0.0070588407,0.11521181,0.14021145,0.06814913,0.0016613714
-0.12803017,0.049495425,-0.028517123,-0.07506147,-0.1123008
-0.18900529,-0.022345461,-0.112992376,-0.13255343,-0.076356634
-0.20357001,-0.016322827,-0.080790535,-0.04749278,-0.043582775
-0.017522912,0.08503473,0.08092686,0.001537934,-0.06846079
-0.04737249,0.07253825,-0.005749345,-0.046815597,-0.092277184
-0.026861304,0.0041306764,-0.053483553,0.02092785,0.09946243
