Care,Fairness,Loyalty,Authority,Sanctity
Harm,Cheating,Betrayal,Subversion,Degradation
0.002180866,0.016105026,0.01139809,-0.019713558,-0.016331142
-0.03814446,-0.040665884,-0.025777377,-0.049472377,-0.044981822
0.057859913,0.0554441,-0.002581872,0.012849029,0.09657175
0.004153804,0.064021744,0.038759522,-0.021908756,0.041023873
0.059965532,0.099980526,0.12997977,-0.016892945,0.015182009
0.022672292,0.068782724,0.040080823,0.023333875,0.05499867
0.026381977,0.04953505,0.030687235,0.016916176,0.025726048
0.011853251,0.025345238,0.029888934,-0.03565715,-0.00032324903
0.01690416,0.096859306,0.022158073,0.02001198,-0.07746659
0.015518145,-0.07223083,0.025893874,0.017505571,-0.015434654
0.07254216,0.10214814,0.041971482,0.012644293,-0.017233616
0.0015683137,0.020641586,-0.014407411,-0.020645805,-0.03925316
0.082781464,0.08448116,0.12804765,0.014280455,0.02010294
0.029011056,-0.09463331,-0.06826718,-0.024312774,0.021158451
-0.045716282,0.058970105,0.040081047,0.03336748,-0.04682047
0.034579515,-0.03239675,-0.0011863541,-0.06340671,-0.09357342
0.014787346,0.047234166,0.12738273,0.0515152,-0.007450715
0.08264388,0.08361748,0.016898751,-0.014598247,-0.06253388
-0.09433558,0.028238865,0.020261314,0.031775165,-0.0065620784
0.05965612,0.030533584,-0.034599848,0.07439484,0.05463822
0.03581769,0.07677839,-0.03263376,0.024268493,0.015652567
0.08105607,0.116561264,0.0012916876,-0.07964119,0.05577667
