Care,Fairness,Loyalty,Authority,Sanctity
Harm,Cheating,Betrayal,Subversion,Degradation
-0.052078027,-0.017481666,-0.112394996,-0.046818152,-0.0049989335
-0.03552764,-0.05337909,0.022768488,-0.032633305,0.09173331
0.05882285,0.10541575,0.03706664,0.00835211,-0.023118231
0.038177676,0.0954054,-0.03743179,0.07605417,0.03721611
-0.06538148,-0.00454282,-0.12652436,-0.07109757,-0.045748074
0.14342691,0.10714653,0.121747956,0.11623079,0.032752044
-0.06458939,-0.00972308,-0.12429878,0.025915528,-0.048680805
-6.376207e-05,0.05374035,-0.13596663,-0.09739401,-0.056611665
0.0031324103,-0.041685913,-0.10791044,-0.15283978,-0.1055771
-0.13565204,-0.069340445,-0.17425299,-0.13769108,-0.0017627627
-0.14750475,0.008627694,-0.18678397,-0.10211546,-0.04038463
-0.011448887,-0.10983934,-0.0598739,-0.058223195,-0.023163715
0.07251626,0.04099679,0.064164385,0.00480037,-0.0071697272
0.047697514,-0.17170686,0.14663053,-0.03314072,0.055931002
0.04864025,0.11213125,0.060423832,-0.009684832,0.025316348
-0.0047262534,0.021149496,-0.03433848,-0.02218096,0.06963249
0.10793282,0.10362083,0.12499198,0.0449498,0.11071963
-0.015995562,0.050102655,0.05057694,0.031037517,-0.019945115
0.07210722,0.080660105,0.0884654,0.08390484,0.049509816
0.10365666,0.07447445,0.3278687,0.11269349,0.21375947
-0.03592618,-0.046145983,0.025948206,-0.009789994,0.027300313
