Care,Fairness,Loyalty,Authority,Sanctity
Harm,Cheating,Betrayal,Subversion,Degradation
-0.04259523180447237,-0.03173574665055466,0.09505520246873415,-0.035021862304640314,-0.07188843242266803