Care,Fairness,Loyalty,Authority,Sanctity
Harm,Cheating,Betrayal,Subversion,Degradation
0.003353269521466833,0.09270361773394199,-0.13652816040738022,0.04352738795931271,-0.0024403635944969145