Care,Fairness,Loyalty,Authority,Sanctity
Harm,Cheating,Betrayal,Subversion,Degradation
0.03924196228300557,-0.06096787108338727,0.04147295793864619,-0.008505525654672419,0.07432879601716494