Care,Fairness,Loyalty,Authority,Sanctity
Harm,Cheating,Betrayal,Subversion,Degradation
0.052300077,0.00086775795,0.0075733103,-0.08230943,-0.1353122
0.059008587,-0.036630593,0.007945806,-0.11824863,-0.12421404
0.07588802,0.030906042,0.08410033,-0.008463431,-0.03295397
-0.07649106,-0.06435345,-0.040311955,-0.0711177,-0.15385497
0.09341343,0.02872097,0.02923946,0.0014552837,-0.010220595
0.04021625,0.055539623,0.14100403,0.065550625,-0.023127936
-0.049340166,0.0042869784,0.097571015,0.019285318,-0.025641426
0.07172983,-0.05627483,0.060249217,-0.019888176,-0.06420069
0.04673242,0.01440499,0.012246743,0.024517462,0.057902895
0.07040065,-0.03749512,0.06568909,-0.060452342,-0.0664952
0.04751938,0.07208125,0.13951255,0.044905633,0.020751981
0.07542574,0.17010787,0.17687404,0.11887903,0.040030073
0.12339101,5.279947e-05,0.050253287,-0.07387845,-0.053623725
0.088640064,-0.004258629,0.12675521,0.038534135,0.014878784
0.049292255,0.0646095,0.11172006,-0.024463894,0.020200592
