Care,Fairness,Loyalty,Authority,Sanctity
Harm,Cheating,Betrayal,Subversion,Degradation
0.0044338265,-0.08085089,-0.034577303,-0.103050105,-0.17979953
-0.049580965,-0.07333696,-0.049433894,-0.08409853,-0.13510081
0.06017075,0.053575538,0.041725572,0.10317786,0.019006293
0.121723756,0.03579391,0.10656647,-0.01760264,-0.0132209845
0.034718983,0.025977064,0.04395565,0.0038073463,-0.04866683
-0.08887416,-0.11519231,-0.16075665,-0.13180652,-0.16066897
-0.061902773,-0.040850226,-0.070197135,-0.047990758,-0.13922168
0.019275494,0.0006260779,0.03396855,0.02142751,-0.093678296
0.086847484,-0.02803405,0.004638603,-0.008731388,-0.09005965
0.022080516,-0.022589907,0.04365263,-0.047152545,-0.08304907
-0.05505225,-0.06684585,-0.059397615,-0.109579556,-0.20165065
-0.09686173,-0.07313453,-0.121096976,-0.06923318,-0.022501744
0.10509902,0.04350764,0.06567961,-0.0025694072,0.06652099
-0.10787565,-0.008992702,0.05649417,-0.032503758,-0.03929942
0.1263341,0.11308592,0.13969648,0.07789831,0.08360149
0.0018624477,0.0136577,-0.032790758,-0.025631618,-0.06302746
