Care,Fairness,Loyalty,Authority,Sanctity
Harm,Cheating,Betrayal,Subversion,Degradation
-0.01963244,0.057574227,-0.04580683,-0.10274821,-0.104065806
-0.0170881,0.07072348,-0.07194578,-0.06621309,-0.0704198
-0.015185584,0.021189,-0.073208734,-0.11312411,-0.046203796
0.032805786,0.13129069,-0.034127027,-0.08630539,-0.010092068
-0.0057016313,0.08791387,-0.07820905,-0.038971633,0.0396995
-0.08813455,0.09066886,0.005160557,0.019601637,0.015670966
0.03676538,0.0021418575,-0.06853159,-0.087448746,-0.09405005
0.043082494,0.0628165,-0.052154772,0.0029236488,-0.007568471
-0.05333221,0.05680612,-0.04193666,-0.04094634,0.01641021
-0.05523824,0.0052209552,-0.120933235,-0.11232959,-0.12650304
-0.036086977,-0.048176177,-0.0868945,-0.0010644407,0.0095502045
0.0668056,0.10736506,0.040483247,-0.027970394,0.16029364
-0.16282636,-0.0024137301,-0.1364252,-0.098091885,-0.04067437
-0.12872641,0.024226097,-0.08435434,-0.08873674,-0.06740371
-0.10916979,-0.047857642,-0.07964699,-0.03439295,-0.058403596
0.064017534,0.03732179,0.021823239,-0.09893015,-0.032658394
0.10439233,0.08245295,0.07097766,0.0359189,0.049262606
-0.005577173,0.097257555,-0.005022578,0.06891914,-0.032940913
-0.0572167,-0.018531004,-0.09451759,-0.13207701,-0.12914574
0.013742376,-0.06571336,0.0087002665,-0.05867075,-0.07609627
0.0406133,-0.08626859,-0.033723775,-0.10808361,-0.013063166
0.1082879,-0.05108428,-0.070961,-0.0507923,-0.028576557
0.06396588,-0.09015282,0.020082887,-0.048366845,-0.057830043
-0.026637707,0.00031268597,-0.046262402,-0.11778593,-0.07676263
0.10663034,0.008161839,0.023656366,-0.0579708,0.021890873
-0.13960291,-0.054825973,-0.07969373,-0.11592669,-0.06956887
0.12835388,0.045353457,0.04769132,-0.031268984,0.16041052
0.07843871,0.08495725,0.09259179,-0.027191728,0.040107198
-0.10851674,-0.03159383,-0.059722327,-0.094608836,-0.18318236
0.031463772,0.04420565,0.03938613,-0.0018479517,-0.016343342
-0.04733077,0.10410556,0.011905881,0.06634523,-0.02699713
-0.024478791,0.088923275,-0.08751565,-0.102298245,-0.07472661
-0.036125228,0.25371075,0.03377214,0.053795345,0.0417931
0.022950044,0.07831184,0.024399053,-0.012772176,0.028737342
-0.1391006,0.026561003,-0.16185266,-0.070528485,-0.015288059
-0.0142828,-0.025343832,-0.096400276,-0.0017882809,-0.0087450445
0.0028731292,-0.04543098,-0.031412028,-0.076858506,0.033880133
-0.0644236,-0.05744342,-0.08106403,-0.09749405,-0.095047235
-0.024631627,-0.053435814,-0.04902506,-0.11081698,0.12932125
