Care,Fairness,Loyalty,Authority,Sanctity
Harm,Cheating,Betrayal,Subversion,Degradation
0.036836598,-0.01595163,-0.023805145,-0.09373691,-0.12367307
-0.07316012,-0.11045654,-0.20488837,-0.11879865,-0.14065155
-0.07224072,-0.039039567,-0.04592383,-0.0757148,-0.13677163
-0.053153355,-0.09549233,-0.13301264,-0.026447263,-0.06358258
0.045447,0.02052357,0.040211864,-0.020965867,-0.05763773
-0.023667043,-0.058085427,-0.0557817,-0.06491975,-0.14247827
-0.046007726,0.010539511,-0.018118432,0.050969824,-0.041463524
0.0140094645,0.050825603,0.012718876,0.006381465,-0.07295869
0.09438352,-0.022727635,0.08187283,0.04264219,-0.029297695
0.12833679,0.028955344,0.109022945,0.033417687,-0.0013074577
0.047060274,0.029188033,0.012328853,-0.019034427,-0.0647516
-0.034975607,-0.062405497,-0.05317643,-0.1082454,-0.12876917
0.0358436,0.12715831,0.14485176,0.0812338,0.062208783
0.053574413,-0.08155298,-0.10825617,-0.13714075,-0.13211726
-0.008872712,0.011519762,-0.03724031,-0.11673246,-0.056438595
0.15319648,0.11590473,0.13800122,0.100140706,0.13107735
0.04412003,0.06401556,0.17557344,0.09847441,0.037044436
0.00016090646,-0.13392012,-0.043153718,-0.12547138,-0.12250258
-0.094232686,-0.124358,-0.111362256,-0.12706646,-0.07005344
-0.028340127,-0.048828,-0.056328688,-0.05456861,-0.05037535
0.006902091,-0.021992596,-0.006985303,-0.0021495353,-0.13439018
0.023668492,0.008505523,-0.07710253,-0.033784367,0.027566245
-0.12142789,-0.08532789,-0.12393655,-0.04266525,-0.13461138
0.010921672,-0.08237394,0.010635444,0.05951349,-0.07944421
-0.029677056,-0.009818565,-0.02243724,-0.050581083,-0.0013413113
0.06358078,0.06294093,-0.008019023,-0.03449184,-0.032437075
0.048739046,0.045448497,0.0534606,0.0055187494,-0.03816077
0.05369506,0.017968172,0.16673289,0.044923455,0.012578085
