Care,Fairness,Loyalty,Authority,Sanctity
Harm,Cheating,Betrayal,Subversion,Degradation
0.061094217,0.044792958,-0.0356157,-0.009861283,-0.029648557
-0.017116297,0.020386903,0.017475024,0.026331656,-0.07575379
-0.03984881,-0.023992637,-0.010668276,-0.026842682,-0.07593268
-0.0460844,0.042196058,0.09111813,0.009438755,-0.060076725
0.1157775,0.033294905,0.12403985,0.037223913,0.08227748
0.0050174296,0.015387597,0.027504707,0.0025402186,-0.047998026
-0.030490486,-0.011485528,-0.07558856,-0.07422028,-0.109279595
-0.006073756,0.0062631536,-0.021841768,0.0018221862,-0.030084306
0.05723226,0.06963262,0.08032651,0.034317553,-0.005526785
0.097963735,0.016243424,0.05105497,-0.04735078,-0.039253127
0.08309883,-0.011561748,0.01786936,-0.002919143,0.046628296
-0.014286541,0.11017798,0.06771457,0.06395914,0.007186869
0.012062622,0.103519976,0.08276644,-0.033055224,-0.004864296
0.06855549,0.12940718,0.17280743,0.042690955,0.07872828
-0.013965346,0.08170364,0.06989266,-0.07400865,0.035940573
-0.019021286,0.09712264,0.026504789,-0.005586479,0.020272873
-0.12406816,-0.13228533,-0.027422857,-0.084051356,-0.12224115
-0.015724102,0.035025224,-0.05955626,-0.044202365,-0.116809174
-0.027959293,-0.02435851,-0.008115976,0.01786983,-0.0048755333
0.016195275,-0.044463757,0.09750236,0.0053111967,0.0687916
-0.025964115,0.07293706,0.04236047,0.03491007,-0.02848032
0.013828022,0.03218009,0.016549934,-0.021534853,-0.03629142
-0.049190596,-0.024424462,-0.0050053885,-0.042704105,-0.05846994
0.05460374,0.075362824,0.048510533,0.057087384,-0.045542404
0.106332794,0.070389524,0.08314516,0.014525473,0.07160406
-0.12237963,-0.057413694,-0.003650982,-0.120758384,-0.081711575
