Care,Fairness,Loyalty,Authority,Sanctity
Harm,Cheating,Betrayal,Subversion,Degradation
0.09261097,-0.0016209576,0.100492954,-0.038875774,-0.037606865
0.065916,0.11858073,0.17759058,0.0725867,-0.04088904
-0.05181987,0.08819461,0.03565336,-0.010381686,0.038878415
0.06848851,-0.030714383,0.111661464,-0.02688509,0.11527779
0.041375775,-0.0028961059,0.04928441,-0.023032375,-0.05180358
0.109576955,0.041099396,0.028591912,-0.036852095,-0.00147093
0.06834688,0.012538844,0.04871202,0.0015517352,-0.012643997
0.07080202,-0.017786488,0.04892242,-0.021657832,-0.021341372
0.05010604,-0.008360297,0.010205977,-0.06791079,-0.09419682
-0.015369257,0.026501426,-0.027289085,-0.0049973847,0.012938339
