Care,Fairness,Loyalty,Authority,Sanctity
Harm,Cheating,Betrayal,Subversion,Degradation
0.067159556,0.037965357,0.013070589,-0.03905478,-0.027510073
-0.03456901,-0.022677971,-0.10865325,-0.12569025,-0.09516777
0.04171202,0.061026987,0.07713646,0.079367355,0.09019099
-0.06747686,-0.036393773,-0.07037136,-0.062111005,-0.033744622
0.012670383,0.033179082,0.004677415,-0.040184602,-0.057538927
-0.008587924,-0.03949877,-0.096176565,-0.13952604,-0.103443615
0.08312906,0.0037393235,0.030726664,-0.0141970385,0.03622338
-0.06497279,-0.020381505,-0.071531326,-0.02846902,-0.13859889
0.028578332,0.04894472,0.011717259,-0.028600886,-0.01703079
0.024430191,0.02273425,-0.025049869,-0.027327575,-0.059743516
0.078421906,0.03798336,0.032743473,0.029738275,0.004394833
-0.048024543,-0.03270259,-0.03098492,0.02592733,-0.15695107
0.079318926,-0.06806126,0.021136735,-0.06169392,-0.033974487
0.1155543,0.11078416,0.119238555,0.09297131,0.18230897
0.10464052,0.116436966,0.12331359,0.032840714,0.026674427
0.057856016,0.06889885,0.108242705,-0.025943344,-0.01681819
0.106429234,0.043774918,-0.014831695,-0.050781008,0.108015224
0.11131004,-0.08134991,0.0006965883,-0.057631508,0.07276385
0.044038255,-0.05561378,0.016594565,-0.02104337,-0.051105328
0.07629064,-0.02543267,0.0009250622,-0.03292983,0.01779204
0.0433255,0.04140107,0.041744515,-0.027593464,-0.080485135
-0.04755366,-0.0016757306,-0.018213606,-0.03454708,-0.041852802
0.015409731,0.08412736,-0.027260602,-0.069124445,0.018860318
0.08134529,0.022870969,0.044772502,-0.0018724203,-0.011106775
0.10287152,0.061829183,0.15663029,0.03885466,0.028089125
