Care,Fairness,Loyalty,Authority,Sanctity
Harm,Cheating,Betrayal,Subversion,Degradation
-0.0037665232,0.013460425,0.021925384,-0.008807369,-0.020002898
-0.025329398,-0.02375759,-0.026254749,-0.007239605,-0.08352168
-0.054064736,-0.12814374,0.056313407,0.007092338,-0.04004845
0.095050886,0.09169277,-0.0020008618,-0.009141896,0.083063304
-0.03589367,0.0011681803,-0.056964353,-0.0969356,-0.017995143
0.010549825,0.014393563,-0.004252167,-0.019398179,-0.044176977
0.027414218,0.07312642,-0.04982302,0.0061017326,-0.011037733
-0.13986376,-0.09626709,-0.027186742,-0.049117237,-0.01891626
0.024486307,-0.090970136,-0.08399162,-0.08451073,0.0064651575
0.16962484,0.08469457,0.1832489,0.086098105,0.14053294
0.0017593689,-0.0060569393,0.04380986,0.018909905,0.011849452
0.07062484,-0.0047146464,-0.028865535,-0.06342218,0.09141514
0.032110203,-0.016172435,-0.12522227,-0.050379194,-0.033941615
0.0273505,0.0724735,0.0324524,0.12115848,0.040360473
0.004545722,0.056658782,0.073396206,0.04871159,0.050760962
0.017471554,0.026357241,-0.073564254,-0.15943412,0.015045463
0.055283967,0.02054184,0.09130761,-0.02113929,-0.027445588
0.02735462,0.063825466,0.03400053,0.07939185,-0.055692263
-0.085875064,-0.058226652,-0.06417327,-0.060989536,-0.047063176
-0.08020545,0.013746437,-0.09052483,-0.094959475,-0.15467206
-0.029640682,0.08821176,-0.04062734,-0.003621284,-0.045273475
0.030528288,0.04082397,0.10778336,0.09783822,0.08200553
-0.030110067,-0.070247516,0.0023515308,-0.019705124,0.007290535
0.032519437,-0.035647083,0.107151195,0.010047518,-0.056335695
0.06257081,0.083083436,0.041330516,0.023501184,0.027187806
0.0003245212,-0.06714244,-0.06811958,-0.020400722,-0.086561255
0.016019674,0.01520841,0.04745106,-0.02432447,-0.10318816
-0.03410183,-0.06595506,-0.070929535,-0.0596186,-0.12824729
-0.019497849,-0.0034636809,0.047747202,0.04330601,0.062396914
0.057103522,0.015719125,-0.00026659202,-0.01813636,-0.032439817
-0.0399746,0.06583762,-0.053710803,-0.00961758,-0.13606387
-0.005309524,0.03804287,-0.082299955,-0.010595096,-0.15823063
-0.016433075,-0.06125924,0.051978853,0.035928015,-0.10813797
-0.05524359,0.06103656,0.055897836,0.025121968,-0.0014090035
0.013062319,0.033757478,0.010998005,-0.035139553,-0.0064368397
-0.034304388,0.02593042,-0.027861591,-0.020940654,0.069602355
0.004305491,0.044023834,0.07325173,0.04548846,-0.08559631
-0.008984298,0.03438292,-0.032029077,-0.067653626,0.006741971
0.10572724,0.106614865,0.13231862,0.05814147,0.08343939
