Care,Fairness,Loyalty,Authority,Sanctity
Harm,Cheating,Betrayal,Subversion,Degradation
0.054409098,-0.011403453,-0.036262706,-0.09688819,-0.084666
0.07618342,-0.051461194,0.026312783,-0.03446256,-0.024045782
0.06180911,-0.002798736,-0.00294221,-0.09507395,-0.04774219
-0.0058926716,0.11333364,0.12721106,0.060394045,0.023106217
-0.03553887,0.05929584,0.09669447,0.024097754,0.032214865
-0.082123384,-0.12583697,-0.18421108,-0.11717882,-0.15471756
0.011504568,0.0040968745,-0.04630411,-0.07512652,-0.01423358
