Care,Fairness,Loyalty,Authority,Sanctity
Harm,Cheating,Betrayal,Subversion,Degradation
-0.00028490694,-0.0074698953,-0.077401474,-0.036020458,-0.044678237
0.0076757446,0.11053501,0.035269573,0.13077542,0.008376343
0.09006778,0.053405534,0.037944518,0.035311993,0.015868966
0.051001295,0.018303007,0.03958942,-0.018832967,-0.02652819
0.05509663,0.009878248,0.16188975,0.03697809,-0.045446124
-0.037771627,-0.059027642,-0.08508253,-0.13502263,-0.1685324
0.014862318,0.05598252,0.05810199,0.053221405,-0.02359528
0.0015721028,0.062749624,0.062416203,0.013618909,-0.037460092
-0.0791873,-0.02319856,0.012958854,-0.030147893,-0.030850127
-0.022755306,0.098008394,0.04348989,0.041648384,-0.0013774438
0.09819777,0.13648158,0.14859521,0.08678681,0.013911873
-0.018984057,-0.032881394,-0.03554458,-0.039254293,-0.0076763504
0.08384751,0.12518334,0.14925951,0.06818999,0.050771493
0.06083054,0.06026776,0.08472791,0.059500724,-0.030812126
0.18074663,0.13973501,0.33055916,0.11233382,0.13067839
0.03588511,0.039093014,0.15903428,0.108737186,0.00071577914
-0.04587163,-0.020459972,-0.0036112778,-0.017231593,-0.027513053
0.07862081,0.076872826,0.07340218,0.05932381,-0.057153724
0.07945719,0.113887474,0.07596799,0.05536702,-0.01278789
0.0873763,0.19435593,0.0846089,0.015563147,-0.0020837337
0.004199298,0.0057225395,-0.0048948843,-0.018865742,-0.018777143
0.05099929,0.12983295,0.08175982,0.0661781,-0.01796619
0.067638345,-0.045896918,0.12920788,0.08183717,0.08199403
0.022274893,-0.011464439,0.07759395,0.12741074,0.046608638
-0.025573649,-0.038287334,0.008259045,0.08661203,-0.059485734
-0.10539201,0.0022534258,-0.1090217,-0.07525188,-0.10426628
