Care,Fairness,Loyalty,Authority,Sanctity
Harm,Cheating,Betrayal,Subversion,Degradation
0.050269,0.057200376,-0.065115765,0.0048398916,-0.04630779
-0.012657419,0.038787376,-0.049123485,-0.045425486,-0.043192808
0.011340613,0.029117107,0.0225797,0.034096964,0.061003298
0.050984886,0.044556677,0.0030125268,-0.048184082,-0.037157424
0.0057770982,-0.00033161417,-0.076933324,-0.02741246,0.05969612
-0.03520324,0.07938357,-0.0015174383,-0.009509964,-0.025156885
0.039610904,0.033764973,0.07771725,0.06365646,0.064651385
-0.062580355,-0.039769746,-0.0560837,-0.052239902,-0.053229176
-0.021589022,0.027527904,-0.07083992,0.04640817,-0.06396699
0.005968895,0.09791081,0.022418542,0.1437493,0.14358935
-0.04964013,0.0057447087,-0.076378375,-0.05336097,0.014876077
-0.007970767,0.014952825,-0.064376675,-0.07299725,-0.11115144
0.18805793,0.17974176,0.17107679,0.116153955,0.22631343
0.07316253,0.045878515,0.016086457,0.05822489,0.09184925
0.012942925,0.09288031,-0.07595043,0.033760816,0.027321711
0.027494108,0.011858659,-0.0251728,-0.04403664,-0.03419958
-0.0009871884,0.10261276,0.07371281,0.04950705,0.005518645
0.078952126,0.051953666,0.00417302,0.024450598,-0.069657505
-0.06869191,0.050982885,-0.11933255,-0.052072246,0.020712202
-0.08477073,-0.032343082,-0.11637841,-0.073336795,-0.030506954
0.092563055,0.023147512,0.0091262385,-0.0101050455,0.07248142
0.09112464,0.09857486,0.06558581,0.031262577,0.07967455
0.010140248,0.022165738,0.027073488,-0.04631773,-0.07478834
0.026688065,0.12004639,0.014134329,0.01763003,0.06343693
-0.058016565,0.05991193,-0.07786092,-0.09811784,-0.12987612
0.038719665,-0.028246438,-0.048431102,-0.042478386,-0.058878608
0.049154676,0.07394097,0.08266993,0.07016331,0.032882847
