Care,Fairness,Loyalty,Authority,Sanctity
Harm,Cheating,Betrayal,Subversion,Degradation
-0.03627879,0.031655055,-0.060907032,-0.0515066,-0.016263766
0.033955522,0.034203265,-0.033134744,-0.0060175946,0.055844825
0.040034384,0.049186856,-0.010653606,-0.0127276145,0.010254364
0.0035760761,-0.02359891,0.017726623,-0.004120579,-0.037283577
-0.007933408,0.0019462109,-0.005478017,-0.066178866,0.034390144
0.023171704,3.1270087e-05,-0.054581236,-0.10244323,-0.019235738
0.026239263,0.00026322342,-0.0013509551,0.020021398,-0.054343425
0.026239263,0.00026322342,-0.0013509551,0.020021398,-0.054343425
0.037444785,0.05093117,0.07114,0.036204483,-0.064745545
-0.04170768,0.05387508,-0.034132004,-0.011450968,-0.038191978
-0.07370577,0.096699186,0.012139967,-0.010601802,0.101416096
-0.00999902,0.054511093,0.01781572,0.024473567,0.06419864
-0.060563184,-0.0630489,-0.106164485,-0.03502247,-0.030086033
0.01758502,0.055217154,0.02659665,0.0052702054,-0.015642159
-0.15258583,-0.041403398,-0.075782225,-0.120108396,-0.04559346
-0.21538559,-0.04459788,-0.16509241,-0.06335046,-0.06824189
-0.02818286,0.02799065,0.054556392,-0.00021275645,0.03668421
-0.1593133,-0.050184954,-0.11065847,-0.1464405,-0.064086765
-0.08040512,-0.14290787,-0.15074371,-0.1749812,0.012594787
-0.19333886,-0.130003,-0.14526987,-0.15578547,-0.008393588
