Care,Fairness,Loyalty,Authority,Sanctity
Harm,Cheating,Betrayal,Subversion,Degradation
0.00514749,0.062949896,0.022694109,0.0043280274,-0.061657295
-0.0053848242,-0.06827432,-0.031867053,-0.044119336,-0.08781231
-0.004590612,-0.0019625137,-0.09060676,-0.08755022,-0.06661817
-0.012206811,-0.0349387,-0.055000924,-0.0756599,-0.15198617
0.016312467,0.0060832174,-0.094004974,-0.051314056,-0.061968446
0.015632804,0.078098804,0.008951282,0.012713153,-0.06615348
-0.01462945,-0.024528226,0.008442907,-0.07769262,-0.09573406
-0.109350905,0.060317904,-0.003807813,0.006350031,-0.08944633
-0.0315787,0.014892205,-0.020168357,-0.06398933,-0.12064551
0.14355153,0.0892087,0.07272885,0.20040987,0.054661084
0.055899642,0.02596348,0.028159063,0.043187287,0.060105287
