Care,Fairness,Loyalty,Authority,Sanctity
Harm,Cheating,Betrayal,Subversion,Degradation
9.106612e-05,0.027213473,-0.009299174,-0.03809218,-0.101456024
-0.029250138,0.007705354,0.045364797,0.006532036,0.06808917
0.02623934,0.00026334822,-0.0013508387,0.020021472,-0.054343365
0.02623934,0.00026334822,-0.0013508387,0.020021472,-0.054343365
0.0761068,0.035802618,0.12755877,0.08349131,-0.06694642
0.0005536645,0.02463739,0.028860934,-0.06261832,-0.041536316
0.018183548,0.015034739,0.033189997,0.034023322,0.005358886
0.04003475,0.10642269,0.115023576,0.023634074,0.022190489
0.079410106,0.11565268,0.12711596,0.21340376,0.09442124
0.016630571,0.07344406,0.036283992,0.00061252806,0.0061205644
0.044428386,0.063915506,0.02027449,0.068256155,0.08463368
0.09809249,0.16357385,0.047491074,0.09188024,0.0006188657
0.077383846,0.10348995,0.10928224,0.008422329,-0.0057125757
0.043938857,0.011149297,0.020334007,-0.057716034,-0.032240156
-0.040045537,0.081042364,-0.01860701,-0.050877064,-0.05725627
0.04112292,0.094396375,0.13106562,0.084323406,0.009876765
0.05775923,0.011435847,0.07613567,0.062760286,-0.012207926
-0.12583712,0.033774946,-0.036007933,-0.110384695,-0.035377502
-0.05232721,-0.066334784,-0.10271639,-0.10329871,-0.008977735
-0.042107873,0.064483225,-0.006375499,-0.11336738,0.030958837
0.049601402,0.044685274,0.09000764,0.03988813,0.016358595
0.003959598,0.030343873,0.079748854,0.10325324,0.14255235
0.0017281305,0.0747446,0.12139288,0.065554604,0.06360629
0.010604015,0.041369595,0.08234264,0.084432624,0.03203065
0.011430658,0.046188302,0.048978433,-0.10995615,-0.09836291
0.0073715877,0.036881942,0.06504065,-0.02249111,-0.031205311
-0.013731867,0.015225409,-0.06196235,0.045325264,-0.011413427
-0.075318664,0.024324093,0.029336855,0.10650604,-0.03316478
-0.063526735,-0.01777101,-0.03917312,0.020653142,-0.039687164
