Care,Fairness,Loyalty,Authority,Sanctity
Harm,Cheating,Betrayal,Subversion,Degradation
0.0036441456,-0.0002699066,-0.03337176,-0.057149246,-0.101484194
-0.009297762,-0.02728048,-0.032089084,0.09061674,-0.01032031
-0.04564427,0.06563316,-0.033994645,-0.018097483,-0.064996436
0.05719638,0.01814239,0.004368309,-0.10731648,-0.13426575
0.03572291,-0.071418434,0.038215365,-0.043490108,-0.068713
-0.026900724,0.14696088,0.07108289,0.022038879,-0.10665094
-0.046228107,0.09773546,0.04656328,0.06208457,-0.055557694
0.0066309683,0.045436088,0.06666279,0.0922526,-0.0041951276
-0.05547463,0.07583176,0.074718155,0.024681345,-0.06861611
-0.10493398,0.056221195,0.007437745,-0.07483893,-0.1424911
-0.060960628,0.014732596,0.010364694,0.008636463,-0.17997229
0.07868892,-0.042841233,0.09509101,-0.05691359,-0.049201857
0.09290695,0.05468431,0.08907294,0.019995572,-0.023203537
0.072000444,0.040171776,0.03334564,0.013081282,-0.024999242
0.10867068,0.019761339,0.06287372,0.033804856,-0.00083709136
0.048017304,0.08964309,0.05621004,5.35571e-05,-0.07347326
0.085565016,-0.03442331,0.018709641,-0.001712082,-0.06236897
0.04554205,-0.000562896,-0.035973214,-0.07472317,-0.0063594
0.03659771,-0.010680309,0.008307,-0.004528515,-0.03664216
0.04456092,0.015864614,0.00050157774,-0.021057978,-0.058561794
-0.026806071,0.088087484,0.01709672,0.057956643,-0.07115395
0.04953069,0.08770266,0.09743713,0.07929422,0.053990144
0.0005100705,-0.007806178,-0.035272464,-0.030134415,-0.052420378
0.1633256,0.14045323,0.23771587,0.13733403,0.06107679
-0.023329288,0.014825067,-0.004054785,-0.019985009,-0.097862095
