Care,Fairness,Loyalty,Authority,Sanctity
Harm,Cheating,Betrayal,Subversion,Degradation
0.09882432,0.049738757,-0.05644597,-0.053126983,-0.068607405
0.035395738,0.10524517,0.06120438,0.10269952,0.015205119
-0.013007963,0.07671322,0.06724075,0.040326733,-0.12378189
0.058871888,0.13120711,-0.0016312841,0.042393126,-0.030739186
0.073215015,0.09662557,-0.0309361,-0.021542728,-0.0015403219
0.09891201,0.02036965,0.09192673,0.047732674,-0.08274108
0.007024275,0.062451415,-0.0034846547,0.09864293,-0.042209014
0.0077958554,0.14259717,0.020743877,-0.08993452,-0.090921625
-0.068531394,-0.016303774,-0.10588214,-0.00064707175,-0.03408835
0.056988496,-0.04034482,0.04769539,-0.06627631,0.029331852
0.08223154,0.15061893,0.08723011,0.0759173,-0.028879087
0.056592427,0.10799806,0.06798834,0.060100477,-0.09814036
