Care,Fairness,Loyalty,Authority,Sanctity
Harm,Cheating,Betrayal,Subversion,Degradation
-0.008805054,0.00062893704,-0.019246336,-0.033546314,-0.08683568
0.022733964,0.0094210245,0.079226136,0.025213182,-0.039353143
-0.029596196,-0.04577819,-0.033972707,0.005100456,-0.109687746
0.043990836,0.011036221,0.06325733,-0.017740864,-0.028772067
0.10986766,0.045405064,0.13902189,0.03322972,0.037994467
-0.004830935,-0.031572293,0.00091905147,-0.055421073,-0.05762328
0.036870487,0.0555713,0.08988874,0.111875795,0.0029088315
0.009170949,0.0056226347,-0.011618014,-0.036302697,-0.022784509
0.14924216,0.09347675,0.11847624,0.1120897,0.05582226
0.01886104,-0.069385864,0.0076684095,-0.06372136,0.010147888
0.07162151,-0.07488021,-0.013080903,0.0008230815,0.0686333
0.1022208,0.062835306,0.116294414,0.103572346,0.037966583
0.090031534,0.07283154,0.15886733,0.12874913,0.061015666
0.07602826,0.061509218,0.05886449,-0.0056064203,-0.047437403
0.10262924,-0.019091008,0.046386056,0.058148883,0.02203179
0.04721134,0.0005414486,0.11086747,-0.07185626,0.042559683
0.05154106,-0.099496394,0.00819484,0.0371564,-0.12370956
0.092474505,0.111848265,0.112570375,0.07586944,-0.00080131553
0.03671901,-0.020129785,0.019738613,0.01841553,-0.049232513
