Care,Fairness,Loyalty,Authority,Sanctity
Harm,Cheating,Betrayal,Subversion,Degradation
-0.010744431,0.015790936,-0.028638635,-0.012361457,-0.055731446
0.013425231,0.06345636,-0.03276051,-0.013443343,-0.02972886
0.04484025,-0.028117973,0.042076252,-0.008839475,-0.10274355
0.03006952,0.07068923,0.035710916,-0.009833842,-0.056013044
0.012317607,-0.06771504,0.021615941,-0.03549772,-0.08112851
0.032361254,0.105603196,0.025449,-0.014817747,-0.0017932011
0.091470726,0.07649812,0.031265296,-0.0023536421,0.041452166
-0.04771392,-0.05050857,-0.02901069,-0.06062795,-0.017064774
0.0072349533,0.08254105,0.056229487,0.02436388,0.0077745877
0.021925703,0.019628685,0.03315664,0.04466562,0.037438296
0.042338204,0.0039134547,-0.04176519,-0.005627893,0.0046764817
0.05583502,0.00090423226,-0.077283025,-0.039308835,-0.058046363
0.07890479,-0.02151925,0.0067141624,-0.07135709,-0.10613825
0.07293311,0.1176765,0.07641456,-0.0084144175,-0.055299565
0.06903808,0.041127995,0.081951156,0.008389431,-0.050213255
0.07479421,0.12005468,0.18277082,0.093079016,-0.087383464
0.024407715,0.0056909136,0.024372373,0.011564599,0.0007161498
-0.032663442,-0.0027328692,-0.009462424,-0.0631582,-0.04326292
-0.017401151,-0.03257428,-0.010577915,-0.025878074,-0.08660731
0.014890117,-0.018817157,-0.034430362,-0.07196526,-0.086254895
0.007854393,0.0861518,0.0272108,-0.020362355,-0.054604337
0.017304558,0.124970995,0.039432216,0.06191904,0.01781526
