Care,Fairness,Loyalty,Authority,Sanctity
Harm,Cheating,Betrayal,Subversion,Degradation
0.051867433,-0.0015429724,0.004976442,-0.044787742,-0.026704777
0.014454814,0.09512447,0.037747916,-0.01799535,0.01734506
0.11205733,-0.004165869,0.06491243,-0.08484391,0.01868976
0.0111677805,0.022507071,0.027824081,-0.026011266,-0.043359794
0.10562258,0.075963706,0.07077514,-0.04976191,0.0035182089
0.14587973,-0.02057966,0.10524937,-0.02467712,0.034522682
-0.0078776805,0.07211453,0.043075565,-0.0099828215,-0.027002055
0.1264511,7.355446e-05,0.027316136,-0.030878104,-0.087955624
0.06317899,0.035185564,-0.010831409,-0.16410486,0.011695303
0.072912514,0.019584559,0.05807563,-0.12788667,0.06132375
-0.07564834,-0.17397916,-0.04091437,-0.12714793,-0.10821151
0.014823199,-0.037640348,-0.06303728,-0.062566325,-0.10669288
0.0073046926,0.050199065,0.050293367,0.059670493,-0.07545018
0.07165319,0.058118638,0.11953428,-0.01477455,0.09063628
0.05350757,-0.088626914,0.038618587,-0.061124746,0.025131661
-0.060690045,-0.04274887,0.02103632,-0.0071917158,-0.045977358
-0.015040831,0.02834583,0.074926265,0.048863158,0.02903573
-0.02502034,-0.0028980635,0.07227484,0.02994315,-0.11583667
0.06280974,0.027783714,0.045230825,0.01746891,0.009496439
0.048729155,0.030202951,0.14542305,0.0826987,0.112184584
-0.016699757,0.0012978725,0.018719751,-0.041244995,-0.0050146226
0.010136841,0.032608103,0.037968047,-0.049390454,0.028117463
-0.022087578,0.06483948,0.071282506,0.028740594,-0.042642046
