Care,Fairness,Loyalty,Authority,Sanctity
Harm,Cheating,Betrayal,Subversion,Degradation
0.008581088,-0.06690749,-0.073541954,-0.07078189,-0.09753275
0.058329426,-0.042713508,-0.037072487,-0.003556881,0.052070547
-0.007325623,0.035174105,-0.0375342,-0.025231648,0.009992883
-0.04454737,0.013121728,-0.10137831,-0.061156437,-0.11046957
-0.07027775,-0.04689964,-0.07526757,-0.07412937,-0.07850575
-0.078976735,-0.021240149,-0.06440652,-0.088506706,-0.07553464
-0.022370508,0.0065527614,0.13214451,0.08150551,0.0050116796
-0.0043153437,0.0808193,-0.019750824,-0.0139515195,-0.0768967
-0.052472174,0.035529096,-0.043228403,0.00019371184,-0.010301398
-0.045112945,0.018114906,-0.056798548,-0.036579527,0.00566978
0.07968454,-0.0015409738,0.05210848,0.055267125,0.04852119
-0.043148212,-0.019356366,-0.08479871,0.006608106,0.00078647956
-0.08967322,0.046548273,0.050838307,0.12893261,0.10062311
-0.061249856,-0.023186415,-0.12740031,-0.08246385,0.062459495
