Care,Fairness,Loyalty,Authority,Sanctity
Harm,Cheating,Betrayal,Subversion,Degradation
0.021349028,0.0719766,0.040261883,0.0034523066,-0.080008045
0.07843995,0.11290138,0.15825261,0.043737482,0.021192769
0.10779948,0.08563123,0.05000669,0.037847586,-0.041801725
0.10978783,0.03783503,0.055594094,-0.07517189,0.025771186
0.109666705,0.054096196,0.07430182,0.080104806,0.048898526
0.047810964,0.06948732,0.20303516,0.13590643,0.045745738
0.019181738,0.014345364,0.016929729,-0.0065612476,0.025495244
-0.063291006,0.0026011164,-0.016322054,-0.02978371,-0.13738595
0.009216443,0.03163436,0.08074322,0.056288447,-0.011319135
0.04647087,0.0047563016,0.08175507,0.015692338,-0.045992885
0.01893145,0.046458565,0.08662808,0.06264656,-0.00054677203
0.029226681,-0.0067723095,-0.074763544,0.057836898,0.012885558
0.04350073,0.0110070575,-0.025559368,-0.051487178,-0.08757351
-0.042275317,0.011461255,-0.026327236,0.043218292,-0.025650822
-0.013026048,-0.028269816,0.053901587,0.06035728,-0.07885464
-0.023762725,-0.06687904,-0.07318179,-0.03955464,-0.070741214
0.055783913,0.025411136,-0.010679993,0.023370646,-0.055809118
0.07557254,-0.00078087486,0.05295655,0.051444292,-0.056374103
0.029761482,0.034377318,-0.019176746,-0.06032359,-0.039081845
0.07042828,0.110516615,0.08696409,0.053501673,0.04723339
0.04290825,0.09198707,0.15323348,0.06070739,0.14300025
-0.034229252,0.054252014,0.04015149,0.0032835174,-0.05814851
-0.011115649,0.0715961,0.030653689,-0.02339157,-0.07716048
-0.025762241,0.044308327,0.018833093,0.007002609,-0.058227234
0.016984642,0.07178268,-0.043388985,0.055179372,0.0025928598
0.01591469,0.06629134,0.15252268,0.089203574,-0.002388549
0.0523561,0.12427291,0.041428212,0.07619943,0.08772074
