Care,Fairness,Loyalty,Authority,Sanctity
Harm,Cheating,Betrayal,Subversion,Degradation
-0.080518074,-0.02645999,-0.023872353,-0.026490005,-0.0137919085
-0.0023668413,0.02538904,-0.018325508,0.014749326,0.008779159
-0.050329126,0.023376038,-0.072530545,-0.10276633,-0.12757897
-0.04279557,-0.05583126,-0.040663596,-0.011954188,0.0032977294
-0.08370896,-0.011221394,-0.087576725,-0.017031655,-0.060502935
-0.19526361,-0.07425224,-0.13001335,-0.06515668,-0.13067792
-0.12153965,-0.0031956732,-0.06613667,-0.061449125,-0.13561743
-0.040695094,-0.036422346,-0.08563347,-0.054900628,-0.08299276
-0.117758155,-0.015653608,-0.04913511,-0.05200106,-0.060715113
-0.08711398,0.08731587,0.10324356,0.12906507,0.15904862
-0.033481136,-0.10533783,-0.17699069,-0.050295092,-0.08920949
-0.04980899,-0.047898244,-0.044308458,-0.05383873,-0.06647013
0.080654636,0.06762336,0.089296944,0.015658902,-0.0024145087
-0.046427872,-0.029019117,0.012700079,0.0107389,-0.054447442
-0.034324016,0.0063242624,0.02436525,-0.022373404,-0.052126225
-0.08461267,0.012736885,-0.10278523,-0.07492965,-0.11033727
-0.021168407,-0.04941919,-0.0701409,-0.06920969,0.09815465
-0.047200758,-0.046315495,-0.063716486,-0.07178082,-0.05019664
-0.019170422,-0.027550485,-0.07090871,-0.05111316,-0.12110279
-0.05347354,-0.09883723,-0.13132638,-0.06154961,0.011353898
-0.088621214,0.011019412,-0.06374577,-0.07813422,-0.066504404
-0.049704403,0.10513697,-0.08105165,-0.06795181,-0.07531212
-0.066689864,0.01015785,-0.023743564,-0.06674029,-0.073756814
0.09404402,0.0421701,0.07779061,0.03260329,-0.062358268
