Care,Fairness,Loyalty,Authority,Sanctity
Harm,Cheating,Betrayal,Subversion,Degradation
-0.010803824,-0.0024496168,-0.04843858,-0.008694554,-0.10825951
0.0033309506,0.017443676,0.06821714,0.011683019,0.08527792
0.002503585,-0.041585334,0.0042937146,0.042785384,-0.041426867
-0.004007615,-0.12135661,-0.023550969,-0.008470777,-0.046079226
0.044460114,-0.057300318,-0.049666118,-0.0697521,-0.03680384
-0.038781956,-0.13787945,-0.15776604,-0.090319306,-0.12119843
0.029721506,-0.030096587,-0.083866626,-0.061038263,-0.010579174
0.08540191,0.007922657,-0.015544513,0.019301103,-0.04790582
-0.05833567,-0.0027549588,-0.05189924,-0.005596607,-0.12812352
0.0074380683,-0.040223468,-0.06099284,-0.03553123,-0.17110977
0.018530296,0.02986355,-0.02882388,-0.021048281,-0.11914517
0.040793892,-0.053068407,-0.07141031,-0.08232279,-0.017930206
0.053403813,-0.0071850307,-0.09328617,0.0029803198,-0.04334915
-0.07084567,-0.13278845,-0.049275834,-0.10200878,-0.15401584
0.015464062,-0.001935788,0.06287387,0.023680996,-0.024222288
0.03824373,-0.057398725,0.0016839411,-0.028612759,-0.04928416
0.041785352,0.023386316,0.026913427,-0.00501932,-0.06689252
0.097219124,0.0001605507,0.01645247,0.07078535,0.022705529
0.03496628,-0.0024512513,0.029980034,0.051654488,-0.03781006
6.360561e-05,0.015391508,0.025802214,0.006595775,0.055366524
-0.03897431,-0.08680043,-0.088925004,-0.07771863,-0.15250379
0.06588131,-0.014903186,-0.0023455694,-0.033195443,0.026832964
0.02581007,0.025027465,0.052622594,0.01869949,-0.033338994
-0.06325251,-0.033796098,-0.056219947,-0.025765996,-0.12846443
0.056284096,0.026930362,0.047829796,0.10868139,-0.03284596
0.017100371,-0.023056678,-0.076547906,-0.05982601,-0.0058304053
0.01005853,-0.06159937,0.013731515,-0.035393562,-0.10585934
-0.047025044,-0.0224689,-0.05208233,0.009212375,-0.04447294
0.064912684,-0.03325727,-0.036906548,-0.06301993,-0.0025549568
0.039864026,-0.061266545,0.021502309,0.018293157,0.019043425
0.03491465,-0.036160827,0.06911802,0.0029497184,-0.046209395
0.03942075,-0.0037041046,0.031956676,-0.089916825,-0.09146722
0.013407711,-0.05613471,-0.012660116,-0.05344314,-0.11196593
-0.07013853,0.018332653,-0.05066604,-0.12870786,-0.12441082
-0.07036414,0.022457538,0.016368516,0.016414624,-0.074340366
0.00038945512,0.032746665,-0.025974866,-0.036670513,-0.09603123
0.014357671,0.01228348,0.037397586,0.07314939,-0.045860104
-0.022942452,-0.025161656,-0.04847134,-0.02669844,-0.08046083
