Care,Fairness,Loyalty,Authority,Sanctity
Harm,Cheating,Betrayal,Subversion,Degradation
-0.07398766,-0.03228159,-0.11664623,-0.09658644,-0.1102918
0.056357972,0.026911292,-0.109633535,-0.14052644,-0.113628
0.080486566,-0.0023701936,-0.0036648782,-0.039305136,-0.062172916
-0.003973102,0.051015757,0.004321417,-0.06001381,-0.08962805
-0.08483045,-0.075647,-0.074611366,-0.047544204,-0.013811782
-0.04311783,-0.062897205,-0.060984597,0.014667038,0.04556099
0.0021783921,-0.02906797,0.0230573,-0.011996405,-0.029331781
-0.051086735,-0.051642243,-0.07027829,0.047418967,-0.014015239
-0.016920008,-0.018078439,-0.024457935,-0.015009542,-0.036477968
0.014352355,0.062647566,-0.012476001,0.0015106983,-0.06939538
0.00090265647,0.008648524,-0.018689321,-0.06514955,-0.14725643
-0.0561122,0.02366411,0.02928836,-0.06339407,-0.05736487
-0.021684278,0.017869666,-0.023034971,-0.03292078,-0.02192954
-0.08440991,-0.030766815,-0.084414855,-0.09409947,0.0034892485
-0.09244108,-0.067745954,-0.0771599,-0.08814579,-0.18788937
-0.085161015,-0.038773485,-0.11667502,-0.14749938,-0.14364702
-0.067595005,-0.04078267,-0.09491714,-0.099970266,-0.084500775
-0.040464208,0.03068345,-0.028703446,-0.04481616,-0.09212047
-0.057572186,0.072912164,0.039256252,-0.10096936,-0.064457975
0.061448716,0.09524859,0.067432575,-0.017442558,-0.027780153
-0.12992303,-0.05031202,-0.040924206,-0.05583077,-0.01677019
-0.073286876,-0.028431524,-0.051403236,0.002659537,-0.1110045
0.043111123,0.058587544,0.15756954,0.032606017,0.07692629
-0.08890233,-0.04261257,0.016881684,-0.07897383,-0.2020312
-0.10209243,-0.059681192,-0.07986996,-0.07219831,-0.05583688
-0.046443187,0.06605959,-0.02340642,0.06451605,0.0286972
-0.03310477,-0.020131554,-0.0037136795,0.029011302,-0.012268031
-0.09186752,-0.019588687,-0.07899544,-0.10509846,-0.09557873
-0.02866024,-0.046156622,-0.16293044,-0.10005623,-0.1143857
0.036491003,-0.019952806,-0.07213217,-0.09157519,-0.048210733
-0.09336226,-0.051754862,-0.11934948,-0.1266935,-0.17232412
0.048291646,0.01614526,-0.025600484,0.0013749879,-0.0008912366
-0.0031963042,-0.064224474,-0.0001333449,-0.09716245,-0.10625045
