Care,Fairness,Loyalty,Authority,Sanctity
Harm,Cheating,Betrayal,Subversion,Degradation
-0.008120493,0.010524385,-0.044776678,-0.08033946,-0.011129018
-0.04561047,0.07258559,-0.009316996,-0.06355031,-0.036931194
0.013817573,-0.0469413,-0.083868474,-0.10002245,0.07693109
0.013428213,0.00076854974,-0.028692424,-0.08815202,0.008386072
-0.060486306,0.006591186,-0.014632952,-0.0479543,-0.06868874
0.15332955,-0.032909036,0.13550584,0.0508299,0.1569947
0.012917161,-0.011584758,0.0072651803,0.018051237,0.056593236
0.019238323,0.051061176,0.07022701,0.058829494,0.08811292
-0.02989036,-0.03599662,-0.11122492,-0.12391628,-0.123556435
0.041510142,0.015699971,0.10593417,0.037795287,0.01045268
-0.014883459,-0.020553835,-0.03233373,0.032915927,0.024586955
-0.005411623,0.025713537,0.05430629,0.017633207,-0.020587046
0.08546339,0.07789243,0.06261511,0.0955023,0.08067317
0.04412742,0.089956924,0.08723999,0.07432302,0.10156695
0.038600888,0.13283217,0.16859569,0.07515608,0.03630265
0.026549695,0.08617278,0.05964234,0.027130235,0.10342404
-0.08115044,-0.05794184,-0.044771094,-0.003986299,0.03291811
-0.0389319,-0.07624212,-0.075791925,-0.02186212,-0.0058499575
