Care,Fairness,Loyalty,Authority,Sanctity
Harm,Cheating,Betrayal,Subversion,Degradation
0.07991794,0.076835886,0.0009713401,0.039428033,-0.03623572
-0.009434082,-0.016470589,-0.05994959,-0.07159439,-0.044826187
0.06457928,0.07041055,0.041300505,0.06802942,0.00764969
0.12569141,0.096207574,0.036046874,0.037709184,-0.024112916
0.12510574,0.08093883,0.20944458,0.028083345,0.105294794
-0.031499136,-0.013807029,-0.019803764,-0.0074933236,-0.12694964
0.21243447,0.07199682,0.10769329,0.11596492,0.09756824
0.06874847,0.13789472,0.14772251,0.14423852,0.11604339
0.048075505,0.09972735,0.03974372,0.1376752,0.007346957
0.03887972,0.04928435,0.038277514,0.028933719,-0.044605788
-0.071994334,-0.023625527,-0.012210768,-0.11891267,-0.1608474
0.11657641,-0.0029093483,0.08668609,-0.03433708,0.061873764
0.04872541,0.06947149,0.08825788,0.04049837,-0.0052746665
0.18779927,0.15178105,0.11679854,0.17033409,0.07592235
