Care,Fairness,Loyalty,Authority,Sanctity
Harm,Cheating,Betrayal,Subversion,Degradation
0.019339157,0.018707842,-0.024548594,0.02005744,0.03796535
0.04284799,-0.013425458,0.05550392,0.023728061,0.053337276
0.00428986,-0.0074800374,0.020867767,-0.008048074,-0.05656017
-0.025715504,-0.0067165904,0.037992846,-0.013734404,-0.07186966
-0.013366687,0.05888848,0.043885656,-0.03052728,-0.11316138
0.07308025,0.0613818,0.16686428,0.053881317,0.005502021
-0.020231258,-0.13359702,-0.110417664,-0.15412822,-0.14840238
-0.10246723,0.05942321,-0.039295234,-0.104835674,-0.121113025
-0.0043087313,0.15577778,0.09147487,0.015032261,-0.043520592
-0.056888867,0.02869872,-0.04925372,-0.07530114,-0.10783579
0.026166447,-0.012056444,-0.02964377,-0.07559824,-0.05959081
0.11488315,0.14006956,0.14042789,0.013396208,-0.03940936
0.03400501,0.0958551,-0.0073293773,-0.038969807,-0.1333292
0.020381736,-0.06749373,-0.018110754,-0.005169928,-0.039815124
-0.039493196,0.07682665,0.117251776,0.079529926,0.025820894
0.0022664517,-0.05230212,0.05471093,-0.010455411,-0.023247734
-0.18286514,-0.11702115,-0.13674226,-0.04456588,-0.16576944
-0.08931181,0.035724837,-0.033474393,0.0017141495,-0.049169324
0.07156697,0.04323438,0.13977695,0.0014523873,0.0782381
0.056396604,0.0763984,0.079957515,0.017681718,-0.03333994
0.030650847,0.0518873,0.028255662,-0.008143369,0.015436039
