Care,Fairness,Loyalty,Authority,Sanctity
Harm,Cheating,Betrayal,Subversion,Degradation
-0.017195847,-0.03499067,-0.04225927,-0.041271888,-0.09000729
-0.055810228,-0.03142959,0.02250482,0.011946082,-0.02443289
-0.03685364,-0.0077345776,0.0006913096,0.01739015,-0.117191724
-0.05353667,-0.029362231,-0.04361531,0.019658722,-0.057199903
0.0038074404,0.11284635,0.1164515,0.07206844,-0.030737387
0.11809314,0.12407331,0.17257881,0.14845219,0.025315002
-0.025650807,0.020614935,0.06809253,0.012320882,-0.024362778
0.041990016,-0.03452599,-0.022186581,-0.08383319,-0.037736602
-0.0119657945,0.042831346,0.06614394,0.038472906,-0.02937046
-0.022938846,0.08505443,0.06832322,0.16295229,0.009298345
-0.120888606,-0.009046995,-0.03363785,-0.05107798,-0.09482199
0.036551632,-0.01947956,0.098043114,-0.03278776,-0.033806726
0.03808001,0.014207602,0.005420634,0.023912048,-0.015679607
-0.017653376,0.017149683,0.074843705,0.12241548,0.022022722
-0.06462948,-0.016239788,-0.10312885,-0.09161568,-0.055807438
0.0810383,0.0984926,0.17092623,0.04339791,0.092954695
-0.04183381,0.021810342,-0.04275408,0.0027122796,-0.08263725
