Care,Fairness,Loyalty,Authority,Sanctity
Harm,Cheating,Betrayal,Subversion,Degradation
0.004507629,0.029580887,0.02448834,-0.0034142956,-0.0591951
0.02743069,0.024461169,0.07323615,0.084725924,0.060791116
0.015484565,-0.017029066,-0.033266168,-0.031379763,-0.034436293
0.08228669,0.030121244,0.18670031,0.08741193,0.12882742
-0.06671866,-0.118758075,-0.049233355,-0.08210869,-0.07774317
-0.13102731,-0.083950825,-0.15737063,-0.16092315,-0.19666713
0.0019723307,0.028073754,-0.031976167,-0.05101684,-0.09544045
-0.056067936,0.018830597,-0.085108876,-0.103833854,-0.15449148
-0.08512561,0.034158155,-0.08380522,-0.015609091,-0.11700343
0.062207658,0.022036895,0.08016731,0.006657444,-0.038382575
0.09461765,0.024118789,0.0096607655,-0.04374303,-0.056194134
0.11677161,0.070030704,0.080764085,0.039701372,0.026780512
0.02189871,0.1231457,0.11277452,0.13809013,-0.0016686423
0.06941845,0.045376405,-0.019213008,-0.08166061,-0.028024236
0.02623934,0.00026334822,-0.0013508368,0.020021476,-0.054343365
0.02623934,0.00026334822,-0.0013508368,0.020021476,-0.054343365
0.045290153,0.13612077,0.16078702,0.12419647,0.14783569
0.057041787,0.035525978,0.06765133,0.04383751,0.066880904
-0.013313336,0.057678454,0.064654686,0.08805959,0.075290956
0.01865881,0.0034518982,-0.005251973,-0.0042363163,-0.0036176965
