Care,Fairness,Loyalty,Authority,Sanctity
Harm,Cheating,Betrayal,Subversion,Degradation
0.040259123,0.16918206,0.067705005,0.11311093,0.01766734
0.018485341,0.123925224,0.038032863,0.08864824,0.050307676
-0.012780952,0.0030175038,-0.016507907,-0.017389309,0.052896667
0.09379445,0.18211803,0.2361124,0.1858922,0.092259064
0.008344981,0.048360445,0.039009757,0.03192371,0.036296315
0.033340227,0.121878654,0.031562347,-1.8712133e-05,-0.027431352
0.105231166,0.07342424,0.1049317,0.11645186,0.095213324
-0.010294042,0.095678166,0.025092535,-0.06869397,0.021987304
