Care,Fairness,Loyalty,Authority,Sanctity
Harm,Cheating,Betrayal,Subversion,Degradation
0.01825115,-0.054555442,-0.0006607324,-0.09755632,-0.18960086
0.082023285,0.08834922,0.16125111,0.06468071,0.021670867
0.07445924,0.09440772,0.08729877,0.015435257,-0.0022582933
0.19818836,0.109820314,0.14819127,0.041336227,-0.030070376
0.03918667,0.018280173,0.05799858,0.004670689,-0.05965294
-0.053499557,-0.10022792,0.0243552,-0.07621649,-0.16724545
0.0883052,0.045896076,0.08338231,0.039839648,0.0068251695
0.00017006323,0.0262658,0.008370682,-0.015218262,-0.03583965
0.09984505,0.035012275,0.11867982,0.0038038734,0.028018296
0.038272128,0.060962215,0.11438726,0.03386769,-0.013455288
0.04266114,-0.025089253,-0.003656081,-0.030875191,0.0036360659
0.01587131,0.15909976,0.15239632,0.103361174,-0.07370973
0.052810557,0.16389468,0.17304459,0.12610643,0.039488807
0.064033814,-0.021496568,0.0615426,0.058641978,0.036431998
