Care,Fairness,Loyalty,Authority,Sanctity
Harm,Cheating,Betrayal,Subversion,Degradation
-0.047901716,0.08391145,-0.07548023,-0.06838298,-0.12417723
-0.01142884,0.09309207,0.028046113,0.16455527,0.07961647
0.03187276,0.147419,0.10081588,0.14411767,0.042991735
0.020512637,0.14433922,-0.013929116,0.03861911,-0.0511328
-0.027098343,0.060843576,0.030991275,0.07911603,-0.04861085
0.0067512095,0.06273409,0.031952526,0.02000102,0.006919237
0.0066932524,0.12644847,0.07325086,0.058287732,0.016319506
0.0019448884,0.15648,0.0760927,0.12217139,-0.008176019
0.023086313,0.12797087,0.074708566,0.026079811,-0.010680518
0.0021810257,0.029161453,-0.002432961,-0.0016761478,-0.062267166
-0.034527916,0.086810246,0.018580787,0.024259152,-0.06355331
0.09202838,0.103397034,0.08166723,0.0110507235,-0.022495404
0.07752732,0.08795107,0.13777465,0.016209409,-0.08851954
-0.099843524,0.059646573,-0.11451849,-0.012486601,-0.08037386
-0.024840096,0.06435019,-0.021396177,0.008875502,-0.07403588
-0.04452427,0.123746194,0.0003885366,0.051499322,-0.09373088
0.041860446,0.25404763,0.19836697,0.1244286,0.069209546
0.0025386233,0.061787568,0.08798691,0.03121352,-0.075821705
-0.059780654,0.076779395,0.056548476,0.064091146,-0.050070427
-0.08704895,-0.06744073,-0.07265093,-0.07390594,-0.010220954
-0.01124458,0.1309012,0.086530164,0.06791879,-0.039926913
0.093706965,0.114912644,0.122021906,0.13763437,0.0969633
0.08912405,0.09147154,0.12101351,0.09667066,0.078264244
0.18805796,0.10798304,0.15176904,0.020595808,0.024753598
