Care,Fairness,Loyalty,Authority,Sanctity
Harm,Cheating,Betrayal,Subversion,Degradation
0.034263793,0.08428049,0.063536756,-0.05781882,-0.062734716
-0.07524157,0.025060792,-0.106024705,-0.09708246,-0.20831642
0.0540141,0.05845643,0.048211128,0.0053042993,-0.010563958
0.15126064,0.09685747,0.12867141,0.025926767,0.07506285
0.20596561,0.117876366,0.15899415,0.011687099,-0.008016437
-0.018795341,0.02467071,-0.018629475,-0.04514792,-0.14072607
-0.044508226,-0.056699775,-0.028836304,-0.016146954,-0.08694522
0.08385942,0.15796976,0.16826537,0.060551375,0.050895892
0.18001048,0.097496584,0.11133595,0.028082512,0.062806584
0.0028676465,0.099794194,0.09294646,-0.003221549,-0.045437317
0.054737356,0.14335781,0.039896823,-0.004688723,0.008400604
-0.0052609444,0.08578154,0.054638483,-0.005997994,0.015270091
-0.1162826,0.17251268,-0.035519302,0.0006211065,-0.06224221
0.01768848,0.11252641,0.074403614,0.009719636,0.087478355
-0.1330691,0.00020799041,-0.09796062,-0.07969418,-0.31268865
-0.1268711,0.068132766,-0.02381911,-0.06797014,-0.11891581
0.07249955,0.035228398,-0.000384029,0.009889909,-0.008805046
0.11904326,0.09834269,0.05757617,-0.014746412,-0.014648233
-0.13920473,-0.022377715,-0.06916806,-0.054029506,-0.23338866
0.07761468,0.062942505,0.030493712,-0.031959146,-0.08396087
-0.034660682,-0.040443975,-0.16760734,-0.1341941,-0.14353159
0.010836013,0.0013187323,0.0059020757,0.0075992607,-0.13911939
0.12781274,0.06788206,0.021458678,-0.071076564,-0.0015923884
0.08688696,0.018076502,0.027559765,-0.022288945,0.03724014
0.10134779,0.040293213,0.1370964,0.026826585,0.09323287
0.01677764,-0.11852089,-0.06308392,-0.104388535,-0.03285428
0.1472244,0.103520066,0.07492085,0.0077421516,0.026493205
0.013734049,0.15883285,0.044136077,0.045955613,0.0022670962
0.08871172,0.050538097,0.042816382,0.036803402,0.11384687
0.04266861,0.19086128,0.10363842,0.05046708,0.009565711
0.02436297,0.20940891,0.0737364,0.05065479,0.056947313
0.13029012,0.18158954,0.13262835,0.068753384,0.091649786
