Care,Fairness,Loyalty,Authority,Sanctity
Harm,Cheating,Betrayal,Subversion,Degradation
0.050637648,0.14951554,0.017515609,-0.049786672,-0.06540697
-0.020767981,-0.0033109486,0.016259179,-0.035610106,-0.07688995
0.10408941,0.13525836,-0.021240287,-0.028732285,-0.0056530572
0.045781948,0.22109826,0.10796498,0.08863528,0.04062805
-0.036415607,0.16021562,0.022565456,0.008294808,0.029617596
-0.1216861,0.19667594,0.012516908,-0.0019846875,-0.050178587
0.16765578,0.25886434,0.14988846,0.15197834,0.124612354
0.14823705,0.26158535,0.079912916,0.0976015,0.09059994
0.0681117,0.05079045,0.096533254,0.014446619,0.008157832
0.08123251,0.06387249,0.06467243,-0.045273505,-0.03460079
0.032633156,0.3287417,0.15334532,0.08521503,0.053010132
0.08082478,0.27154928,0.1467239,0.07173966,0.066909716
-0.055173643,0.07862137,0.05505579,-0.0076781763,0.048461862
-0.11503533,0.0316188,-0.11734923,-0.15013447,-0.2355152
0.069703996,0.036684595,0.018240442,0.008154638,-0.033459686
0.0039507374,-0.010388799,-0.12134026,-0.073724486,0.023864701
0.041115426,0.09658905,0.12706563,0.05884756,0.032377705
-0.023047013,0.0029981434,0.11196244,0.030269977,0.0017969683
0.011372697,0.03045607,0.09578538,0.015612515,0.035824202
-0.067382045,0.016977467,0.00994439,-0.07820314,-0.074241534
0.012402417,0.00839387,0.02191607,-0.05076269,-0.014379981
0.14266913,0.11188832,0.09665602,0.13526827,0.013949924
0.0015663607,0.039479867,0.0405232,-0.04706767,-0.06659615
0.01291328,0.043495692,0.111626625,-0.033350967,0.051210836
0.14564201,0.07405204,0.17871138,0.095113896,0.10299696
0.09718898,0.07962707,0.06342745,-0.06013891,0.06291363
-0.078636974,-0.006964041,-0.18262878,-0.08733672,-0.105027355
