Care,Fairness,Loyalty,Authority,Sanctity
Harm,Cheating,Betrayal,Subversion,Degradation
0.08829978,0.07434044,0.009245548,-0.04146758,-0.0504907
0.05561982,-0.040065307,0.016821135,0.03524676,-0.06543713
0.045467854,0.074103914,-0.027687931,0.010131955,-0.10851683
0.00283493,-2.9832125e-05,-0.07514527,0.00026643276,-0.032550983
0.056470674,0.10141039,0.065113574,0.07328792,-0.042291887
0.054995015,0.09122034,0.048116986,0.017208219,-0.098293506
0.015275349,0.13559169,-0.03282594,-0.067155,-0.07677251
-0.024108231,-0.056804992,0.01846434,-0.037848733,-0.038573414
-0.027566066,-0.08857302,-0.046257753,-0.0829868,-0.04393693
0.059261907,-0.01744577,-0.04659226,-0.082424335,-0.04948905
-0.00776136,-0.14313392,-0.0756636,-0.13742104,-0.057848003
0.08047495,-0.026720574,-0.004871838,-0.092614375,-0.11071482
0.07180335,0.08789263,0.06830597,0.043764412,-0.030691877
-0.053999424,0.0018878691,-0.12638074,-0.060451116,-0.055488717
0.02122563,0.017155958,4.3272972e-05,-0.011586918,-0.0869755
-0.015217559,-0.019082267,-0.028045844,-0.019704062,-0.027348042
0.034439337,-0.013701461,-0.08281737,-0.020287858,-0.031610735
-0.023970569,-0.04600759,-0.14418793,-0.123629905,-0.15717787
0.042370602,0.09243612,0.06600806,0.0036838613,-0.023086557
0.10317759,0.009556647,0.0065734573,-0.011417795,-0.017434966
-0.091181815,-0.025928631,-0.11235961,-0.021606384,-0.13177653
0.107838966,0.016709952,-0.012387047,0.012776617,0.016038768
0.07044311,-0.0017023068,0.06170974,-0.053952623,-0.082286656
0.097156934,0.022224722,0.099437766,0.041252196,-0.0772756
-0.10028059,-0.07204485,-0.098070465,-0.09819575,-0.25692946
0.12325887,0.074453525,0.09322032,0.004654467,-0.009115897
0.050182093,0.009884451,0.051468194,0.022584092,-0.09891898
-0.030803276,0.040157422,0.09621909,0.038961653,-0.053573497
0.10499399,-0.0072447136,0.008712805,-0.08518669,-0.073461115
0.038573857,0.089929566,0.075608104,0.022277744,-0.051833834
-0.054791883,0.08895936,0.05024665,0.059786003,-0.08851266
0.011391071,-0.050508797,0.031194584,0.042834044,-0.033308446
0.048531014,-0.005133882,0.050526172,-0.0079507325,-0.00096717104
-0.008717395,-0.0031040087,-0.0004093498,-0.05533339,-0.05938351
0.060351234,0.040984087,-0.04369293,-0.13810188,-0.086832635
0.07108017,-0.0122810835,0.0047778003,-0.061199185,-0.12109186
0.013333935,0.060916778,-0.029755633,-0.049691014,-0.045220587
