Care,Fairness,Loyalty,Authority,Sanctity
Harm,Cheating,Betrayal,Subversion,Degradation
0.04020812,0.09000607,0.022624146,-0.02642551,-0.01871312
0.0028279452,0.034123972,0.018894387,-0.02258039,-0.0064454526
0.008753374,0.115718335,0.062395863,0.010606677,0.022455698
0.018222326,0.0073159616,-0.007206463,-0.0012503304,-0.046149336
0.11741772,0.0584267,0.12164624,0.06125274,0.0799686
0.14135106,0.12048331,0.14120236,0.018662674,0.087034315
0.03181299,0.09389629,0.0070394874,-0.041105084,-0.06401399
0.0022490453,-0.039324746,-0.042990323,-0.027481683,-0.10316426
0.021706834,0.007515589,0.020740122,0.09500301,-0.0010127602
-0.044161282,0.060215402,0.033507846,-0.050730795,-0.03390712
-0.01679666,0.08651532,0.038057283,0.006845396,-0.007769827
0.052236877,0.12075688,0.10838696,0.06426296,0.06389049
0.069199786,0.020528663,0.053671077,0.08206843,0.024608325
0.07571703,-0.03398912,0.014176295,-0.043757323,-0.023133928
-0.036814947,-0.004913572,-0.014682116,0.034599245,-0.020549323
-0.024919596,0.015658185,0.02971527,0.014374398,-0.059012383
-0.12624785,-0.031272896,-0.18468264,-0.10677911,-0.32860112
0.053257473,0.10248634,0.1525408,0.09816845,0.055494238
-0.115682706,0.08509722,-0.0032883612,0.009541012,-0.0021689069
0.021565188,0.008614933,0.0022379123,0.016554758,0.007195458
0.008738379,0.041546024,0.07970859,0.013778378,-0.06513335
0.024163984,0.057032138,-0.01003675,-0.06715106,-0.07401395
0.0014128578,0.074787214,-0.020803902,-0.027341828,-0.063956484
-0.104795754,-0.052407093,0.01654432,-0.019885292,-0.24349236
