Care,Fairness,Loyalty,Authority,Sanctity
Harm,Cheating,Betrayal,Subversion,Degradation
0.09563196,-0.038147118,0.07340033,-0.0574368,-0.11729491
0.0875481,-0.052781165,0.10250372,-0.061078295,-0.11608437
0.071179524,-0.17796567,0.029784156,-0.06175086,-0.051138613
0.12578367,-0.028774457,0.106698774,-0.0048417356,-0.0666791
-0.057247534,-0.050108463,-0.034116287,-0.059273846,-0.13656273
0.07213624,-0.050997227,0.11864962,0.057200786,0.09466143
0.0875714,-0.08155354,0.08947046,-0.022958977,-0.17474629
0.14479223,-0.06583637,0.10865518,0.021574873,-0.057652436
0.04954172,0.011394847,0.08442188,0.019170122,-0.112934396
-0.005563791,0.036283616,0.083494335,-0.022119688,-0.07544231
0.040762696,0.0023478176,0.01667245,-0.04284378,-0.07855056
-0.047255773,0.038106386,0.040944163,0.041168638,-0.09844952
0.022158528,0.03141118,0.065805815,0.014400552,-0.087122545
-0.0011035046,-0.086069345,0.09930362,-0.024171207,-0.13613753
0.05814834,-0.058792267,0.047581658,0.04814379,-0.14079978
0.09304539,0.0069923773,0.089883044,-0.07582019,-0.08316254
0.07923431,-0.058580473,0.078899,-0.036286563,-0.05615462
0.09527227,-0.055843942,0.023482157,-0.06939139,-0.08257821
0.075751424,-0.059890043,0.06119593,-0.03953889,-0.09615594
0.07154196,0.017634742,0.04626087,-0.0718681,-0.06323649
0.14717916,0.03369635,0.14582416,-0.019984059,0.020612348
-0.03291084,-0.087861255,-0.093085185,-0.07165848,-0.11411518
0.09198277,-0.014153564,0.032913625,-0.04227911,-0.050025884
-0.0901101,-0.07931807,-0.013018951,-0.041713297,-0.12325181
-0.0076377224,-0.07169086,0.030297434,-0.047998223,-0.11387333
0.047253296,0.022358887,0.08867364,-0.058428656,-0.049352057
-0.054177158,-0.04019009,-0.06408008,-0.057143837,0.03505809
0.086199775,-0.16264206,0.052175913,-0.041532245,-0.12252803
0.08133495,-0.107168615,0.091034785,-0.030971669,-0.08098897
0.068285435,-0.047806952,0.106100485,-0.08964901,-0.052367225
0.055231784,-0.039100807,0.097519755,-0.0043635457,-0.08055539
0.10306607,-0.0044904696,0.14139013,-0.012158185,-0.049436107
0.13199031,-0.08304392,0.124578685,-0.021048874,0.025489077
0.1269601,-0.037501827,0.1673171,-0.019306902,-0.047591913
