Care,Fairness,Loyalty,Authority,Sanctity
Harm,Cheating,Betrayal,Subversion,Degradation
0.005695169,0.031839143,-0.034472674,-0.058145206,-0.07480642
-0.06907402,0.007835206,-0.050015993,-0.057947014,-0.121876806
0.043710805,0.06820729,0.036470495,-0.032174297,-0.049218785
0.0077610947,-0.019732857,-0.054940023,-0.07311324,-0.0792235
0.05269648,-0.009316372,-0.03904668,-0.057649918,-0.10187936
0.057661235,-0.017616242,-0.044127584,-0.03180447,-0.09040507
-0.013467842,0.031953,0.0037407493,-0.08679491,-0.07321481
0.024247933,-0.048622634,-0.08548414,-0.118451074,-0.05934737
-0.019649612,-0.019952394,-0.10277302,-0.21810335,-0.15785606
-0.056996416,-0.06307686,-0.082028285,-0.13185748,-0.09202269
0.017593462,0.013226136,-0.017483149,-0.059044883,-0.10589794
0.00072316546,0.045105383,0.036005173,-0.017851282,-0.11246463
-0.0014107339,0.04783711,-0.04138337,-0.07901454,-0.07293871
-0.11157548,0.01959144,-0.01820378,-0.056668438,-0.11971836
