Care,Fairness,Loyalty,Authority,Sanctity
Harm,Cheating,Betrayal,Subversion,Degradation
0.024495102,0.04569295,-0.07190257,-0.048306666,-0.030507583
0.079137266,0.051151417,-0.018731289,0.06449866,0.074050084
-0.015197771,-0.015985776,-0.1449514,-0.09242213,-0.023298128
-0.05278778,0.045116946,-0.033252478,0.0020774351,-0.055221554
0.08616836,0.02500587,0.03820386,-0.057116613,-0.03279746
0.06806656,0.0897156,0.09130228,0.022795219,-0.0064614676
0.09688187,0.06681332,0.0061233807,0.019390143,0.018228693
0.03434947,0.048305392,0.06187226,0.037932966,0.014547154
-0.053605698,0.00629019,0.006550597,-0.0114222355,-0.11382687
-0.005754819,0.08244724,0.0043686917,-0.03784308,-0.08537309
0.048044037,0.08108564,0.044162914,0.040185012,-0.03414885
0.103621624,0.14009918,0.09488417,0.013401517,-0.0054015303
0.044362765,0.067260474,-0.004045021,-0.04565021,0.027986238
0.059386868,0.09503085,-0.008165909,-0.035596237,-0.029923039
0.051832587,0.044022705,-0.02106005,-0.053448886,-0.09140607
-0.028273493,0.05543893,-0.021798281,-0.07369314,-0.13452974
0.079037756,0.029628824,0.0139946155,0.045631386,0.035720155
0.14461525,0.046799563,0.06296048,0.047692694,0.058250815
0.013702148,0.16844206,0.08848031,0.13314584,-0.013213525
0.10316748,0.073215075,0.07249527,-0.044519857,-0.014540115
0.032381594,0.061007902,0.04170386,0.054192983,0.0068283714
0.12303299,0.055913556,0.16068344,0.03808722,0.03194794
0.031476703,0.055236537,0.07842336,0.02616125,0.015776176
