Care,Fairness,Loyalty,Authority,Sanctity
Harm,Cheating,Betrayal,Subversion,Degradation
0.034012176,-0.052555136,0.018183883,-0.03351368,-0.045229767
0.024720894,-0.071340315,1.5834346e-05,-0.0009348178,-0.08196234
0.007824469,-0.012493165,0.04394817,-0.007179238,-0.052996956
-0.0066656433,0.030760156,-0.04592045,0.05770503,0.08839509
-0.00887891,-0.07561702,-0.01799054,-0.045777198,-0.06683694
0.10782781,0.067777276,0.12608874,0.08159708,-0.049308755
0.017734535,0.054484814,0.13826123,0.01733987,-0.029794343
0.038894635,0.04510869,0.0103931585,0.04511386,-0.052522346
0.026278455,0.0646419,0.058640487,0.06284695,-0.039201017
-0.053692244,0.04399055,0.018846463,0.06086195,0.007257998
0.02961983,0.0072069503,0.009451368,0.009121328,-0.06794657
0.03806787,-0.018805886,-0.046482097,-0.027683374,-0.038284563
0.03709566,-0.020875905,0.011661783,-0.017623182,-0.09387444
0.029057547,0.015142927,-0.022416525,0.010986951,-0.03373592
-0.05368705,-0.07690499,-0.07314713,-0.038417965,-0.057153255
0.031674456,-0.018497221,0.008456821,-0.00855104,-0.10736664
0.027195096,0.042420417,0.18073134,0.042133376,-0.008749575
0.012825214,-0.01877011,0.04159762,-0.045525804,-0.0784685
0.009850988,-0.049183376,0.019174727,0.017186748,-0.052431308
-0.10297924,-0.041265517,-0.09483448,-0.012212254,-0.11108224
-0.068220794,-0.091025904,-0.05842556,0.041582733,-0.04046485
0.044340834,-0.112068094,0.027526293,-0.08263078,-0.078094885
-0.0404263,-0.08467713,-0.05644985,-0.06693568,-0.11682435
0.101688914,0.014617151,0.07379754,0.015537585,-0.04194183
0.026188184,0.018869678,-0.05433084,-0.08792371,-0.060032986
0.0069860276,0.0072295256,0.03736299,0.07377222,-0.057074074
-0.052281402,-0.09054733,-0.056494914,-0.031279396,0.0064547136
