Care,Fairness,Loyalty,Authority,Sanctity
Harm,Cheating,Betrayal,Subversion,Degradation
0.008481394,0.0862271,-0.0029621087,-0.035983823,-0.07979409
0.024638403,-0.0028988337,0.016286328,0.049556807,-0.0362285
0.03621744,0.042791735,0.02502343,0.021037899,-0.0379669
0.06350127,0.06687242,0.040087584,0.07996704,-0.012937961
0.03356856,0.01914686,0.016677517,-0.03927988,-0.06705488
-0.013275223,-0.012220957,-0.016398732,-0.0006927829,-0.1415754
-0.098160155,-0.10466716,-0.027920509,-0.065796316,-0.14600495
0.042145368,-0.014024476,0.039660912,-0.020272056,-0.10585491
-0.0016691275,0.02554575,0.00032538362,0.012414752,-0.116450354
0.05897021,0.02830555,0.07338369,-0.029851582,-0.06534186
0.03587565,0.005809881,-0.032854535,-0.029319035,0.015152842
0.051753215,0.017545598,0.036192924,0.018188361,0.004763745
0.030498259,0.020142721,0.038230617,-0.008055425,-0.1028427
-0.009840301,-0.00076582935,0.011983451,0.055302113,-0.012501676
0.063219145,-0.019507634,0.0343594,-0.11537621,-0.16580221
0.097798906,0.036991507,0.11102593,0.008229596,-0.036893856
0.11167447,0.05684553,0.12597509,-0.031261276,-0.02897704
0.02569378,-0.058691885,0.040582463,-0.042825907,0.0032154564
0.06017891,0.019206893,0.18187045,0.07207832,-0.0058462387
0.083157174,0.059385307,0.12783082,0.057799526,-0.06966795
0.114097066,-0.011632137,0.10539228,-0.019279316,0.059865654
0.016407402,0.073501304,0.047139063,-0.013792219,-0.010939049
0.0045051817,0.031927824,-0.02844341,-0.096311286,-0.0836201
-0.013859009,0.069394276,0.04551349,-0.008072551,-0.06680445
0.032603648,0.058696374,0.058741234,0.0841353,-0.075350806
-0.056959584,-0.015944103,0.029914316,0.112839036,0.03676638
