Care,Fairness,Loyalty,Authority,Sanctity
Harm,Cheating,Betrayal,Subversion,Degradation
0.030979972,0.039370894,-0.046919085,-0.03352201,-0.07574421
0.056828164,0.05737722,-0.034200042,-0.05828783,-0.0902571
0.0021263026,0.06193434,-0.012890698,-0.030649584,-0.10150682
-0.0061962306,0.0062480792,-0.07522541,-0.13611624,-0.13574682
0.008144826,0.057627566,0.15269029,0.060655825,0.06688963
-0.021313312,0.026966825,-0.10124301,-0.07930684,-0.07931336
0.061247513,0.05741442,0.015123613,-0.016549129,-0.07619792
-0.017577808,0.046876237,-0.1183306,-0.040912442,-0.029166857
0.06780312,0.056178633,0.009688571,0.024632368,-0.021139719
0.097028464,0.07191274,0.05542758,0.06938306,0.031483103
-0.043334026,-0.034569815,-0.011035737,-0.058278404,-0.043418128
0.04912504,0.14075549,0.12293181,0.0361436,-0.05187192
-0.021897329,0.051784575,-0.06447184,-0.10136413,-0.01376304
0.11460124,0.16187721,0.14250584,0.074686006,0.09649181
0.032966785,0.036691654,0.033687644,0.020531094,0.010800186
0.083118655,0.09639497,0.022123478,0.030986425,-0.04397896
0.052905608,-0.05491703,-0.07290944,-0.059509095,-0.1156606
0.08586733,0.056637257,-0.0065589994,-0.049834944,-0.047891296
0.111013845,0.056734607,0.042192396,-0.016848065,-0.001645599
0.016461078,0.018592868,0.02615261,0.011327686,-0.03199499
0.04672409,0.056954235,0.22663435,0.097571835,0.0068386737
0.0420983,0.03981716,0.0040043723,0.0603584,-0.06792094
0.16006973,0.0046903174,0.06412955,-0.0332745,0.07156129
0.113095246,-0.012035621,0.090837695,0.01361954,-0.050046824
0.026029993,0.0049182065,-0.07792349,0.025219746,-0.10423292
