Care,Fairness,Loyalty,Authority,Sanctity
Harm,Cheating,Betrayal,Subversion,Degradation
-0.07412589,-0.03943622,-0.038525786,-0.0140348105,-0.06624025
-0.062737055,0.025923828,-0.070283055,0.031475008,-0.07512367
-0.020818185,0.016381478,-0.034872893,-0.06518978,-0.036940772
-0.048993923,0.031699564,-0.055443622,-0.091262065,-0.20091781
0.033698887,0.0037061553,0.019345434,-0.07020107,-0.037634425
-0.04687822,0.038908675,-0.0260134,-0.014420131,-0.113058686
-0.07268764,-0.06572314,0.0071759764,0.02512009,-0.07136816
0.007603457,-0.040724687,-0.011879027,0.0043508615,-0.05309474
-0.061640963,-0.037937433,-0.014667722,-0.019389743,-0.13636766
0.009061387,-0.09307258,-0.018658709,0.01974216,-0.051908594
-0.029614326,0.048082676,0.051984675,0.069426954,0.0194005
-0.03722748,0.004185033,-0.041948795,0.03464091,-0.019546898
-0.13845137,-0.10806861,-0.14915037,-0.087102026,-0.22502564
-0.09888223,-0.03417038,-0.033883236,-0.014240705,-0.091148525
0.05801075,0.05074827,0.0852562,0.045584537,-0.013377251
-0.16400403,-0.014487802,-0.030543251,-0.06374228,-0.15036805
-0.014903786,0.11345565,0.054074865,0.02371052,-0.02453865
-0.042154692,-0.01491251,-0.08665159,-0.09186064,-0.010523647
-0.035755333,0.016559472,0.049772743,-0.017200803,-0.042030364
-0.016250584,0.065458424,0.03292624,0.031277087,-0.09222617
0.01990044,-0.013032424,0.042861994,-0.04369857,-0.10839261
0.025011884,0.04933615,0.029206187,0.03414803,-0.07852635
-0.082152724,-0.0011295257,-0.10972096,-0.16111091,-0.14451182
-0.06526653,-0.12452839,-0.10700336,-0.060091987,-0.074287154
-0.078711264,-0.041029837,0.013542418,0.0015346762,-0.09157575
-0.1288148,-0.07235481,-0.109312706,-0.083220094,-0.2572664
0.022139909,0.07158609,0.12421764,0.08880511,-0.009195931
-0.06594982,0.0648618,0.044838548,0.058279052,0.0057197055
-0.06280608,-0.0016296916,-0.009036269,0.0730024,-0.0978518
-0.11685695,-0.061905567,-0.11193517,-0.036013704,-0.09373111
-0.012806037,0.023860436,-0.01541381,0.015756905,-0.001959633
0.034037545,0.057327114,0.061643828,0.055806324,0.007524664
0.021541018,0.024517145,0.08200227,-0.01716445,-0.122087665
-0.00053555705,0.049908936,0.09456344,0.08432849,-0.03558933
-0.037784375,0.0013811169,-0.0035016444,-0.015519381,-0.13936529
-0.048907958,0.039852165,0.048694585,-0.01175327,-0.055387076
