Care,Fairness,Loyalty,Authority,Sanctity
Harm,Cheating,Betrayal,Subversion,Degradation
-0.09556542,0.02052503,-0.0032826336,0.0066051213,-0.11682415
-0.094547,0.032976396,0.012414813,-0.030890606,-0.10076064
0.005007678,-0.005512058,0.047861412,-0.016554954,-0.09435949
0.08991895,0.02982709,0.10605951,0.048071228,-0.03509617
0.111029536,0.038837157,0.09022926,0.0361797,-0.012038115
0.15340017,0.021377238,0.22923765,0.040843938,0.00013759825
0.09041201,0.05161131,0.11992547,0.051086843,-0.010301611
0.020934608,0.05379105,0.051568333,-0.024244161,-0.035434313
0.016769996,0.03305877,0.098897204,0.005239985,-0.04798288
-0.006051965,0.012177091,0.05165667,0.13124678,-0.027698118
0.053732023,0.05988153,0.16734761,0.12450956,-0.019557865
-0.07745634,-0.0040600253,0.010793006,-0.0061403783,-0.028633077
0.058231737,0.07929059,0.021787606,0.047821894,0.016451059
0.013552241,0.07494153,-0.013819126,-0.056614216,-0.10263348
0.043789223,0.04567583,0.08246342,0.022283727,-0.012547878
-0.025085837,0.057819594,-0.016246067,-0.01775818,-0.014774846
0.03015845,0.003245253,0.002775699,-0.10091621,-0.07938724
0.009391412,0.13752662,0.15376616,0.07587276,0.082475685
-0.01289098,0.07046868,0.1402233,0.11273104,-0.024018671
0.050028153,0.04583098,0.09049686,0.04618489,-0.03932023
-0.12751196,-0.026770622,-0.049988378,-0.12386106,-0.07903393
-0.017824318,-0.039419495,-0.071021885,-0.1479409,-0.060606807
0.085445374,0.09073985,0.15549788,0.083679706,0.12352136
0.030224262,0.08100192,0.14415988,0.045892697,0.12110542
0.096560925,-0.005929973,0.14835387,0.055911537,0.07731274
0.049335547,0.02584688,0.11267557,0.0055720666,-0.048155785
0.027451549,0.07840896,0.055813335,0.08232616,0.041874982
-0.0072966916,0.0317259,-0.00199043,0.0046401303,0.011089373
-0.02128095,-0.0011865608,-0.01893928,0.026840089,-0.040792443
0.10785997,0.09296281,0.10627413,0.023197148,0.016209446
