Care,Fairness,Loyalty,Authority,Sanctity
Harm,Cheating,Betrayal,Subversion,Degradation
-0.079715915,-0.04750268,-0.043695245,-0.03759277,-0.043948606
-0.105768666,-0.035741024,-0.045564227,-0.008756361,-0.029331537
-0.09229602,-0.041022383,0.006342357,-0.08733723,-0.023047486
-0.07443397,0.029352404,0.03230223,-0.02078082,0.044997726
0.07017355,0.12845868,0.21717858,0.14222816,0.063575454
-0.08749393,-0.025548726,0.03515529,0.009907513,-0.047452267
-0.07652618,0.014434092,-0.025051758,-0.03939014,-0.007130295
-0.024336234,-0.051905595,-0.0080881445,0.011692375,-0.09184422
-0.09179484,-0.011965434,0.0046189986,-0.015828444,-0.06360719
-0.10332053,0.007862626,0.013337772,-0.035642903,-0.07210404
-0.16540247,-0.07983432,-0.08654299,-0.08469853,-0.17796007
0.069848195,0.0061614383,0.13732669,0.04307557,-0.028966973
0.00053874496,0.13314432,0.15166622,0.103843,-0.021016292
-0.1198327,-0.047588844,-0.0028705075,0.02303637,-0.17716631
-0.015512754,0.011379875,0.08213042,0.05799693,0.12996328
0.009447823,0.030527126,0.018490303,-0.022584455,-0.016814224
-0.11186881,-0.012337153,-0.024491131,-0.0034170821,-0.08229859
-0.042799655,-0.035736978,-0.039144997,-0.034987863,-0.1389585
-0.12707388,-0.009616217,-0.047091454,-0.021443587,-0.15503712
0.054922488,0.040382177,-0.016160747,-0.04132012,-0.02794649
-0.03183132,-0.0057465807,-0.03289955,0.012947049,-0.0829556
-0.16290137,-0.079068586,-0.13066734,-0.1373437,-0.22638828
0.056490824,0.027517417,0.005117328,-0.024415797,-0.036746778
