Care,Fairness,Loyalty,Authority,Sanctity
Harm,Cheating,Betrayal,Subversion,Degradation
0.059441887,0.058101542,-0.061364885,-0.057171218,-0.100547835
0.05188664,0.05310543,0.018514877,0.0076874923,-0.07447189
0.119092174,0.050533652,0.029348578,0.035619657,0.027635941
0.047955208,0.06614588,-0.009023243,0.0256637,-0.05659354
-0.0073860902,0.021822512,-0.045941204,-0.02578729,-0.14951003
0.085694715,-0.033639222,-0.009471329,-0.029100517,-0.09682422
0.11494326,0.031798787,0.123982206,0.06151616,0.03575168
-0.032392032,-0.030457268,-0.07465601,-0.10531133,-0.18115142
0.017325163,0.029018868,-0.010064385,-0.07234906,-0.14171684
0.05818761,-0.043702986,-0.018497877,-0.08958511,-0.13935925
-0.027436545,-0.017132843,-0.04353924,-0.016656479,-0.066560335
-0.041383162,-0.055383906,-0.037867106,-0.014016661,-0.016402977
-0.038594667,-0.056420006,-0.08204928,-0.05978798,-0.07976942
-0.08846683,0.051913835,-0.06656887,-0.06823217,-0.081425175
-0.035159733,-0.014248378,-0.08335394,-0.060256362,-0.15011728
0.024960611,0.06582328,0.058906674,0.027170168,-0.046374902
0.08947593,0.020564973,0.041282326,0.043284573,-0.027730573
0.0294678,-0.010705374,-0.025565881,-0.02821104,-0.10152456
