Care,Fairness,Loyalty,Authority,Sanctity
Harm,Cheating,Betrayal,Subversion,Degradation
0.098973036,0.09181413,0.046579596,0.0033525368,-0.004913494
0.01849332,0.049911365,0.061566256,0.08095657,0.009331214
-0.0014577787,-0.020975715,-0.03853233,-0.09948977,-0.20606527
0.033259004,0.037950218,-0.045794804,-0.026848499,-0.08553564
-0.034078356,0.08705543,0.0755277,0.02145983,0.026388146
0.038309745,0.013687674,-0.01349402,-0.10866922,-0.0628732
0.08709945,0.08453307,0.07880551,-0.025788749,-0.06348714
-0.017439403,0.09954471,-0.0066210423,0.06966816,-0.033274688
0.072489604,-0.0055912863,0.039565645,-0.050142065,-0.031216424
0.027243664,0.04099137,-0.026830282,-0.093595244,-0.08923851
0.10456407,0.040343232,0.058457512,0.021723378,0.09096803
0.07012946,0.028882876,0.06988669,-0.00646047,-0.0034357905
-0.036896452,0.018865336,0.08422981,0.03938099,-0.09330339
-0.058251373,-0.02412014,-0.029208843,-0.0009659715,-0.11725409
0.02482444,-0.004122738,0.0016207397,0.008060869,-0.077660814
0.13640337,0.024165018,0.0492505,-0.0923956,-0.026333071
-0.01331266,-0.026012354,-0.04177944,-0.085753605,-0.28851986
0.090598814,0.15534638,0.10702348,0.09188175,0.029658977
0.0017722137,-0.019106252,-0.05868914,-0.023719296,-0.09243544
0.005169172,0.018986836,0.012727592,-0.0056036096,-0.077448696
-0.085564665,-0.00020781532,-0.004634428,0.053071566,-0.087320805
0.069202825,0.0031292941,0.061722934,0.015408107,-0.032635707
0.04837147,0.020968016,-0.012953756,0.008592382,-0.07228401
0.007998301,0.32303202,0.09245922,0.07593918,0.009724592
-0.002729983,0.09749709,0.14586699,0.11389302,0.04830926
-0.0077735838,-0.04977144,0.006807154,0.018787868,-0.07816016
0.06433535,0.0064627943,0.09844391,0.15335372,0.0775246
0.026031874,0.024802666,0.17376086,0.10106615,-0.0055273087
-0.07802673,0.014539603,-0.12194476,-0.03822996,0.0020328742
-0.03224147,-0.063103326,-0.084415436,-0.01844922,-0.12882061
0.029415965,-0.032064732,0.052455217,-0.038409434,-0.053785283
0.066061765,0.054905865,0.03868963,0.07967544,0.0012261239
0.07967165,0.12872499,0.06630674,0.05349765,0.034849323
0.03934046,0.100430004,0.086731374,0.034617275,-0.024921132
0.08152189,0.08548855,0.07125117,0.10321013,-0.02135552
