Care,Fairness,Loyalty,Authority,Sanctity
Harm,Cheating,Betrayal,Subversion,Degradation
-0.02265523,0.07347398,-0.008341379,-0.04983539,-0.083825506
0.08838126,0.02900156,0.02936,-0.095461935,0.11031481
0.015029209,0.052324414,0.07374505,-0.026418975,-0.077962324
-0.06526021,0.10886072,0.1348868,0.110628635,0.014886165
0.09860991,0.19507343,0.079356536,0.12535228,0.1232371
-0.049020305,-0.066091985,-0.16425821,-0.10680326,-0.12043396
-0.030359685,-0.032900143,-0.008227717,0.0008083577,-0.19656299
0.046084248,0.059428677,0.11967982,0.0042303037,-0.068369955
0.055272654,-0.01298669,-0.018490836,-0.12279897,-0.11692336
-0.0035304497,-0.084857814,-0.074388355,-0.12866905,-0.15331289
-0.022843808,-0.03521318,0.119850114,0.0227925,-0.04793862
0.0730192,-0.04809852,0.022425886,-0.077365965,-0.15652993
0.0004118383,0.028526023,0.06169349,0.008011557,-0.06849569
-0.11089292,-0.07485312,-0.14794856,-0.11698906,-0.1585233
-0.009240996,0.027646177,0.055017002,0.023005027,-0.054379962
-0.041869294,-0.074976735,-0.08997731,-0.054087505,-0.021420762
-0.0107652275,-0.06375977,-0.046308,-0.057963904,-0.15775114
0.013490215,0.15416618,0.044811778,0.092124686,0.06406612
0.020620257,-0.03244929,-0.0686052,-0.031327076,-0.012483407
-0.024535824,-0.06618256,-0.12729415,-0.033545073,-0.10193939
0.06810958,0.026701085,0.013522753,0.07669944,0.047075596
-0.017401716,-0.0797338,-0.020342696,4.4693705e-05,-0.029848095
0.08141355,-0.010057504,-0.059613146,-0.054472268,-0.092225865
0.041236456,0.02988489,-0.0025605373,0.04769869,-0.056724235
