Care,Fairness,Loyalty,Authority,Sanctity
Harm,Cheating,Betrayal,Subversion,Degradation
0.027682275,-0.010557147,-0.055765186,-0.09457009,0.07950592
0.04208208,0.02124596,-0.0017797258,-0.00734815,0.16342156
-0.0012473194,-0.098005295,-0.15359636,-0.08162346,-0.16202042
0.016273513,0.028235301,0.004099123,0.057644553,0.04371689
-0.026890934,-0.047270842,0.011600044,0.015408976,0.09806743
0.038124405,0.06425239,0.015279084,-0.015537231,0.16689533
0.02273479,-0.04937985,0.025052551,0.058348082,0.06925804
0.021547766,-0.02785939,-0.032051258,0.033946134,-0.01603626
-0.016604675,-0.011952903,-0.07574108,-0.04838887,-0.06306665
0.02337373,0.014802946,0.067782715,0.027389942,0.09968582
0.01824431,0.046987955,0.026886737,0.030746568,0.05423309
-0.020404296,-0.011020215,-0.04260642,-0.04907034,0.006795801
0.019403353,0.046740532,-0.0055819866,-0.042425264,0.04720346
-0.017115124,0.04063966,-0.046975333,0.040936593,0.0014345739
-0.034505084,0.072151884,-0.011385353,0.032799855,0.03286521
-0.03563077,0.07444547,0.06943866,-0.0056801643,0.06937685
