Care,Fairness,Loyalty,Authority,Sanctity
Harm,Cheating,Betrayal,Subversion,Degradation
-0.04932446,0.029590841,-0.0871993,-0.0098348465,-0.0538065
-0.083370715,-0.026237227,-0.13431698,-0.059442226,-0.046663042
-0.024759559,0.02399483,-0.0024089552,0.003185956,-0.056176256
-0.068396986,0.042521432,-0.07720156,-0.008098879,-0.020679027
0.025476284,0.07488878,-0.021147218,0.055265248,-0.006102125
0.018169083,0.08782564,0.03035555,0.113195926,0.025421942
-0.017452866,0.016386934,-0.072113715,0.023709558,0.05903784
-0.039784234,-0.021493629,-0.079249255,-0.0058916975,-0.040814076
0.069223225,0.051249523,0.02084818,-0.045897745,0.0093041845
0.0035463125,0.0013056286,-0.055909857,0.040603623,-0.03446295
-0.040118836,-0.00016480312,-0.009900199,-0.092255756,-0.09001508
0.0463465,0.051905923,0.05470923,-0.004668515,0.02965607
-0.0022622522,0.023345685,-0.0146322455,-0.041462917,-0.030333731
0.009152122,0.0071102995,0.04773415,0.035859555,0.007978757
-0.08146639,-0.020847742,-0.13986547,-0.04122495,-0.02100171
-0.058817923,0.06585858,0.000111784786,-0.035666157,-0.021406636
-0.0788322,-0.047514796,-0.07775584,-0.040324654,0.03412973
-0.028555058,-0.025452025,-0.05997948,-0.054791257,-0.034324463
0.04932829,0.013883555,0.037211906,-0.01897685,-0.03527846
