Care,Fairness,Loyalty,Authority,Sanctity
Harm,Cheating,Betrayal,Subversion,Degradation
-0.03826382,0.009682774,0.017157769,0.046324465,-0.052000683
0.030225039,0.0062983744,-0.021806806,-0.003414875,-0.08716921
-0.009076777,0.002350918,-0.008193113,0.0067888647,-0.11608708
-0.05465837,-0.0018955823,-0.044462975,-0.03865333,-0.1656735
-0.023872206,0.004693593,-0.0074606463,0.0012769103,-0.13908783
-0.06425944,0.03307947,0.06848111,0.026201244,-0.060833953
0.0632581,0.045637056,0.065728605,0.05717495,0.15658559
-0.033348534,-0.054572213,-0.052372366,-0.039702058,-0.07101818
0.0007009059,-0.028752182,-0.05283934,-0.08024642,-0.05241475
-0.051131748,-0.065637834,-0.08705938,-0.028227342,-0.10692539
0.06255453,0.094671935,0.102054745,0.1092341,0.03194034
0.07976399,0.062515356,0.114808366,0.09600822,0.036404945
-0.0006559659,-0.085153736,0.004321821,-0.004384715,-0.07773449
0.0013375301,0.004167925,0.030557042,0.029216649,0.038085062
-0.03882258,0.0024920488,-0.04024008,-0.023967542,-0.08128753
0.059565492,0.05887948,0.017374229,0.012132172,-0.0012390725
0.039688464,0.047171418,0.019398903,0.027705397,0.016346583
-0.089966655,-0.030396674,-0.030941747,-0.071060255,-0.09529525
-0.051017992,-0.06366386,-0.09578149,-0.13188174,-0.18329436
