Care,Fairness,Loyalty,Authority,Sanctity
Harm,Cheating,Betrayal,Subversion,Degradation
-0.05322544,-0.03334633,0.037159182,-0.009417774,-0.07832163
-0.06441144,-0.050699133,0.067752734,0.018861886,-0.084189355
0.028154168,-0.002375042,0.15309373,0.083443746,0.0054333378
0.05294574,0.08295869,0.2745577,0.17104372,0.11920355
-0.036330946,-0.021042503,0.06301659,-0.0043434724,-0.07249981
-0.004508134,0.012291713,0.038312595,-0.02422029,-0.042953223
-0.0833372,-0.05581089,-0.045165464,-0.0646305,-0.07055004
-0.021855583,-0.022052404,0.033305913,-0.059947327,-0.09415488
0.019676335,-0.007945688,0.15228486,0.0077763954,-0.04226924
0.0073842853,-0.0055613946,0.14764959,0.072661966,0.01625384
-0.0067557655,0.053103395,0.10664796,0.09963067,0.0016262243
0.0871397,-0.004405394,0.25230992,0.12746969,0.04855814
0.057522085,0.029532433,0.15805537,0.042595573,-0.011285713
0.03824245,0.02804551,0.08640674,0.011126354,0.028926304
0.087098256,0.060806975,0.14264548,0.087206654,-0.017997999
0.089932814,0.03039131,0.21015495,0.067615554,0.039617613
