Care,Fairness,Loyalty,Authority,Sanctity
Harm,Cheating,Betrayal,Subversion,Degradation
0.11332369,0.14488292,0.1439206,0.03529153,0.08816114
0.07724662,0.12836295,0.11442277,0.047130324,0.024542376
0.0015739053,0.028953964,-0.0373131,-0.06724839,-0.08236846
-0.04866519,0.09943099,-0.0010695308,0.0068120565,-0.093542695
0.018633261,0.004859199,-0.10233016,-0.12354962,-0.095417835
0.04297194,0.0034339789,-0.046694446,0.036738142,0.07914461
0.08127205,0.043711483,0.038417008,0.12657711,0.06945014
0.05658663,-0.111808315,-0.044546645,-0.004404716,0.053133886
-0.068753816,-0.0894433,-0.080379404,-0.0035040118,-0.0010015042
-0.20824152,-0.05993572,-0.16039264,-0.12601031,-0.19400923
0.05770681,0.038100835,0.04164903,0.0063620135,-0.07077564
0.011629639,-0.04625225,-0.12063655,-0.049405105,-0.16422452
0.072481394,0.007553987,-0.013334338,-0.0005290173,-0.071192525
0.06579804,0.045796562,-0.0050329994,0.008606726,-0.008758692
0.03483722,0.060078878,0.038064077,0.007626626,0.013563034
0.0829545,0.09450413,0.064251125,-0.006608974,-0.0056705642
0.0152571155,0.007105156,0.042651106,-0.07830083,-0.015564177
-0.009893316,0.01408425,-0.10256918,0.016062427,0.025600176
0.06157932,0.04177964,0.05151048,-0.0023941258,0.014975674
0.095218614,0.03520378,-0.02536229,-0.079738624,0.057464533
0.021484975,0.052586608,-0.04034266,-0.033608295,-0.0938445
0.05620756,0.05992054,0.012086488,-0.042110574,-0.01754709
0.04360569,0.12226267,0.03695901,-0.010240879,0.08734867
0.1706317,0.053031757,0.06760898,0.14174426,0.113244265
-0.04146735,0.0898641,-0.027284699,-0.09541491,-0.015368079
0.051892795,0.050755516,0.014225133,-0.060241275,-0.099974364
0.02229762,0.05267429,-0.064540945,-0.014644458,0.04626111
0.056334782,0.082394466,0.054549016,0.069512144,0.04743757
0.10200165,0.023243312,0.08028445,-0.025966201,0.04342194
0.06721839,0.040825527,0.21789338,0.094747916,0.051206976
0.048067644,-0.07231317,0.043792434,-0.004729647,-0.05031556
0.08162077,0.10764566,0.022132292,0.009384893,0.01581401
0.11116777,0.16571452,0.1510702,0.047789082,0.0531311
0.19177984,0.14880922,0.1808032,0.031113075,0.08682
-0.13911909,-0.00786792,-0.096824296,-0.08740106,0.024572177
-0.10679788,-0.05215349,-0.0039615054,-0.066768326,-0.07195348
-0.084956184,-0.09001539,-0.10864544,-0.15987407,-0.039896987
-0.0015502204,0.061530344,0.049502216,0.014948232,0.0055997
-0.008201641,0.059275564,-0.039099585,-0.013799328,-0.02740546
