Care,Fairness,Loyalty,Authority,Sanctity
Harm,Cheating,Betrayal,Subversion,Degradation
0.041513212,0.07668315,-0.05876957,-0.017660774,0.036892068
0.068330996,0.12809114,-0.038926497,0.05565357,0.05114601
0.098355554,0.06960969,0.014650839,0.06678309,0.09509261
0.032710742,0.09335846,-0.09737261,-0.0013312884,0.05518996
0.06495992,-0.053193428,-0.109655164,-0.09959172,-0.045274884
0.02329799,-0.02314128,0.09756154,0.018260853,0.12394178
0.03716453,0.020852763,0.015135096,0.022721075,0.062427398
0.037103586,0.06358525,0.04267483,0.06515809,0.024027985
0.043750454,0.07841066,-0.01915523,-0.026488151,-0.09293647
0.027674345,0.12909457,0.022429133,0.11344787,0.018445898
0.07972606,0.088119395,0.103217304,0.053170603,0.005874019
-0.003328979,0.036374133,0.09513524,0.06942515,-0.025074732
0.08279933,0.040706247,-0.060544685,-0.009323301,0.028997308
-0.0023584347,0.093901575,-0.018662717,-0.05573511,-0.04342767
-0.010613035,0.022226613,-0.006438194,-0.011256939,0.011507766
