Care,Fairness,Loyalty,Authority,Sanctity
Harm,Cheating,Betrayal,Subversion,Degradation
-0.026453339,0.007462755,-0.07406984,-0.027493589,-0.086130284
0.042188387,0.05470442,-0.014294557,0.0051848684,-0.0653525
-0.048493292,0.025892407,-0.07123076,-0.0018145293,-0.13261412
-0.016381048,0.001873224,-0.027318183,-0.019567437,-0.120599285
0.020598385,0.08006604,-0.04558205,-0.05518176,-0.07238884
0.051995434,0.06556564,0.009251455,0.011272055,-0.05213489
-0.10500543,0.0035499781,-0.11586222,-0.060406435,-0.20223762
0.04099802,0.0067382306,-0.0030021155,0.010238797,-0.058983766
0.03240491,0.080549166,-3.0342955e-05,-0.00012020767,-0.10392789
-0.025952237,-0.032401204,-0.07995382,-0.044494096,-0.11294752
0.032351222,0.05833146,-0.055830814,-0.0073157195,-0.05224943
0.062046316,0.031216986,0.014460926,0.049321115,-0.03456314
0.077914745,0.08635655,0.017240867,0.026532546,-0.11342612
0.093877584,0.10097728,0.028535618,0.00073277205,-0.048216216
0.055207193,0.061723933,-0.018423961,-0.03290519,-0.09190436
0.024426822,0.049655475,-0.06765886,0.005977462,-0.114743
0.04095096,0.032778956,0.0052034296,-0.059340358,-0.023886766
-0.05979953,0.065907806,-0.06401066,-0.0035516229,-0.0005999617
0.030204095,0.078556776,-0.018035881,-0.010220284,-0.09659403
0.032029532,0.061891396,-0.037181392,-0.024891373,-0.02583868
-0.028838262,-0.00057523884,-0.07801021,-0.03199879,-0.1448032
0.06795836,0.06983853,-0.017669527,-0.0142840035,-0.094473384
0.05928148,0.04346573,0.009719279,0.023729797,0.053810216
0.05795197,0.092293695,-0.05004307,-0.0068410207,-0.08794326
-0.02536367,-0.012399903,-0.07644065,-0.010234403,-0.10369061
-0.024631148,0.0049268976,0.037590947,0.02462957,0.00016785786
