Care,Fairness,Loyalty,Authority,Sanctity
Harm,Cheating,Betrayal,Subversion,Degradation
-0.0640418,0.01568427,-0.012001619,0.061398525,0.030382661
-0.07171634,-0.0349403,-0.06955895,-0.0026088776,0.028228331
-0.11920917,0.05763374,-0.036736786,0.054148592,0.03417656
0.013706172,0.03401027,-0.052651666,0.0065037813,-0.005804318
-0.041263998,0.042684607,0.0173436,-0.023090895,-0.0023635756
-0.026090257,0.0184903,0.009875478,0.02985835,-0.003996728
-0.05913066,0.07828014,-0.03425193,0.03173342,0.01721631
-0.091203615,0.05114598,-0.012684165,0.026852053,0.01372117
-0.052379843,0.031659085,-0.042149484,0.008076817,-0.01117481
-0.074338645,0.025203837,0.052211132,0.03841781,0.106803834
-0.1439204,-0.0014015664,-0.045848943,-0.023280062,-0.05999447
-0.00025703572,0.0167161,-0.054986913,0.0054976717,0.033056326
0.014253762,-0.06748222,0.08279718,0.06980667,0.0031017363
-0.01250767,0.008078484,-0.011219186,-0.0096459035,0.067101404
-0.014955299,0.07608898,0.077061564,0.040345214,0.032353856
-0.03872904,0.03278326,-0.009618098,0.0456161,-0.095928565
0.010793569,0.0933387,0.0754683,0.06725456,-0.029458052
0.066738546,0.13149694,0.1354246,0.13706663,0.082431056
0.02121859,0.085384324,0.14726886,0.05710399,0.03480219
-0.015569198,0.029893165,0.0061876345,-0.0011265688,-0.0056972895
-0.0730785,-0.018035322,-0.018646428,-0.016405903,0.0033353902
-0.011201633,-0.06393172,-0.054907978,-0.06690839,-0.142346
0.053340115,0.053619444,-0.058052205,-0.0066819526,0.014565084
-0.096130766,0.077131696,0.0293961,-0.00388862,-0.038510896
-0.06489093,-0.010250488,0.013296137,-0.058322042,-0.1273494
-0.0025961306,0.023525776,0.034196056,0.0406697,-0.055135354
-0.19319814,-0.034997933,0.015243468,0.0028575845,-0.06587766
-0.015126728,0.030153465,0.083366826,0.112713374,-0.019714776
-0.019646617,-0.038085,-0.05963419,-0.017583296,-0.09519642
