Care,Fairness,Loyalty,Authority,Sanctity
Harm,Cheating,Betrayal,Subversion,Degradation
-0.049200468,0.03378541,0.014093528,-0.021382306,-0.03867493
0.005444864,0.058089897,0.049126744,-0.0043344125,-0.021263963
0.027913343,0.02922584,0.020785484,0.05431363,-0.010876025
0.004001295,0.0130297495,-0.008633018,-0.034663532,-0.04709305
-0.048893612,0.07039656,-0.026539195,-0.025978051,-0.0614787
-0.032577343,-0.046763323,-0.08074896,-0.079657055,-0.12289947
-0.02143211,0.005516948,0.0043124976,-0.010623257,-0.0984592
-0.0440874,-0.027717099,-0.1063915,-0.13736722,-0.09351316
0.0003267685,0.0077504553,-0.01320181,-0.04902305,-0.11066462
-0.013476669,0.04179147,0.08066168,-0.009874373,-0.049354564
-0.0060096104,0.060347117,0.046772137,-0.018681955,-0.046187356
-0.0354424,0.057897214,0.017204585,-0.04527817,-0.08981967
-0.1471258,0.0351398,-0.059151426,-0.073081665,-0.09846536
-0.039594118,0.05182091,0.07209251,0.0025767013,-0.064057276
-0.043446176,-0.06768274,-0.030703863,-0.06639649,-0.15512782
-0.11233528,-0.08511373,-0.14535758,-0.18862349,-0.23045768
-0.045676798,-0.009621626,-0.0761249,-0.07210533,-0.11687325
-0.1824773,-0.0613162,-0.13143522,-0.15654829,-0.1892155
-0.04370881,0.019004438,-0.023248574,-0.010553425,-0.071460575
0.06507703,0.099945724,0.06949046,0.05871191,0.014453739
0.06634143,0.06952241,0.14261639,0.07868873,-0.06875543
0.0095684985,-0.027529761,0.014457119,0.027793195,-0.19178963
-0.021550875,0.025124477,-0.059954617,-0.104413345,-0.11122985
0.022524886,0.06455618,0.102218434,0.07736922,0.01897938
0.08764781,0.07767948,0.11921503,0.04711406,-0.008931069
0.047770876,0.093795456,0.104852796,0.09571177,0.023870181
0.09979439,0.090597555,-0.022584215,-0.010591751,0.054160953
-0.060947917,0.005789524,-0.08583174,0.03525968,0.0025340132
