Care,Fairness,Loyalty,Authority,Sanctity
Harm,Cheating,Betrayal,Subversion,Degradation
0.016094726,0.026633631,-0.009869158,-0.004500067,-0.048961647
-0.008170256,-0.0370031,-0.06426147,-0.066389635,-0.03174619
0.022024337,0.17301229,0.052453667,0.034224443,0.02579289
0.020106912,0.07384874,0.08653711,-0.0072155865,-0.0035893265
0.028127516,0.004806895,0.023118638,0.001663438,-0.046599828
0.015325467,0.061041534,0.03459792,0.088615835,0.042426974
-0.113778904,-0.17774585,-0.16442516,-0.030339152,-0.2504513
-0.051840737,0.025738575,0.050708562,0.0019966997,-0.009523032
-0.14626801,0.027699573,-0.14422184,-0.08966126,-0.10337406
0.002044241,0.01648816,0.027006093,0.024409678,-0.0026229918
0.013587956,0.001643395,0.020796554,-0.0018752888,-0.071513794
0.02670709,-0.004496347,0.049326528,0.029686488,-0.016056558
0.0062769144,0.012790944,0.031625412,0.069832146,0.007000152
0.0052063763,0.06961139,0.016312264,0.00457519,-0.030223345
-0.11616642,-0.06307827,-0.15519775,-0.12589478,-0.027030608
0.0035847472,0.030648798,0.06608422,0.13171901,0.06592709
0.084463865,0.02423196,0.031953257,-0.025454711,-0.013989128
