Care,Fairness,Loyalty,Authority,Sanctity
Harm,Cheating,Betrayal,Subversion,Degradation
-0.005042077,-0.052824125,-0.03648133,-0.08082841,-0.09849847
0.047534652,0.08258997,0.01787133,0.019635245,-0.063468084
-0.0989064,0.03618855,-0.056218076,-0.12157062,-0.10508263
0.05502374,0.0040930808,-0.06509997,-0.082611024,-0.08977095
-0.04801682,-0.1212759,-0.0711276,0.019579481,-0.09293349
-0.04245182,0.006434695,-0.0017185546,-0.021901216,0.0258887
0.043842904,-0.04659624,0.044780068,0.011260789,0.04081528
-0.0023650294,-0.02226157,-0.024223529,-0.002375213,-0.006076146
0.017903307,0.013663534,-0.05613833,-0.037185557,-0.07964377
0.043280922,-0.0006673271,-0.009634995,-0.06452423,-0.09537191
0.0041854107,0.05151185,0.011604655,-0.08410227,-0.08660789
0.017222285,0.019458521,0.022642685,-0.033022452,-0.08369455
0.10972177,-0.034087505,-0.019213308,-0.1434317,0.011045854
0.036722973,0.036323935,0.03769897,-0.15863273,-0.010487016
-0.059920263,0.026111852,0.015486497,-0.10768422,-0.08042966
0.0053965375,-0.01182726,0.06970826,-0.01943319,-0.049800918
-0.01680784,0.049050286,0.00047316588,-0.024349997,-0.12050907
0.00076764403,-0.038346395,-0.05859866,-0.08249974,-0.10717
-0.030249218,-0.0075729787,0.003310264,-0.048261188,-0.118169084
0.031559028,0.023409564,0.029578637,0.024238525,-0.021766385
0.00093950983,0.04503879,0.027886862,-0.050088413,0.0055944547
-0.007928107,0.02766651,0.03131909,-0.0705072,-0.13276589
-0.014685441,-0.017649096,0.0180814,0.0050208922,-0.02819623
-0.03343748,0.043583393,-0.057648066,0.026791504,-0.042470235
0.03514751,0.101671636,0.10819736,0.116688035,-0.0104845725
0.02965724,0.03881421,0.05399085,-0.11898753,-0.11420818
-0.06993104,-0.030281153,-0.030206803,-0.011477307,-0.042408522
0.0055903606,-0.053081617,0.056998,-0.009084394,-0.14647073
