Care,Fairness,Loyalty,Authority,Sanctity
Harm,Cheating,Betrayal,Subversion,Degradation
-0.058988187,-0.033104483,-0.084106065,-0.097887695,-0.16202512
-0.00037433254,0.08013047,0.083292395,0.014431928,0.014831264
0.010193279,0.0120898355,0.031047225,-0.047006138,-0.08666974
-0.025861567,-0.011471275,-0.024932154,-0.061414354,-0.045584075
-0.042328008,0.029890994,0.014753495,-0.03522557,-0.13072702
-0.03791043,-0.013005496,-0.03527117,-0.09811762,-0.12941113
0.010770024,-0.0336654,0.006291033,-0.0383942,-0.09515831
0.050395563,0.0330262,-0.007255966,-0.0089876335,-0.062351264
-0.018216398,0.03178333,-0.0005867835,0.017694999,0.06348857
0.037127174,0.032739338,0.03992211,0.063717246,-0.031206697
0.029836291,0.027391542,0.009163918,-0.0016423361,-0.0468738
-0.2193813,-0.10516871,-0.09265889,-0.099696234,-0.32032424
0.02097386,0.041700754,0.02979573,0.0014740797,-0.07919066
-0.025803812,-0.029775336,-0.011966498,-0.030562267,-0.08759463
0.01056615,0.03547571,0.01893819,0.04728266,-0.07099135
-0.065322086,0.03787338,0.024053495,-0.0034968639,-0.10222996
-0.006183193,0.057695203,-0.01852772,-0.070872426,0.014121158
0.006539382,0.0063673435,-0.06881501,-0.10355426,-0.16454844
-0.036203936,0.02516304,-0.026395198,-0.0025634132,-0.09503136
-0.09694168,0.03807023,0.082645126,0.05799313,-0.007571785
-0.14004667,-0.008682613,-0.04871305,-0.020426951,-0.15076426
-0.11708598,-0.07042463,-0.10206215,-0.07058654,-0.18871379
0.040619187,0.0062062647,-0.039605238,-0.0068189576,-0.06770137
-0.066479035,-0.03243995,-0.018295664,-0.07446057,-0.103989124
-0.05690561,0.015575138,0.02381226,0.07406681,-0.097937286
-0.03253514,0.014132183,0.04456052,0.035377596,-0.02744056
0.039913125,0.023296729,0.08965188,0.09928581,0.043110974
0.020459445,-0.015969543,0.058370255,0.006379083,-0.06480171
-0.070023745,-0.11710456,0.025178492,0.013906842,-0.094462596
-0.018845592,-0.077887096,0.081743695,0.018088268,-0.06920421
