Care,Fairness,Loyalty,Authority,Sanctity
Harm,Cheating,Betrayal,Subversion,Degradation
-0.013950311,-0.0046323556,-0.08174786,-0.034672953,-0.03841606
-0.045447286,-0.015664175,-0.08454929,-0.047646675,-0.1229082
-0.07940188,0.0028204247,-0.08547034,-0.065766,-0.036386415
-0.06927908,-0.0110489875,-0.14194176,-0.038368206,-0.07426436
0.010151833,0.055662647,-0.01651809,0.03634805,-0.048619647
-0.010509748,-0.007176812,-0.024004733,0.0026070997,-0.09145036
-0.09861669,-0.028333783,-0.075692505,-0.06309162,-0.12125106
-0.055802904,0.022935329,-0.06927159,0.031839114,-0.10569497
-0.053627603,-0.049807195,-0.09586729,-0.06617562,-0.031661917
-0.03617235,-0.0586378,-0.106615216,-0.028336242,-0.10753977
-0.04171253,-0.019218724,-0.064926006,-0.06374168,-0.07559393
-0.08876237,0.026243402,0.022657022,0.09062782,-0.007959999
-0.15340406,-0.05677872,-0.08154604,-0.08354734,-0.12319288
-0.045467526,-0.03315472,-0.046957258,-0.07368711,-0.11889483
-0.058625292,0.038713656,-0.10379501,-0.04374724,-0.11536044
-0.020603435,0.0050146077,0.022282127,-0.03124034,-0.023594199
