Care,Fairness,Loyalty,Authority,Sanctity
Harm,Cheating,Betrayal,Subversion,Degradation
0.04670369,0.018076982,-0.037559696,-0.048151016,-0.05534727
0.079621784,0.007305812,-0.058556803,-0.04437921,-0.072260216
0.04489855,0.04819722,0.027914494,0.015350524,-0.059680343
-0.009610599,0.070491284,0.010653131,0.046166703,-0.0539125
-0.065863505,-0.011758873,-0.026652113,-0.029796053,-0.12073007
-0.0005603838,-0.014522716,-0.067404106,-0.005780831,-0.14359304
-0.11883514,-0.096552566,-0.18559152,-0.103080206,-0.124404505
-0.078907266,-0.0794521,-0.15983835,-0.13992172,-0.22011948
-0.039996162,-0.02220752,-0.04970979,-0.041255563,-0.051164135
0.031527612,0.009378474,-0.08615496,-0.039760355,-0.04771118
0.041108828,0.027384557,-0.10693903,0.008474316,-0.09038566
0.022392718,0.042909175,-0.041443117,0.055500053,-0.026319083
-0.0055873627,-0.058283776,-0.07113512,-0.07089467,-0.17747764
-0.031293146,0.04920081,0.036861874,-0.020606562,0.0040483363
-0.1337494,-0.009260818,-0.0589049,-0.06140145,-0.015659453
0.018473983,0.04602823,-0.02790773,0.030192643,-0.13341148
-0.007232991,0.035923928,-0.022568604,-0.040703006,-0.12840775
0.019553857,-0.06555581,-0.07066378,-0.02016821,-0.09219837
-0.042297654,0.0036090352,-0.01732363,0.010920249,-0.09450577
-0.012191348,0.03140413,-0.00085948454,0.061680667,-0.02980296
-0.047468893,0.028978728,-0.012159308,-0.022070872,-0.08480014
0.010078876,-0.039347436,-0.04736038,-0.07368736,0.011217255
0.07831117,0.03714627,0.000583427,-0.014636854,-0.0036235908
-0.04339938,0.00012713298,-0.055850357,-0.093005724,-0.063293956
0.010369146,0.029712474,-0.032417864,-0.018768167,-0.11194982
-0.091398776,0.028888067,-0.04239577,-0.0031852322,-0.123525426
-0.12273168,-0.042739075,-0.04720769,-0.013934206,-0.082730986
-0.003999375,0.12662937,0.08747135,-0.0273395,0.0076226518
0.03623969,0.04322382,0.037542507,0.08220137,-0.03707634
-0.05582808,0.1077159,-0.0034747925,0.013224535,0.0064645642
0.051998384,0.05336693,0.0621162,0.055461813,0.03558686
0.021958424,0.094839364,0.038042843,0.004992623,-0.011341015
0.03801843,-0.0089766495,0.037482075,-0.003730569,-0.08884661
-0.04528439,0.13617687,-0.0014202408,0.013454599,-0.08355859
-0.0020339992,0.07189386,0.00013728254,0.011303926,-0.055435088
0.11709928,0.127878,0.030154116,0.018315231,0.0014862511
-0.041100904,-0.09080995,-0.13372628,-0.02688344,-0.02623099
