Care,Fairness,Loyalty,Authority,Sanctity
Harm,Cheating,Betrayal,Subversion,Degradation
0.008783111,0.04386732,0.0022592694,-0.018897831,0.024425581
-0.054792147,0.028024625,-0.028724479,0.017310327,0.07643261
-0.050769534,-0.025330564,-0.033552524,-0.0680566,-0.08920027
-0.048346248,-0.038202778,-0.016465742,-0.056747206,-0.080169335
0.02326378,0.10881296,0.06142554,0.04890631,0.08324848
0.058136925,0.05263786,-0.041260574,-0.0448532,-0.057704024
-0.002004372,0.14537647,-0.000600392,-0.023094147,0.025496367
-0.00047376752,-0.018711537,-0.07575068,-0.010803807,0.050130673
0.033963628,0.015724871,-0.01846129,0.011167134,0.07185534
-0.08499541,-0.06109614,-0.116188034,-0.014558957,0.012102842
0.030963577,0.08640057,0.024950795,0.058651842,0.0077706594
-0.009572418,0.17024606,0.13067254,0.049380876,-0.0017192028
0.07442786,0.10663007,0.089097545,0.062432952,-0.049794693
-0.07517238,0.055623595,0.054687575,0.07183677,0.08230927
0.014217574,0.053845715,0.08107981,-0.02461338,0.017118271
-0.020582832,-0.028783778,-0.05511412,-0.10639021,-0.18516326
-0.03863836,-0.01020788,0.028964635,-0.05042622,-0.07173774
0.055188883,0.006195955,0.048982915,-0.08439976,-0.05242336
0.07514416,0.018429846,0.08439782,-0.05290539,-0.084172726
0.04796575,0.054803953,0.08922365,0.010817364,0.098125756
0.065756164,0.11055069,0.15115632,0.08166937,0.056236304
0.00012370525,0.024590543,0.035870604,-0.039090995,0.014444524
-0.046969745,0.09517064,0.042370066,0.046236,-0.039480377
0.04846362,0.03799293,0.08098903,-0.055695057,-0.0023691189
0.050635085,0.05202002,0.05496347,-0.07553681,-0.0278789
0.002227759,-0.024701944,-0.0018026847,0.048790075,0.05013442
0.011610493,0.0504424,0.090364784,0.0072484436,-0.011028644
0.09949607,0.022464367,0.0482955,0.04299184,-0.0117350705
0.09618951,0.02675461,0.08191067,0.008983437,0.021754786
-0.06350703,0.052364927,-0.0033405353,-0.005928915,-0.040896647
-0.0516307,0.07497372,-0.06005943,-0.067280844,-0.018466476
-0.0038958024,0.07548981,-0.051963754,-0.020987576,0.053852215
0.043116592,0.054835677,-0.0054669008,0.101422235,0.009833078
0.01523791,0.0832892,0.040760837,-0.062895656,0.030427396
0.022149578,0.09368637,0.0147733055,-0.01747125,-0.069134854
