Care,Fairness,Loyalty,Authority,Sanctity
Harm,Cheating,Betrayal,Subversion,Degradation
0.030106373,-0.0065396205,-0.047892656,-0.05224494,-0.071078
0.045035,0.03218702,0.018627059,0.0065332474,-0.05646906
-0.009610587,0.07049115,0.010653015,0.046166696,-0.053912595
-0.06586357,-0.011758888,-0.026652161,-0.02979605,-0.12073009
-0.0005605025,-0.014522724,-0.06740418,-0.005780816,-0.14359304
-0.11883508,-0.09655258,-0.18559144,-0.10308012,-0.124404445
-0.07890728,-0.0794521,-0.15983835,-0.1399218,-0.22011948
-0.039996177,-0.022207588,-0.04970983,-0.04125567,-0.051164173
0.03152755,0.0093783885,-0.08615501,-0.03976038,-0.047711186
0.041108772,0.027384518,-0.10693911,0.008474253,-0.0903857
0.022392703,0.042909175,-0.041443117,0.05550015,-0.02631907
-0.005587413,-0.058283795,-0.07113515,-0.070894666,-0.1774776
-0.031293176,0.049200892,0.036861874,-0.020606546,0.0040483586
-0.13374938,-0.009260875,-0.05890491,-0.061401457,-0.015659314
