Care,Fairness,Loyalty,Authority,Sanctity
Harm,Cheating,Betrayal,Subversion,Degradation
-0.01952305,0.020480268,-0.0380358,-0.08519234,-0.042926863
-0.043327503,0.025384486,-0.0038405927,-0.060938857,-0.023082528
-0.14140049,0.0004640827,-0.045491196,-0.08806303,-0.07679634
-0.0038166759,0.016127776,0.0068206023,0.008017151,-0.0151093695
-0.07842319,0.02605534,0.025685593,-0.030307265,-0.04467997
-0.0404206,-0.07647546,-0.11490859,-0.11074403,-0.076269165
-0.028711598,0.041436423,-0.030074907,-0.05994572,-0.02095804
-0.017015023,0.0383825,-0.015060727,-0.047882527,-0.010953716
-0.0344814,-0.008393737,-0.0034054879,-0.02763763,-0.03091076
-0.089943394,0.0024226513,-0.01975549,-0.11271924,0.00091771735
-0.017911714,0.03571385,0.05711293,-0.08267793,0.06792435
0.05778996,-0.03687164,-0.037291855,-0.04292898,0.019823207
0.07854511,-0.039741836,-0.09286778,-0.06043569,0.088970475
-0.047785837,-0.03697525,-0.07420924,-0.07887979,0.018383928
-0.05010757,0.06402884,0.0026025064,0.103175476,0.009846691
-0.1039844,0.06931357,0.04017335,-0.027875036,-0.017609624
-0.026670795,0.07863073,0.057447705,-0.012526099,-0.024864808
-0.104542606,0.010020478,-0.013819535,0.011921039,-0.013987156
-0.15544386,0.029408239,-0.020331003,-0.048121892,-0.024931729
-0.038733363,0.041239075,-0.00440705,0.0028940272,-0.099793494
-0.12019149,0.024286026,-0.02380389,-0.06630122,-0.08168513
-0.09650222,0.030282225,-0.040797703,-0.0901788,-0.07837726
-0.038795378,0.032721195,-0.04282268,-0.049837857,-0.010485312
-0.00043477677,0.14761907,0.19666222,0.014525344,0.15810388
-0.076714,0.005252527,-0.054593977,-0.079389796,-0.0146175185
-0.015329126,0.0038310876,-0.08571513,-0.035881873,0.0155968275
-0.067961164,-0.025566045,-0.054470174,-0.045550637,0.06287464
-0.016746659,0.013616187,-0.007895149,-0.005259961,-0.044453405
-0.045727983,-0.043698147,-0.087716356,-0.07192101,-0.15841508
-0.10300146,0.012527424,-0.009639155,-0.041620992,-0.022187117
0.016842762,0.04933241,0.041319165,0.032735433,-0.08289344
-0.0046085585,0.0819251,-0.031396113,-0.036427815,-0.015949456
0.041833676,0.023191748,0.020674333,0.0046761483,0.02410931
-0.046861067,0.029690426,0.026776478,-0.07587406,0.054160055
-0.057435513,0.014188955,-0.0052688587,-0.07645671,-0.009383757
-0.08833751,0.08244258,0.003775129,-0.04157319,-0.021822415
-0.018215183,-0.0045972764,-0.042004127,-0.07637149,-0.008706918
0.016886473,0.008847757,0.057922304,0.016735248,0.00032028556
