Care,Fairness,Loyalty,Authority,Sanctity
Harm,Cheating,Betrayal,Subversion,Degradation
-0.03662124,-0.0155006,-0.13176829,-0.10379182,-0.05151295
0.046739604,0.054826207,-0.004352228,-0.021881217,-0.047923192
-0.07818787,0.06486797,-0.07645697,-0.07820347,-0.062058255
-0.09336914,-0.11451398,-0.14563909,-0.067202926,0.0011574477
0.04466795,-0.016013259,-0.05324686,-0.08893157,-0.0005814936
-0.14001177,-0.025788097,-0.1750479,-0.043547,-0.080065675
-0.10979581,-0.08066813,-0.19242966,-0.07809234,-0.119752616
-0.13799989,0.014568161,-0.17498848,-0.07448798,-0.058296405
-0.055150613,-0.04723666,-0.09259191,0.019425787,-0.0047540474
-0.10377657,0.004525533,-0.066277586,0.04206743,0.018810973
-0.13993038,0.008528469,-0.061834984,-0.009517866,-0.17742398
-0.12831785,-0.005612148,-0.04342124,-0.015873494,-0.116169006
0.025317032,0.17456411,-0.02147394,-0.018965337,0.15611926
-0.07081345,-0.0005474868,-0.018629888,0.045044336,-0.024331637
-0.20761509,0.001605982,-0.09788166,-0.102228165,0.031237787
-0.16477358,-0.042602383,-0.12801261,0.0186669,-0.06708533
-0.13129392,-0.077660635,-0.23542199,-0.12303472,-0.008632525
-0.14173402,-0.14947313,-0.27253526,-0.2313,-0.050743446
-0.13896781,-0.046900697,-0.14298522,0.017546427,-0.018683678
-0.051482774,-0.074677944,-0.1251227,-0.115001075,0.017690618
0.055023286,0.08613601,0.08151415,0.14441478,0.052169483
-0.061431915,0.083910264,-0.024202809,0.04129918,-0.062909886
-0.07941224,-0.111903176,-0.16814256,-0.15507013,-0.024801865
0.0015548468,-0.038161717,-0.04891191,-0.056549758,-0.0007472234
0.031946354,0.095171474,0.029893847,-0.05930815,-0.04910256
0.025513284,0.048651133,0.021569755,0.03287687,-0.032237038
0.09420881,0.1107845,0.006661213,-0.050284103,-0.0072945207
0.013700774,0.029478822,0.018569432,-0.017394815,-0.09110208
-0.016593527,0.061481208,-0.092196345,-0.064330146,-0.05353084
-0.033337943,0.11075431,-0.08695699,-0.0192882,0.03312325
-0.010604305,0.027990965,-0.035324935,-0.044727862,-0.00011174753
