Care,Fairness,Loyalty,Authority,Sanctity
Harm,Cheating,Betrayal,Subversion,Degradation
0.015432546,0.016615648,-0.05626434,-0.03863017,-0.06614011
0.053774312,0.02261606,-0.024528747,-0.058207415,-0.016867334
0.15139842,0.01633807,0.0317707,0.093928754,0.0464756
0.016570762,0.05081276,-0.048359368,-0.044648618,-0.04131995
0.004756037,-0.03427641,-0.045103256,-0.0901901,-0.014032673
0.016155047,0.011592094,-0.03545939,-0.06155654,-0.014219152
0.051675633,0.079672694,0.08198395,-0.0016573109,0.01517953
-0.033958584,0.0013367422,-0.06731358,-0.04230879,-0.010381248
-0.0069073895,-0.019577716,-0.090149894,-0.10053606,-0.045595407
0.10199265,0.028233081,0.0064476803,0.0058711017,0.1012186
-0.0032420978,-0.018204635,-0.12967692,-0.10212386,-0.030707281
-0.035053793,-0.028627848,-0.084167704,-0.06369607,-0.043972887
0.009264262,0.03985438,0.045074776,0.024583314,0.088391975
-0.0036086757,0.022038285,0.00048070587,-0.017637532,-0.028644297
0.03886275,-0.0041212197,-0.03345706,-0.04006073,-0.00050231814
0.004817672,-0.013303546,-0.050358158,-0.0066383407,-0.017722556
-0.04141344,-0.014702004,0.0087294625,0.008885777,-0.07485786
-0.057235677,-0.027918292,-0.080493756,-0.05575294,-0.097704455
-0.009471681,0.026786055,-0.031602252,-0.03923198,-0.069810145
0.020861669,-0.032981824,-0.03666935,-0.065564334,-0.088946134
-0.015096165,-0.040532656,-0.02552148,-0.05991278,-0.03752104
-0.032292783,0.15288709,0.025783744,0.04965289,0.02027584
0.03651143,0.021811008,-0.007143414,-0.07773434,-0.046648137
