Care,Fairness,Loyalty,Authority,Sanctity
Harm,Cheating,Betrayal,Subversion,Degradation
0.1114941,0.10712181,0.0030068606,0.03463196,-0.057779733
-0.016714862,0.00034898147,0.010320146,0.1448407,-0.08279185
0.04852082,0.10661658,0.022123601,0.0182072,-0.044131435
0.08359498,0.017388677,0.029647265,-0.016922422,-0.057339013
0.05652701,0.074218825,0.026825365,-0.024038248,0.010699559
0.058195602,0.031699345,-0.030055702,-0.0149180405,-0.027095038
0.041033417,0.039626542,0.112512246,0.10086967,0.033247583
0.07232922,0.10058913,0.06879542,0.028668653,-0.015108358
0.09064318,0.02355162,0.050740384,0.014471162,-0.019485649
0.16911295,0.05759033,0.022115707,0.023665776,0.0024159178
-0.06371256,0.10371517,0.019403858,0.01722104,-0.010670101
-0.120234095,0.029196048,-0.12763603,-0.12216753,-0.093079
-0.09283721,0.0067906827,-0.03909274,-0.057427894,-0.125691
-0.061123807,-0.030673865,-0.07643274,-0.06572276,-0.10693651
0.009443484,-0.10522145,-0.15353769,-0.1076099,-0.041136846
0.021544406,0.017521985,-0.029145464,-0.031047218,0.015498896
0.037168123,0.07294488,-0.07103759,0.015348583,-0.055289768
0.077735856,0.05257648,0.013496939,-0.04907663,-0.059890196
0.010851523,0.039806407,-0.043327298,-0.062527485,-0.16612427
0.114510305,0.057365414,-0.021113582,-0.048473798,-0.077091105
0.03682395,0.06534222,-0.04824778,-0.06983769,-0.1211606
0.07513195,0.07386603,0.032889828,-0.050994605,-0.11802814
0.14208595,0.07698424,0.057438657,-0.046199195,-0.04109329
0.105565876,0.086028874,0.039290674,0.037968475,0.04130736
0.095047206,0.05213596,0.16219644,0.09008858,0.121990144
