Care,Fairness,Loyalty,Authority,Sanctity
Harm,Cheating,Betrayal,Subversion,Degradation
0.010668322,-0.011006832,-0.10626659,-0.06261201,-0.10277027
-0.058698054,-0.05682255,-0.035838403,-0.04512544,-0.104925185
-0.05513484,0.039236333,-0.03304517,0.030793667,-0.05484476
-0.033300452,-0.038141027,-0.06871869,-0.06761025,-0.1323945
0.0008725235,-0.012641484,0.0093498975,0.027571352,-0.0023141913
-0.03128451,-0.0484991,0.005572729,0.074075535,-0.07799339
0.12151137,0.03133144,-0.004794007,0.071916535,0.0478662
0.05361026,0.08731382,-0.037339337,-0.019998012,-0.09893267
0.09702437,0.08188803,0.0029543005,0.024922656,-0.01475236
-0.04874376,-0.09008836,-0.1307157,-0.10010134,-0.063604355
0.09473572,0.12417211,0.08447498,0.055945404,0.18489632
0.031165507,0.075843364,0.08990495,0.0029628128,0.05978755
