Care,Fairness,Loyalty,Authority,Sanctity
Harm,Cheating,Betrayal,Subversion,Degradation
0.13391997,0.09551418,0.032091625,0.033782534,-0.029845003
0.14222358,0.109697685,0.078333795,0.07202417,0.007968951
0.038451556,0.023784777,0.008853732,0.033117186,-0.01703576
0.09183386,0.12729177,0.20295079,0.12912291,-0.027255848
0.0997265,0.08068749,0.036703892,-0.029258296,-0.03634335
0.084880225,0.06047536,0.067128,0.02103215,0.09022902
0.027489293,-0.016186573,-0.08881731,-0.0666536,-0.07795209
-0.06587951,0.007849687,0.01831202,-0.035906818,-0.055985685
-0.020233534,0.034568787,-0.022622542,0.02276184,-0.12543964
-0.06632949,-0.031852365,-0.09895153,-0.08847603,-0.083049834
0.11968359,0.12409558,0.08071785,0.12792045,-0.061609253
0.016413942,-0.063560754,-0.04149373,-0.06379443,-0.06275061
-0.03213477,0.035021506,-0.015522059,-0.0086229425,-0.04282411
-0.045200653,0.07639845,0.06894845,0.038148083,-0.07877107
0.078887366,0.07326259,0.028380595,-0.021932624,-0.06334455
0.046308056,0.084693134,0.05816438,-0.015080649,-0.068580545
-0.057863347,-0.005694255,-0.05626227,-0.05732282,-0.08538509
0.000458566,0.045449693,0.0035005566,-0.06191402,-0.024884956
-0.045133136,0.005209185,-0.043378938,-0.12360232,-0.086867124
0.1300925,0.0675394,0.02482307,0.031252097,-0.03711951
-0.006439222,0.06355299,-0.069032416,-0.056551687,-0.1207138
0.07054402,0.10137376,0.014973195,0.004909205,-0.09708841
-0.03007172,-0.029505169,-0.07715548,-0.019428616,-0.08130137
0.04321416,0.10414129,0.03057682,0.030360267,-0.088082395
-0.040758956,0.07441955,0.018332977,0.08974372,-0.002443675
-0.01371678,0.04159359,0.05849991,0.027691083,0.0020245947
0.07164575,0.0233608,0.08697501,0.06713283,-0.030923463
