Care,Fairness,Loyalty,Authority,Sanctity
Harm,Cheating,Betrayal,Subversion,Degradation
0.016764518,-0.0031148456,-0.05454457,-0.1304537,-0.076599434
0.025674641,0.033134095,-0.06999445,-0.16640855,-0.0928846
0.024456833,-0.009215706,-0.015302716,-0.035451706,-0.05440388
0.028568652,0.026553497,-0.08255866,-0.008423004,0.0015301649
-0.023469241,0.045166805,-0.016512644,-0.06415603,-0.091342725
0.057933647,0.047289245,-0.016744092,-0.110995844,-0.07811934
-0.057572577,-0.050600022,-0.041243393,-0.1039402,-0.13929352
0.008084139,-0.02275543,-0.069290936,-0.054928567,-0.09461212
-0.007291056,-0.009011894,-0.07614785,-0.07872176,-0.07600931
-0.19593161,-0.05796503,-0.1398552,-0.14731526,-0.13058943
0.06629886,0.06624004,0.01678195,-0.05351167,-0.06237382
0.024609327,0.0889658,0.04845919,0.012853246,0.041376382
0.035167053,0.10621133,0.040956117,0.025843177,-0.0052546896
-0.103855684,0.08806972,0.05913734,0.026625745,-0.08138148
-0.014886379,0.06972556,0.040682226,-0.010128416,-0.011947105
0.07491292,0.10883512,-0.027200771,-0.07109103,0.040772002
0.08256622,0.01443048,0.05605683,0.08682946,0.10586665
0.011784732,0.10639413,0.025078014,-0.03185129,-0.1195585
-0.12443814,-0.015239723,-0.12987088,-0.16078709,-0.13381355
-0.014540339,0.040725432,-0.042338658,-0.08946015,-0.12142764
-0.011764254,-0.05728391,-0.035143975,0.06882973,0.08044903
-0.03773766,0.035310626,-0.033285923,-0.07126178,0.032799523
0.061715674,0.0835715,-0.027692515,-0.054387532,-0.051645525
0.048052013,0.057210356,0.06862779,-0.048873086,0.0090698
0.0622638,0.048152734,0.078837164,0.041266564,0.032166824
0.043284655,-0.0018758029,0.07706436,-0.0101963,-0.004084426
0.02277439,0.032779593,0.07422759,0.009378191,0.028027741
-0.011175433,0.035566945,0.06353155,0.010497758,-0.020094236
0.078934535,0.018641375,0.004398238,-0.04624184,-0.0024721771
0.10083459,0.04754263,0.08330269,-0.0037582256,-0.052108765
0.01241455,-0.08980942,-0.05544761,-0.11883378,-0.017109076
-0.028412048,-0.054964956,-0.019949954,-0.06513022,0.022266721
0.020687977,0.037523326,-0.07149517,-0.019465815,0.019515272
0.017743772,0.06421679,0.042238105,0.0002662167,0.11083558
0.07346512,0.040428404,0.0007333532,-0.001859799,0.029464265
0.034773495,-0.07554655,-0.036950924,-0.051376034,0.046271153
0.07021442,0.06037821,0.0032180734,-0.09745107,-0.0735814
0.031902,0.0064754076,-0.03922172,-0.100666806,-0.11539596
-0.027093794,-0.012873646,0.030916609,-0.03967198,-0.11197232
