Care,Fairness,Loyalty,Authority,Sanctity
Harm,Cheating,Betrayal,Subversion,Degradation
0.06724023,0.033315703,-0.04938383,0.033441752,-0.038809255
0.04443447,0.07144677,0.03541908,0.025214128,0.037579134
0.011474976,0.13439883,0.045276962,0.05297606,-0.04560579
-0.067986354,0.09905503,0.025484607,0.052231632,-0.09619017
-0.050863978,-0.030024927,-0.026875773,-0.04734925,-0.13796613
0.01644487,0.14472345,0.12400115,0.03558209,0.112780824
-0.21402335,-0.0752453,-0.06984793,-0.0573146,-0.18263185
-0.009889796,0.047845397,0.088346004,0.031684954,-0.0063428693
0.08287679,0.075664125,0.005335154,-0.029932585,0.033016674
0.059171483,0.0454811,-0.072600536,-0.042316087,0.011043973
-0.05246769,0.12737978,-0.010287985,0.031295236,-0.08758763
0.039758507,-0.021503164,-0.1157786,-0.007893592,-0.053221263
0.06566018,0.06477805,-0.00201872,0.04810478,0.10207702
0.06632264,0.10473292,0.0704152,0.029633489,0.09123853
-0.007201465,0.18856406,0.08206567,0.04455748,0.07032174
0.10479563,0.09219937,0.015162548,-0.02416986,0.03736952
-0.042439952,-0.023262247,-0.066345856,-0.122639276,-0.012594482
0.11127711,0.17779939,0.17080347,0.20708978,0.17320144
