Care,Fairness,Loyalty,Authority,Sanctity
Harm,Cheating,Betrayal,Subversion,Degradation
-0.003671409,0.031271324,-0.048286222,0.03494615,-0.015865263
0.053529132,0.065136716,0.041729875,0.01404174,-0.04039927
-0.057395197,0.020919252,-0.012821334,0.022355614,-0.024180755
-0.04827057,0.040161796,0.01194847,0.073240906,0.022384899
-0.053128295,0.060260624,-0.032658525,0.035959966,-0.04626925
-0.0046745073,0.05158542,0.010572381,0.07493387,-0.019069364
0.07017179,0.1051901,0.06598812,-0.042163685,-0.034747638
-0.013512734,0.057742633,0.012518018,0.0488298,-0.03767363
-0.07728635,-0.00019674376,-0.07031257,0.0134603195,-0.07855423
-0.04572856,0.040541977,-0.051118862,-0.0062153954,-0.01718691
-0.07575001,-0.090575196,-0.104496956,-0.094226465,-0.12853602
0.044091057,0.014821295,0.049986433,0.03905254,-0.03069578
-0.1184835,-0.05461885,-0.09955565,-0.07687819,-0.12850645
-0.08310253,0.028780576,0.0530655,-0.011569504,-0.105405435
0.00092111435,0.038109753,0.048366677,0.039717067,-0.11065611
0.09278032,0.057960134,0.047376398,0.008294441,-0.07847799
0.08021486,0.039738342,0.072031245,0.060215604,0.013434486
0.08150749,0.030928735,0.067561686,0.043183185,-0.06319304
0.02608578,0.01579341,0.03533368,0.04893464,-0.008902756
-0.024239091,0.041610252,-0.0076397583,-0.012037858,-0.06443577
-0.0028081369,-0.00024531968,-0.018185508,-0.04101483,0.01892414
0.052895598,-0.04616808,-0.13226503,-0.090970226,-0.10585221
0.09632558,0.1661498,0.041805595,0.05080408,-0.010393159
-0.0389976,0.15219745,-0.01081064,-0.0030142348,0.0052595716
-0.16924022,-0.08563739,-0.07356298,-0.022640543,-0.1431461
-0.08865687,-0.029009588,-0.025889546,-0.102152765,-0.12183103
-0.12188276,-0.01071463,-0.05631783,-0.036413547,-0.092874534
-0.1112721,0.042447552,-0.010098847,0.049895436,-0.043703996
0.0151750315,0.079998516,0.01731552,0.070519656,0.12020574
0.052452087,0.080753446,0.027805276,0.035169926,0.004177917
-0.0068745827,0.11880888,0.020793283,0.09968791,-0.007334437
0.063039005,0.17755108,0.18539344,0.07668565,0.053389832
0.02194247,0.1398893,0.095593035,0.04625544,0.06266434
0.0013783462,0.042984888,0.07936945,0.024093386,0.0015430106
0.043787614,0.039493937,0.027922826,0.012821667,-0.04070851
0.0008077733,0.039598316,0.009163529,-0.034580942,-0.087744944
0.027118595,0.012455955,0.06735402,0.0080073755,-0.029888514
