Care,Fairness,Loyalty,Authority,Sanctity
Harm,Cheating,Betrayal,Subversion,Degradation
-0.031307645,0.07178968,-0.042737983,-0.0666124,-0.017135834
-0.0722062,0.086460955,-0.043215714,-0.123710126,-0.016273407
0.034084383,0.14162205,0.10796055,0.13782471,0.08850065
-0.13333288,-0.003883604,-0.11904042,-0.19840066,-0.09322451
-0.025999602,0.03412281,-0.016631342,-0.026759192,-0.0010587014
-0.031148795,-0.08280411,-0.054002766,-0.05592924,-0.1507374
-0.06506945,0.045144666,-0.026061434,-0.07981181,0.016187076
-0.14505519,-0.016792579,-0.08103432,-0.10598769,-0.11511243
0.012811411,0.08311404,-0.038199347,-0.05519814,0.009058006
-0.022757903,0.04805191,-0.026813366,-0.068026006,0.005196886
-0.02836288,0.06941019,-0.013229571,0.020706067,0.107992
-0.058659352,0.060718544,-0.0059487727,-0.014899679,0.052499354
0.020935586,0.007955355,-0.13602103,-0.04058923,-0.004980292
-0.06464889,-0.0036899503,-0.16029516,-0.15262547,-0.06814561
-0.023522362,0.07866634,-0.013072845,-0.040002506,-0.046813358
-0.08667959,0.09977849,0.011011003,-0.0032292325,0.054622322
-0.100820705,-0.04779263,-0.07644614,-0.07847626,0.0028725602
-0.05928666,0.041799955,-0.036545865,-0.025154727,0.06908498
0.019294696,0.11084899,0.037073582,0.030544166,0.08791202
-0.0139107,0.09042127,-0.061684147,0.008109891,0.022056118
