Care,Fairness,Loyalty,Authority,Sanctity
Harm,Cheating,Betrayal,Subversion,Degradation
0.07581544,-0.0112962555,-0.020770792,-0.07747654,-0.08763346
0.022797959,0.07140806,-0.081457645,0.008761326,0.037852734
0.05040486,0.1190785,0.010093663,0.0038635954,0.034965042
0.08951214,0.11256631,0.022413667,0.020868596,0.0827796
0.06709774,0.063297495,-0.03331709,-0.035871744,-0.04908189
0.047809318,0.062739246,0.042504214,-0.041143052,-0.039011374
0.070052356,0.014392771,0.041648366,-0.028003853,-0.07308495
0.041688718,0.05178538,0.06591693,-0.00154108,-0.05424776
0.009457214,0.030141048,0.01707584,-0.08174814,0.009702002
-0.026939115,0.049723566,0.030172937,0.021707881,-0.023570301
-0.03998142,0.059537083,-0.08488387,0.043322045,0.039220434
0.043894403,0.14347081,0.061665583,-0.054540753,0.020266928
0.010231912,0.0029294752,-0.05174704,-0.049336568,0.033361748
-0.008051816,0.025068197,0.058650278,0.0009360425,-0.02048976
-0.041102346,-0.053690605,-0.08383305,-0.074570626,-0.03969978
0.002800948,0.066520095,0.02261654,-0.030106243,-0.048977003
0.02217329,0.03765911,-0.006617792,0.07217601,0.07184167
0.0035788622,0.05007054,0.095865384,-0.050500356,0.03571473
