Care,Fairness,Loyalty,Authority,Sanctity
Harm,Cheating,Betrayal,Subversion,Degradation
0.044818953,0.060103998,-0.080399856,-0.00889557,0.03635873
0.086327374,0.101787314,-0.03116984,0.015853215,0.06792485
0.045941155,0.10437207,-0.011382684,0.027191352,0.10056128
0.072956964,0.056885824,-0.04649423,-0.020177566,0.020666081
0.01108427,0.04196198,-0.06528882,-0.0777179,-0.0032013133
0.058535606,0.04036012,-0.010560727,-0.012821054,0.064726554
0.106198825,0.13953868,0.1417163,0.05155634,0.059209395
0.015000695,0.07808282,-0.014885854,0.079937376,0.08854379
0.029163234,0.043222927,-0.09703635,0.04155413,0.06869453
-0.01825707,0.05558602,-0.12004962,0.02813035,0.069345444
