Care,Fairness,Loyalty,Authority,Sanctity
Harm,Cheating,Betrayal,Subversion,Degradation
-0.09963093,0.017212715,-0.066478424,-0.07760354,-0.15469374
-0.15295379,0.015046754,-0.061493397,-0.06803844,-0.20191872
-0.0027747955,0.019843554,0.031653002,-0.012105491,-0.07670688
-0.0016522463,0.02992702,0.012301372,0.009949902,-0.09690151
-0.0015611085,-0.04000382,-0.017491197,-0.08316834,-0.050064526
-0.029755823,-0.035272278,-0.08276744,-0.07071809,-0.03770508
0.053089734,0.044394467,-0.01401899,-0.121981636,0.008525418
-0.04771869,-0.024549922,0.011090551,0.002811947,-0.10880057
-0.10256992,-0.11357897,-0.03939768,-0.012597473,-0.13073087
-0.022592692,-0.13522184,-0.06439315,-0.04817167,0.0033827545
-0.13265276,-0.111966185,-0.08751493,-0.054525495,-0.16111425
-0.1080012,-0.041844666,-0.08543298,-0.112961076,-0.08712612
-0.017812349,-0.041501425,-0.052581523,-0.09376858,-0.057746496
-0.06940574,0.027007373,-0.018353429,-0.011934388,-0.073126726
-0.116044074,0.011613297,-0.12378505,-0.060147904,-0.07382999
0.04320995,-0.032036886,-0.02997919,-0.042239968,-0.13582316
-0.030806638,-0.00029625,-0.0064906813,-0.064406775,-0.104640104
-0.045681376,0.026398804,0.01855284,-0.04119791,-0.102881275
-0.022391286,-0.021992795,-0.007723106,-0.0056122607,-0.12432964
-0.048814524,-0.024816357,-0.0053895963,-0.059503146,-0.15023202
0.039758634,0.029046,-0.036047794,-0.039966814,0.003386274
-0.06308288,-0.017395567,-0.028486375,-0.09435667,-0.14287068
0.097848475,0.024014624,0.09865197,0.025761997,0.031188224
-0.022145193,0.019187838,0.0744591,0.04398115,-0.070707366
-0.055269167,-0.012188041,-0.082128555,-0.06350215,-0.10175154
-0.092462756,0.0015863553,-0.15116166,-0.15048352,-0.20869192
0.00021772273,-0.07469165,-0.07227581,-0.07516703,-0.02891367
0.012457907,-0.0008683577,0.05629259,0.05018712,-0.044862498
0.06950381,0.009897099,0.047118887,0.00015865825,-0.046378724
-0.007826196,-0.024328245,-0.06655715,-0.08155477,-0.209298
-0.0691679,-0.1012546,-0.093251176,-0.096865594,-0.13726307
0.0758612,0.0033461982,0.102001816,0.039129533,0.0025554579
0.071785435,-0.026816417,-0.03011207,-0.028625462,-0.062853485
-0.019228995,-0.03029624,-0.07560871,-0.08321035,-0.07533873
