Care,Fairness,Loyalty,Authority,Sanctity
Harm,Cheating,Betrayal,Subversion,Degradation
0.053884216,0.0013613887,-0.039950185,-0.04479903,-0.07955469
0.060499463,0.06941272,0.03151959,0.036288977,0.02719543
-0.003573535,0.071821,-0.015313014,-0.0037208507,-0.05257864
-0.025259316,-0.0014370698,-0.06957285,-0.07211916,-0.08988913
0.07900087,0.06972427,0.012005145,-0.021791797,0.028025128
-0.010577482,0.0061127264,-0.13038631,-0.07498272,-0.024988908
-0.03246339,0.02886923,-0.083121255,-0.06737073,-0.114588924
0.122359954,0.084490046,0.03343068,0.028748887,0.042835824
-0.012609374,0.03745063,-0.025489345,-0.04502935,-0.02673158
0.10089277,0.039918523,0.08801157,0.09097717,-0.050391674
0.026138473,-0.030316409,-0.008349761,-0.07475765,-0.13796899
0.03672651,0.039621376,0.03122726,-0.034629483,-0.059244
-0.07159981,-0.015559068,-0.06016228,-0.105577566,-0.12699792
0.065864,-0.052676085,-0.045051083,-0.04066933,0.006299706
-0.009153586,-0.06208016,-0.078674406,-0.06257306,-0.14536181
0.023403574,-0.050835136,0.003859464,-0.05682096,-0.06900441
0.028607551,-0.047280498,0.0580455,0.010147873,-0.01929327
-0.12843892,-0.028126111,0.0010073502,-0.006796725,-0.08151598
0.02800822,-0.0727135,-0.0035514943,-0.04834025,-0.014193235
0.004785467,0.040615827,0.058134906,-0.047460858,-0.11377474
0.068263136,0.0041592605,0.01650413,-0.013948044,0.0028458592
0.07915427,0.025128478,-0.03401493,-0.016075682,0.0079904795
0.038246892,0.050077446,-0.0059259757,0.05363822,-0.043482836
-0.05680686,0.06548911,0.090772845,0.051229827,-0.10662921
0.0093809245,0.010670205,0.050233033,0.0106791,-0.029728077
0.0083229095,-0.034355916,-0.12773794,-0.064343505,0.0011405572
0.02354677,0.04232719,0.0025586486,-0.012111452,-0.00081783906
-0.019465152,-0.016511366,0.0757816,0.06346589,-0.013721539
-0.048502006,-0.06949772,-0.1289223,-0.075598255,-0.1478413
0.017125659,-0.008633455,-0.09084296,-0.076708674,-0.06746077
0.0133501915,-0.04803621,-0.031013086,-0.05189137,-0.08700208
-0.061390877,-0.016093476,-0.11574429,-0.019943796,-0.06387045
-0.009273503,-0.05473029,-0.10541842,-0.041620046,-0.03369317
-0.013100036,0.07822629,0.043798193,0.022130787,0.035193797
0.03505383,0.15094545,0.0125257075,0.009116851,-0.034371696
0.026737874,-0.042312972,0.109409615,0.07747591,-0.039212525
0.044822667,-0.06559706,0.031235296,0.034404814,-0.049773697
0.08769218,0.035607304,0.04437807,-0.031051656,0.011995306
