Care,Fairness,Loyalty,Authority,Sanctity
Harm,Cheating,Betrayal,Subversion,Degradation
-0.02688915,-0.007574605,-0.066192284,-0.061189048,-0.058546413
-0.022801856,0.020813275,0.007342521,0.001903817,-0.017293146
-0.02951833,-0.034500048,-0.017416501,-0.06824292,-0.10223715
-0.10229039,0.017034775,-0.08075994,-0.03646463,-0.17378134
-0.06782794,-0.10739114,-0.083790824,-0.10104344,-0.07576732
0.09162973,0.0738555,0.11213848,0.09523542,0.02986302
0.077367835,0.076990396,0.016491355,-0.062100876,-0.054384034
0.016068906,0.087354004,0.08858623,0.083434135,0.001343457
-0.042659618,-0.059956662,-0.050872955,0.058300234,-0.048293125
-0.016415108,0.05373029,-0.034747876,-0.07047925,-0.097042054
0.051913552,0.069396734,0.07613435,0.07806387,0.052840464
-0.010336151,0.02553292,0.001994541,0.025102524,0.001961816
-0.024947304,0.012700938,-0.095546715,-0.037609614,-0.036189575
0.018287335,-0.037207007,-0.09683941,-0.020295568,-0.045903683
-0.011409425,0.012665659,0.027845496,-0.03760938,0.0068464144
