Care,Fairness,Loyalty,Authority,Sanctity
Harm,Cheating,Betrayal,Subversion,Degradation
0.06622204,5.6512654e-06,-0.023487419,0.011003124,-0.016819526
-0.041059848,-0.022856198,-0.012754528,0.007318846,-0.119963706
-0.08994515,-0.03641559,-0.03243335,-0.01747867,-0.104162216
0.03224681,0.018285219,0.032077137,-0.0009748358,-0.059678815
-0.02983922,-0.0013895361,4.189834e-05,-0.022096112,-0.13413958
-0.006328284,0.027635703,0.0032699406,0.0517505,-0.010775546
0.012569134,0.06310751,0.029289912,-0.030084971,0.032683495
0.008418322,0.06924555,-0.0072074924,-0.008206387,-0.058366813
-0.020074647,0.038314685,0.04301463,0.043285385,0.0049560685
-0.040470514,-0.060679276,-0.053314384,-0.071544684,-0.12302729
0.068297714,0.053250108,0.0997109,0.003073182,-0.030688
-0.06372019,0.04314793,0.067098536,-0.051924564,-0.076254606
-0.07410035,-0.093881294,-0.06952256,-0.055307083,-0.1329042
0.048138537,0.079122245,0.04627972,-0.0046638697,0.0151297925
