Care,Fairness,Loyalty,Authority,Sanctity
Harm,Cheating,Betrayal,Subversion,Degradation
-0.041714758,-0.062681995,-0.12185554,-0.07184234,-0.13446191
-0.122047976,0.013529904,-0.013639135,0.076929055,-0.055295303
-0.05658441,0.021908596,0.0015202351,-0.02930792,-0.13127443
-0.017899923,-0.03545079,-0.052518018,-0.06820239,-0.12411897
-0.014645113,-0.033415686,-0.05701697,0.005380135,-0.16296187
-0.08659482,-0.08437648,-0.10652463,-0.0481723,-0.17974836
0.017627241,0.018007375,0.010478935,-0.014252685,-0.0805791
-0.14385267,-0.01078216,-0.004300709,0.020771045,-0.10848493
-0.14295164,-0.061381593,-0.013647313,0.00523483,-0.14567272
