Care,Fairness,Loyalty,Authority,Sanctity
Harm,Cheating,Betrayal,Subversion,Degradation
-0.06284847,-0.02394177,-0.068450496,-0.031133864,-0.14011195
-0.13794248,0.069579676,-0.024409223,0.09707434,-0.101217136
-0.029020455,-0.052540507,-0.0522895,0.041098285,-0.19381803
0.12681243,0.067991495,0.08307955,0.0033095041,-0.008758254
-0.15283705,-0.06874338,-0.19671167,-0.10860678,-0.23539867
-0.14304587,-0.0012100041,-0.04738207,0.038872935,-0.109762534
0.04998381,0.010183962,0.00089947134,-0.026525103,0.066272154
-0.0006754091,0.12928751,-0.04544364,-0.00019550882,-0.07881863
