Care,Fairness,Loyalty,Authority,Sanctity
Harm,Cheating,Betrayal,Subversion,Degradation
0.020895839,-0.0121415015,-0.0058584567,0.0004759482,-0.05961685
-0.010598918,0.06137836,0.02186371,-0.030394375,-0.03353988
0.03524327,0.009394996,0.061780743,0.07853113,-0.02933379
-0.017557766,-0.036620453,0.003649055,0.062405646,0.01889592
0.0018896135,-0.052238297,-0.009737568,-0.038540967,-0.11771496
-0.046019305,0.02974302,0.072833516,-0.0060808966,-0.053669915
-0.017167065,0.018350575,0.03962733,0.050603054,0.01801197
0.011259658,-0.055769015,0.0038265735,-0.07091427,-0.0716027
0.031404026,0.096731715,0.13521743,0.06867616,0.0055736545
-0.0071765278,-0.054358136,-0.026298922,0.041140664,0.022741443
-0.014284568,0.08702424,0.12859747,0.1622932,0.02541259
0.03420665,0.07682078,0.08035042,0.13632509,0.029002335
-0.0038965708,0.00695182,0.024646765,0.044600327,-0.042712413
0.08628899,0.033373535,0.09871258,0.097327024,0.032103308
0.08185896,-0.004681507,0.111998245,-0.06827909,-0.028294554
