Care,Fairness,Loyalty,Authority,Sanctity
Harm,Cheating,Betrayal,Subversion,Degradation
-0.016733982,-0.029297164,-0.032912944,-0.030518554,-0.06498808
-0.0028163479,-0.015551371,0.042572387,-0.015721017,-0.049887676
0.014551703,0.023304854,0.01911455,-0.010286196,-0.07035631
-0.17548808,-0.09215788,-0.15618296,-0.12512492,-0.12951122
0.118766844,0.04401982,0.13255373,-0.0421881,-0.030899633
-0.045010805,-0.03577096,-0.037737492,-0.07851676,-0.008580584
-0.014439025,0.008771319,0.004479125,-0.041314892,0.005920478
