Care,Fairness,Loyalty,Authority,Sanctity
Harm,Cheating,Betrayal,Subversion,Degradation
-0.046977494,-0.027891325,-0.0052132336,0.011330688,-0.10367413
-0.0129462145,-0.0016619395,0.04097916,0.02980772,-0.064804874
-0.038282096,-0.00888446,-0.0067542484,-0.046513647,-0.12792602
0.041016825,0.057071347,0.13629313,0.07394864,0.012522549
-0.014597302,-0.0697498,0.023209922,0.037115186,-0.056447063
0.032316282,0.0035441658,0.07135017,0.020658195,-0.072136685
-0.043691892,-0.06411128,-0.017059632,-0.11597863,-0.17435572
0.074239045,0.0141123645,0.06884275,0.012756228,-0.070825666
-0.053125393,0.067110166,0.06813255,0.042195827,-0.11775483
-0.04014675,-0.030250289,-0.06344156,-0.028620768,-0.20623924
-0.0026038764,0.047140785,0.03433247,-0.015041549,-0.0538486
-0.043902807,-0.012072355,-0.08260952,-0.018441312,-0.021653272
-0.016127814,0.0030761994,0.01642995,-0.022508793,-0.055522885
-0.049173284,-0.024290446,-0.09520136,-0.1503332,-0.13393036
