Care,Fairness,Loyalty,Authority,Sanctity
Harm,Cheating,Betrayal,Subversion,Degradation
0.004256562,0.001844068,-0.023465715,-0.047213256,-0.086979315
0.00013507158,0.0037422124,-0.00025737472,-0.0064727673,0.044132896
-0.002437403,0.020118568,-0.06343583,-0.07937675,0.0012543239
-0.12961021,-0.097197466,-0.0912452,-0.102235064,-0.073734656
0.091169216,0.043573063,0.042643987,0.0506555,0.077635005
0.10215245,0.035494078,0.023051683,-0.044140875,-0.018464461
0.014888559,0.0063993707,0.064409524,0.043066174,0.12186018
0.103504695,0.10513209,0.06748649,0.05495827,0.034326114
0.13651304,0.13168909,0.06184957,0.07087442,0.06306153
0.1539055,0.033601817,0.09774348,0.055933505,0.09142637
0.057516318,0.056326926,0.07021329,0.04920869,0.14511952
0.061013587,0.048770815,-0.0010726769,0.049647905,0.079329506
0.112819776,-0.030253936,0.12619242,-0.018577397,0.036764037
0.1168086,0.009694947,0.04207113,0.0016907752,0.0653941
0.051385418,0.08302663,-0.006969273,0.0328091,0.04453486
0.0479472,-0.0147115495,0.015817914,0.058369417,-0.00026303018
0.024593394,0.122490056,0.047157206,0.08006416,0.0299939
