Care,Fairness,Loyalty,Authority,Sanctity
Harm,Cheating,Betrayal,Subversion,Degradation
0.08328478,0.019181998,0.011591829,-0.023176348,-0.052533984
0.11866024,0.036308568,0.054323964,-0.052239172,-0.008275831
0.09393942,-0.030482672,-0.05068969,-0.03838613,-0.061568674
0.013002399,-0.040608753,-0.036632646,-0.11403981,-0.02958591
-0.034788493,-0.020125821,-0.17669335,-0.13901749,-0.20791462
-0.05596352,0.04716983,-0.10414278,-0.1373015,-0.12918206
0.07191878,-0.013507461,-0.06274814,-0.062471904,-0.1306042
0.104251556,0.06495528,-0.019953988,-0.06273717,-0.063866675
0.07031955,0.031813994,0.101566225,0.035436437,-0.015305605
0.054354414,-0.06354113,-0.051289115,-0.09702978,-0.006089177
0.025933834,0.04609204,0.060800012,-0.10856569,-0.021592569
0.045113623,0.010442134,0.01732987,-0.097048804,-0.021959715
0.07118622,-0.010804426,0.0011998666,0.012230793,-0.0758869
-0.09432983,-0.04675795,-0.17022744,-0.17413059,-0.17108518
-0.0033973344,-0.047397874,-0.08463756,-0.104848355,-0.040192433
0.09678911,0.07015212,0.07722379,0.0033914167,-0.062819
0.12260431,-0.071683496,-0.014502633,-0.100994155,-0.03637497
-0.03436619,-0.07789308,-0.10906889,-0.11708976,-0.15832351
-0.019582225,-0.026273102,-0.03869324,-0.048561327,-0.16410078
0.10252963,0.15503114,0.10856411,-0.05191172,-0.021113608
0.058063276,0.15017125,0.09044506,0.02879141,0.06187087
0.004362207,0.029609727,-0.01685228,-0.010286028,-0.10424074
0.030003827,0.056147218,0.029711783,0.042831324,-0.07796393
0.0275587,-0.036927007,0.032027166,-0.056917153,-0.060731627
-0.074216224,-0.02606649,-0.035561137,-0.065949544,-0.12403291
0.04697167,0.013349323,0.065623745,0.02433219,-0.056040253
0.07663286,-0.018903952,0.013837682,-0.05829433,0.025380924
0.09248541,-0.01880785,0.03653483,-0.09769368,0.04316917
0.11275444,0.018195186,0.040544834,-0.0041481704,0.0125855245
0.009915007,-0.005677564,0.0052101472,0.0063343206,-0.102423936
0.17680454,0.08978772,0.08328898,0.0069140345,0.065369405
0.08060439,0.025784133,0.04647231,-0.03965027,-0.055088542
0.029135589,0.06926031,0.04160407,-0.05221919,-0.05708544
-0.024251359,-0.01578505,0.008641623,0.04992283,-0.09577863
0.039172642,-0.04915833,-0.01997957,-0.04477829,-0.118632294
0.09316904,0.062114347,0.009760974,-0.1043722,0.011794882
