Care,Fairness,Loyalty,Authority,Sanctity
Harm,Cheating,Betrayal,Subversion,Degradation
0.02984761,-0.0033772904,0.0027790237,-0.04211436,-0.076209694
-0.017923351,0.05532722,-0.0046449266,-0.003666915,-0.029027466
0.06720708,0.17646113,0.20974676,0.113658644,0.18713167
0.09371789,-0.028727695,-0.019893836,-0.07790114,-0.063245766
0.012948705,0.1443061,0.111065134,0.14414819,0.03825365
0.09404625,0.058165163,0.10061912,-0.005653059,-0.06110905
0.087209925,0.09618914,0.08121875,-0.013285084,-0.07269351
0.0039635254,0.049566872,0.08457746,0.08554967,0.013617155
