Care,Fairness,Loyalty,Authority,Sanctity
Harm,Cheating,Betrayal,Subversion,Degradation
-0.0077531007,0.010256915,-0.07333144,-0.08724415,-0.05038001
0.047995917,0.039679952,0.046039812,-0.005657835,-0.009722583
0.0110685,0.015091397,0.023771178,-0.079047754,-0.04164197
0.054031327,0.048848476,0.10239424,-0.0035690302,0.053176545
-0.006143072,0.046194274,0.019606164,-0.027305098,-0.00045001134
0.0026777964,0.07445074,0.010608342,0.0045941025,0.016611537
0.05939916,-0.04152793,-0.048618928,-0.08925299,-0.10251453
0.070400394,0.09464353,0.07655868,0.037853796,-0.06046158
0.02991958,-0.021306274,-0.053851753,-0.09861395,-0.10948372
-0.027602833,-0.07869431,-0.057399597,-0.038821697,-0.11673815
-0.0239461,0.0044531915,-0.030947704,-0.01496595,-0.089965075
0.013075505,-0.04995411,0.009872162,0.011760499,0.0022502718
