Care,Fairness,Loyalty,Authority,Sanctity
Harm,Cheating,Betrayal,Subversion,Degradation
0.053833503,0.006706981,-0.055741154,-0.065807536,-0.060865305
0.018267876,0.04947979,0.0064803204,-0.04283818,-0.01724289
0.08456484,0.09077738,0.061606117,0.01879398,0.033941012
0.0036863969,-0.026395625,-0.09193188,-0.056415237,-0.03283487
-0.012347814,-0.03447014,-0.15495625,-0.037238188,-0.12579095
0.05426067,-0.0019500665,-0.10018313,-0.013029479,-0.01032407
-0.056312047,-0.03372741,-0.05507553,-0.11984648,-0.09244562
0.08968275,0.09237802,0.17292102,0.0848638,0.14859322
-0.002745036,-0.011572413,0.056390464,0.018584536,0.051994644
-0.12303467,0.0051129777,-0.08967069,-0.049801785,-0.13617773
0.054025598,0.081391156,0.037729993,0.023014352,0.056682143
0.006797295,0.093984984,0.02720493,-0.014784075,-0.007161811
