Care,Fairness,Loyalty,Authority,Sanctity
Harm,Cheating,Betrayal,Subversion,Degradation
-0.094860494,0.02320706,-0.035364825,0.009759245,-0.106123686
-0.05540361,-0.0014316626,-0.060202226,-0.082435876,-0.13392642
-0.1450699,0.016013764,-0.06521413,0.0053193104,-0.18296579
-0.124926805,0.00228595,-0.0849399,-0.08979043,-0.21371004
-0.09413966,0.009311477,-0.09005879,-0.080636114,-0.14522184
0.006695144,0.114151604,0.12379919,0.08814579,0.039857596
-0.09979736,-0.029088749,-0.06193529,-0.03015192,-0.14676121
-0.029505908,0.073428154,0.048581474,0.0011184141,0.018694444
-0.023469027,0.04355648,0.05068006,0.044776093,-0.07401651
0.08309537,0.022505797,0.10123296,-0.03608193,0.00041508302
-0.07856569,0.04155678,0.028856026,0.07225661,-0.03168119
-0.05447702,0.03172437,0.050525874,0.05163578,-0.054146983
-0.05173193,0.054381646,-0.0065083783,0.025326304,-0.07472974
-0.10304127,0.09187004,0.024514683,0.012075063,-0.07620551
