Care,Fairness,Loyalty,Authority,Sanctity
Harm,Cheating,Betrayal,Subversion,Degradation
-0.07666363,-0.11306814,-0.12904316,-0.122133754,-0.0906216
-0.026926046,-0.005024994,-0.024049692,-0.014067188,-0.015082854
0.021442976,0.040944703,0.05514152,0.018556233,-0.043567464
-0.113876104,-0.0854017,-0.113018185,-0.15648553,-0.1809185
-0.0040775486,0.014120368,-0.043736037,0.025755543,-0.09283774
0.007072665,0.08496632,0.08878114,0.10673328,0.08084925
0.052172244,0.07272731,0.058340542,0.039956793,-0.007479381
-0.04481796,-0.04749341,-0.025300762,-0.0143518895,-0.065724745
-0.15565768,-0.10579033,-0.14721014,-0.13050085,-0.16557601
-0.021087453,-0.016446197,0.06888047,-0.005922949,-0.05356129
-0.00088540604,-0.010611784,0.0183551,0.01975834,-0.04372928
