Care,Fairness,Loyalty,Authority,Sanctity
Harm,Cheating,Betrayal,Subversion,Degradation
0.008590389,-0.00419203,-0.09451744,-0.08285397,-0.10740119
0.048817385,-0.024705004,-0.058239073,-0.039850533,-0.22415912
0.001672768,0.03130892,-0.045750346,-0.04142439,-0.17096132
0.088584356,0.05660843,-0.012619774,-0.037829466,-0.083089516
-0.031085264,-0.014659993,-0.11411354,-0.12688902,-0.1271823
-0.1414853,-0.0021009743,-0.041166674,-0.05668633,-0.13547924
