Care,Fairness,Loyalty,Authority,Sanctity
Harm,Cheating,Betrayal,Subversion,Degradation
-0.03171713,-0.03760182,-0.010414913,-0.0029969253,0.0015573371
-0.035862863,-0.009137691,-0.037679657,-0.009322293,-0.073273815
0.02081298,-0.020736124,-0.004124215,0.017320305,-0.05398402
-0.05993452,-0.114638,-0.09514575,-0.10550277,-0.110490754
-0.03331413,-0.06656466,-0.034685515,0.007944547,-0.07491821
0.013482669,-0.004004985,-0.004566583,0.0004958245,-0.052581675
-0.20732367,-0.09638211,-0.12549917,-0.16327786,-0.11022541
-0.05427996,-0.047357224,-0.030724578,-0.011314094,-0.01592248
0.006209774,0.003975561,0.007194072,-0.01781265,-0.027618298
-0.102108866,-0.07047975,-0.06404707,-0.079528935,-0.039642304
-0.08335867,-0.07941022,-0.052148204,-0.030905537,-0.07161444
0.08754304,0.0081128245,0.019167155,-0.00011519715,0.0794069
0.013780975,0.05761893,0.081501186,-0.023493871,0.0051037893
0.046904795,-0.0055683292,0.09006775,0.024536952,0.07895976
-0.08433109,-0.03958234,-0.06862268,-0.09148074,-0.1127037
-0.047226027,-0.046420615,-0.097882986,-0.096270636,-0.06360755
-0.013940412,0.094059095,0.021556951,0.122613035,0.15036905
-0.0039483197,-0.030062526,0.009968837,-0.08519521,0.014637892
-0.099430874,-0.050993122,-0.09150168,-0.097444326,-0.07174208
