Care,Fairness,Loyalty,Authority,Sanctity
Harm,Cheating,Betrayal,Subversion,Degradation
-0.10736367,0.006856368,-0.034344133,-0.021702614,0.0057055466
-0.07426412,-0.045501962,-0.064252056,-0.058844544,-0.02430839
-0.016714878,0.0003488902,0.010320175,0.1448408,-0.08279191
-0.028762609,0.032628663,0.0036182255,-0.025145087,-0.07962388
-0.00052775256,-0.12449491,-0.08150445,-0.052787855,0.013680641
-0.06804678,-0.00849304,-0.04005184,-0.026743859,0.024289198
0.0356881,0.03286749,-0.021600839,-0.0012247134,-0.034727726
0.014952703,-0.027535982,-0.00523765,-0.0027093422,0.027813094
0.01606681,0.024736766,-0.01926796,0.048795383,0.007920817
-0.091689505,-0.071229406,-0.14508693,-0.13068229,-0.09948924
-0.011263406,-0.04078619,-0.057748854,-0.08897375,-0.035382316
-0.049518816,0.00024074689,-0.105787195,-0.044542767,0.008938286
-0.09053969,0.005817257,-0.05300367,-0.053078588,-0.000904534
-0.03599979,-0.030102748,-0.04341057,-0.051673617,-0.003172204
-0.09841132,0.024240077,-0.018189898,-0.0031384667,-0.014093308
0.0034833374,0.011890637,-0.084238365,-0.039799627,-0.0060836747
0.0012156684,0.04832063,0.029158425,0.07550072,0.03452363
-0.069156304,0.003881256,-0.020190451,-0.01763403,-0.019169046
-0.09467292,0.0186839,0.010390475,0.047464084,-0.025469325
-0.091297016,-0.038256466,-0.024395883,-0.0063752616,0.0054394607
-0.014945067,0.03759725,0.0044193687,-0.011933925,0.015493199
-0.12320842,-0.05902672,-0.057173006,-0.055834644,-0.0631987
-0.029987942,0.015069703,0.015677292,-0.020895913,-0.030350596
-0.031263135,0.028460253,-0.01336682,-0.052985378,-0.06796985
-0.05446976,-0.0051959157,-0.068019554,-0.082004786,-0.13906136
-0.065821014,0.017527599,-0.030854886,-0.04379469,-0.021503776
0.054304894,-0.052662455,-0.0003712047,-0.052619636,-0.033218894
0.05130931,0.038366884,0.06118699,-0.012265064,-0.049058415
-0.12164526,-0.04454872,-0.11353031,-0.11824918,-0.19712408
-0.041282594,-0.050727513,-0.03459509,-0.07233173,-0.10875135
-0.064460315,0.0014934875,0.003229944,-0.0143113425,0.003938391
-0.1029893,-0.052298915,-0.069873326,-0.062144242,-0.019994318
-0.0009324681,-0.029116228,0.0006758049,0.043488093,-0.019968485
-0.087987356,0.0065765064,-0.014439984,-0.008749127,-0.023357134
-0.07702342,-0.03821716,-0.0645896,-0.054000977,0.023394238
0.0030849003,0.033380177,0.0069471514,-0.018684234,-0.034394816
-0.106086604,-0.07857044,-0.07506668,-0.018124893,-0.0057563502
-0.06714882,0.026467897,-0.049892373,-0.03239411,-0.03073361
