Care,Fairness,Loyalty,Authority,Sanctity
Harm,Cheating,Betrayal,Subversion,Degradation
-0.10270953,0.030387033,-0.018413153,-0.058006078,-0.07003618
-0.11497809,-0.063169844,-0.11917733,-0.07819653,-0.1400075
-0.10377856,0.08153382,0.029926822,-0.063192844,-0.073502615
-0.013385661,-0.037640445,-0.03711327,-0.050644763,-0.11230238
-0.034637153,0.047803186,0.023479234,-0.040215686,-0.05743702
-0.056110132,0.015488479,-0.037639085,-0.095043786,-0.10833904
-0.12779298,-0.053379808,-0.08129617,-0.13055803,-0.21435536
-0.023633813,-0.09022142,-0.08411857,-0.08296091,-0.2399553
-0.04528051,-0.053040173,-0.037806883,-0.13469133,-0.13084973
0.018063724,-0.062979445,-0.0046378486,-0.032550246,-0.031084433
-0.08048427,0.04746161,0.07964523,0.04774935,-0.07848743
0.0043654256,0.023188228,0.051012073,-0.07367095,-0.021209478
0.043084018,-0.044241026,-0.020758713,-0.066909686,-0.0977992
0.10863228,-0.006375853,0.055559464,-0.07819997,-0.03433798
0.037908703,-0.01787819,0.005909886,0.005925907,-0.007391909
-0.0070212614,-0.060654808,-0.025366439,-0.03466115,-0.18178287
-0.09404577,-0.036983334,-0.068737164,-0.11086339,-0.1059529
0.075806245,-0.0605414,-0.029286465,0.0021028146,-0.06603251
0.065548524,0.026161885,0.04765505,0.015966628,0.008791315
-0.005302266,0.009564457,0.0006202748,0.0022351816,-0.059678182
0.006934644,-0.04964399,0.06611659,-0.040558618,-0.004351996
-0.0040818355,-0.0081475,-0.012720311,-0.025912587,-0.07919095
-0.029124442,0.11060886,0.074676804,0.08343696,0.025645852
0.05790634,-0.06432198,-0.04455978,-0.032701943,0.027986385
