Care,Fairness,Loyalty,Authority,Sanctity
Harm,Cheating,Betrayal,Subversion,Degradation
-0.04424153,-0.008362623,-0.07193791,-0.04227148,-0.088871874
0.045073763,0.04523702,0.00475573,0.06840423,-0.031557314
-0.053294018,0.0037969449,-0.040142637,-0.012449965,-0.08775699
0.08305274,0.03799879,-0.0014298521,0.015116639,-0.024304146
0.019701779,0.0039611896,-0.036270335,-0.007271055,-0.015036119
-0.029389031,0.030066347,-0.06916013,-0.04735504,-0.09526427
0.011407495,-0.0379067,-0.07495778,-0.06437409,-0.2358734
0.07687443,0.016022231,-0.032038093,-0.048830368,-0.02432219
0.005885007,0.09216134,-0.047806393,0.124734506,0.01665814
0.03838867,0.049349967,0.020595133,-0.024671214,-0.060615946
0.022044215,0.044608235,-0.038784694,-0.052367575,-0.09660715
-0.015328937,-0.029090203,-0.081819884,-0.044634365,-0.07818243
-0.028211206,-0.053420417,-0.11177906,-0.11342035,-0.062224075
0.047279533,0.074834764,-0.02874666,-0.004476523,-0.064007826
-0.016841158,0.040535904,0.0484564,0.01112644,0.01012288
-0.030686352,0.038130507,-0.06615773,0.015781576,-0.0814545
0.050176248,0.11369378,0.04446981,0.009526752,-0.09718091
-0.0030659875,0.09563802,-0.014466425,-0.0017133188,-0.111948594
0.051011596,0.08373519,0.01615512,0.07480152,0.04401539
0.037631385,0.008409356,0.018369734,-0.01517408,0.056195296
0.1256465,0.09055042,0.1335033,0.08490877,-0.049771585
0.14691065,0.07187502,0.02785758,0.01570342,-0.036935855
0.108030975,0.084758624,0.040504713,0.10857207,-0.02009563
0.010917168,0.12832317,-0.0156075815,0.044060953,-0.038081534
0.045729168,0.20453002,0.12350578,0.14902443,0.080347754
0.123965144,0.043015067,0.0733358,-0.036257043,0.032037277
0.15723589,0.13419232,0.11305712,0.068818025,0.010039451
0.08234915,0.087622866,0.10489523,0.118177496,0.032682605
0.040296845,0.045666717,0.104784206,0.124812305,0.00044507766
0.07591197,0.07069591,0.026215378,0.023205644,-0.007734797
0.012580834,-0.015307555,-0.07796213,-0.027401209,-0.06339921
0.107659884,0.008826397,0.06362285,0.061859973,0.052096497
0.13863452,0.039009854,-0.009795044,-0.008495491,-0.08401694
0.15350267,0.045439404,0.044925377,-0.008173585,0.026967527
0.03866698,-0.0018570945,-0.024564963,-0.035097606,-0.043203056
0.03265897,0.061201848,0.083352834,-0.020576542,-0.06206704
