Care,Fairness,Loyalty,Authority,Sanctity
Harm,Cheating,Betrayal,Subversion,Degradation
-0.037337147,-0.105576366,-0.09319187,-0.09896259,-0.07146072
-0.16470602,-0.036902852,-0.103938356,-0.078165695,-0.0743881
-0.079900436,0.033698644,-0.032749884,-0.04677368,-0.092350304
0.0006183032,-0.045046378,-0.027870415,0.0012127981,-0.031187082
0.017278977,-0.015286791,-0.019666243,0.025102213,0.04723419
-0.065731764,-0.036580365,-0.12753806,-0.052463703,-0.06294798
-0.13310671,-0.014787445,-0.06519738,-0.13850719,-0.10905599
-0.12539235,-0.06951037,-0.04722257,-0.06792326,-0.11889663
-0.063472755,0.012082674,-0.15260807,-0.12630838,-0.13155408
0.04016805,-0.013485398,0.05268064,-0.014515242,0.013412049
0.11778653,-0.09429107,0.07460265,-0.12532885,-0.015673444
-0.07806926,-0.030282443,-0.16212279,-0.13895611,-0.1351621
0.058928564,-0.019683322,-0.027445234,-0.011445441,0.0028018774
-0.021494493,-0.119308606,-0.06376109,-0.04612024,-0.025551163
-0.024819521,-0.06618366,-0.045535944,-0.0019338634,-0.0061901994
-0.017523587,-0.05649946,-0.12753192,-0.03297536,-0.11445171
0.01872557,-0.052424178,-0.042519778,-0.08935639,-0.01722989
-0.109597914,-0.09768227,-0.17863694,-0.11572254,-0.14111874
-0.02754565,0.020500448,-0.022280447,0.0125977155,-0.07582819
-0.1136368,-0.11302544,-0.13585834,-0.14756307,-0.15924045
-0.08794926,-0.034162767,-0.14503908,-0.14401421,-0.16958313
0.05005963,0.055762514,0.01200256,-0.04866177,-0.017109664
-0.07165854,-0.03817785,-0.07642534,-0.110735096,-0.10354079
0.05430699,0.06721223,0.080451265,-0.04783868,-0.016687632
0.09059295,0.08839731,0.13597345,0.044299845,0.0440716
0.01992457,0.0053973235,-0.062235154,-0.042277697,-0.007824706
-0.030614397,0.009738099,-0.016751263,-0.04038625,-0.05305075
-0.089018844,-0.08327458,-0.119496554,-0.0694664,-0.11503899
0.00058886316,-0.026646618,-0.0617377,-0.14885135,-0.049691167
-0.012612285,0.015010346,-0.08604534,-0.10542379,-0.15004727
0.038373847,0.024803227,0.03293711,0.013157876,-0.012548005
0.044968285,-0.008385893,-0.033651188,-0.10971318,-0.076336585
-0.036490165,-0.06429767,-0.0576111,-0.057717755,-0.05332249
0.020201396,-0.025622638,-0.05936516,-0.060398027,-0.0072747767
0.021038823,0.055806972,-0.01230002,-0.11265475,0.034532063
-0.0873353,0.014219389,-0.064795,-0.052357644,-0.13972634
