Care,Fairness,Loyalty,Authority,Sanctity
Harm,Cheating,Betrayal,Subversion,Degradation
-0.11398159,0.005950965,-0.055769898,-0.017548764,-0.1177499
-0.05956979,0.11509746,0.10165181,0.08499162,0.07982383
-0.0017438307,0.07517661,-0.00027086213,-0.1197447,-0.09842129
0.0032659639,0.080794744,-0.02512499,-0.032225434,-0.12657669
0.051373947,0.017343,0.021014526,0.003240738,-0.06898135
-0.10113563,-0.032567054,-0.11657834,-0.011124579,-0.17735985
-0.037341647,-0.016288199,-0.06378418,0.02878936,-0.049907546
-0.13083252,-0.001999814,-0.06985166,-0.085021324,-0.23372936
-0.1649342,-0.04957136,-0.09389761,-0.085603505,-0.19695768
-0.055724084,-0.035948876,-0.054832645,-0.035414644,-0.0914497
-0.018686727,0.048124887,0.04139934,-0.039019197,-0.052165285
-0.11597516,0.055622634,0.114657566,0.0858572,-0.033514403
-0.10591431,-0.13261808,-0.10754055,-0.05659137,-0.1501467
0.07417143,0.12048024,0.10877235,0.10297156,0.002879396
-0.13768077,-0.07924946,-0.13086678,-0.04184173,-0.15772945
-0.01812583,0.038716674,0.019605475,-0.0032511838,-0.0083033815
0.0022018515,-0.048409313,-0.052637056,-0.004706556,-0.009597082
-0.012557217,0.06184015,-0.014550319,0.043703794,0.020980654
-0.0651631,0.056095235,-0.0010384643,-0.008137608,-0.13224925
-0.07081213,0.14544006,0.112281404,0.074948944,0.012350939
-0.054987673,0.16598527,0.06401251,-0.04262779,-0.07311358
