Care,Fairness,Loyalty,Authority,Sanctity
Harm,Cheating,Betrayal,Subversion,Degradation
0.031422723,-0.046562206,-0.03395438,-0.074213676,-0.101596355
0.051097155,0.009716816,-0.021520866,-0.07121596,-0.05251471
0.049391203,0.056650177,0.024082614,0.03553509,-0.018281357
0.09246631,0.019480104,0.10643617,0.051503554,0.03239968
0.10333438,0.00089222286,0.018571071,0.010643143,0.011093095
0.0350641,0.018903432,-0.048942916,-0.03966458,0.014610338
0.034033053,0.02825919,-0.042693067,-0.076598145,-0.014901135
-0.11589924,-0.054453,-0.122248404,-0.09573098,-0.016219914
-0.017374933,-0.011979632,0.004690489,0.09325439,-0.007281881
