Care,Fairness,Loyalty,Authority,Sanctity
Harm,Cheating,Betrayal,Subversion,Degradation
0.000817121,0.052723534,-0.06795488,-0.006953113,0.0030728057
0.09880259,0.111735776,0.061785772,-0.023166236,0.16638145
-3.1467527e-05,0.043677896,-0.07481048,-0.03365107,0.07694303
-0.023184339,0.04276592,-0.11928131,-0.007623745,-0.04445145
0.0074865837,0.07622797,0.002525013,0.051030695,-0.049459945
0.049096256,0.123283476,0.0046653794,0.030342584,0.011771873
0.0639938,0.06775652,-0.061481893,-0.007967489,0.0046123266
0.107645035,0.008867825,0.058614686,0.08250446,0.099903926
0.00396638,0.07376532,0.056611575,0.11903458,0.13005012
-0.06906989,-0.042060457,-0.069551975,-0.02528321,-0.036167935
-0.01139109,-0.09936172,-0.04996859,-0.036647514,-0.084809355
-0.026101718,-0.050587542,-0.15378316,-0.106099956,-0.039626777
0.09953876,0.14510271,0.03201586,0.027195042,-0.009900808
0.08493887,-0.0686376,0.006132165,-0.06639771,-0.0423344
-0.05799973,0.093538105,-0.08061936,-0.016234212,-0.028362244
-0.052531652,-0.049681254,-0.15901941,-0.12943901,-0.13167273
-0.010545195,-0.059076756,-0.08630496,-0.045699976,-0.10929181
0.11973333,0.060420193,-0.0424579,0.0037490278,0.017760893
0.01235937,-0.045942705,-0.05172114,-0.10268372,-0.02703093
0.015671866,0.07187767,-0.010568089,-0.04596311,-0.05561024
-0.030023785,-0.05477184,-0.05786102,-0.036790058,0.05294843
0.05605119,0.08576098,0.07853777,-0.0025935387,-0.025861168
0.013873832,0.04616312,-0.091859385,-0.071559176,-0.02134965
0.08837376,0.088710174,0.1108614,0.025066886,0.06374229
0.008934047,0.06482293,0.04461541,0.012179738,0.04547531
0.006019258,0.021097966,-0.024334472,-0.04656751,-0.046947792
-0.006340203,0.0051408615,-0.057183623,-0.0953576,-0.0402836
-0.045893554,0.02236918,-0.07323874,-0.1147538,-0.11918596
0.053182334,0.12709656,0.020041494,-0.009804958,0.061821323
0.077739045,-0.0008590277,0.05137153,-0.027370272,0.10716316
0.007584356,0.062317744,-0.038039394,-0.07142425,0.022946998
0.0057583265,0.12545705,-0.05330664,-0.042261057,-0.041830584
0.08234784,0.042516172,0.108372346,0.030408941,-0.034562863
0.10275827,0.09879974,0.134543,0.078455165,0.12430711
0.026200423,0.13756838,0.026633885,-0.009466404,0.018153187
0.14651848,0.18594664,0.13738427,0.08437894,0.082718536
0.027088568,0.02130653,0.023810979,0.005290011,0.01140197
