Care,Fairness,Loyalty,Authority,Sanctity
Harm,Cheating,Betrayal,Subversion,Degradation
0.041816287,0.11650082,-0.07353812,-0.037357908,-0.055062093
0.020018442,0.09654289,-0.06732316,-0.01542099,-0.012910217
-0.018780347,0.18100631,-0.032842454,0.015090983,-0.056436546
-0.033468112,0.1332525,-0.06288708,-0.03812658,-0.09202804
-0.04813174,0.024194658,-0.020999955,-0.05867579,-0.10586265
0.015917635,0.14482388,0.020950831,0.03815818,-0.048159797
-0.027067525,0.035133664,-0.045811683,-0.04069258,-0.11442987
0.0038764896,0.069701254,-0.018660486,-0.0058499724,-0.14701575
0.05148955,-0.022094764,-0.014477496,-0.037361775,-0.12434874
-0.111251146,0.080282874,-0.116009735,-0.09385386,-0.120168515
-0.051714458,0.104174435,0.006702488,-0.027940724,-0.19329786
-0.06470832,0.09656313,-0.013252603,0.04174395,-0.092036396
0.021428416,0.08295951,-0.058807965,-0.046132796,-0.048238292
-0.1356276,0.1159073,-0.07822989,-0.03721086,-0.11489292
-0.045221902,0.06294139,-0.04443054,-0.07839651,-0.047299307
-0.032315448,0.011624656,-0.01543605,-0.014070038,-0.06575591
0.0043217978,0.075913,-0.0207951,-0.04810677,-0.0652202
-0.019545577,0.05114469,-0.02517987,-0.007944321,-0.077188484
0.0013154447,0.08636865,-0.0038148183,-0.03837872,-0.07789616
0.024539378,0.07787523,-0.10064869,-0.058914736,-0.10776624
-0.033203572,0.07214153,-0.01155114,-0.10668369,-0.09909974
0.090590544,0.16386874,0.18786994,0.02099919,0.054239742
0.055950195,0.043766737,-0.0008724481,-0.10288796,0.019631218
0.10990573,0.10264041,0.032788057,-0.05204061,-0.039371826
0.11551257,0.13047811,0.12969056,0.007657647,0.065017655
0.0046329075,0.02122247,-0.010795593,0.023005038,-0.057851136
-0.040911876,0.035184767,-0.026525512,-0.012814601,-0.09871447
0.027055852,-0.01844569,-0.033034883,-0.1045326,-0.12543021
0.04060018,0.07417912,-0.00047735218,-0.07925253,-0.076740794
0.04852301,-0.04170798,-0.10715479,-0.081303105,-0.083541244
-0.032852523,-0.0150410775,-0.02589909,-0.12991844,-0.04585845
-0.032403406,0.06517514,-0.03409513,-0.122104876,-0.06093487
-0.052687325,0.013072375,-0.1283414,-0.15272352,-0.11890885
0.09049903,0.26990443,0.16048995,0.059926834,0.0034039337
0.08490663,0.23822811,0.024806598,-0.03852272,-0.037825517
0.11015029,0.17984125,0.052990466,-0.021421552,-0.01481311
-0.013147598,0.13024996,-0.00504978,0.021440407,0.013527795
0.09164712,0.123947576,0.047835708,-0.027986307,-0.0056957807
0.017178196,0.088638656,-0.0153199155,0.08674325,-0.04885803
