Care,Fairness,Loyalty,Authority,Sanctity
Harm,Cheating,Betrayal,Subversion,Degradation
-0.06329536,0.050684765,-0.03278649,0.075732246,0.025968237
-0.123646624,0.014179703,-0.080705345,0.02197231,0.078802034
-0.10453167,-0.0052137002,-0.029983282,-0.021048777,-0.006426707
-0.11131374,0.0051635588,-0.060327083,-0.09074336,-0.15357126
0.03191621,0.1153536,0.052998483,0.048420798,0.04012958
-0.23127773,-0.04627395,-0.17362314,-0.13381293,-0.14206931
-0.12311383,-0.021606088,-0.04797738,-0.01265445,-0.013283659
-0.123956755,-0.03930488,-0.05780298,-0.07727747,-0.19132838
-0.15216357,-0.12049558,-0.15473783,-0.08427081,-0.11492531
-0.03169543,0.0537401,0.020577751,0.041026503,0.035465162
-0.05009674,0.09125885,-0.03266816,0.05984494,0.15874225
-0.14328231,0.106752306,-0.01123075,0.08690183,0.026997987
-0.1171501,0.049136087,-0.048060004,0.0071022846,-0.029201506
0.08809006,0.059580494,0.01409043,-0.0031002238,0.03969827
0.04657363,0.044211373,0.079059936,0.013651252,0.024102
0.008066615,0.013812482,-0.032671466,-0.047560085,0.0022923425
0.0024929228,0.06398991,0.09183674,-0.044999518,-0.103688166
-0.050000876,0.03887872,-0.06080517,-0.049090113,-0.007804023
-0.10710224,0.042984996,-0.011858124,-0.021011934,0.036719903
-0.06316197,0.0030246526,0.014854275,-0.026001591,-0.014049491
-0.035461623,0.025555633,-0.019569643,0.012896942,-0.005043346
0.03907798,0.019277804,-0.020368878,-0.086521946,-0.07693899
0.07182385,-0.013284322,-0.026183218,-0.016988087,0.015475497
