Care,Fairness,Loyalty,Authority,Sanctity
Harm,Cheating,Betrayal,Subversion,Degradation
-0.034948688,-0.011880078,-0.058737017,-0.06462983,-0.10696776
-0.04902745,0.009067165,-0.06019964,-0.08863526,-0.11772738
0.047151893,0.037077673,0.011513032,0.0036254786,-0.030645963
0.03126756,-0.014189467,-0.0032346128,0.015386352,-0.086218156
0.0104625365,0.055216953,0.019246012,-0.044882577,-0.06969127
0.021513194,0.02634293,-0.043016415,-0.1080159,-0.10068621
0.008028096,0.028314732,-0.021327797,-0.049763955,-0.06511525
0.029204091,0.042515837,0.018371616,-0.080297336,-0.00075051
-0.028956499,0.006163409,-0.07844271,-0.064850055,-0.07402496
0.03317381,-0.012195898,-0.0421137,-0.008100171,-0.054452263
0.09371592,0.009192325,0.0007639043,-0.048119932,-0.03659346
0.06168039,0.07997029,0.06364877,0.022644958,0.031196466
0.055437036,0.028014544,0.04341296,-0.03327263,-0.09956346
0.057746604,0.028035723,0.06573928,-0.0022607902,-0.044026718
0.07706161,0.054858826,0.024578167,0.008610377,-0.09046059
-0.077891685,0.06661705,0.073439896,0.05366923,-0.07359356
0.026369218,0.022187328,0.005440466,-0.053237677,-0.00878691
