Care,Fairness,Loyalty,Authority,Sanctity
Harm,Cheating,Betrayal,Subversion,Degradation
0.07661812,0.024128657,-0.094160974,-0.016615909,-0.060289383
0.0046432763,-0.100512646,-0.05948501,-0.058056183,0.026021142
0.04597053,-0.11065798,-0.10121244,-0.05675073,0.013041612
0.018120999,0.05317002,0.021914106,0.06219247,0.083952144
0.05389093,0.023800014,-0.01997605,-0.060098328,0.055868488
0.11270811,0.036731597,-0.028149914,0.07881671,-0.009812849
0.0067176064,0.0027037044,-0.0668658,-0.055294015,-0.057278596
-0.00955875,0.05654246,-0.03008054,-0.013746442,-0.011825614
0.04253626,0.049674757,0.0201279,-0.045928765,-0.005346153
-0.0013202289,0.018837836,-0.023350656,-0.05972368,-0.032977976
0.0024929326,0.06398996,0.09183674,-0.044999562,-0.103688136
-0.01902454,-0.020952906,-0.118196346,-0.037791096,-0.13009946
0.030421786,-0.008901702,0.023450157,0.0069783702,-0.04516614
0.0545851,-0.062097363,0.056310788,0.026111066,-0.06378411
0.056196667,0.022083508,-0.0759962,0.05400163,0.023690399
-0.0009680744,0.0002266923,-0.081385165,-0.06562768,0.03761117
-0.050596345,0.06849662,-0.008096684,0.019188128,-0.1526047
0.09296274,0.1830445,0.14453931,0.069266036,0.05930592
-0.02593533,-0.049250424,-0.080853194,-0.06196156,-0.07396559
-0.15757982,-0.07202124,-0.21022514,-0.031858806,-0.040128626
-0.016308948,-0.07732626,-0.046807848,-0.06699056,-0.039852425
0.13975783,0.11756952,0.027564755,0.013095371,0.02758495
0.08113089,0.09224061,0.037314802,0.0740997,0.08225804
0.08617142,0.005872626,-0.009199936,-0.022939421,0.0037064515
0.0020856205,0.0694823,0.024129154,0.0005785832,0.020442642
-0.102720395,-0.017707003,-0.06769386,-0.035079144,-0.0015321653
-0.023455523,0.04311984,-0.014104079,0.09237498,0.056839053
-0.016879022,0.029444307,-0.046168644,0.019683525,-0.006252125
0.12248176,0.1674498,0.07267323,0.0955798,0.10345276
0.0823545,0.12747726,0.040038295,0.028557818,0.03605142
-0.07269048,0.011087278,-0.12628835,-0.044815492,-0.024485372
