Care,Fairness,Loyalty,Authority,Sanctity
Harm,Cheating,Betrayal,Subversion,Degradation
-0.03954402,0.030369658,-0.04504253,-0.04594829,-0.13322802
-0.11924241,-0.025818003,-0.13072015,-0.042975336,-0.25774074
-0.04722964,0.026434017,0.011872118,0.059752412,-0.10006121
0.016722554,0.041124083,0.00017697271,-0.0071925623,-0.10458596
-0.13799131,-0.03358672,-0.15400939,-0.057042986,-0.26264095
0.024871448,0.048070334,0.054077674,0.100685135,-0.057556212
0.07696185,0.014302494,0.049649347,0.0362846,0.0022658445
-0.07436636,-0.008444995,-0.047685087,0.037600443,-0.08386482
-0.04722964,0.026434017,0.011872118,0.059752412,-0.10006121
-0.08203621,0.002111178,0.08610694,0.117363304,-0.0327007
-0.04548794,0.038527552,-0.02531239,-0.002734691,-0.08824856
-0.004293002,-0.021395806,-0.050918993,-0.04663419,-0.13518342
0.043476593,0.0009746142,-0.013184468,-0.047336914,-0.17655602
-0.020374529,0.07936373,0.024111003,0.05846709,-0.029858306
-0.034133874,-0.0063135475,0.0045505404,-0.015428764,-0.117556944
-0.05966052,-0.050126374,-0.05995214,-0.118983544,-0.13554382
-0.061620694,0.049099028,-0.046320688,-0.004012484,-0.04456941
-0.03431867,0.048785582,0.0008819187,-0.0017088875,-0.06647675
0.009417178,-0.008925069,0.014161941,-0.051262047,0.0099725
