Care,Fairness,Loyalty,Authority,Sanctity
Harm,Cheating,Betrayal,Subversion,Degradation
0.04435436,-0.06766565,-0.12709674,-0.08378291,-0.18339813
0.1155997,0.09186335,-0.013708143,0.066162184,-0.03692895
0.100550175,0.09349188,-0.005068886,0.053660408,0.019233413
0.03750712,-0.050075665,-0.09945188,-0.051952653,-0.00925005
0.06360573,-0.042293094,-0.0967589,-0.1406473,-0.06981489
0.006485084,0.024079638,-0.046280246,-0.09761467,-0.048254214
0.004394507,0.03847549,-0.030513372,-0.055002756,-0.08506435
0.09094693,0.019889312,-0.038918994,0.0585799,0.020803398
0.0260611,0.07361297,0.12746237,0.08429089,0.18966678
0.035413332,0.042378403,0.121825084,0.11894603,0.04955987
0.077537864,0.09787837,0.16963932,0.07989984,0.06395423
0.0028912355,0.05963327,-0.033440176,-0.045559697,-0.11081689
-0.040144283,0.02062879,-0.050398014,-0.06584971,-0.046385262
0.04420873,0.06511022,0.037488125,-0.0038577355,0.025111493
0.0195525,-0.010423526,-0.16254592,-0.115386784,-0.04902851
0.01656323,0.014793771,-0.03200393,-0.051872686,-0.06817621
0.017279323,0.019223679,-0.0398639,-0.11096462,-0.09992357
0.05081784,0.020310393,-0.0040521873,-0.031123001,-0.038482275
0.033705585,-0.064512946,-0.05038628,-0.055216804,-0.10316263
0.016892621,0.029993389,0.026221609,-0.006103288,-0.027366305
-0.13153338,-0.06333083,-0.107657716,-0.12685442,-0.2063549
0.04616487,-0.047427647,0.062999725,-0.009408553,-0.05079136
0.06695029,-0.017207071,0.051417194,-0.08273965,0.024089742
-0.014898736,0.008252032,0.027408376,0.002759125,0.04318958
0.03815884,0.0048712334,-0.026752789,-0.059353493,0.0025761928
-0.03701979,-0.06454215,-0.09201887,-0.17084365,-0.10532614
0.021098487,0.058030844,0.054415073,-0.04070926,-0.004976646
0.15325005,0.005871132,-0.013061907,0.006902882,-0.07128775
0.04454,0.048585728,-0.036760993,-0.0114513,-0.11487895
