Care,Fairness,Loyalty,Authority,Sanctity
Harm,Cheating,Betrayal,Subversion,Degradation
0.0032968759,0.021406151,0.007860504,-0.0054593123,0.052741468
0.06714347,0.034098554,0.05380481,-0.0028980318,-0.025059855
-0.0291738,0.019468859,-0.015585447,-0.014661003,-0.063960224
0.046103824,0.08554123,0.10006899,0.02961924,0.011646913
-0.03684464,0.016313266,0.004233146,-0.110512,0.022886302
-0.032050513,-0.03623622,-0.08587244,-0.1317538,-0.09270274
-0.06371412,-0.059184663,-0.052800793,-0.03588186,-0.070688896
-0.0936711,0.07911376,0.023604326,0.030505523,-0.03597894
-0.13860567,-0.1072007,-0.11511612,-0.15601943,-0.22048962
0.010481763,0.04829923,0.0020060763,-0.058506466,-0.10854545
0.062765524,0.014124474,0.010516431,-0.09822409,-0.061498832
0.025959965,0.0048984326,-0.03978593,-0.050560057,-0.15374018
-0.09794915,0.012718052,-0.085474506,-0.06807462,-0.029184384
0.07245662,0.06783026,0.04982393,0.018142149,0.034294136
-0.028209625,0.048147105,0.0016296171,-0.05618822,-0.07030025
-0.012864297,0.09676418,0.09361802,0.15920973,0.12335986
0.08174372,0.08654632,0.035303082,0.07488562,0.045278005
-0.036655903,-0.049468312,-0.04464136,0.033528958,-0.077760525
-0.03923092,0.04951845,0.033442765,-0.0245252,-0.021894265
0.02989478,0.026605725,-0.03501878,-0.040525395,0.09135534
0.055066865,0.074288875,0.06486262,0.0105898995,0.12898405
0.023405688,-0.021762466,-0.050596837,0.014426185,0.055342663
-0.01301836,-0.07846406,-0.1696909,-0.10751146,-0.027152862
-0.019040149,0.028451063,-0.04854778,-0.085628755,-0.10361024
-0.06051004,-0.060451746,-0.11977686,-0.13185018,-0.0917737
-0.017817166,0.13420266,0.12670003,0.010941077,0.05661369
0.022030901,0.07456086,-0.028316084,0.008944811,-0.03927071
0.01992961,-0.021031935,-0.14018133,-0.109002426,-0.092218295
0.09659325,0.08405676,0.2210901,0.0052214796,0.09235134
0.06304355,0.025863606,0.025052022,-0.04877111,-0.049470335
0.054048873,0.09054957,0.08024909,-0.054912828,0.032168865
0.0029139686,0.029661693,0.012438038,-0.010146641,-0.00519149
0.03737583,0.048858963,0.029035328,-0.03908996,-0.0048139542
0.05611261,0.035140604,-0.052487187,-0.029386804,0.056825206
-0.082521945,0.0013757721,0.0026883073,-0.044346586,-0.09792579
0.0065659806,-0.016213084,-0.0575532,-0.11378011,-0.14928846
