Care,Fairness,Loyalty,Authority,Sanctity
Harm,Cheating,Betrayal,Subversion,Degradation
-0.10025227,-0.09837547,-0.11269096,-0.1300796,-0.12278068
0.0047474746,-0.037659675,-0.03455825,-0.08050618,-0.20797159
-0.1353721,-0.05937757,-0.06307824,-0.14393523,-0.1279387
-0.024257626,0.07117259,0.10178197,-0.027980968,-0.019509384
-0.11084908,-0.07011798,-0.09504238,-0.09141708,-0.19694841
0.003879806,-0.02446384,0.07991401,-0.028154617,-0.02075955
-0.030633528,0.04623819,0.036795612,-0.02008399,-0.06495787
-0.09652577,-0.09922716,-0.06494686,-0.08579196,-0.18653432
0.05294503,0.05001627,0.025268732,-0.022049004,-0.06464389
-0.059007037,-0.0042358227,0.014905711,0.0077488963,-0.12062518
-0.10864762,0.04773604,-0.13241896,-0.12504761,-0.078437075
0.02999484,0.067604534,0.04494404,0.00024993718,0.010216389
-0.11596006,-0.11554588,-0.083813995,-0.074501306,-0.12505111
0.0056889057,-0.037051946,0.0016098693,-0.035154738,-0.101288795
-0.10233895,-0.081465095,-0.11891105,-0.076443344,-0.11853385
-0.102510184,-0.10068462,-0.0911216,-0.119249366,-0.09558459
-0.15448746,-0.11556111,-0.1257398,-0.11737846,-0.16270903
-0.0045938864,-0.022732511,-0.07229819,-0.113785125,-0.18736061
-0.12420888,-0.12819877,-0.12447362,-0.11220446,-0.18731976
-0.027069742,0.011615806,-0.015926184,0.00147272,-0.028014652
-0.055950858,-0.057214305,-0.05858564,-0.12799689,-0.25401494
-0.045246847,-0.0826613,-0.08703062,-0.11562418,-0.1936801
-0.02915363,-0.06606519,0.045304645,-0.005359524,-0.18661085
0.059164733,0.058821592,0.14708331,0.073030904,-0.027665427
-0.041534208,-0.043495927,0.005167488,-0.05750177,-0.12597097
0.024750147,0.1056574,0.01248631,-0.018418048,-0.00055606663
0.010946041,-0.01943552,-0.023060337,-0.00020845607,-0.06672217
0.0144874705,0.037932195,0.06012603,0.029559717,-0.09239471
-0.14227831,0.008255501,-0.0050636195,0.0036155432,-0.12936628
-0.06154816,-0.031397074,0.023279812,-0.065453485,-0.0865548
-0.02366767,-0.05543703,0.07582178,0.027553294,-0.047385562
-0.071690865,0.02636937,-0.037413616,-0.118969694,-0.103889
0.037958387,0.031260803,0.0030106492,-0.042288676,-0.15434627
-0.012557458,-0.025769036,-0.03795764,-0.07877544,-0.098228395
0.114556156,0.0758532,0.12643006,0.008736342,-0.023619972
0.069704,0.047503553,-0.0011809468,-0.025541414,-0.06612448
0.0055430643,0.036563333,0.04992283,0.008522412,-0.09488893
0.03365051,0.06489139,-0.0059724916,0.09571004,-0.040695794
-0.023986178,0.07204911,0.04022827,0.053129245,0.017163387
