Care,Fairness,Loyalty,Authority,Sanctity
Harm,Cheating,Betrayal,Subversion,Degradation
-0.033465326,0.022672698,-0.029647794,-0.069315985,-0.038212948
-0.055768006,0.029355044,-0.011429304,-0.008296758,-0.016173149
-0.0770199,0.005058268,-0.12500946,-0.082381584,-0.0440101
-0.107186064,-0.01811614,-0.07416667,-0.045169417,-0.0020951852
-0.11872548,0.024548559,-0.11045646,-0.057164572,-0.08948052
-0.048933953,0.024035085,-0.0573731,-0.08648527,-0.08315694
0.042935073,0.008685323,0.025216086,-0.0008978825,0.07967442
-0.029155465,0.001346949,0.019450305,-0.04464352,0.050575625
-0.03056691,0.027891578,-0.044302735,-0.020633586,0.01916796
-0.02741111,0.059502017,0.062580645,0.043059334,0.05728022
0.020056475,0.039310627,-0.041915104,-0.075083554,-0.07219441
0.06658752,0.022431191,0.064448595,0.005116813,0.016739223
0.026747698,-0.031221863,-0.058505107,-0.07463817,-0.053357087
-0.042369507,0.015436872,-0.047590483,-0.006060522,-0.08473153
-0.118298486,0.023500612,-0.06565191,-0.03794617,-0.077991754
0.119095325,0.050107956,0.0931482,0.04260099,-0.013850497
0.0151613355,0.07298058,-0.007627709,-0.024237849,0.005098616
-0.12641616,-0.1141544,-0.108200945,-0.15412992,-0.12025754
0.05611986,0.035253353,-0.02566896,0.029050365,0.03099471
-0.06925144,0.007899083,-0.114489995,-0.083120994,-0.043876052
-0.086935475,0.0487812,-0.029424855,-0.035957035,-0.02263917
-0.08652639,0.0031818273,-0.066484734,-0.04776486,-0.034058787
-0.14456187,0.012509501,-0.04659197,-0.0762848,-0.087914154
-0.104206406,0.032483026,0.009102902,-0.03234085,0.006526286
-0.04742779,0.009156933,-0.041008037,0.051034678,-0.079417646
0.01985579,0.0028512813,-0.075240254,0.012624858,-0.05008236
-0.1281946,0.013304375,-0.11634543,-0.08105102,-0.16765323
-0.020944126,-0.07358332,-0.049610563,0.0005880147,-0.09157716
-0.08065124,-0.14739971,-0.1140688,-0.13859747,0.010363085
-0.116476774,-0.058750894,0.024902523,-0.0010487102,0.034189235
-0.10738109,-0.052901186,-0.074379474,-0.11408076,-0.049892265
-0.08696207,0.007455158,-0.021965778,-0.03600012,0.008100956
-0.04157397,0.0011077374,0.00781464,0.020956166,-0.071114704
