Care,Fairness,Loyalty,Authority,Sanctity
Harm,Cheating,Betrayal,Subversion,Degradation
0.016353752,0.008512613,0.073959336,0.02384777,-0.08443278
0.06756085,0.032315396,-0.032833647,-0.028277345,-0.094777055
0.13276851,0.20697728,0.26150164,0.07568837,0.059200298
0.06309679,0.076977074,0.09649159,0.09489031,-0.042476006
0.110787526,-0.046955615,-0.02192927,-0.057851017,-0.07328197
0.0068094525,0.060826994,0.055373237,0.012821583,0.017955285
0.032596614,0.07057698,-0.036562726,-0.010932656,-0.025717244
0.035593905,-0.0031016571,-0.051053256,-0.056274273,0.11889522
-0.062225334,-0.0016591377,0.08212186,0.048302956,-0.074769065
-0.08210492,-0.031419646,-0.0074282065,-0.011576742,-0.07236464
0.014448204,-0.015628621,0.019675894,0.047726218,-0.06369497
0.034556508,0.018539973,0.10640297,0.07790749,0.025849111
-0.053424615,-0.017942183,0.012293164,-0.03513012,-0.120947056
0.012508763,-0.009367038,0.0811332,0.016511675,-0.058103204
-0.034505617,-0.10714272,-0.049360864,0.033217635,-0.10088017
0.035648216,-0.043230064,0.04713368,0.03899083,-0.067171104
-0.011232684,-0.10593127,-0.046817787,-0.00061799027,-0.08998078
-0.03437408,-0.030057654,0.00052561006,-0.0019353628,-0.06545225
0.045188814,0.015669111,0.041653577,0.06544613,-0.008353409
0.056301884,-0.022634193,0.062338687,0.054465357,0.027076181
-0.14552493,-0.08288659,0.01404285,-0.048065156,-0.28549325
-0.07107724,-0.070689365,-0.0322119,-0.0148598775,-0.09142773
0.018526848,0.09267132,0.15457416,0.1348185,0.025460422
-0.013556248,-0.042263333,-0.000500703,0.010870231,-0.00086941104
0.15666685,0.085969694,0.1926384,0.10425596,0.031012801
-0.011241356,-0.018768433,0.045197994,-0.024174456,-0.058496315
0.14205685,-0.039971072,0.05601336,-0.057363853,-0.09116214
0.10818438,0.031161766,0.09105438,0.037405618,0.014426351
0.048818693,0.09458172,0.15287787,0.08645995,0.016261073
0.08046621,0.101387344,0.15151437,0.15074003,0.023345875
0.041915465,0.0477055,0.10036534,-0.043270644,-0.00935922
0.044848002,0.07833605,0.16430703,0.082040034,0.017353844
0.038252227,0.13836087,0.10667555,0.08363968,0.0182116
0.07731949,0.08178343,0.021742841,0.010331341,-0.047528997
0.080720976,0.011130374,0.018596916,0.07958885,-0.01844864
-0.023986131,0.072049156,0.040228322,0.053129293,0.01716339
