Care,Fairness,Loyalty,Authority,Sanctity
Harm,Cheating,Betrayal,Subversion,Degradation
0.06954266,0.07114223,-0.021161703,0.05244846,0.089669
0.041662242,0.07713552,-0.03879195,0.05172103,0.042576686
0.0822766,0.07468724,0.0012468826,0.005393602,-0.014964268
0.0020698719,0.07856923,-0.010430688,0.13467565,-0.03203529
0.08915169,0.06026543,0.07202285,0.13014887,0.13725036
0.070818745,0.013436384,0.11753675,0.070531875,-0.027486313
-0.04397972,0.055623222,0.03337596,0.1502222,0.083707005
0.09881368,-0.0053851884,0.070933595,0.08992134,0.05403219
0.08074442,0.07074506,0.07100807,0.058192864,-0.0007347837
0.022848107,0.001568866,-0.036621667,-0.042107448,-0.123894535
0.04426548,0.01655758,0.011240198,0.038351774,0.031096024
-0.059986018,0.047841605,-0.00048414897,-0.05674936,-0.08337668
-0.18238617,0.05908853,0.0146392975,-0.08162081,-0.08026688
-0.032816052,0.039154578,-0.06829743,-0.08287443,-0.16647004
0.23747504,0.14644337,0.16731705,0.0902183,0.11901927
0.15038282,0.12488736,0.070924126,0.059907764,0.07904251
0.13865168,0.022748588,0.08708797,-0.012450939,0.0036555436
0.063432515,0.054120388,-0.018308766,-0.018485423,0.102186605
0.057612024,0.13168038,0.14506087,0.07918751,-0.0076540336
0.10716291,0.07814548,0.10382593,-0.013604548,0.01486477
