Care,Fairness,Loyalty,Authority,Sanctity
Harm,Cheating,Betrayal,Subversion,Degradation
0.012239548,0.07753903,-0.039578646,-0.0267055,-0.12803292
0.049831014,0.031371616,0.008907916,-0.051578023,-0.08602685
0.01449893,0.0134670995,0.026938612,-0.032387115,-0.040200293
0.07279022,0.07761261,0.004656679,-0.038584907,-0.05825722
0.02089713,0.024617597,-0.062232144,-0.08520858,-0.12437941
0.02790995,0.03798217,-0.018677998,-0.028697288,-0.08509325
0.045113876,0.008927315,-0.06941694,-0.06805302,-0.13274512
-0.1215598,-0.09195327,-0.07109012,-0.012221951,-0.20493571
0.06914085,0.07405539,0.07485969,-0.044116214,0.0035543777
0.0304158,-0.014564135,0.0858578,0.0770446,-0.022439474
-0.003002277,-0.0012050234,0.050563578,-0.03928608,-0.1352211
0.06842283,-0.007484615,0.006188399,-0.02401587,-0.033685043
0.04161542,0.06888045,0.022528408,-0.017731147,-0.03122928
0.005664561,0.09044198,0.011874373,-0.037123878,-0.055377655
0.067853436,-0.105664104,-0.03566456,-0.12138787,-0.09235191
-0.04695843,0.06752771,0.01949583,0.009559255,-0.04557611
-0.043370165,0.03424177,0.043602213,-0.02074472,-0.03737872
-0.021031782,0.041270755,-0.0074774064,-0.037294142,-0.15401791
-0.031607956,0.029677376,-0.03386093,-0.013311137,-0.06647075
-0.14590377,-0.009248041,-0.036764927,0.0075137727,-0.14512889
-0.051118195,0.053933885,-0.030953348,-0.05398275,-0.13338593
-0.037402168,0.029248632,-0.032738343,-0.08257194,-0.0754377
0.07903236,0.038502946,0.12376347,0.014516585,0.0025368277
0.063912936,0.03819776,0.02650304,-0.078122854,-0.037389796
-0.07005608,-0.0092967115,-0.052913316,-0.08715804,-0.22349042
-0.021453004,0.052328426,0.03522287,-0.028321505,-0.081316516
0.038931526,0.008832237,-0.005791845,-0.02578354,-0.040072657
0.062699996,0.023938209,0.053571958,-0.021184314,-0.011469476
-0.026338518,0.06341017,0.0038073575,-0.07900125,-0.06855478
-0.034584466,0.031699885,-9.885058e-05,-0.12113943,-0.09536771
0.08408357,0.060494225,0.06378389,-0.060913857,-0.069533154
-0.0990825,-0.010544774,-0.027264245,-0.078160465,-0.04126665
0.062702745,0.020571632,0.023124512,0.009481527,-0.026165837
-0.0053051226,0.027826043,-0.039134044,-0.087872915,-0.069951996
-0.10541702,0.019680295,-0.0732137,-0.04936415,-0.19205278
-0.06420171,-0.11614897,-0.08903968,-0.100613564,-0.15081885
