Care,Fairness,Loyalty,Authority,Sanctity
Harm,Cheating,Betrayal,Subversion,Degradation
0.040977098,0.035368282,0.0034571048,-0.062243987,0.06040102
0.026178502,0.051256977,-0.012328886,0.05144246,0.05981393
0.044894062,0.06264721,0.08669113,-0.02678322,0.021312714
0.064495586,-0.013843995,0.10768944,-0.020648807,0.0008867476
0.03232265,0.09825226,0.14922792,0.046250902,0.0058093574
0.088859975,0.09799899,0.05665401,0.02784031,-0.0010120831
0.07517937,0.07156637,0.18081991,0.07357298,0.021539833
0.026841458,0.034003813,0.017315429,-0.03210076,-0.039214596
