Care,Fairness,Loyalty,Authority,Sanctity
Harm,Cheating,Betrayal,Subversion,Degradation
-0.017061565,0.066238284,-0.040130354,-0.03045319,-0.029985294
-0.041032344,-0.029976226,-0.109804735,-0.033426426,-0.07276066
-0.0050223693,0.010865413,-0.036612865,-0.03241394,0.0113592725
0.045015804,0.09073026,0.030661317,0.042122845,0.0072302464
0.037784,0.08928026,0.036413305,0.065839015,-0.04141612
-0.039179116,-0.025468739,-0.13515958,-0.013691265,-0.043720916
-0.19075795,-0.093792655,-0.18180841,-0.103375725,0.048645772
-0.020742912,0.07544146,-0.026144065,-0.075249605,0.0036353804
-0.046170272,-0.10996434,-0.16325808,-0.07230124,-0.057132535
-0.024854247,0.0634673,0.056943055,0.014649762,0.062164783
-0.03463247,-0.027849104,-0.013425112,-0.031051613,0.05718149
0.10398475,0.04720009,0.058196977,0.012878111,0.017628483
-0.10197644,-0.015874742,-0.058125224,-0.116232865,-0.010907512
0.0073714256,0.0330973,0.03106091,0.073407136,0.0538646
-0.12448438,-0.10235465,-0.15112337,-0.08747083,-0.062247317
0.0063815243,0.0015313942,-0.019705951,-0.043004986,-0.013942821
0.015464233,-0.009900813,0.078916274,-0.0050586592,0.0334382
0.05152785,0.0714351,0.07634081,0.09450192,0.07153383
0.03990433,0.11023114,0.06062463,0.10672444,0.050268255
0.015337655,-0.011967087,0.0064922534,0.07243307,0.044341173
-0.032996796,0.03286635,0.008777337,0.08076082,0.02736104
-0.0756515,-0.028090183,-0.06731662,-0.05681225,-0.051715985
-0.005738138,-0.13623777,-0.054256573,0.013271558,0.033578962
0.012530021,-0.085828915,0.017178526,-0.005595142,-0.025096249
