Care,Fairness,Loyalty,Authority,Sanctity
Harm,Cheating,Betrayal,Subversion,Degradation
0.0052073775,0.014368588,0.014390469,0.026148772,-0.04651264
0.03278595,-0.04252755,0.0034238398,0.0359097,-0.024662595
0.03583978,0.041057967,0.07746916,0.07833301,0.107712336
-0.007984847,0.0463456,0.050653145,0.007753554,-0.017804267
-0.012165355,0.11007235,0.051737145,-0.03396745,-0.07839403
0.045759596,0.009944085,0.11497859,-0.031396385,-0.023147883
-0.01885118,0.06228851,0.037129737,-0.021062298,-0.034095272
-0.1301713,-0.011737518,-0.0618487,-0.033775903,-0.06408773
0.025503948,-5.1338226e-05,0.029032413,-0.002539102,-0.076810405
0.0074970946,0.05174672,0.021156205,0.015578065,-0.045717943
0.09358059,0.16701323,0.18548635,0.1733505,0.072818644
