Care,Fairness,Loyalty,Authority,Sanctity
Harm,Cheating,Betrayal,Subversion,Degradation
-0.008532186,0.051350147,-0.05586749,-0.035515644,0.056610025
0.019020557,0.02038879,-0.007372264,0.006372189,0.005896993
0.034533765,0.02335678,-0.0059396233,-0.039762497,0.008028585
0.03814165,-0.045963872,0.0046186256,0.04329614,0.015359012
0.05990702,0.012428686,-0.018050784,-0.054679967,-0.07031106
0.0298169,0.010805786,-0.08745442,0.0010836655,0.036441702
-0.009320968,0.041892856,-0.012667665,-0.02349485,0.028971948
-0.006505765,-0.05173057,-0.1667106,-0.112695396,0.045945916
0.076455854,0.064620756,0.085482545,0.04338572,0.037641823
0.0048073744,-0.004032932,-0.016640313,-0.046882257,0.020804241
-0.015442041,-0.003788665,-0.15814179,-0.10618369,-0.11967531
-0.034296457,0.059924193,0.06860322,0.08101474,0.021732178
0.034154102,0.05460684,0.01698936,0.10567382,0.1676133
0.10700326,0.12160514,0.08170403,-0.0012484975,0.12603915
-0.1456988,0.0048336247,-0.054704424,0.026412033,0.080391675
-0.057438888,0.020585949,-0.05707539,-0.009180348,-0.08669285
-0.062297225,-0.017428994,-0.08575843,-0.11505167,-0.035635464
0.01888391,0.02341979,0.05630637,0.048484277,0.07865205
0.07619028,0.114229485,0.08932932,0.088361174,0.09220874
0.060187217,0.114478305,-0.006278025,-0.0055444567,-0.056937546
-0.06588327,0.0062679835,0.01891422,0.016293477,0.005725421
0.078647286,-0.008491367,-0.09717838,-0.020457692,0.008391771
0.07609688,0.03650724,0.060392372,0.028223494,0.09692538
-0.07617243,-0.00035478082,0.004432124,0.07165806,0.069102146
0.07921986,0.047419555,0.0174602,0.056467533,0.050463248
0.011625335,0.036686543,0.03617679,0.02870059,0.07435089
-0.08773851,-0.041872635,-0.13423327,-0.01883029,0.0111571625
