Care,Fairness,Loyalty,Authority,Sanctity
Harm,Cheating,Betrayal,Subversion,Degradation
0.027037054,0.021909446,0.0022201259,0.0057283407,0.017012978
-0.0071781194,0.012390095,0.021104697,0.03177949,0.05122482
-0.046374068,-0.012564706,0.05807312,-0.0019906424,-0.13578281
0.046894528,-0.04024372,-0.027740568,-0.08089205,0.03970712
0.09159607,0.01958702,0.06365615,0.0037206565,0.060821597
0.078736946,0.05447014,0.100531586,-0.04921236,0.005792264
0.047712024,-0.061374877,-0.022481132,0.005937433,-0.08497077
0.028502956,0.04850935,0.044303216,-0.05142749,-0.038907237
0.056406617,0.07394819,0.096956685,-0.019891175,-0.014922231
0.029671561,0.0934315,0.06215322,0.06458553,0.054322973
0.05654681,0.048788056,0.116749935,0.06675929,0.112927705
0.0011110157,-0.052923493,-0.014448404,0.02572767,0.010336932
-0.047058024,-0.040724043,-0.03654124,0.033542443,-0.0110878255
0.09576484,0.023805637,0.061525606,-0.00042036735,0.08773187
0.0068403305,0.04259746,-0.07863447,-0.08469784,-0.1331098
0.07331721,0.06728816,0.14177394,0.060463533,0.0024480768
0.071508616,-0.06162608,0.024715895,-0.02498728,0.06866437
-0.006714591,-0.008337789,0.06187512,-0.03570542,-0.014162038
0.011503868,-0.048720337,0.022835985,-0.004601758,-0.041033022
-0.0074520065,-0.08599962,-0.01046814,-0.0068540974,-0.007897718
0.0054224487,0.04565131,0.032554246,0.018045995,-0.01589711
