Care,Fairness,Loyalty,Authority,Sanctity
Harm,Cheating,Betrayal,Subversion,Degradation
0.00053106435,-0.096698284,-0.01941577,0.0064743105,0.04722938
0.11944629,0.08756413,0.077938005,0.02071527,0.04210666
-0.04003066,0.031190231,0.041671306,-0.007117685,-0.010079596
-0.089654095,-0.13402912,-0.07367853,-0.03488737,-0.06623902
0.00451695,0.09220703,0.074223585,0.020788554,0.008617669
-0.0156786,-0.012857154,0.023533896,-0.029519228,-0.020730462
-0.14270163,-0.03841546,-0.1287741,-0.066061035,-0.13007085
0.031041441,0.071388386,0.07146123,0.12189823,0.10189319
0.082010224,0.03522206,0.14674076,0.062191594,0.036945652
-0.09005609,0.010703003,-0.055712983,-0.050672352,-0.15835015
-0.0669615,-0.032283355,0.07300852,0.035977714,-0.023860183
-0.10572358,-0.012989728,-0.06595254,-0.046206113,-0.06820014
-0.05615904,0.06617409,0.062076252,0.011092392,0.101979956
-0.11454111,-0.055525523,-0.0020058327,-0.047104582,-0.08699922
-0.14593622,-0.10787475,-0.047472127,0.018614752,0.012789756
-0.028142998,-0.1155969,-0.09322275,-0.09088433,0.13316102
-0.19140375,-0.024180915,-0.008106368,0.026391685,0.048879936
-0.07215234,0.023059802,0.06401697,0.100530505,0.060655843
0.012316381,-0.07849145,0.01084224,-0.07715485,-0.16769952
0.07981455,0.11169149,0.18497062,0.04123219,0.027048014
-0.023220045,0.079274744,0.15277204,0.089469045,0.0467315
-0.105005704,-0.053070314,-0.018674105,-0.05406865,-0.14717558
-0.012270188,-0.053061422,-0.026863791,0.016733183,-0.056232147
-0.07066414,0.12848574,0.10132007,0.06277722,0.01594842
-0.030031588,0.08261249,0.10189176,0.030698981,0.048910465
0.09509821,0.06585398,0.17979267,0.06360356,0.08079644
-0.016264752,-0.08253601,0.03681302,-0.034793466,-0.0733082
-0.12895319,0.033988576,0.026908074,0.04304757,0.048357382
0.013449572,0.00868764,0.11466475,0.029602475,0.030451814
-0.009611055,0.06998287,0.017440505,0.10049744,0.047702305
0.010691654,0.0549304,0.034250308,0.041613687,0.02758452
0.0435524,0.0412611,0.02621074,-0.03379183,0.08824536
0.076906174,0.15531728,0.06231693,0.0509103,0.09428093
-0.021250384,0.055480048,0.023120578,0.029056028,-0.03832041
