Care,Fairness,Loyalty,Authority,Sanctity
Harm,Cheating,Betrayal,Subversion,Degradation
0.017765705,-0.045388512,0.032620646,-0.037983228,-0.06128399
0.011531037,-0.04604761,0.01737155,0.039450776,-0.020184722
-0.012732994,-0.046944603,-0.03750428,-0.06423448,0.014406035
-0.031596195,-0.1035325,-0.022769425,-0.17010374,-0.16226771
0.042735707,-0.016974172,0.01600273,0.034022465,0.048280988
0.12033646,0.027693305,0.2426297,0.08360361,0.07044119
0.09121263,-0.016405724,0.115186974,-0.09641783,-0.02717442
0.05128964,0.023228317,0.06469216,-0.005107117,0.040559042
0.09847203,0.0048836833,0.09206266,-0.008919961,0.019228011
-0.035929758,-0.027039517,0.024911512,-0.12642848,-0.08309369
0.042332154,-0.068861976,0.029713154,-0.018042702,0.003945197
-0.02337343,0.016719174,-0.02744192,-0.06684371,-0.08661629
0.043428767,0.02578222,-0.0034387335,-0.06061009,-0.08104577
0.050534412,-0.059370827,0.038578704,0.010280147,0.011414279
0.044538688,0.02314309,0.01984624,-0.04477584,-0.0067928713
0.042795062,0.010080972,-0.033880502,-0.0372039,-0.10631113
0.028111963,0.004064951,0.0013991222,-0.046453685,-0.021369133
0.07057097,0.117616594,0.14045554,0.04881554,-0.06937647
0.08573226,0.07690492,0.12399476,0.033064596,0.106703885
0.047767125,-0.02070859,0.12439595,0.03756136,-0.08719811
0.032703273,0.017133402,0.10655585,0.15645348,0.02356036
0.078265496,0.084251784,0.13313764,0.10982846,0.028860219
0.05019492,-0.0066666957,-0.023014467,-0.051344905,-0.13936453
0.07365132,0.07323643,0.05142484,-0.06232654,-0.041921332
-0.17553142,-0.13816734,-0.1397484,-0.17358239,-0.24168052
0.051616363,0.031604126,0.12059641,-0.01780446,-0.002727557
0.027563985,0.009410573,-0.024175778,0.019585576,0.043721035
0.043517977,0.06064251,-0.071252674,0.038375877,0.025304984
-0.103484035,-0.06128784,-0.1194128,-0.06870253,-0.17209212
0.0457326,0.028724417,0.020989962,0.010098441,0.054101378
0.04058717,-0.018217424,0.077993035,-0.04001054,-0.04738287
-0.033149198,-0.022637581,-0.052073665,-0.07761603,-0.15677878
0.05068198,0.012395883,0.1046537,0.026807979,0.03837028
0.021804981,0.02198349,0.06758702,0.030774843,-0.038159344
-0.015090909,0.053849787,0.053280406,0.10271667,-0.0007874351
-0.0029672422,0.0662545,0.015096884,-0.064808935,-0.08704652
