Care,Fairness,Loyalty,Authority,Sanctity
Harm,Cheating,Betrayal,Subversion,Degradation
0.02567136,0.009841427,-0.08477503,-0.06367033,-0.06726506
0.1154445,0.04702413,0.04861393,0.10580975,0.08360785
-0.030474193,0.07701014,-0.032884426,-0.0471332,0.04818871
0.106965885,0.021382775,0.0043114712,0.095905595,0.08013443
0.027579617,0.054238766,-0.015800055,-0.032332674,0.017447773
-0.017978776,-0.04541057,-0.03456781,0.059303835,-0.032501765
0.03092902,-0.056177296,-0.03865551,-0.03351743,0.07318665
-0.049689777,-0.016419647,-0.041905858,-0.08809313,-0.046652224
-0.033492252,0.03627515,-0.0022825492,-0.0116620185,-0.06017159
-0.0595643,0.025230488,-0.05618105,-0.0822895,-0.17963117
-0.23312631,-0.15128066,-0.34175977,-0.1868495,-0.16634151
-0.039583318,-0.07388195,0.062841415,0.0356946,0.021667488
-0.0061609177,-0.011322222,-0.06439102,0.05772849,0.077423185
0.056484666,0.02502312,0.047109578,0.0075611994,-0.020537693
0.06926267,0.027464949,0.02259225,0.00015635416,-0.033951502
0.06040465,0.0018967204,0.14043453,0.062271867,0.14134367
0.058825754,0.016457288,0.13810381,0.05370187,-0.00073537976
0.024275426,-0.009272972,-0.07180565,-0.017985817,-0.013060588
-0.007869951,0.05325448,0.06258865,0.09607501,0.04049762
-0.00560679,-0.003976941,-0.001431331,0.011148825,-0.037111714
0.058826268,0.0116233975,0.047463384,-0.004227738,-0.046764605
-0.003609646,0.0049943365,0.034875564,0.047813833,0.031214569
-0.031919457,0.0072307345,0.06773068,0.023192583,-0.06386474
0.07749256,0.08989221,0.11415437,0.07101604,-0.0097068325
0.0583625,0.029064823,0.010102692,0.029697426,0.006112827
0.06657644,0.048956975,0.08917025,0.070801035,0.02928917
0.11141111,0.08041052,0.07831066,0.047907963,0.026315307
0.035942852,-0.01961042,-0.010046833,0.051081743,0.0057520755
