Care,Fairness,Loyalty,Authority,Sanctity
Harm,Cheating,Betrayal,Subversion,Degradation
-0.051132627,0.0076892152,-0.06803399,-0.064513445,-0.12331344
-0.07657388,-0.010385513,-0.07292173,0.0065619852,0.008751553
-0.014753744,0.10193668,0.1134789,0.059809417,0.02745753
0.12512252,0.078187324,0.06511739,0.013986532,0.09781824
0.04292754,0.08937874,0.045773804,0.05237985,-0.008344363
0.007884977,0.14238349,0.17141661,0.11564928,0.11030281
0.022987733,0.090264946,0.05255095,-0.030650005,0.020900685
0.00052345544,0.035964176,-0.07653314,-0.029266538,-0.011445867
0.07133356,0.10616846,0.10473505,0.108567946,0.13100561
-0.102228776,-0.011255133,-0.10790175,-0.09883487,-0.119535625
-0.08694339,0.040484674,-0.058189586,-0.050465833,-0.06798093
