Care,Fairness,Loyalty,Authority,Sanctity
Harm,Cheating,Betrayal,Subversion,Degradation
-0.01898875,-0.013200991,-0.1298028,-0.03793422,-0.04936912
0.013771198,0.090522826,0.030631976,0.096489415,-0.03675349
0.07143585,-0.011206998,0.06512114,0.11144996,0.062315285
-0.060088016,0.004448802,-0.059984434,-0.075390086,-0.0923498
-0.018739192,-0.020318799,-0.03165928,-0.0026640599,-0.0229557
0.13883367,0.07144434,0.11000111,0.14601901,0.10124852
0.03773015,0.14418796,0.13549455,0.09912161,0.09175183
-0.006045485,0.08188925,0.07792772,0.049211454,-0.010446397
0.06332272,0.07449913,0.067640334,0.048188947,-0.057326335
-0.0012002178,0.054458268,0.045650527,0.014425652,-0.019839942
