Care,Fairness,Loyalty,Authority,Sanctity
Harm,Cheating,Betrayal,Subversion,Degradation
0.009460594,-0.0082315765,-0.10091916,-0.07759513,-0.0740848
0.11544451,0.04702417,0.048613876,0.10580972,0.08360789
-0.039763402,0.081740566,-0.03082122,-0.038665302,0.040040873
0.11086631,0.023137026,0.0070578745,0.104119815,0.08528386
0.034056164,0.05191164,-0.012506791,-0.030914104,0.014035406
-0.024474364,-0.028959816,-0.050396092,0.041477256,-0.10046136
0.048032306,-0.015144262,-0.03350427,-0.04044605,0.060800184
-0.026391564,-0.0106982775,-0.023168553,-0.0692369,-0.043863222
-0.0331615,0.03260708,-0.0069579426,-0.013827223,-0.0627536
-0.059564356,0.02523044,-0.056181066,-0.08228949,-0.17963117
-0.23312631,-0.15128072,-0.34175968,-0.18684947,-0.16634153
-0.006160876,-0.011322169,-0.06439097,0.057728536,0.077423185
0.056484684,0.025023066,0.047109567,0.007561125,-0.02053769
0.06926273,0.027464949,0.022592265,0.00015638862,-0.03395153
0.060404696,0.0018967167,0.14043456,0.062271915,0.14134368
0.058360703,-0.008525973,0.11736041,0.036625013,-0.0048409365
0.0034785382,0.022267006,-0.0139697045,0.022307254,0.008518424
-0.007870007,0.05325455,0.06258869,0.09607507,0.040497687
-0.0015286282,-0.0037260186,-0.001019286,0.011136821,-0.035555884
0.058826342,0.011623364,0.04746339,-0.0042277155,-0.046764553
-0.006743545,0.0040280186,0.04056931,0.03922411,0.01766165
-0.031919368,0.007230824,0.067730725,0.023192655,-0.06386469
0.026893208,0.07949364,0.04086113,-0.005591627,-0.06578713
0.058362477,0.029064797,0.0101026865,0.02969743,0.006112855
0.06657641,0.04895694,0.08917022,0.07080102,0.029289175
0.11141112,0.08041054,0.07831067,0.04790797,0.026315298
0.023618098,-0.054794002,-0.02743868,0.03465867,-0.0115175545
