Care,Fairness,Loyalty,Authority,Sanctity
Harm,Cheating,Betrayal,Subversion,Degradation
0.040161133,0.01249364,-0.062453836,0.0011735037,-0.03629015
0.13934425,0.10959301,0.07537079,0.035299234,0.06557075
-0.037936162,0.029381488,-0.10362883,-0.0342332,-0.078902245
-0.0025129057,0.02269264,-0.09678457,-0.05356351,-0.017169453
-0.039915934,0.016650168,-0.09894848,-0.0665322,0.02400025
-0.076621294,7.919967e-05,-0.08746241,-0.0715438,-0.096690565
0.005965636,0.14346425,-0.056204587,-0.011719407,0.009100911
-0.036414582,-0.034898445,0.008753471,-0.06276709,-0.051833436
-0.013802499,-0.10054447,-0.12659219,-0.110900074,-0.110689834
-0.047335304,-0.026854374,-0.10583494,-0.02623769,0.0050293617
-0.100326255,0.032439765,-0.05208828,-0.04356824,-0.06253596
0.009738451,0.068227656,0.020040017,-0.050325323,-0.055434037
-0.03983685,0.06865261,-0.1412342,-0.028023642,-0.07550255
-0.0036017988,0.06615384,-0.044874452,-0.099323526,-0.017446436
-0.1484308,-0.030326817,-0.11045052,-0.012330146,-0.08436839
-0.016341517,-0.021998776,0.016742514,0.016739212,0.01619089
-0.12553942,-0.06613905,-0.22215277,-0.14551324,-0.13923937
0.10803983,-0.009862868,-0.020454075,0.0145333465,-0.023152184
-0.007381212,-0.01800327,-0.019765098,0.021997005,-0.052642602
-0.011518218,-0.021792188,-0.011460064,0.023841435,-0.055510387
-0.120452076,-0.06778452,-0.10799937,-0.052847542,-0.1922902
-0.037162125,-0.022237163,-0.024001032,-0.011020428,-0.1500856
-0.079372406,-0.037452225,-0.06415115,0.0075031742,-0.14041626
-0.06077013,0.015793325,0.019050207,0.07513839,0.13633823
-0.067779124,-0.029748667,-0.028938465,-0.011912344,-0.011321243
0.0013773441,0.10323104,0.06299198,0.00966082,-0.036015615
-0.002552297,-0.0067017972,-0.06876478,0.0059066126,-0.03313253
-0.11592506,-0.107742,-0.16582072,-0.1242339,-0.17483398
-0.008067543,-0.010584928,-0.045407318,0.022289818,0.018019613
-0.0655981,-0.021322161,-0.11303283,-0.043525863,-0.09193736
-0.036159627,0.006028846,-0.007923559,0.07081778,0.026119761
