Care,Fairness,Loyalty,Authority,Sanctity
Harm,Cheating,Betrayal,Subversion,Degradation
0.015256317,-0.0044259373,-0.05928915,-0.0048093703,-0.050786797
-0.070410945,-0.055306174,-0.1105203,0.00920237,0.05715664
0.08456942,0.097639695,0.047668956,0.09012438,0.08932291
-0.008685157,0.05567164,0.036242492,0.063523404,0.032954432
0.08237593,0.05978088,-0.047108,0.08186909,0.039540842
0.017373558,-0.0015599951,0.01188162,0.029682579,-0.04526407
0.01907008,0.08649622,0.10460513,0.050326012,0.009549081
0.03795933,0.103139676,0.09466267,0.11691027,0.08971174
0.004362855,-0.020208191,0.035795577,-0.008478165,-0.014367177
0.048743535,0.066389896,0.1077901,0.039923932,0.0027543064
0.116603,0.098851494,0.15121779,0.1693145,0.08929454
0.0063657006,0.039122894,-0.056031212,0.052455984,0.049841862
-0.07123254,-0.04092373,-0.08821651,-0.01841988,-0.019422513
-0.018241072,0.07238424,0.010483872,0.0067161247,-0.08039424
-0.04431594,-0.012551837,-0.11489412,-0.048603494,-0.0638126
-0.104589835,0.0013503134,-0.14701545,-0.13640633,-0.08793994
0.040417694,0.061646804,0.07846116,0.023654543,0.045504477
-0.003868755,-0.009879654,0.058380995,0.04023093,-0.01601908
0.05101008,0.1412027,0.1038698,0.08673661,0.08837721
-0.107380405,0.055243623,-0.09443349,0.025874898,-0.07396647
0.076431036,0.16467804,0.05106686,0.08472606,0.16599393
-0.04853419,0.034194596,-0.09523037,-0.0990539,0.024320811
0.032596856,0.030867008,0.035016987,0.03050454,0.06719829
-0.011511318,0.021005087,-0.0391031,0.008764982,0.025763622
0.05346937,0.0470565,0.030312756,0.15670931,0.12601374
0.071137965,0.09455336,0.12880495,0.04357379,0.06337267
-0.06560215,0.0074147694,-0.100651875,-0.089635424,-0.066717505
