Care,Fairness,Loyalty,Authority,Sanctity
Harm,Cheating,Betrayal,Subversion,Degradation
0.0037867725,0.014217898,-0.08649093,-0.06380433,-0.09138047
0.007961495,0.063119985,0.03239389,0.04124708,-0.032714024
-0.03028987,0.01627637,-0.0021165237,-0.0102123385,-0.008887239
0.060773756,0.07731882,0.04436724,-0.0011113798,0.028915634
0.0007385323,0.048590615,0.10146509,0.09350099,-0.034527544
0.015912788,-0.07474381,-0.07117043,-0.028880518,-0.029190382
0.031986356,0.037510894,0.016296746,-0.061372086,0.009126283
0.09291689,0.022340143,0.050981857,-0.031888343,-0.008636244
0.042700693,0.09298885,0.05498018,0.12980987,0.09352323
0.048525497,0.11761771,0.116841145,0.116328366,0.0994612
0.062558055,-0.06389139,0.011750365,-0.0032309657,-0.0343498
0.049632676,0.051124096,0.03528893,-0.003245443,-0.06680837
-0.010044919,0.0036655227,0.05417727,0.034340106,-0.00078143924
0.09221266,0.078702,0.1384907,0.06868757,0.08485978
0.006254699,0.011443034,0.004669411,-0.04338414,0.016230691
