Care,Fairness,Loyalty,Authority,Sanctity
Harm,Cheating,Betrayal,Subversion,Degradation
0.016029174,0.023317281,-0.07671168,-0.06640806,-0.033548884
-0.11202189,-0.120152585,-0.27052414,-0.14387031,-0.15170583
0.072805166,0.028375197,-0.056589708,-0.09619178,-0.045419928
-0.033132836,0.10221936,-0.08724314,-0.1029335,-0.04197137
-0.053910494,-0.05952659,-0.12048602,-0.0842945,-0.11322567
0.035088643,0.0015449235,-0.050269652,-0.06628527,-0.042023078
-0.11436601,-0.023293592,-0.059409417,-0.13104692,-0.14311656
-0.077965535,-0.021859486,-0.10621709,-0.09957772,-0.11689672
0.025352672,0.06791224,0.046411276,0.0056651775,-0.054553997
-0.029084504,0.055423185,-0.053600103,-0.062079906,-0.035433028
-0.049787518,-0.009457616,-0.06297525,-0.13624273,-0.17321457
-0.08332531,0.020316564,-0.05212739,-0.06082181,-0.052764155
-0.014205111,-0.0019988783,-0.052179314,-0.12922303,-0.018984549
-0.06697181,0.018314747,-0.079693615,-0.069224775,-0.114793435
-0.02508232,0.02664616,0.005251485,0.042541087,0.027673714
-0.07540886,-0.04825267,-0.012748176,-0.13802287,-0.03637509
-0.008774771,0.025768042,0.07042214,-0.050096426,-0.0012831092
0.06373638,0.08672863,0.034253195,0.038780715,0.030062545
0.05226952,0.03195353,0.0046862094,-0.065108165,-0.030833818
0.058827233,0.0570027,0.1353432,0.12802169,0.12551492
0.02534917,0.05126127,-0.07270549,-0.08120262,0.07871069
