Care,Fairness,Loyalty,Authority,Sanctity
Harm,Cheating,Betrayal,Subversion,Degradation
0.016349738,0.03564335,0.011225497,0.045863766,0.024407215
-0.036989767,-0.056798287,-0.08275711,-0.11984569,-0.03810837
-0.078241594,-0.11841471,-0.09565568,-0.055584192,-0.07579926
0.023914196,-0.0010495689,0.032780964,0.032073095,-0.074431695
0.04595798,0.096499,0.10838147,0.0573792,0.062813275
-0.0110309925,0.021870356,0.016962167,-0.0044870786,-0.022377836
-0.07194059,-0.05971183,-0.062984094,-0.01246534,-0.103121825
-0.0344738,0.10761954,0.029321015,0.059874885,-0.003403835
0.09462519,0.07769704,0.05560501,0.12992734,0.08573457
0.04845624,0.09979103,0.03280337,0.12035382,-0.007956006
0.07464886,0.08620553,0.06486881,0.106182545,0.122204825
-0.068709,-0.06385489,-0.081827074,-0.019572925,-0.036832627
-0.006759343,-0.013809202,0.037850857,0.003226351,-0.03187313
0.0104294345,-0.032078568,-0.00828395,0.038942203,-0.04683838
-0.007186028,-0.02629473,0.006405139,-0.052346267,-0.068395525
0.048204795,0.0044705532,0.13477388,0.042399883,0.02483461
0.029420467,0.05388841,0.1679371,0.09250194,0.07494484
-0.08035238,-0.03592119,-0.022576137,-0.038831428,-0.10696479
-0.11391989,-0.061601013,0.026935477,-0.022297129,-0.009394385
0.0015496612,0.037874192,0.07572208,0.057552516,-0.02461445
