Care,Fairness,Loyalty,Authority,Sanctity
Harm,Cheating,Betrayal,Subversion,Degradation
-0.015968164,0.021208398,-0.009358208,-0.07981627,-0.06305678
-0.052852284,0.033943444,-0.055804115,-0.08830601,-0.05856735
0.045740545,0.11467905,0.024696015,0.011206757,0.05910673
-0.0870752,-0.06725913,-0.052821435,-0.03429426,-0.09723902
-0.039213724,0.062214095,0.0026550945,-0.07637758,-0.10658708
-0.114283025,-0.09240187,-0.09549683,-0.07115784,-0.1284798
0.020740569,-0.027100068,0.035966292,0.0042003877,0.0100003425
0.03731356,-0.018141693,0.0036075097,-0.034006603,0.014590332
-0.009951349,-0.018482152,-0.07389359,-0.051905695,-0.03802736
0.036373537,-0.080569655,-0.0014228001,-0.10900916,-0.0810433
-0.016538003,-0.030863997,-0.054878272,-0.1340072,-0.029214393
0.042974584,-0.031319395,0.02972826,-0.035112172,-0.03786134
-0.15076745,-0.0402053,-0.04857857,-0.06860395,0.0021004193
-0.112395644,-0.090277046,-0.1363213,-0.14108944,-0.23510188
0.07252237,0.06244901,0.063267,-0.030920068,-0.008614741
0.06349502,0.018445417,0.04592382,-0.033650815,0.016678322
-0.021650903,-0.015302399,0.011407579,-0.014635529,-0.07057051
-0.024898924,-0.08680261,0.0057440675,-0.093781725,-0.050736897
-0.0004141964,0.022286383,0.028883044,-0.014053782,-0.026096571
-0.025235154,-0.072720625,-0.010232773,-0.08272588,-0.06428329
