Care,Fairness,Loyalty,Authority,Sanctity
Harm,Cheating,Betrayal,Subversion,Degradation
-0.039287563,-0.019573651,-0.10310589,-0.10978042,-0.07200554
-0.033516802,-0.036327854,-0.120888375,-0.1454274,-0.05298907
0.084114924,0.07331973,0.044865355,0.022444556,0.11361484
-0.16263685,-0.02683727,-0.16588569,-0.14088005,-0.07447484
0.0069250334,0.051989518,0.050351407,0.03574714,0.01924343
-0.01224212,-0.09256792,-0.13701737,-0.1301347,-0.07550524
0.18284935,0.089408755,0.034054726,0.068154536,0.090440094
0.03925173,0.02107217,-0.09636946,-0.08739752,-0.03984776
-0.025000244,-0.07527131,-0.11262709,-0.0151494965,-0.0018373015
-0.036369346,-0.09923738,-0.1012115,0.02009734,-0.03477204
0.02623934,0.00026334822,-0.0013508368,0.020021476,-0.054343365
0.02623934,0.00026334822,-0.0013508368,0.020021476,-0.054343365
-0.010537794,-0.094782904,-0.090293765,-0.06336971,-0.059921976
-0.002086794,-0.018217854,-0.006825704,-0.022382747,-0.04105351
0.029035512,0.044487413,0.0035756463,0.012713651,-0.09139642
0.018542519,0.010691598,-0.064192705,-0.03768593,-0.042663917
-0.0715513,0.032166284,-0.013732899,0.013045305,0.005219847
0.046552587,0.09124221,0.044090603,0.027298696,-0.0048655123
-0.016446905,0.07770884,0.004816154,-0.0026129466,-0.043039624
0.02642336,-0.056321297,0.021260573,-0.007504657,-0.071169205
0.05428251,0.08674753,0.07004823,-0.017608115,0.0932995
0.12475577,0.04707723,0.03134884,-0.007985875,0.21428193
0.065149836,0.05582896,0.084824756,-0.023304017,-0.052642435
0.044023752,0.04241859,0.03750168,0.005667,-0.05681905
