Care,Fairness,Loyalty,Authority,Sanctity
Harm,Cheating,Betrayal,Subversion,Degradation
-0.030996095,-0.031456083,-0.09545952,-0.06554822,-0.09177485
-0.109813645,-0.04345172,-0.17931278,-0.13564749,-0.100862175
-0.07427295,0.03598113,-0.13103008,-0.06709665,-0.05239229
-0.10770555,-0.076419115,-0.19807255,-0.10824108,-0.12901649
-0.0023874603,0.074649334,0.08606942,0.16659494,0.054155048
0.01446475,0.09758547,0.012767368,0.08777772,0.06410117
0.007814322,0.0828218,0.19464245,0.16281515,0.12596154
0.0011661407,-0.015832823,-0.07491955,0.114412814,0.018480983
0.053566873,0.02270886,-0.04930387,0.04293283,-0.021784306
0.083592854,0.110370226,0.11322969,0.18496126,0.11107654
-0.054429047,-0.012768779,-0.1318543,-0.026680198,0.038457192
0.011877115,0.08610967,-0.028410483,-0.09209706,-0.009211538
0.06971661,0.026574407,0.08805383,0.046310052,0.079286486
-0.08588816,-0.054678433,-0.00451829,-0.023521252,-0.061554715
-0.11292951,-0.034482904,-0.044677824,-0.09966268,-0.02710001
-0.026153376,0.020504842,0.028839326,0.098467484,0.01612825
-0.17365861,-0.03496461,-0.11728527,-0.17036662,-0.10673125
0.07450886,0.043306284,-0.09228247,-0.10082675,-0.022717178
