Care,Fairness,Loyalty,Authority,Sanctity
Harm,Cheating,Betrayal,Subversion,Degradation
0.046424482,0.034674138,0.00621186,0.00040366873,-0.0041923597
-0.0018152967,0.05273205,-0.007135612,0.036583044,0.041678205
0.046265338,0.033037752,-0.04788672,-0.047819357,0.022945406
0.063232236,0.08850379,0.030864999,0.063604735,0.051739924
0.057063505,0.09053005,0.046445545,0.097012654,0.103875145
0.17904603,0.12959363,0.26302576,0.110011145,0.13958555
0.08593714,0.09759041,0.055572473,0.12277811,0.1022132
-0.01169693,-0.016321378,-0.0016163085,0.048869167,0.036328446
-0.016621208,-0.07467376,-0.074172914,-0.058487173,-0.08481137
-0.05743889,0.020585936,-0.057075366,-0.009180391,-0.08669288
-0.062297203,-0.017429,-0.08575846,-0.115051776,-0.035635583
0.035477273,0.04188148,0.026603615,-0.016911462,-0.035002068
0.13522556,0.07259497,0.1038892,0.085122585,0.015133756
0.034729697,0.099523075,0.060367852,0.07220764,0.082160264
0.031913623,0.06506918,0.03480739,-0.027858166,-0.03548559
0.11796484,0.13788658,0.1382539,0.10224968,0.13200569
0.03507796,0.08484095,0.06020187,0.10336341,0.03527113
0.08333698,-0.00011970848,0.096171685,0.039969362,0.063291356
0.06364646,0.046869725,0.011903426,0.055760343,0.028948832
-0.01966036,0.055949874,0.050956033,0.1346541,0.09895014
-0.0014025038,0.049320664,-0.009897102,0.05464528,-0.041608877
-0.07138753,-0.022539267,0.00042984728,0.047881003,0.013637092
