Care,Fairness,Loyalty,Authority,Sanctity
Harm,Cheating,Betrayal,Subversion,Degradation
-0.0005639484,0.06306126,-0.047605805,-0.037259594,0.06078418
0.019020557,0.02038879,-0.0073722657,0.0063721817,0.0058969893
0.03453377,0.023356788,-0.005939629,-0.03976249,0.008028582
0.03814155,-0.045963928,0.004618411,0.04329603,0.015358942
0.038507678,-0.041938268,-0.023348242,-0.047504492,-0.110474095
0.052934103,0.015093502,0.12087625,0.10857393,0.11953331
0.003961891,0.10544637,0.121989205,0.14079137,0.24245758
0.07364721,0.09261037,0.20066312,0.18963292,0.1368407
-0.028464086,-0.091503896,-0.07137145,0.063117,0.060432326
-0.12582394,-0.04332687,-0.0009265449,0.04017952,0.040063247
-0.039532244,-0.030327559,0.0010325108,0.0005118884,0.059477676
0.07634899,0.027961008,-0.037217602,0.040312648,-0.008465445
0.07089631,-0.033169854,0.07123867,-0.014865676,0.13973708
0.030688694,0.011468448,-0.089159116,0.0068240277,0.028079089
-0.009320969,0.041892868,-0.012667665,-0.023494855,0.028971942
-0.006505765,-0.05173058,-0.16671059,-0.112695396,0.04594592
0.07645586,0.06462075,0.085482545,0.043385714,0.037641823
0.00480737,-0.004032936,-0.016640311,-0.04688225,0.020804241
-0.015442043,-0.003788665,-0.15814179,-0.10618369,-0.11967531
-0.03429646,0.059924193,0.06860321,0.08101474,0.021732178
0.044277437,0.06119441,0.018962765,0.106499515,0.15349038
0.10700326,0.12160515,0.081704035,-0.0012485012,0.12603915
-0.1456988,0.0048336275,-0.054704428,0.026412033,0.080391675
-0.057438876,0.020585869,-0.057075456,-0.00918046,-0.086692944
-0.062297203,-0.017428953,-0.08575848,-0.11505174,-0.035635583
0.0188839,0.02341979,0.05630637,0.048484284,0.07865205
0.07619028,0.114229485,0.089329325,0.088361174,0.09220874
0.060187217,0.1144783,-0.006278027,-0.0055444576,-0.056937538
-0.06588327,0.0062679835,0.018914226,0.016293477,0.0057254136
0.035342876,0.046105567,0.046048816,0.04932667,0.08312294
-0.08773851,-0.04187264,-0.13423328,-0.018830284,0.011157161
-0.14105594,0.03250189,-0.17353633,-0.07499705,-0.1707887
-0.024328634,0.0088899005,-0.12009814,-0.12117656,-0.07774387
-0.030703321,-0.02731213,-0.030175503,-0.07334334,-0.09130274
0.10357563,0.11097593,0.06420429,0.049074866,0.041132867
-0.022819497,0.014971402,0.03589711,-0.002094471,-0.03568498
-0.056497008,-0.107010596,-0.08108123,-0.13728806,-0.045732453
