Care,Fairness,Loyalty,Authority,Sanctity
Harm,Cheating,Betrayal,Subversion,Degradation
-0.015678162,0.012969462,-0.033059493,-0.03431796,-0.10307475
0.042824842,0.05588851,-0.052796494,-0.010316174,-0.046393607
0.040722523,0.037017465,-0.02710942,-0.007829719,-0.10156379
0.0036330372,-0.10027928,-0.049574126,-0.048409462,-0.1163395
-0.007702491,0.008366166,-0.12667003,-0.093953475,-0.07370106
0.04220987,0.06477684,-0.004466935,0.029869277,-0.02609279
-0.03862247,-0.034892216,-0.09328805,-0.09634799,-0.18013391
-0.025951318,-0.02798906,-0.06093572,-0.07840522,-0.12241613
0.011355844,0.040837966,-0.037512235,-0.08406332,-0.008931445
-0.05969002,0.032514077,-0.07913705,-0.093804955,-0.14231683
0.053799827,0.041067842,0.010833308,0.036306564,-0.012707237
-0.009762511,0.013450164,0.0052789813,0.017951775,-0.074496314
0.0146556245,-0.013440496,-0.039989643,-0.041866075,-0.13735235
-0.020219037,-0.09885028,-0.07573873,0.04078454,-0.030761335
-0.029814897,0.09741869,0.020451419,0.03180566,-0.067019954
-0.1137919,-0.091801025,-0.12902546,-0.07360034,-0.11617278
-0.016146505,-0.046278723,0.0064831534,0.05149836,-0.13904476
-0.009481213,-0.01631435,-0.02544587,0.019071313,-0.027611215
-0.07349552,-0.061392955,-0.044242933,0.008374285,-0.17513128
-0.0098891,-0.020336559,0.005824808,-0.03545973,-0.040565036
-0.053277206,-0.03166601,-0.109938845,-0.05107951,-0.087526016
0.08242611,0.0012043193,0.057821646,0.0051480955,-0.019918226
0.07703636,0.040648066,0.0047441963,-0.032441724,-0.022653561
-0.034665108,-0.03759488,0.052547663,-0.0019034818,-0.0022935532
0.008954994,0.08083297,-0.005557804,0.058465842,0.05557322
0.055537656,0.12691,0.050770894,0.029098967,0.0063244794
