Care,Fairness,Loyalty,Authority,Sanctity
Harm,Cheating,Betrayal,Subversion,Degradation
-0.010268133,0.042427566,0.0114511615,-0.007829541,-0.021205997
-0.12108646,0.0040287953,-0.13564831,-0.15700656,-0.11678652
-0.06072602,0.035764977,-0.0531043,-0.06417302,-0.050665833
-0.035452615,0.036372393,0.0012817904,-0.017287385,-0.07370944
-0.015441139,0.04902765,-0.034100685,-0.00873246,-0.005816294
0.07735194,0.12436324,0.15749545,0.08724539,0.10862041
-0.1311106,0.014460861,0.039144576,-0.019241653,-0.05292082
-0.10409385,0.01654594,0.042352356,0.062400363,-0.013818435
0.008936113,0.037980434,-0.04918751,-0.09677443,-0.08599779
-0.10422814,-0.0068469085,-0.0048290635,-0.026524829,-0.027525121
-0.03633614,-0.080026895,-0.02397329,-0.034687493,0.020118803
-0.049006987,-0.06693947,-0.0464819,-0.0928391,-0.064521715
-0.12964651,-0.050398555,-0.17411365,-0.12338087,-0.16231322
