Care,Fairness,Loyalty,Authority,Sanctity
Harm,Cheating,Betrayal,Subversion,Degradation
0.0038082395,-0.005646426,0.020933395,-0.001279451,0.030555043
0.13186727,0.02952063,0.09593526,0.043415625,0.016063068
0.041616596,0.044101074,0.044312894,0.12442755,-0.005450174
0.059182975,-0.032627992,0.05025079,0.06959699,-0.0405156
0.11484999,0.019955598,0.1364204,0.017248116,0.026526794
0.04173732,0.114662856,0.05143038,0.0063887276,0.0057718456
0.058745004,0.08644589,0.08289769,0.089158356,0.086116575
-0.01805335,0.010213969,0.024662185,0.01357042,-0.063721925
0.059441533,0.19825621,0.19576757,0.048411377,0.09741025
-0.03882893,0.08178251,0.0026177438,-0.009824021,0.033592477
-0.1549601,-0.059308264,-0.000637332,0.045838937,-0.025620677
-0.0035937168,-0.0016877707,-0.028708275,0.033553727,0.09029424
-0.0213188,-0.011370324,0.01578688,0.039496984,-0.0521321
0.05823503,-0.0064045237,0.10941218,0.06883867,-0.0041104835
0.09779392,0.041741736,0.07497331,0.048753772,-0.031115655
0.03761283,0.05314808,0.08931724,0.04178486,0.016052986
0.14710926,0.058833726,0.15409482,0.14769495,0.18140233
-0.044868022,0.042027593,0.09496611,-0.020545598,-0.009944294
-0.11757504,-0.032111153,-0.09488572,-0.06772995,0.05342233
0.108888045,0.17648456,0.16315606,0.09489705,0.16124538
0.14046435,0.002994962,0.07481813,0.019050937,0.01883439
0.053201094,0.115757324,0.043666698,0.054111946,0.02638495
