Care,Fairness,Loyalty,Authority,Sanctity
Harm,Cheating,Betrayal,Subversion,Degradation
-0.0038601197,0.10173718,0.0038512535,0.018700168,-0.048876204
-0.0768456,0.024528924,-0.023056373,-0.0346087,-0.09804164
0.018688824,-0.046572853,-0.056678127,-0.010953217,-0.028086765
-0.07015461,-0.038690373,-0.02769187,-0.07860394,-0.040827263
-0.015664797,0.052717857,0.0020477846,-0.018226223,-0.09222211
0.039583914,-0.043482423,-0.06199814,-0.05123835,0.004891569
0.052409854,0.059662614,0.09130252,0.061689224,0.027281813
0.05518599,0.012512131,0.08799225,0.013166535,-0.0122985
0.052147258,0.028646132,0.026302166,0.03230799,0.028467666
-0.065345265,-0.011535922,-0.0524164,-0.04282771,-0.07414643
0.059899274,0.041029837,0.042652246,0.061854303,0.0069195125
-0.050824307,-0.04915362,-0.111197166,0.027978912,0.00974926
0.01031414,0.099218704,0.100351185,0.15438549,0.10625164
0.038141534,0.031080747,0.049329326,0.1401088,0.08613782
-0.104244776,0.027141225,-0.0706388,-0.015686404,-0.10330985
-0.12120859,-0.11242026,-0.12401475,-0.04197354,-0.1651305
-0.0833077,0.012812944,-0.14007682,-0.062811054,-0.034583304
