Care,Fairness,Loyalty,Authority,Sanctity
Harm,Cheating,Betrayal,Subversion,Degradation
0.04840921,-0.009439653,-0.08954236,-0.07886671,-0.059559476
0.030224591,-0.005666809,-0.07980573,-0.046762846,-0.070805386
0.035201035,-0.011927223,-0.015556078,0.0061533675,-0.055444907
0.011990011,-0.0069797123,-0.007109182,-0.00042090006,-0.045284472
0.058939207,0.12355327,0.19524801,0.079701446,0.05928772
0.0086772,0.02257007,0.025815682,0.0007890314,-0.01161832
0.04199429,0.083035,0.13455096,0.0731013,-0.033420533
0.0044737477,0.03469075,0.078385204,0.10586284,0.060137022
-0.07385643,-0.036176093,-0.09964198,-0.09488227,-0.08239812
0.045551725,0.045253552,0.037154075,-0.043356728,0.114359625
-0.05529075,-0.035030384,-0.008089926,0.037347514,-0.08046382
-0.14052144,-0.08962044,-0.1863443,-0.03623614,-0.035453394
-0.051323168,0.077347375,0.034140132,0.0788979,0.025399178
-0.10854805,-0.03854322,-0.082187966,-0.09793623,-0.13507837
-0.0017325431,0.0010078698,-0.07709319,-0.10138012,-0.07129066
0.025853192,0.084861614,0.0040324107,0.012809649,0.022213604
0.042994987,0.056844473,0.017917963,0.0661802,0.04541054
-0.05479654,0.033823006,-0.03540087,0.005541308,-0.035300888
0.041279823,-0.010581408,-0.0011559464,-0.0051885527,-0.015864786
0.02752646,0.032272965,0.06782977,0.082017004,0.037573617
-0.0074429205,0.028449312,0.040274426,0.098381676,-0.0023326287
0.00073491596,-0.07252132,0.0014077579,-0.10498349,0.0041146483
0.040195808,0.18348864,0.16315365,0.070416994,0.05996459
-0.023575127,0.06681045,0.010124283,0.047472615,-0.04153992
0.051934898,0.007196743,0.011688752,-0.044107065,0.006545389
0.015226771,-0.0071091317,-0.00058334926,0.02961595,-0.007301312
0.030815564,-0.043174148,-0.08653262,-0.04007745,-0.01730778
-0.01060575,0.0790176,-0.036675483,-0.005222718,-0.010440044
0.0128699895,0.007141659,-0.045293316,-0.018181177,-0.014031583
0.08055895,0.06623381,0.1258167,0.055981547,0.14780015
