Care,Fairness,Loyalty,Authority,Sanctity
Harm,Cheating,Betrayal,Subversion,Degradation
-0.032446187,-0.061782416,-0.058316246,0.03593849,0.05627604
-0.025989128,-0.0036429167,-0.08100514,-0.07239531,-0.08052738
-0.05989376,-0.1378178,-0.2766937,-0.14650667,-0.06301695
0.06814534,0.016208354,0.0024310127,0.08726391,0.041163504
-0.035840154,0.09361571,0.05671529,0.071573384,0.022215199
0.026973223,0.03277082,-0.012210116,0.02744936,0.05229614
-0.036925502,0.019825928,-0.013521003,0.06701924,0.07358123
-0.043977253,-0.06699447,-0.056003455,0.016250398,0.04514321
-0.092700064,-0.07202411,-0.09486319,-0.014833117,0.019222002
-0.045979977,-0.04264649,-0.09105653,-0.08051984,-0.0756756
-0.016677761,-0.027745474,-0.01697859,-0.020155177,-0.04232113
-0.022418007,-0.035453465,-0.02660822,0.05006352,0.07719334
0.02009218,-0.00029832125,0.0010231566,-0.005181746,-0.0008151699
-0.012713431,-0.00686273,0.003946103,0.048182912,-0.0069995364
-0.032642704,-0.022278897,-0.046972282,0.0036162394,0.005253844
0.037485294,0.05618382,0.020272147,0.022923104,0.088436946
0.012335311,0.0499856,0.12944226,0.11255212,0.069384575
0.037345298,0.06659126,0.08273733,0.108481005,0.007618591
-0.004055921,0.06713497,0.118379064,0.15491487,0.08279218
-0.07344672,-0.034649167,-0.15377444,-0.14601041,-0.06435551
-0.010234546,0.023511963,0.033452015,0.048759013,-0.011405151
0.15094325,0.13954692,0.18437,0.22759305,0.1498332
-0.05020488,-0.04926512,-0.044022657,0.034501247,0.058644
-0.030021101,-0.015244998,-0.02441133,0.04188849,-0.034277838
0.004902843,-0.054571137,0.03171639,0.057678424,-0.016242232
-0.028807541,-0.021478238,-0.025361655,0.0059243385,-0.07700983
-0.034536887,0.0065868683,-0.03798542,0.0506674,0.00982254
0.010799149,0.035250805,-0.026994267,-0.01754873,0.012700003
-0.060694814,-0.03024659,-0.029360082,0.060318917,0.031125454
0.03722506,-0.13418683,0.06839442,0.063914046,0.0048681204
-0.021728802,-0.004564017,-0.047102112,0.0010473821,0.075135
-0.12365146,-0.07554072,-0.15389125,-0.16267043,-0.18817109
-0.06235785,-0.0151150655,-0.11360195,-0.10855204,-0.13483098
