Care,Fairness,Loyalty,Authority,Sanctity
Harm,Cheating,Betrayal,Subversion,Degradation
0.048757173,0.0112517085,0.06523986,-0.060686383,-0.109144285
0.068334624,-0.13924944,0.02147999,-0.014323786,-0.047202818
0.03887232,-0.013498358,-0.02128723,-0.062226564,-0.044208795
0.1025981,0.042037494,0.04096897,0.011137814,-0.032060012
0.046731375,0.010417927,0.04257209,-5.5089593e-05,-0.083198
-0.04368087,-0.08193396,-0.07590343,-0.110886015,-0.2607768
0.05120541,-0.06373226,0.0128005985,-0.060618434,-0.0508184
0.07670139,0.038811907,0.05498782,0.03914592,-0.051756065
0.028435402,-0.064865515,-0.06046527,-0.052716255,-0.109529704
0.071406,0.023365647,0.048645012,0.045918345,-0.044757616
0.023923159,-0.027744971,-0.009630009,-0.02783303,-0.0636186
0.122566454,0.06995934,0.12539509,0.07473548,0.028940259
0.049607046,0.013795607,0.044454347,-0.0015488341,-0.027754005
0.046358287,-0.029344248,0.028172214,-0.014344685,-0.06710033
0.07278262,-0.06738813,0.04464743,-0.012907203,-0.032606825
0.0044862153,0.02565803,0.0017315317,0.0029066084,0.006055869
-0.0032231314,0.08086009,0.020867266,0.06444806,0.043531034
0.043129798,0.034029428,0.06743163,-0.0066992547,-0.039916873
0.02981663,-0.07512134,-0.106998555,-0.04965643,-0.038004562
0.07162711,-0.11728152,0.0070293825,-0.095438965,-0.06514165
0.11745993,0.027807504,0.10064087,0.014885553,0.053462937
0.084531486,-0.005868963,0.07217981,-0.03870608,0.023718618
