Care,Fairness,Loyalty,Authority,Sanctity
Harm,Cheating,Betrayal,Subversion,Degradation
0.08423158,-0.014170196,-0.048962116,-0.09778102,-0.08119573
0.046436056,0.06551825,0.09896688,0.08708456,0.07031299
-0.12556875,-0.08594395,-0.049034398,-0.04071618,-0.04589314
0.022342049,0.0556816,0.0065418575,0.015688179,0.020790145
0.054978028,0.13445818,0.08669116,0.03947741,-0.015557978
0.09099832,-0.003615771,0.13470964,0.073058955,-0.022090673
0.006241394,-0.011634681,0.03189864,-0.020471012,-0.0065548634
0.008943312,0.05483142,0.025682366,0.12014139,0.03642109
0.07726589,0.053404942,0.17155924,-0.0033208467,0.071311794
-0.07166983,-0.005872663,-0.007576773,-0.09108617,-0.10090494
0.06927361,-0.005966369,-0.06450556,0.04063617,0.017321551
0.027303211,0.1605927,0.047224693,0.09718971,0.03027153
0.05622736,-0.022346836,-0.038709417,-0.040124845,-0.05157659
0.04298702,-0.018728644,-0.09203409,-0.0635375,-0.10612345
0.009453613,0.03231169,0.05368793,0.022803726,-0.033222303
0.034610827,0.03162086,-0.009142758,-0.09280959,-0.13359451
0.087365896,0.06669121,0.17945367,0.117658064,0.08538392
0.153635,0.06784095,0.1696116,0.019589908,0.07452342
0.046845414,0.06939838,0.14982015,-0.01958866,0.018895285
0.09556693,0.055523362,0.13767949,0.07437181,0.065168306
0.088900626,0.044125207,-0.03194078,-0.12756905,-0.025672764
-0.06689369,-0.015758432,-0.107154995,-0.055025574,-0.14207983
0.013480999,0.02807551,0.050725717,0.08281724,0.006064005
-0.04040402,0.010374628,0.018528327,0.019928902,0.011881709
0.032453135,0.04164299,-0.0042448966,-0.039600894,0.061987847
0.014412284,0.037568294,0.09162196,0.030857958,0.069422364
0.0159178,-0.097113326,-0.0573243,-0.023863379,-0.010386463
0.019622585,0.06360786,0.050861828,0.095699936,-0.034587443
-0.13630438,-0.03566449,-0.07032895,-0.120517656,-0.112085044
0.12223728,0.11525415,0.12264463,0.099907234,0.065376595
0.0019847322,-0.15764874,-0.016696097,-0.04082018,0.058096785
0.13761562,0.027570216,0.12298845,0.042177565,0.056657065
