Care,Fairness,Loyalty,Authority,Sanctity
Harm,Cheating,Betrayal,Subversion,Degradation
-0.0046455134,-0.05116007,-0.04819066,-0.028379586,0.019680094
0.0579478,0.08138534,0.042837378,-0.030270493,0.018379144
-0.060235765,-0.018686455,-0.07515706,-0.032287117,0.039597146
-0.05946981,-0.028070252,-0.084629536,0.026181152,-0.018577142
-0.010842363,0.07031968,0.04871828,0.030980136,0.07743052
0.039609674,0.0073352456,0.07399603,0.032924447,0.07375116
0.057176434,-0.00028704107,0.009737572,0.055440854,0.024002155
0.05948736,0.06990744,0.0043606213,0.108456485,0.11010569
0.082251064,0.03294471,0.023000943,0.11567077,0.060676266
-0.10803638,0.021156287,-0.13835825,-0.03769089,-0.061059996
