Care,Fairness,Loyalty,Authority,Sanctity
Harm,Cheating,Betrayal,Subversion,Degradation
-0.048741546,-0.032055628,-0.09891205,-0.068326324,-0.1091142
-0.11166139,-0.042003386,-0.17921656,-0.13852227,-0.10301469
-0.074273005,0.035981115,-0.13103011,-0.06709665,-0.052392308
-0.10770552,-0.07641909,-0.19807261,-0.10824108,-0.12901653
-0.0023874436,0.07464944,0.08606954,0.16659504,0.054155104
0.014464767,0.09758541,0.012767369,0.087777734,0.06410116
0.007814344,0.08282182,0.19464251,0.16281514,0.12596159
0.0011661407,-0.015832847,-0.07491961,0.11441277,0.018481024
0.05356688,0.02270889,-0.049303915,0.04293289,-0.021784343
0.08359288,0.11037029,0.11322974,0.18496127,0.1110766
-0.054429047,-0.012768757,-0.13185425,-0.02668019,0.03845717
0.011877161,0.0861097,-0.028410422,-0.092097044,-0.009211458
0.06971649,0.026574329,0.08805369,0.046309974,0.0792864
-0.08588809,-0.054678485,-0.0045183487,-0.023521226,-0.061554734
-0.1129295,-0.034482904,-0.044677835,-0.09966265,-0.027100038
-0.026153442,0.020504847,0.02883937,0.09846755,0.016128214
-0.17365865,-0.034964547,-0.11728521,-0.17036659,-0.106731236
0.07450877,0.043306343,-0.092282504,-0.100826785,-0.022717193
