Care,Fairness,Loyalty,Authority,Sanctity
Harm,Cheating,Betrayal,Subversion,Degradation
-0.019667909,-0.041484475,-0.09515947,-0.027962659,-0.013079397
0.09497485,0.0800434,-0.041763484,0.08903067,0.069386505
0.03562326,0.015195556,-0.07231529,-0.0037037935,-0.001184361
0.00824462,0.08259897,0.11063931,0.010742473,0.06978679
0.0028157337,0.11303799,0.0061140023,0.08239474,0.06046229
0.0060818065,0.083188266,0.010393399,-0.02195996,-0.052253958
-0.06580842,-0.07680214,-0.11498295,-0.113051385,-0.040682595
-0.06971647,-0.05478605,-0.03400892,-0.06754431,-0.17108998
0.039156817,0.118653715,0.055129774,0.03771299,0.04274935
-0.030895188,-0.030500095,0.0057664793,-0.0825066,-0.02000641
-0.05232045,-0.0068513043,0.023735322,0.025883883,-0.017399207
0.15041086,0.074030906,0.072998986,0.19089009,0.049881343
-0.07316271,-0.063324116,-0.044831358,-0.14706892,-0.06699832
-0.018683266,-0.027852915,0.0006843293,0.06391598,-0.010216273
0.016946252,0.015661005,0.093636245,0.08050917,0.00021565706
0.02679262,0.089846164,0.011245825,0.06681466,0.074050665
