Care,Fairness,Loyalty,Authority,Sanctity
Harm,Cheating,Betrayal,Subversion,Degradation
0.023620382,-0.0014355564,-0.050688546,-0.075108215,-0.104571
0.06875087,0.10063577,0.14425054,-0.02225331,0.013609326
0.046283625,0.054396044,0.06534598,-0.051975027,-0.065222085
0.03791597,0.0009530708,0.004755093,-0.009284517,0.045167625
-0.09450863,-0.025741084,-0.03940832,-0.095174775,-0.20361026
0.082382426,0.092648044,0.057725854,0.050693944,0.006958464
0.004242197,0.010123937,-0.018488131,-0.09613627,-0.07425269
0.10276823,0.026337987,0.038626,-0.04293292,-0.069563404
0.041910257,0.012021918,0.14872016,0.019172523,-0.0055010207
0.010509569,0.059839785,0.10160499,-0.0008671405,-0.036814626
-0.024595387,-0.0374742,0.0033846358,-0.06246358,-0.027181465
0.09420772,0.0044490807,0.043200396,-0.09808877,-0.026386477
0.0041642934,-0.016689813,-0.030667478,-0.10853681,-0.03931906
0.011417609,0.106480435,0.11565824,0.070486054,0.008542814
0.047352843,0.0038225148,0.04305628,-0.059308827,-0.023053411
-0.0101249805,-0.0110051595,0.007965416,0.012003445,-0.11911796
0.05974259,-0.0029011033,0.0495923,-0.07244752,-0.0295199
0.08732401,0.05495302,0.064352185,-0.033366174,-0.0042875726
-0.02058419,0.0035421718,0.0066122897,0.043521382,-0.07975161
0.054422185,0.055814467,0.10889307,-0.03711254,0.05546737
-0.066279486,0.057625197,0.06956741,0.0010992098,-0.11111802
0.09488915,0.05093071,0.08223489,-0.049461454,0.03576771
-0.03574954,-0.055875883,-0.03238023,0.008802224,-0.045496378
-0.066639885,0.010466812,-0.035745826,0.009128074,-0.10313742
0.044805847,-0.0013446813,0.053021345,-0.059926897,-0.089682505
0.013956043,-0.013598185,-0.040045973,0.006914665,-0.13088608
-0.087345004,0.054843996,0.01842952,0.041317277,-0.11636715
0.05023565,0.0066219885,0.022815336,-0.031609595,-0.08029542
-0.00015382469,0.03942597,0.029966839,0.021043368,-0.022154856
0.07866161,0.037911996,0.037579864,-0.022738267,-0.016219843
0.037950587,0.045865238,0.029048169,0.021038853,-0.025261335
0.15378766,0.123795405,0.15857622,0.02853692,0.077563874
0.015134357,0.019559186,0.025070231,-0.046477348,-0.039303165
0.07512207,0.016377667,0.10859625,-0.004747326,0.006685449
-0.0020747874,0.044484273,-0.022556257,0.031503618,0.033501178
