Care,Fairness,Loyalty,Authority,Sanctity
Harm,Cheating,Betrayal,Subversion,Degradation
-0.031080557,-0.01786871,-0.045578342,-0.09575264,-0.15117317
0.017217271,-0.100648195,-0.058926422,-0.032363612,-0.11283867
-0.17559537,-0.053973917,-0.037177783,-0.0949099,-0.2191155
0.08087976,-0.07080901,-0.008678522,-0.11880928,-0.09133269
0.03362694,-0.050013784,-0.03574252,-0.037241094,-0.059106894
0.06396821,0.043618914,0.018630948,-0.046655044,-0.120432824
-0.0039465614,-0.06136011,-0.013868957,-0.057008475,-0.08205354
-0.000775449,-0.02341605,0.032963794,0.044277467,-0.01181886
0.011383645,0.0039593186,0.06190067,0.03371805,0.019027367
0.15042555,0.05395355,0.09975967,0.07759915,0.07061512
0.052150212,0.07702738,0.055839293,-0.003312694,0.023837132
-0.05743886,0.020585887,-0.057075426,-0.009180402,-0.086692974
-0.06229721,-0.017428944,-0.08575844,-0.11505171,-0.035635546
-0.088267624,-0.083367586,-0.13088158,-0.05115412,-0.028201627
-0.1706135,-0.04625948,-0.14044785,-0.10034061,-0.18335351
0.008090662,-0.059717834,-0.10329966,-0.15073979,-0.06419837
0.055191003,0.021955267,0.06563927,-0.054834086,-0.052253157
-0.042213395,0.012227794,0.08657646,0.07595708,-0.06741413
0.08055724,0.022958709,0.07485442,0.044333786,0.035539147
0.069247745,0.0242328,0.04922991,0.014448531,-0.02167576
0.00520196,-0.08593251,-0.05017078,0.040163025,-0.01679066
-0.08058425,-0.022147663,0.074289106,0.0105487965,-0.109700486
0.11934684,0.084921405,0.022633763,-0.03571149,-0.08545345
0.085810244,-0.024262903,-0.00317928,0.019001178,0.003486596
0.008189181,-0.07055946,-0.06600256,-0.119559236,-0.1289669
-0.004793996,0.055684175,0.10799703,0.029408284,-0.08266159
0.025918163,0.06987579,0.08206091,-0.002697004,-0.07085456
0.09051052,-0.07832126,0.05512727,0.014158261,0.027593262
0.108909965,-0.038331054,0.10297294,0.08106006,0.06055469
0.0069537726,0.024779068,0.031396143,0.01998318,-0.07296315
0.011946512,0.0044033453,-0.13107035,-0.13781613,-0.13382529
0.009271449,0.028790943,0.11960554,0.015379347,-0.0036408156
-0.1573214,-0.07757173,-0.10411109,-0.04951275,-0.18560809
0.046988875,-0.11602263,-0.02282062,0.007845251,-0.02247872
0.06542119,0.06263691,-0.01603714,-0.045619547,0.0020705573
0.18665901,0.06276109,0.10621159,0.06738618,0.030952033
-0.08698045,-0.07979113,-0.10454992,-0.1986618,-0.103766054
0.045718156,0.067954674,0.10224425,0.063108146,0.081646115
-0.059819624,0.057113647,0.008634783,0.030443486,0.0060918396
