Care,Fairness,Loyalty,Authority,Sanctity
Harm,Cheating,Betrayal,Subversion,Degradation
0.01757463,0.039290126,-0.026124965,0.057830274,0.063927874
0.103970304,0.19429457,0.21788672,0.10581046,0.107095554
0.13690852,0.11615279,0.023996882,0.13702379,0.032434937
0.010621849,0.07829967,-0.028036311,0.010372601,0.03799487
-0.02589108,-0.04500045,-0.09113544,-0.054101553,-0.046040956
-0.023625832,-0.052418858,-0.009919917,-0.0028912087,-0.15502602
0.059991788,0.016150706,0.02154721,0.028133815,-0.06038631
0.036916487,0.07510966,0.084635496,0.14095488,-0.027123813
-0.11542888,-0.061005495,-0.17640741,-0.2195985,-0.06980583
0.050543122,0.006961018,-0.021292461,0.016697943,0.01507253
-0.028847832,-0.022880878,-0.1250053,-0.18080717,-0.20699748
-0.100734614,-0.0706622,-0.10564445,-0.069512114,-0.10008209
0.011182267,-0.082089484,-0.038215205,-0.066787355,-0.14132647
0.051850047,0.025935829,0.0047626253,-0.0021013487,-0.0018962696
0.037974034,-0.0023896862,-0.011868515,0.0022511762,0.0026087537
0.03479756,0.07898437,0.093918756,0.058693826,-0.007254166
-0.06106753,0.019993005,-0.07191916,-0.010185555,-0.10022247
0.067067295,0.06159458,0.042593073,0.07348998,0.05347003
-0.056383617,-0.027227866,0.008000111,0.07200234,0.045111462
-0.088577285,-0.08023758,-0.09246044,-0.013408432,-0.06595196
