Care,Fairness,Loyalty,Authority,Sanctity
Harm,Cheating,Betrayal,Subversion,Degradation
0.02365544,0.03229844,-0.020360444,-0.05825106,-0.07958145
0.03820223,0.09975799,0.03429342,-0.02674058,-0.05126802
0.04500555,0.055582438,0.034336336,0.0295744,-0.032188497
0.0071895607,0.014335342,-0.014461083,-0.009808371,-0.05463142
-0.059580527,-0.062461257,-0.19051567,-0.09506747,-0.2134716
-0.03656843,-0.057454467,-0.10837066,-0.09762019,-0.14369261
0.030186791,0.104028136,0.06315092,0.054261506,-0.06209912
-0.0050505493,-0.092010476,0.005290238,-0.011306599,-0.043958098
-0.065111645,0.027447721,-0.059475474,-0.089028515,-0.08840044
-0.033580348,0.060890816,0.0639308,0.044382863,0.032400507
-0.06262156,-0.0316712,-0.059846424,-0.037963927,-0.15963429
0.039170828,0.033553526,0.048276544,0.023966402,-0.18767665
