Care,Fairness,Loyalty,Authority,Sanctity
Harm,Cheating,Betrayal,Subversion,Degradation
0.05994723,0.17647292,0.016751818,0.02683393,-0.050176196
0.056949764,-0.003906492,-0.013536875,-0.060581893,-0.0358374
0.09390077,0.010716848,0.037683062,-0.0032747071,-0.00694927
0.1301288,0.09129208,0.07138662,-0.071680725,-0.009592166
0.21044174,0.096176535,0.15359266,0.0062175146,0.07896539
-0.08162084,-0.02085074,-0.096492425,-0.08104311,-0.18004227
0.14791809,0.009334197,0.055189162,0.017633174,-0.0150243845
0.044135854,0.07597642,-0.03232547,-0.061234877,0.013758748
0.03352012,0.10492779,0.14062417,0.026995206,0.023759395
0.0010597985,0.17232314,0.047396515,0.023637488,-0.02044749
0.063729554,0.09259027,0.06186364,0.07124907,-0.045444854
