Care,Fairness,Loyalty,Authority,Sanctity
Harm,Cheating,Betrayal,Subversion,Degradation
0.028649269,-0.018978292,0.029392963,0.080834515,-0.06536806
0.04407733,0.027476981,0.0010811016,6.480701e-05,-0.027775958
0.055853974,0.011859719,-0.008258474,0.020151313,-0.039066285
0.026239315,0.00026326068,-0.0013509076,0.020021383,-0.054343395
0.026239315,0.00026326068,-0.0013509076,0.020021383,-0.054343395
0.117638685,-0.03733401,0.04000579,0.015857887,-0.050970163
0.030572027,0.005725227,0.055459604,0.05761694,0.21460012
0.045244347,0.03976258,0.07048106,0.0871553,0.013859363
0.02064896,0.110724635,0.06151572,0.15254128,0.025953129
0.09697079,0.010372372,0.055390585,0.1480644,-0.044401772
-0.025373055,-0.03812471,-0.10860843,-0.11197755,-0.030608803
0.058600932,0.08809267,0.09679765,0.11692486,0.08419126
-0.047311086,-0.038998175,-0.124744065,-0.1446496,-0.07429325
0.023224844,-0.05466429,-0.034054503,-0.045400627,-0.03987197
0.099430144,0.045037277,0.0024860203,0.037598375,0.045958687
