Care,Fairness,Loyalty,Authority,Sanctity
Harm,Cheating,Betrayal,Subversion,Degradation
0.046030164,0.13117984,-0.02545911,-0.07081887,-0.06314609
-0.0030815168,0.04367426,0.04544263,0.036853835,0.021705855
0.031534,0.023269605,0.050349995,-0.045772627,-0.0070690326
-0.04256616,-0.05193355,-0.040755436,-0.114152834,-0.105740726
0.042954996,-0.05011342,-0.0002770247,-0.10427447,-0.058579836
0.08250378,0.132225,0.05280464,-0.021774821,0.042695202
-0.069034345,0.0460619,-0.050337203,-0.10597339,-0.14563073
0.046380796,0.02646172,-0.002810494,-0.009562481,-0.038655236
-0.015596623,-0.047280572,-0.0665315,-0.039555628,-0.15334915
-0.020559374,-0.0117448475,0.012717302,-0.05806218,-0.16104302
-0.016245928,0.030517422,-0.016892135,-0.06696336,-0.14810693
0.015036156,0.11718409,-0.014597081,-0.056568746,-0.057182517
0.120574206,0.07709961,0.011309671,0.03553732,0.10371189
-0.0040313136,0.112031616,0.113699466,0.07426536,-0.016079677
-0.013565119,0.04241477,0.08873869,0.09315539,0.0047858097
-0.042475335,0.016219296,-0.02556787,-0.07783751,-0.07045425
-0.020098275,0.058468156,0.07495502,0.0008597635,-0.057007212
0.0022210479,0.13593894,0.041974224,0.042593464,-0.071750976
0.09359357,0.022640742,0.058824204,-0.048512142,0.075523436
0.015815947,-0.029041283,0.05156257,-0.0053771865,-0.02820565
0.005747595,0.015778935,0.034799203,-0.022500914,-0.017122004
0.023310842,0.009888483,0.122104615,-0.01155915,0.009967995
0.054187186,0.021753669,0.13874447,-0.0043017417,0.06446168
0.080675595,0.108643964,0.12986168,0.093607545,0.08791848
-0.008605554,-0.03852472,-0.004735548,-0.04477036,-0.022794843
0.083783664,0.08190441,0.11404172,0.02059264,0.027616724
0.014226954,0.013785476,0.08347059,0.1436416,0.02127603
0.122335255,0.10170907,0.24100006,0.049010184,0.08990691
