Care,Fairness,Loyalty,Authority,Sanctity
Harm,Cheating,Betrayal,Subversion,Degradation
0.050208166,0.074852616,0.017988194,0.0418552,0.025022935
0.026239302,0.00026334636,-0.0013508024,0.020021398,-0.054343343
0.026239302,0.00026334636,-0.0013508024,0.020021398,-0.054343343
0.054582193,0.0909377,0.010710914,-0.0004073605,-0.04112736
0.021860544,-0.00013560615,-0.0255338,-0.0043205507,-0.08066836
0.06408333,0.061770223,0.12604521,0.07063008,0.023070917
-0.006717032,0.0748116,0.06682588,-0.014023028,-0.08172153
0.0065814927,-0.032471422,0.042878732,0.0050166715,-0.12625307
0.040257342,0.013290621,-0.012564924,-0.0546921,-0.045669362
0.024149034,-0.00407313,-0.0065374076,0.06388586,0.010726023
0.000594778,0.025271261,-0.008041743,0.0279152,0.008541914
0.012311066,0.0048236474,-0.021675956,-0.02573986,-0.08615641
0.026239302,0.00026334636,-0.0013508024,0.020021398,-0.054343343
0.026239302,0.00026334636,-0.0013508024,0.020021398,-0.054343343
0.053725544,0.07290121,0.094819404,0.10901293,-0.0010219421
-0.024322832,0.015431486,0.06412053,0.011394966,-0.0038239304
0.010994438,0.03744583,-0.035161395,-0.031490084,0.008405935
0.027216846,0.09683491,0.034749117,0.016508054,-0.07778705
0.0071694367,0.028765917,0.084561795,0.13837948,-0.007619351
0.025630461,0.01632047,0.037707318,0.041105345,0.035695456
0.025819952,0.007785324,0.07439977,0.02608909,-0.015075095
-0.03227181,0.074271396,0.03955583,0.09521562,0.031930037
0.09320176,0.051487006,0.1054942,0.07613868,0.058835723
-0.022584606,-0.07357264,0.01099737,0.0375555,0.07660177
0.057109818,0.097345315,0.12772495,0.112311095,0.007899739
-0.09598404,0.0322185,0.0068127494,0.066844605,-0.007562401
-0.015869414,0.03689501,0.04661926,0.021395285,-0.10057596
0.026916292,0.021393724,-0.0077902228,-0.018688036,-0.04845538
-0.04146364,-0.035465494,-0.063137025,-0.089466706,-0.055588983
0.16147934,0.03829822,0.05611828,0.019501427,0.017780423
-0.02517165,-0.045475002,-0.08148748,-0.05468393,-0.04873185
-0.01663442,-0.009885557,-0.020980591,-0.045585167,-0.13431968
