Care,Fairness,Loyalty,Authority,Sanctity
Harm,Cheating,Betrayal,Subversion,Degradation
0.015407358,0.044861242,-0.061448265,-0.05904123,-0.04939247
0.0002286546,0.018518833,-0.093645915,-0.055438828,-0.108904585
-0.096173495,-0.022690581,-0.06525554,-0.021623824,-0.078844726
0.05214264,-0.028327933,-0.005479347,-0.0640627,-0.054023474
-0.008730542,0.042856313,-0.04270716,-0.01186979,-0.10020761
0.04565391,0.017873883,0.022271946,-0.06945518,-0.0043443115
-0.06993931,0.03204308,-0.09323448,-0.09302224,-0.07201391
0.02823288,-0.009033155,-0.025253035,-0.008511752,0.04807312
-0.01066428,0.0096018985,-0.011408642,-0.057309184,-0.067567736
0.057134513,0.03124057,0.019168263,-0.049214564,0.0023469608
0.00011315383,0.03221237,0.021213109,-0.02226061,-0.106137305
0.099088475,0.095361084,0.12106298,0.13256222,0.013352258
-0.15228647,-0.026628377,-0.1078694,-0.101554714,-0.16852754
-0.010529371,0.012915438,-0.0033314805,-0.025688777,-0.021769552
-0.09313644,0.080565274,0.09802705,0.10541063,0.018959433
0.0031395406,0.071189925,-0.0036698245,-0.021047618,-0.033471122
-0.016141076,-0.016954038,-0.059952855,-0.06685059,-0.1099467
0.037218183,0.015473687,-0.013977932,-0.010381561,0.03317574
-0.069463015,-0.04113027,-0.077835545,-0.059582707,0.05450256
-0.012718369,-0.073588535,-0.03665317,-0.040351644,-0.0013226103
0.06875489,0.05838698,-0.018030979,-0.035558354,0.024857834
-0.19289571,-0.03256832,-0.10413337,-0.09552544,-0.11984591
0.016829394,0.052039027,0.009712622,-0.08935432,0.008716157
0.0065510124,0.0056639984,-0.04186548,-0.039258048,-0.09303769
-0.030774396,0.038825285,-0.039652184,0.009214627,-0.022787891
0.019063374,0.047483116,-0.051813714,-0.04861892,-0.08355774
-0.014199247,0.0827232,0.051560514,0.032597322,-0.047135767
0.03659071,0.05349446,0.026863286,-0.029451888,0.031575434
0.13058627,0.04641318,0.019483235,-0.020363009,-0.020278383
0.05875332,0.10733141,-0.00084481016,-0.042382203,-0.052081093
0.055032127,0.004799501,-0.014584559,-0.09217383,-0.12112035
0.0012888489,0.03538198,-0.040831067,-0.013414759,-0.08096809
-0.11024585,0.01671779,-0.096392445,-0.102241054,-0.12201992
