Care,Fairness,Loyalty,Authority,Sanctity
Harm,Cheating,Betrayal,Subversion,Degradation
-0.027185215,0.020149656,0.0010190886,0.01700285,-0.007499717
-0.09949371,-0.05850089,-0.11934174,-0.15603179,-0.13076538
-0.060285207,-0.03214636,-0.048625275,-0.0026267488,-0.025924897
-0.06598468,-0.099551536,-0.17519468,-0.12073774,-0.10657568
-0.029805481,0.05165316,0.027195664,0.012123362,0.03424717
-0.048756253,0.05156903,0.019118894,0.08733039,0.017398052
-0.13178143,0.05919671,0.011690184,-0.01203784,0.114062645
-0.19483222,-0.048132226,-0.09952565,-0.07208148,-0.015750442
-0.08890641,-0.08083668,-0.077872925,-0.0065124654,-0.025078528
-0.028077891,-0.04697044,-0.022167439,-0.03286196,0.0120659685
-0.060063586,-0.092757106,-0.073167175,-0.04418093,-0.12624814
-0.094216466,-0.029353127,-0.02738815,0.017977746,-0.0708899
-0.10622276,0.046936363,0.010725197,0.04496085,-0.065882355
-0.07009043,-0.12667564,-0.09438446,-0.07656038,-0.11882274
-0.03807631,-0.08780119,-0.0056639286,0.015279505,-0.045280647
-0.08304273,-0.039541654,0.028884348,-0.03387972,-0.13253275
-0.024177637,0.034251943,0.07168741,0.061270397,0.055825975
-0.069021985,0.001979649,0.06442335,0.07126263,0.044028908
0.0064200163,0.059777673,0.08472031,0.11823172,0.020578349
-0.073139764,0.033881176,0.027605366,0.055118244,-0.01670607
-0.17046303,-0.112333834,-0.14655691,-0.06088361,-0.08678965
-0.10624242,0.046081588,0.06328871,0.015738372,0.1617169
-0.04261112,0.020805623,0.099353135,0.09745999,0.03583526
-0.09875939,-0.025897386,0.060902584,0.06710233,0.11245692
-0.08677989,0.057493053,0.037652835,0.0139458105,0.02634529
-0.058569696,-0.10826436,-0.03537991,-0.063599125,-0.018622627
-0.059393447,-0.026893344,-0.018973766,-0.060298197,0.017378986
