Care,Fairness,Loyalty,Authority,Sanctity
Harm,Cheating,Betrayal,Subversion,Degradation
-0.025051117,0.0069291424,-0.074106984,-0.11815059,-0.095855325
-0.08147076,0.039864153,-0.09134275,-0.11358018,-0.10313819
0.021134265,0.03132293,-0.08898462,-0.081536256,-0.049174864
0.0020898834,-0.034578897,-0.025495887,-0.0381449,-0.0011492455
-0.111302994,-0.018654522,-0.15690847,-0.16397318,-0.18586436
-0.016488876,-0.031546094,-0.11817003,-0.15412012,-0.097974
-0.023605669,0.030541517,-0.1299036,-0.06987652,-0.10662492
-0.050487652,0.021424348,-0.028845627,-0.028949752,-0.078703396
-0.056975126,0.018246425,-0.054759003,-0.07578318,-0.04940979
-0.084091954,-0.02793169,-0.13144132,-0.13207108,-0.12126375
-0.05831334,-0.038217623,-0.13102111,-0.15703407,-0.13833304
0.02771673,-0.04762625,-0.036297627,0.01700784,0.02985505
-0.025271414,-0.035635177,-0.1018641,-0.11024395,-0.07876217
-0.055547357,-0.040491164,-0.13363329,-0.11910763,-0.14378273
0.0034043686,-0.04936877,-0.075998165,-0.12053339,-0.04422893
0.02850587,-0.009964298,-0.059969418,-0.049473263,-0.027367838
-0.041277774,0.041998215,-0.042266067,-0.029601447,-0.053078756
-0.015701175,-0.007887755,-0.11892519,-0.10613685,-0.05901953
0.042936265,0.09233697,0.00092588924,-0.038516995,-0.017340634
-0.05416447,0.020291861,-0.043512248,-0.08882411,-0.04474744
0.03114259,0.05828673,-0.012441436,-0.08047493,-0.021859463
-0.0230125,-0.03242055,-0.058435038,-0.052780617,-0.07377911
0.10855877,0.005048424,0.042968757,-0.08244488,0.029582083
0.005634591,-0.04908318,-0.09191814,-0.122242235,-0.12469964
0.0045842314,-0.0974109,-0.14592853,-0.1783433,-0.14541869
-0.0826547,-0.0852574,-0.12689793,-0.13435987,-0.26816505
-0.00863746,0.017684035,-0.053668864,-0.10461159,-0.054820873
-0.076249264,0.014471289,-0.09600718,-0.14074805,-0.05307895
-0.011298345,0.008643744,-0.12334463,-0.079979934,-0.066946305
0.12190117,0.042233385,0.052021146,-0.0023318455,-0.068654835
0.052621637,0.032781906,0.00844416,-0.011040831,0.0511915
0.01610114,0.03573011,-0.03449005,-0.0013822485,-0.053742092
0.063253924,0.03861253,-0.0051992787,-0.070546865,-0.041692726
0.047116555,0.11781308,0.10704568,-0.0123376595,-0.008576106
0.010892153,-0.059034474,0.010796048,0.0234727,0.02485301
