Care,Fairness,Loyalty,Authority,Sanctity
Harm,Cheating,Betrayal,Subversion,Degradation
-0.06950718,-0.030678673,-0.05977694,-0.049405843,-0.15217838
-0.04050888,-0.11646334,-0.093009695,-0.03534602,-0.17807798
-0.105910674,-0.026187873,-0.12522501,-0.1197161,-0.13631736
-0.13650863,-0.091233626,-0.057083845,-0.057757087,-0.24646981
-0.057632037,0.03352899,-0.029018756,-0.050529554,-0.08531936
-0.09257531,0.07676455,-0.019250248,-0.050922383,-0.103860036
0.044046827,0.027028458,-0.024143014,0.07626026,0.047132447
-0.037853025,-0.03213945,-0.043802164,-0.03751748,-0.0060485434
-0.04852372,0.031818166,0.035401322,0.0128790755,-0.04038675
-0.041272804,0.015118756,-0.03414707,-0.045323063,-0.09242264
0.03341867,-0.042618018,-0.049535744,-0.011373052,-0.07575835
0.04213856,-0.0007141754,0.03548355,0.0283732,-0.05679346
0.020581812,0.121525556,0.10972565,0.1200614,0.04511083
0.0052349498,-0.0063887406,-0.016768556,-0.02811879,-0.127382
0.04834445,-0.021365952,0.04769159,-0.056787666,-0.10889368
0.045219928,0.08919942,0.1255318,0.062147163,0.04199633
-0.112602554,0.0585706,0.021703832,0.046272233,-0.0860901
0.02162835,-0.016999878,0.030297384,0.045887433,-0.08623319
-0.0054263007,0.06444309,-0.040572945,-0.035420008,-0.043345813
-0.081180245,0.03611601,-0.09039651,-0.071938865,-0.065954335
-0.037845258,0.008734691,0.03872093,0.07506342,-0.045807466
0.026315216,0.016965505,0.026681393,0.042189203,-0.060491763
0.033168647,0.022286825,0.039284207,0.04587931,-0.07151263
0.0054160007,-0.020620048,0.004713433,0.034049828,-0.06658812
0.008368801,-0.0016979389,-0.0056577753,0.075837985,-0.086599
0.013177887,-0.016900662,-0.039072067,0.004834044,-0.04381641
-0.1191163,-0.029648235,-0.024614234,-0.048449993,-0.1368819
-0.08953399,0.0036050156,0.0045434684,-0.021028765,-0.11711481
-0.093345776,-0.027315075,-0.038296204,-0.10166799,-0.11903278
-0.050383978,-0.096042216,-0.02261367,-0.027230352,-0.11710457
-0.08287365,-0.06995383,-0.02154647,-0.023914425,-0.05609827
