Care,Fairness,Loyalty,Authority,Sanctity
Harm,Cheating,Betrayal,Subversion,Degradation
-0.037284695,-0.05082783,-0.049546406,-0.064809926,-0.10353306
-0.04639245,0.064782664,-0.018474076,0.0946473,-0.09729882
0.017080039,0.03947369,0.0086635,0.014530335,0.07621753
-0.19283861,-0.07318271,-0.1795798,-0.11180743,-0.17326628
-0.13160785,0.08820349,-0.0393186,0.025108777,-0.019051697
-0.016085956,0.015822612,0.0019407179,-0.012569694,-0.04715728
-0.084227264,-0.020171987,-0.08575235,-0.075128525,-0.16299066
-0.09855865,0.056499243,-0.021120671,0.03690778,-0.11967804
-0.07153391,-0.036069766,-0.075510085,-0.024942098,-0.1359362
-0.11728514,0.010725509,-0.04476412,-0.039713126,-0.025219431
-0.07949957,-0.054170746,-0.017278127,-0.028877504,-0.075713664
0.031540822,0.05985055,0.08473574,0.097240455,0.10343248
-0.07245192,-0.0074047,-0.022232262,-0.010045007,-0.020790804
-0.12333923,0.018391732,-0.043882277,-0.06965289,-0.11297466
0.04454307,0.08448175,0.060891047,0.10729053,0.037767902
-0.07308568,0.028893381,-0.02906119,0.017335497,-0.09692293
-0.031084634,-0.011038074,-0.009122409,0.0010261051,-0.08760236
-0.021543127,-0.009447326,-0.11757527,0.0013579521,-0.09864822
