Care,Fairness,Loyalty,Authority,Sanctity
Harm,Cheating,Betrayal,Subversion,Degradation
0.013850777,-0.036847442,0.023045696,0.011721659,0.010252394
0.029559558,0.009604109,0.041417595,3.1100586e-05,-0.07490589
0.1190118,0.08712419,0.06783801,0.054329127,0.033114076
0.06633654,0.08112663,0.04992239,0.0020499304,-0.07148555
0.09198697,0.0016631596,-0.04030914,-0.056901857,0.016459927
-0.038337883,-0.018669859,-0.06301289,-0.04342824,-0.04465631
0.09049818,0.011736769,-0.02639253,0.062225632,0.046905346
0.023241673,-0.03613696,-0.02420583,-0.03695868,-0.037127394
0.02173439,0.0020441655,0.0825981,0.04148663,0.040703222
0.0052226773,0.02581621,0.03965033,0.04908791,-0.022161737
0.108863354,0.06313296,0.040073104,0.023583457,0.07822324
0.07140711,0.017347671,0.044953812,0.019761022,0.03042482
0.07647365,0.07339584,0.0036581848,0.08813438,0.08459143
0.024436718,0.11612743,0.00714067,0.038142074,0.03824348
0.056628905,0.04235816,0.08093136,-0.007133822,0.06902349
-0.006214272,0.060003556,0.024598941,0.02778881,0.044110034
-0.0022201184,-0.036630154,-0.037245188,-0.02460339,0.049216174
0.14348622,0.053596154,0.12290588,0.044092275,0.082813576
0.131911,0.06899046,0.08009985,0.063466676,0.015880456
