Care,Fairness,Loyalty,Authority,Sanctity
Harm,Cheating,Betrayal,Subversion,Degradation
0.002586715,-0.02385686,-0.0016565667,0.023322921,-0.00096027553
-0.0035193935,0.06862521,-0.08483737,0.013090955,-0.03075108
-0.039470907,0.005204268,-0.07065055,-0.05063267,-0.06261268
0.016366951,0.010080241,0.00038173422,-0.08896947,-0.019035298
-0.029335326,0.13463627,0.031627633,0.008876314,0.0107862875
-0.109282434,-0.051573478,-0.0796,-0.054791797,-0.04343859
0.056226924,-0.058068942,-0.072878644,-0.07288717,-0.12122856
0.04828289,-0.063557915,-0.09138665,-0.06562935,-0.062478364
0.013700884,0.0702956,0.06852279,0.021420933,-0.0779738
-0.025522366,0.059707545,0.07164144,0.00021416694,-0.07171262
0.10163726,0.026476726,0.08302237,0.027570423,0.018121425
0.030639507,0.039396215,0.043980107,0.011875058,0.00493352
0.09632419,0.065717414,0.057621647,0.10623239,0.08469635
0.06285811,0.016318396,0.09571037,0.13745841,0.05383265
-0.051428594,0.070960134,0.027644202,0.0642908,0.045305587
0.12161922,0.07797018,0.09231569,0.0593463,0.08572214
-0.021110054,0.048300523,0.089450434,0.12435864,0.013792995
-0.023631807,0.1037534,0.0059874956,0.11179477,0.06489721
-0.08721244,-0.027585685,-0.09967984,-0.02661682,-0.107289806
-0.021819508,0.06706363,-0.055571035,-0.006863199,0.019717164
-0.1326352,-0.011710849,-0.14068091,-0.07123017,-0.02062002
-0.057204403,0.040760614,-0.08102085,0.01535056,0.19697659
0.03365109,0.037614875,-0.014821338,0.014815801,0.07935914
