Care,Fairness,Loyalty,Authority,Sanctity
Harm,Cheating,Betrayal,Subversion,Degradation
-0.07925474,-0.02637867,-0.043797493,-0.015775109,-0.09300092
-0.08690462,0.024776638,-0.07118213,-0.08849497,-0.24151304
0.034195714,-0.012420947,-0.069466695,-0.07945266,-0.19218853
0.0526287,-0.0087585915,-0.0018177265,-0.067849524,-0.11262749
0.012779906,0.024150033,0.07181564,0.010199832,-0.04047101
0.0568463,0.07864286,0.034965202,0.054936804,-0.04860045
-0.009585865,-0.010493967,-0.14486058,-0.08811427,-0.03665554
0.048213165,0.060675126,-0.021436356,-0.07200585,-0.042291064
-0.026753824,0.011077951,0.03113464,-0.0011438224,-0.094291866
0.06586428,0.12736267,0.110222295,0.03964596,0.017442983
0.078856096,0.06560579,0.024417125,0.005381679,-0.05590585
-5.3864438e-05,0.005636393,-0.017205138,-0.09314367,-0.09252391
0.04317581,0.042872142,0.007080201,0.030309422,-0.08007974
0.05414973,0.013049569,-0.02213224,-0.018127859,-0.08112637
0.02747574,0.028825711,-0.048244942,-0.08955541,-0.081914455
-0.010309741,0.01480644,0.022119991,-0.019418985,-0.092192
0.11870768,-0.011536576,0.1867635,0.007864646,0.03602937
0.117294535,0.057638615,0.036459632,-0.015934538,-0.091068074
0.1717529,0.0856805,0.20395,0.116223276,0.078603625
0.0001993142,0.037461545,-0.09689409,-0.036632113,-0.046390742
-0.09338662,0.014251821,-0.0736225,-0.07536962,-0.112079285
-0.06715307,-0.008829955,-0.016080085,-0.05569227,-0.10177715
-0.00400164,-0.039853595,0.0093138525,-0.014655745,-0.0964109
-0.03775625,0.02476413,0.0637163,-0.026087359,-0.06041609
-0.0006357655,-0.0046902755,0.007948898,0.007156212,-0.094940305
-0.023421872,0.06993598,0.008003779,-0.038210776,-0.096906066
0.008353261,0.026119199,-0.021643296,-0.120196104,0.03293194
0.09565137,-0.003112535,0.055367414,0.02038239,-0.02681884
0.010098058,-0.0023474088,-0.04756712,-0.041129686,-0.09844792
0.007859397,-0.06649306,-0.03180513,0.018892732,-0.07125659
-0.07504885,-0.105016574,-0.1381505,-0.11071835,-0.18150666
0.021071423,0.031010155,0.06910626,-0.03774176,-0.032593217
-0.021164414,-0.022462491,-0.07820739,-0.17136404,-0.1695072
0.061378546,0.10041244,0.096402735,0.04216925,-0.061880216
0.100142606,-0.007256075,-0.005897266,-0.082120135,-0.04424553
