Care,Fairness,Loyalty,Authority,Sanctity
Harm,Cheating,Betrayal,Subversion,Degradation
0.05546386,0.051185742,-0.009345168,-0.074783504,-0.025612485
0.10185389,0.03288874,0.062341083,-0.011698708,0.05516632
0.0018151663,0.037338063,0.020399977,-0.032321166,-0.039986588
0.0054051187,0.00637459,0.015231147,-0.11119658,-0.11999029
0.0310416,-0.044318154,-0.011493124,-0.11274049,-0.103772685
-0.001844639,-0.010106456,0.059412148,-0.03721977,-0.065989524
0.057890464,-0.014851481,0.061537843,-0.07255442,0.0018707924
0.10766144,0.06755238,0.06228681,-0.06001383,-0.038133323
0.099027835,0.021119066,0.118709445,-0.022264823,-0.034025542
0.08477243,0.054212227,0.15984312,0.16434777,0.07766045
-0.0074574305,0.09825112,-0.03018584,0.045933314,0.02728428
0.057259806,0.030168338,0.019614702,0.04421848,-0.043577395
-0.10053149,-0.05899213,-0.037299164,-0.013464321,-0.080962904
0.033333234,-0.010106714,0.024389248,-0.01686965,0.0047244206
0.072614014,0.04443732,0.0712992,0.014262416,0.008217271
-0.09530479,0.047749482,-0.035480753,-0.11257596,-0.06209434
-0.013652548,0.062930405,0.045383427,-0.065896615,0.008137727
-0.076403454,0.0040255114,-0.034258768,0.0051317066,0.021450445
-0.17232153,-0.029373944,-0.20663291,-0.14902675,-0.10490046
-0.08176425,0.045282297,0.005180818,-0.014311509,-0.06240987
0.02971386,0.07526037,0.040819384,0.022454333,-0.02652961
-0.02214231,0.102936655,0.031952415,0.039878353,-0.016733656
0.033234183,0.10796625,0.16125289,0.13879552,0.053891852
-0.094497874,0.02303924,-0.018404521,-0.04905998,-0.004904868
0.06255114,-0.017145151,0.08760931,0.084888056,0.04532311
0.0517786,0.086498514,0.16983023,0.08253084,0.009283111
0.10384549,0.08139843,0.08080058,-0.013037793,0.0008753538
0.12867543,0.09048504,0.1350614,0.0019899905,0.1500988
