Care,Fairness,Loyalty,Authority,Sanctity
Harm,Cheating,Betrayal,Subversion,Degradation
-0.07355814,0.067652114,-0.047738343,-0.027694676,-0.052335843
-0.11750307,-0.012134288,0.03543305,0.0122647565,-0.05166144
-0.0774792,-0.021997178,0.012199488,0.018343173,-0.071345955
-0.019096363,0.18039073,0.092249036,0.076388486,0.06285581
0.017166855,0.10132784,0.19225416,0.111005396,0.051965803
-0.03911475,0.042694256,-0.040953215,0.000432387,0.008786298
0.015309429,0.093318135,-0.024032459,0.0014991127,0.05969602
-0.06822653,0.04637409,-0.02783392,-0.020674035,-0.02427317
-0.027885001,0.041216638,-0.029993497,-0.028385196,-0.057791986
-0.059821807,0.0547491,-0.095355794,0.011104019,0.040159676
0.031391658,0.08767574,0.09640398,0.0833305,-0.035982873
-0.061228536,0.014476895,0.0072630746,0.005782746,-0.027502703
-0.10797971,0.033773456,-0.021844082,0.008089626,0.01768719
0.0023477408,0.031924725,-0.0047316663,-0.0064066313,-0.027423808
-0.017836913,-0.002406329,0.048977353,-0.07453616,-0.070220515
-0.0942691,0.05932062,0.00452156,0.04873308,0.0600717
