Care,Fairness,Loyalty,Authority,Sanctity
Harm,Cheating,Betrayal,Subversion,Degradation
0.017407928,0.02162052,0.017199213,0.027921747,-0.03708175
-0.119151965,0.023068544,-0.08495071,-0.070494555,-0.13769075
0.05541689,0.08657527,0.027080104,0.108210355,0.05120509
0.029888982,0.070481636,-0.02059623,-0.017291171,0.004714772
0.04207755,-0.038802672,-0.07073702,-0.04055608,-0.08410856
-0.04480689,0.09531382,0.054241553,-0.05447997,-0.051449638
-0.008578785,-0.0019606892,0.0083011,0.028919248,-0.06134382
0.0002790587,-0.0062807873,0.003907035,-0.033740394,-0.09986296
0.020737085,0.09202262,-0.01708282,0.058882874,0.0048244
0.05819939,0.09986486,0.050485365,0.010889456,-0.005922843
-0.038104728,0.024154808,-0.047622006,-0.03951402,0.029137814
0.031828105,0.06938031,0.046615444,0.095238574,-0.046832252
0.038416266,0.06075392,0.06392192,0.0443965,-0.013876065
-0.06323864,0.037777938,-0.006937206,-0.00035303086,-0.18274042
-0.036542747,0.07530856,-0.02467957,-0.042041253,-0.06418521
-0.038813107,0.0005559642,-0.0080197565,-0.064730264,0.026467428
-0.097499,0.01594229,-0.08650866,-0.07119817,-0.092988394
-0.045545034,-0.04408813,-0.1285859,-0.026108377,-0.031737212
0.015875546,0.02990498,0.026297864,-0.004398279,-0.07376177
0.07487348,0.068405606,0.0847074,0.05937489,0.14628294
0.100436695,0.071435586,0.043001063,-0.011610262,0.053169794
