Care,Fairness,Loyalty,Authority,Sanctity
Harm,Cheating,Betrayal,Subversion,Degradation
0.04739955,0.025849588,0.025493324,-0.013553741,-0.025976365
0.06680699,0.0040510055,-0.019440277,0.045835096,-0.12082037
-0.04414986,-0.02323236,-0.027402576,0.049245197,-0.06681293
0.05763588,-0.005362522,-0.040979467,0.008531521,-0.063509375
-0.06068924,0.001990648,-0.041322485,0.042862497,0.009644436
0.083390884,0.06246232,0.06696548,0.069131255,0.023441765
0.03846196,-0.011648994,0.0062364936,-0.05212807,-0.038055614
0.08181469,0.035110928,0.0720896,0.0469936,0.030940808
-0.037235595,0.02760856,-0.0084106345,0.008964099,0.023313165
0.009056641,0.015448645,-0.04741625,-0.07048813,-0.08215706
0.020408563,0.016077716,0.028194118,-0.031413645,-0.07580495
0.018357217,-0.049922176,0.01558364,-0.040617898,-0.07204808
0.034061175,0.0005545318,0.022994991,0.022749968,-0.019161727
-0.088822275,-0.0418359,-0.07522945,-0.112283476,-0.12722173
-0.061787374,0.004430458,-0.10430804,-0.09107055,-0.114067964
-0.079154804,0.019926038,-0.07134183,0.028449688,-0.10787829
0.06295206,0.03643458,0.021591762,0.0728147,-0.06306269
0.063987106,0.04817718,-0.00091770664,-0.0025965106,-0.061573677
0.049661346,-0.00015005842,-0.050001733,0.008044217,-0.095476076
-0.0055079125,-0.06974021,-0.052179307,0.027833661,-0.042903006
0.015700977,0.029571101,-0.05582999,-0.07658607,-0.05954007
0.06530541,0.0004256945,-0.005255239,-0.034354508,-0.028822385
