Care,Fairness,Loyalty,Authority,Sanctity
Harm,Cheating,Betrayal,Subversion,Degradation
0.042780347,-0.0067803785,-0.0646077,-0.018529687,-0.036527768
0.0012034085,0.0034039542,0.023075324,0.04821042,-0.035098646
0.095899,0.07036598,0.07190296,0.047272827,0.08219186
0.0329592,0.043377966,-0.015904363,-0.078614555,-0.04707861
0.11860502,0.1372503,0.11219304,0.094595775,0.0888093
0.045416497,-0.014370644,0.06050088,0.044045784,0.018967975
0.030448157,0.03324644,-0.0130936885,0.035917636,0.021881381
-0.01864969,0.05140326,-0.06588796,-0.04124733,-0.08510048
0.083011925,0.17392963,0.05644319,0.040974576,-0.008446343
0.044192657,-0.03243298,-0.0045278445,0.055038698,0.10029586
0.10797271,0.115981385,0.04967141,0.08469619,0.041000098
-0.012958534,0.04029401,-0.031858552,0.016328964,0.0011468977
0.05094492,0.04102175,0.04577175,0.061071668,0.12970841
-0.08415905,-0.042245153,-0.105714664,-0.012174486,-0.058309272
-0.05842802,-0.013494046,0.041853942,0.032731473,0.055000592
-0.07455437,0.08552697,0.06859615,-0.001559332,-0.021238051
0.01811878,-0.007660215,0.09484698,0.051970795,0.12442772
-0.11505058,-0.058823798,-0.02119466,-0.053209007,0.12051421
0.012227169,0.039712675,-0.011729913,0.0025858358,0.066379055
-0.08012469,-0.054201864,-0.05239505,0.098880574,-0.020286266
-0.098037735,-0.06662909,-0.06757998,0.023773635,0.027018357
0.00715064,-0.044964515,-0.04000102,0.0030699372,-0.018967856
0.06843796,0.09633933,0.07474138,0.07090745,0.065377675
-0.02676424,-0.05928522,-0.06987773,-0.093378365,-0.045049455
-0.0033515021,0.11401974,0.115323246,0.08053699,0.0984866
0.028531265,0.108498976,0.0991151,0.06282973,0.06540278
-0.0106220795,0.0578583,0.08248724,0.045491498,-0.039676912
-0.004356995,-0.066716924,0.04115522,0.017507963,0.06876223
0.0044611692,-0.001741169,0.003811203,-0.008282512,0.0079678465
0.10297347,0.10904841,0.1291905,0.09208923,0.049631864
0.030571666,0.017020522,0.0040805517,-0.028874457,0.046496198
-0.0130688045,0.048355475,0.060830563,0.08246053,0.03125238
0.07151814,0.07127334,0.10718555,0.07039498,0.0031326432
-0.017710038,0.017562788,-0.0030932073,0.010333208,-0.009830534
0.044046704,0.039425284,0.08523516,0.18739767,0.053017914
-0.0007449463,0.01816846,0.09184226,0.12040233,0.14952084
