Care,Fairness,Loyalty,Authority,Sanctity
Harm,Cheating,Betrayal,Subversion,Degradation
0.0740471,0.0048391484,0.05418454,0.010912673,0.026962524
0.025594778,0.13558885,0.110594384,0.03564076,0.05614209
0.055940516,-0.04243423,0.08077492,0.12456589,-0.0123181585
0.071769014,-0.00399838,0.058232687,0.027650699,0.018905263
0.13906647,0.16839907,0.14673737,0.0741961,0.12355083
0.09138851,0.07744077,0.07761005,0.06023181,0.032887675
0.064149976,0.07635269,0.084963724,-0.047831282,-0.022031114
-0.045045692,-0.071161196,-0.036020126,-0.02438135,-0.107649215
0.03306248,0.12916717,0.22441052,0.101055205,0.029521242
-0.0454121,0.07047291,-0.038125552,0.04961915,-0.046276573
0.03158357,0.0057118963,-0.05746119,-0.05246286,-0.10210993
0.02666692,0.037849873,0.016397398,-0.020472303,-0.013173691
-0.014893027,-0.008178957,-0.026138397,-0.020401038,-0.040719815
0.015680432,0.07090719,0.102422185,0.09610033,0.026563238
-0.07592349,-0.04096938,-0.041668802,-0.042813797,-0.054276675
0.094428286,-0.015302664,0.011680659,-0.04361179,0.046561256
0.01640599,0.05413259,0.037471086,-0.019751955,0.050303392
0.037057497,0.090867005,0.12250948,0.008239033,0.06314105
0.03438252,0.0059720855,0.008787167,-0.007021253,0.0040962305
0.065658815,0.0018702373,0.11514743,0.0054591503,0.010498806
0.087155655,0.058299743,0.082740456,-0.034910083,0.07222549
0.09394731,0.015808247,0.06624509,0.009497505,0.0014714263
0.004250994,0.05894042,0.113897935,0.05371967,0.055157166
0.046712317,0.009833834,0.10196895,0.038132787,0.016696857
0.05375023,0.09579261,0.13174471,0.088553175,0.11607701
-0.0045354906,0.03403217,0.115586594,0.08339986,0.037830435
0.0960664,0.10729369,0.1355343,0.02183788,0.13693279
0.011734765,-0.034069136,0.012651633,-0.006790193,0.0034718895
0.020867627,0.090724066,-0.020871714,0.010629024,-0.0061534625
0.14230704,0.0306354,0.06622446,-0.014887471,0.039717756
0.054769438,0.05511882,0.039350383,0.014185527,-0.039502412
