Care,Fairness,Loyalty,Authority,Sanctity
Harm,Cheating,Betrayal,Subversion,Degradation
0.010190805,0.0326834,-0.03912449,-0.038427316,-0.089179054
0.003969947,0.034290373,-0.012098299,-0.04880519,-0.040517554
-0.07967457,0.007008547,-0.07356852,-0.053788103,-0.100254714
0.03550301,0.01346644,-0.05043082,-0.035025418,-0.021228349
-0.041765183,-0.046329744,-0.03122666,-0.03498882,-0.054991473
0.03468808,0.08249016,0.044891857,0.0045209364,0.011542708
0.02055287,0.001858009,-0.07817501,-0.123766266,-0.06629431
0.07576142,0.10400491,0.022905273,-0.05739651,0.04236074
-0.06683852,-0.012972058,-0.107002154,-0.11475716,-0.106167704
0.028614644,0.019509062,-0.009475453,-0.07764624,-0.025557995
0.0049007535,0.0724933,0.054386005,0.041568086,0.010388283
-0.000783775,-0.073413156,-0.068093866,-0.059871137,-0.12199521
-0.08725927,-0.037889842,-0.13220589,-0.05905255,-0.14292237
0.01249674,0.05690612,0.022595316,-0.04022193,-0.018379109
0.016682955,0.02788827,0.014620446,-0.02616349,-0.039014157
0.01000756,-0.09503864,-0.13229492,-0.13706096,-0.10124375
0.019290516,0.03949513,-0.014827058,-0.037299626,-0.06861703
-0.05055776,-0.046934664,-0.13695765,-0.12645526,-0.08812155
0.045605186,-0.062097162,-0.073770896,-0.09208193,-0.16640154
