Care,Fairness,Loyalty,Authority,Sanctity
Harm,Cheating,Betrayal,Subversion,Degradation
-0.037335947,0.041032273,-0.06838354,-0.04816684,-0.041098986
-0.0912711,0.07071935,-0.089821056,-0.014170797,-0.06705004
0.0011719652,0.049664978,0.09476364,0.07657956,0.07743972
-0.021430086,0.11786628,-0.009866683,0.021421824,0.06921449
0.003906981,-0.051491,-0.052468825,-0.12912858,0.0078655025
0.02076103,-0.01820865,-0.039902024,-0.032795493,0.004217878
0.00025986088,0.07494399,-0.03225448,0.017224655,0.034275696
0.09570823,0.06282831,0.027805543,-0.048491497,0.025635323
-0.10685908,-0.04478146,-0.21453765,-0.11313896,-0.09143363
0.038549606,0.017630473,-0.0006953245,0.0032019224,0.099478975
0.046654016,-0.0033141617,-0.055380695,0.061999522,0.051282868
0.03852646,0.0891544,-0.04557066,0.059202805,0.019263867
-0.023449283,0.10387413,0.045994755,0.06491047,-0.085086256
0.020565635,0.041822597,0.09179205,0.023835927,0.042352587
0.069525786,0.10401164,-0.0072821975,0.051880546,0.0493991
0.0033337148,0.10957831,0.028477639,0.07938178,0.057631306
-0.061795764,-0.014912464,-0.091679595,-0.049450666,-0.059140973
-0.025849603,0.0259501,-0.013793709,-0.048964705,-0.020256657
-0.04580019,-0.15408608,-0.19736937,-0.16124105,-0.015722007
-0.09429287,-0.19724444,-0.18263325,-0.25983328,-0.10922485
0.01722024,-0.08914939,-0.10323256,-0.16685562,0.04489719
-0.024257842,-0.033629257,-0.036416017,-0.061993413,-0.024683502
-0.12631781,0.051555373,-0.08997391,-0.121476196,-0.10674627
0.012675887,0.090840384,0.024017248,0.028179282,-0.0014027432
0.17982732,0.0951594,0.1450084,0.101193175,0.14101207
0.017604353,0.01123311,-0.09687042,-0.07300258,-0.028924655
-0.05693273,-0.01636116,-0.13196231,-0.04456519,0.035958357
-0.02920152,-0.06541851,-0.038098693,-0.055718586,-0.016191956
0.05326976,0.038368423,0.0052950233,-0.00046156906,0.049775615
0.04392551,-0.026720729,0.07736133,0.07167499,0.10639563
0.07343267,0.048723593,-0.07451302,-0.04132687,-0.02216857
0.09835786,0.015573824,-0.06895153,-0.0145922825,0.011865328
-0.092274725,-0.05840704,-0.18749166,-0.04206844,-0.1752841
-0.041685943,0.04009132,-0.02571527,0.0011690166,-0.04900484
-0.087177776,0.02604636,0.010839559,0.039126635,-0.048570633
0.029181521,0.03990545,0.017676277,0.103100225,0.055019367
-0.075412184,0.03569929,-0.0012430307,0.021695845,-0.03653585
-0.05212305,0.041287273,0.06867742,0.03836643,0.055285923
0.0028273007,0.038859706,0.035153236,-0.047304362,-0.018772861
