Care,Fairness,Loyalty,Authority,Sanctity
Harm,Cheating,Betrayal,Subversion,Degradation
-0.007056422,-0.06779925,-0.06897409,-0.047191203,-0.14451677
0.106342085,0.026089955,-0.018372988,0.058603406,0.040541813
-0.07804541,-0.0948593,-0.13371441,-0.06831944,-0.04624679
0.03830414,0.016973682,0.061517797,0.03922927,0.10433909
-0.06341468,-0.04417779,-0.131223,-0.078622475,-0.05591945
0.029786367,-0.013418857,-0.0024200734,-0.053502493,-0.0678235
-0.0894129,0.052050527,0.026895601,0.08194983,0.0015782006
0.057606682,0.08604277,0.08797853,0.09612924,0.057089195
-0.09847206,0.012515442,0.09031477,0.012811011,-0.016840685
-0.028578743,-0.034563575,-0.00078919344,0.069916636,-0.02166875
-0.08190057,0.032647364,-0.05684781,0.0053443983,-0.022003196
-0.08088271,-0.01120034,-0.061659895,0.03409813,-0.04885694
-0.110544845,0.06971695,0.039371848,0.10027135,0.058040127
-0.021043677,-0.021542769,-0.03365674,0.035215665,-0.0375979
0.04219659,0.06509559,0.24219197,0.23259857,0.13968089
0.012308959,0.0053288657,0.009445101,-0.09233737,0.07058391
-0.02636553,-0.0419619,-0.12626056,0.0030353237,-0.027599793
0.035297215,0.02759745,0.06409554,0.0036481097,-0.00013910886
-0.04768246,-0.039089806,-0.061062247,-0.013525913,-0.10080367
0.09632993,0.117949456,0.12434794,0.16434759,0.069902934
-0.06615761,-0.04767881,-0.041320365,-0.025868053,-0.11555726
0.14024362,0.13239616,0.10851358,0.105484225,0.08274846
0.08866499,0.07623505,0.062952995,0.05411698,0.027828787
-0.01911977,0.060082234,0.112311706,0.094714016,0.017892279
0.02055978,0.008234974,0.111125976,-0.006866807,0.03039751
-0.019330844,0.036160626,0.015225286,-0.04354138,0.028466213
0.06351037,0.11187177,0.072954714,0.10659605,0.069425754
0.03451075,0.017095152,-0.0072756084,0.018523801,0.02373848
0.046805788,-0.009950552,-0.10631272,-0.004206489,0.049608167
-0.014026802,-0.021162413,-0.037265323,0.101925135,0.009817474
-0.0054792967,-0.095300876,-0.14391148,-0.027444739,-0.046766642
-0.012765216,-0.0048107523,-0.09590021,-0.043525964,-0.000872476
-0.10788332,-0.085201725,-0.2491791,-0.12882705,-0.12187852
0.07515675,0.058234412,-0.03717174,0.090102196,-0.011012759
-0.055619597,0.011079475,-0.14465857,-0.021317486,0.0062837414
0.04368542,0.018152267,-0.0558825,-0.054687843,-0.025923118
0.0478298,0.021483801,0.054100566,0.022587402,0.03022142
0.14075232,0.060171958,0.15457949,0.0726764,0.10097538
