Care,Fairness,Loyalty,Authority,Sanctity
Harm,Cheating,Betrayal,Subversion,Degradation
-0.08236926,0.016415859,-0.12640613,-0.116354376,-0.15128832
-0.039642397,0.09704306,-0.010881075,0.007658271,0.00029841904
-0.0694209,-0.00028324407,-0.084470935,-0.048528835,-0.16640286
-0.118660994,-0.0036442578,-0.097572416,-0.07043533,-0.13154706
-0.009474492,0.04927396,-0.07358049,-0.09704972,-0.10825698
0.0364274,-0.015308167,0.034644097,-0.072454184,-0.10906057
-0.10096567,0.011894472,-0.18263593,-0.14230901,-0.18952653
0.09060447,0.078299016,0.012679471,-0.0290387,0.006595779
-0.18928415,-0.061975382,-0.19566798,-0.17223486,-0.22250196
0.00651108,0.07152035,0.0065065026,0.025797594,-0.017488277
-0.0101330485,0.08476486,-0.060673594,-0.008727651,-0.006702207
-0.0039368877,0.10618274,0.02320101,-0.04173905,-0.016991008
-0.087581456,0.06055072,-0.06468153,-0.11956251,-0.13368942
0.030067958,0.05461606,-0.053335194,-0.028804582,0.019209001
-0.02855133,0.08099883,0.030184787,0.061480507,0.021326076
-0.022262886,-0.0127293095,-0.03271565,-0.013459215,-0.09072937
0.06897667,0.12392267,0.15697688,0.08435392,0.0758281
-0.08500047,0.030224124,-0.041461837,-0.041308068,-0.14585555
