Care,Fairness,Loyalty,Authority,Sanctity
Harm,Cheating,Betrayal,Subversion,Degradation
-0.11217743,0.064102836,-0.043851413,0.006005495,-0.088755846
-0.066039845,0.0042882944,0.026350524,0.01831433,0.003971938
0.0050214063,0.057870716,0.022893598,0.11478399,0.038689315
0.06301196,0.08640025,-0.009479406,0.005612148,0.025849352
-0.08663191,0.051381685,0.10413338,0.09713306,0.0624148
-0.062325634,-0.0726091,-0.06653478,-0.025384003,-0.09844497
-0.09381776,0.062848456,0.0395503,0.086499594,-0.030018069
-0.1387681,0.05288093,-0.05269765,-0.013813033,-0.15068913
0.07067691,0.0740977,0.08566103,0.047741104,-0.0031719767
-0.0019462747,0.06266542,-0.0684095,-0.03271477,-0.0024870178
0.004479382,0.042233907,0.031600352,-0.00863955,-0.06889951
-0.098746255,0.049776137,-0.0075638536,0.011287726,-0.123156436
-0.17758635,-0.013309318,-0.030452326,0.04714708,-0.065053634
0.01622741,0.0145920385,0.034054607,0.06565946,0.004069492
-0.13175249,0.08284688,-0.019589037,0.07620576,-0.06087786
-0.08177957,0.068815336,0.019138403,0.08056008,0.033488214
-0.02023961,0.07352029,0.015191558,0.07211861,-0.00474388
-0.09147538,0.04116331,-0.0027892007,0.077739626,-0.02555081
-0.017020788,0.047898497,0.012039273,0.015388565,-0.050278697
-0.17187339,0.023220297,-0.0022764304,-0.01479434,-0.14463823
-0.06846206,0.02714713,-0.026624966,0.044964638,-0.042337887
-0.024474457,-0.018978491,-0.07260308,-0.041733213,0.0077788513
0.037769474,0.06857547,0.1377999,0.12862417,0.07641935
-0.007847463,-0.07109074,-0.0553779,-0.04372015,-0.10357502
-0.08503168,0.023878463,-0.024270268,-0.020490367,-0.006495483
0.06570564,0.08286678,0.098618925,0.062056437,-0.001238605
-0.109648965,0.021540793,-0.064552225,-0.037314083,-0.1780374
-0.06608882,0.017551739,0.012132217,0.13090491,-0.055918355
