Care,Fairness,Loyalty,Authority,Sanctity
Harm,Cheating,Betrayal,Subversion,Degradation
-0.012639236,0.01898617,-0.12620041,-0.13309285,-0.038744196
0.09838648,0.07073547,0.002670168,-0.070122525,0.031146724
-0.18113035,-0.0055386955,-0.13914956,-0.14063708,-0.21343435
-0.08393891,0.023409558,-0.026307557,-0.03227421,-0.010740262
0.039805517,0.09810938,0.047033533,0.07869461,0.04008607
0.005596269,0.05977407,-0.099242225,-0.08799286,-0.08705561
0.054430418,0.08311107,0.058181047,0.090764955,-0.042622328
0.036600556,-0.09352951,-0.12908757,-0.073543504,-0.0031287596
0.0059732953,-0.06824098,-0.028053287,-0.053327665,-0.01775343
-0.042116188,-0.07306004,-0.19356315,-0.084353656,-0.07962018
0.032338906,-0.03487858,-0.05458845,-0.047693998,-0.027139924
0.04864291,0.020425474,-0.0035421709,-0.036923688,0.0010984987
-0.010889501,-0.062501565,-0.001788809,-0.0450477,-0.0039965515
0.08823955,0.18969637,0.08259276,-0.026479091,0.0020612814
-0.018525135,-0.092289194,-0.21661136,-0.22428772,0.0031608976
-0.0004399363,-0.10916771,-0.13808408,-0.12115455,-0.10059735
0.05032602,0.06858809,0.090918615,0.003143859,0.044779435
0.055894334,-0.118595324,-0.1743922,-0.1304055,0.074027225
-0.03323454,-0.02227753,-0.06233918,-0.014598301,0.06731466
-0.05445017,0.05134221,0.012536941,0.034782037,-0.05802796
-0.2610543,-0.012194719,-0.089653134,-0.10303666,-0.20773779
0.025983196,0.0339913,0.10319671,-0.02848586,-0.070538074
0.0489479,0.12619334,-0.029242024,-0.015459498,-0.057436872
0.019683287,0.118924275,-0.0047370456,-0.01816002,-0.008401874
0.031243697,-0.057027984,-0.1007249,-0.023095965,0.028718665
0.015096055,-0.045743033,-0.14892967,-0.045337506,-0.10157935
0.021045646,0.026830997,-0.032065243,-0.033297624,-0.020491343
-0.08400292,-0.07517827,-0.20585552,-0.09853295,-0.1667519
