Care,Fairness,Loyalty,Authority,Sanctity
Harm,Cheating,Betrayal,Subversion,Degradation
0.033800416,0.051692594,-0.02869578,-0.011836487,-0.13146405
0.07620987,0.06812008,0.028437914,-0.0018720757,0.041065797
-0.033598207,0.060879424,3.910344e-05,-0.0229631,0.0010122648
0.082360506,0.036735468,-0.0664251,-0.015479302,-0.058115344
0.08267018,0.06621938,0.015351945,0.110524446,0.07944065
0.026114326,0.037260074,-0.031964466,0.00798968,0.03895817
0.134866,-0.021324953,-0.012447837,0.011822075,-0.03320207
0.092095956,0.042859234,0.036235105,-0.009620647,-0.029299553
0.11885757,-0.0065948684,0.0016989084,-0.042998925,0.11048018
0.14234741,0.07629548,0.06446476,0.101611346,0.037573133
0.09750405,-0.0032292418,0.026687633,0.08954033,0.07296328
0.124386564,0.076844275,0.023973618,0.10252534,0.013587894
0.03209163,0.068761006,0.029815027,0.01008298,0.11161048
0.12105262,0.10349739,0.13961487,0.19402318,0.13336535
-0.0023030508,-0.0041015362,-0.039248843,-0.014381458,-0.13316245
0.093764536,0.01111559,-0.04712627,0.008383624,-0.11920242
0.02964656,0.008345155,-0.098375075,-0.13117933,-0.11899987
0.06887769,0.04276024,0.011741878,0.008352114,0.008554257
0.07778908,0.07369298,-0.007503962,-0.032568388,-0.0923556
0.0763537,0.05921036,0.0061163865,-0.05576118,-0.031873144
-0.050529227,0.012459611,-0.16380613,-0.14867035,-0.20611832
0.10623716,-0.014108304,0.044675626,0.057960436,0.008686504
0.11152143,0.11417591,0.050015904,0.09253622,-0.06645531
-0.06558948,-0.14927188,-0.19864047,-0.14573817,-0.18197387
0.01315059,-0.064312175,-0.020898774,-0.06989821,-0.19057214
0.15100065,0.079864964,0.14990348,0.011933526,0.09304041
-0.017050218,-0.112797804,-0.09331505,-0.07388007,-0.18850239
0.08702098,-0.07061419,-0.02864851,-0.017886596,-0.040790793
0.07969172,0.0168137,0.034445293,0.026885381,0.09736709
0.12534934,0.1016683,0.009792424,-0.020611929,-0.006598063
0.17439812,0.088603236,0.022812173,0.055548586,0.08420104
0.11219609,0.05999992,0.039077535,0.03269708,0.09450748
0.2539338,0.10918854,0.08101486,-0.038754154,0.03357615
-0.053649694,0.0029572751,-0.12806898,-0.040778786,-0.062914506
0.00027862005,-0.053817283,-0.025330244,-0.07701822,-0.23024522
0.101115346,-0.04809952,0.039454646,-0.13236529,-0.1410306
0.0930989,-0.08688078,-0.053736888,-0.122620665,-0.14495403
0.101009175,-0.020028723,0.018605221,0.05725041,0.07068431
0.14708218,0.06730332,0.20735413,0.07325342,0.16707338
