Care,Fairness,Loyalty,Authority,Sanctity
Harm,Cheating,Betrayal,Subversion,Degradation
-0.012307539,0.021609526,0.0040232786,0.029353337,-0.11938356
0.039156143,0.09424057,0.031052075,0.0597021,0.086637385
0.04734174,-0.016304083,0.012001472,0.024468826,0.010945903
0.009294473,0.03954128,0.0161307,0.045079608,0.030814992
-0.08971555,-0.09176922,-0.09226242,-0.086758204,-0.11596211
0.017935023,0.07338155,0.040766157,-0.054418296,-0.0016363487
0.04538668,0.12444971,0.0577892,0.1371441,0.05874028
-0.015256408,0.0034075496,-0.045146815,-0.070151195,-0.1681509
-0.0072467583,0.0531562,-0.04383749,-0.04312379,-0.0864108
0.020090703,0.13308658,0.1476109,0.10621059,0.15115139
0.0055158325,0.014054053,-0.06293502,0.0023406614,-0.06714004
-0.05575862,0.058542788,-0.024436895,-0.018154668,-0.12052796
-0.032754377,0.05963758,0.01337973,-0.048319355,-0.07202175
-0.004502259,0.0060970597,0.016735107,0.03155019,-0.06553416
-0.05425501,-0.106906764,-0.08391605,-0.10649689,-0.13150598
0.020368613,0.10029706,0.0047819875,0.08552222,-0.020227322
0.0118919,0.11037518,0.11282212,0.048858017,0.03125695
0.025854122,-0.071042046,-0.03186885,0.03269434,-0.05221655
0.043799967,0.10474132,0.07867866,-0.046137128,-0.049940065
-0.07823021,0.0066626165,-0.062514395,-0.04438893,-0.08134582
0.025854122,-0.071042046,-0.03186885,0.03269434,-0.05221655
-0.06891298,-0.02673174,-0.03603854,-0.0935138,-0.06326622
-0.043962885,-0.03515629,-0.044932604,-0.007520483,0.022769306
-0.02440583,-0.10988414,-0.057129867,-0.062014207,-0.030476492
-0.09918833,-0.029642105,-0.09236057,-0.08993614,-0.18097332
0.04474987,0.08339192,0.1523391,0.11487064,0.11462365
