Care,Fairness,Loyalty,Authority,Sanctity
Harm,Cheating,Betrayal,Subversion,Degradation
-0.05841776,0.112470016,0.011613055,0.037370585,-0.02678923
0.016786868,0.067387804,0.084115855,0.042466894,-0.021598367
-0.0034129368,0.054097496,0.034003787,0.04872083,-0.023167871
-0.08333994,0.05851925,-0.06070287,0.01975982,-0.042952605
0.003583259,0.058706645,-0.030668033,-0.027408646,-0.009600277
-0.050891317,0.051217496,-0.02951195,-0.08567587,-0.094761014
-0.07745865,0.065517865,0.011196902,-0.005412359,-0.02007319
-0.050906315,0.02422873,-0.1244342,-0.07603356,0.014542403
0.007806612,-0.01738798,0.008970268,0.027441537,0.017128643
0.062631555,0.058830105,0.052584335,-0.0991085,-0.034992307
0.07775916,0.09785825,0.06559631,0.021778649,0.018248945
-0.012093428,0.11424251,-0.045801505,0.014034165,-0.015209465
-0.03661759,0.03120083,-0.039604485,0.100466855,-0.040106058
-0.009698535,-0.0025464855,-0.0070418287,0.07460041,-0.06189554
-0.020099837,0.094493374,-0.024840366,0.056706514,0.02826408
0.05994843,0.12647918,0.088399306,0.0390528,0.029434351
-0.07232881,0.06999326,0.083953306,0.08811836,-0.04960464
-0.060996488,0.010800537,-0.005725853,-0.043679312,0.022287618
-0.009698535,-0.0025464855,-0.0070418287,0.07460041,-0.06189554
-0.12975459,0.013008704,-0.02011957,-0.061040245,-0.04244659
-0.006171762,-0.02932193,-0.045168974,0.0422003,-0.15013322
-0.0030069705,0.029177248,-0.08764432,-0.0037081195,-0.068952456
-0.07481752,-0.014462223,-0.09456295,-0.036850594,-0.12428625
-0.05855767,0.16369748,0.030657237,0.11853804,-0.012237372
-0.08571976,0.030942969,-0.07292453,-0.02550587,-0.107344024
