Care,Fairness,Loyalty,Authority,Sanctity
Harm,Cheating,Betrayal,Subversion,Degradation
0.00932209,-0.032978117,-0.094830655,-0.085463785,-0.065877885
-0.0136754885,0.1025417,0.03286603,0.14732131,2.783537e-05
-0.121302485,0.007283587,-0.08583157,-0.07255674,-0.11869481
-0.02121795,0.06465289,0.02915715,0.099743485,-0.013276301
0.008654894,0.04832884,0.08221428,-0.014298288,-0.024041317
0.03552448,0.066174604,0.0626091,0.053370908,0.063222915
-0.09678478,-0.17409167,-0.1715027,-0.13716905,-0.16579892
-0.011652453,0.03279692,0.08564763,0.11804268,0.0732943
-0.030651275,0.08789188,0.06690383,0.10301309,0.04849805
-0.05337612,0.06209115,0.026523054,0.10434628,0.037612803
-0.05522408,-0.047823384,-0.01356402,0.0038162284,-0.08124691
0.0808498,0.075311184,0.113086626,0.16121355,0.091290385
0.056464005,0.07611023,0.13059118,0.101309925,-0.019616447
-0.024648976,0.0138614625,0.12699468,0.1045862,-0.035503976
0.0431612,0.09627648,0.050678194,0.0049786605,0.0018619355
-0.10249229,-0.0810729,-0.09580734,-0.026773175,-0.1270832
0.045149207,0.026138324,0.085027546,0.05375743,-0.019016333
0.06319183,0.058536664,-0.05924024,-0.028835813,0.05094412
