Care,Fairness,Loyalty,Authority,Sanctity
Harm,Cheating,Betrayal,Subversion,Degradation
0.07166411,0.071254216,-0.0122112855,0.038540848,0.046004757
0.13502717,0.094441816,0.11651434,0.06008284,0.069037296
0.022276746,-0.011955177,0.083676055,-0.010796741,0.045113947
0.042791523,0.08327272,-0.00489188,0.04189435,0.030128013
0.019397141,0.023821445,-0.021920802,0.03714825,-0.031302735
-0.04214883,0.0007243743,-0.037269548,0.034456555,0.013437569
-0.09406825,-0.089049354,-0.12290606,-0.04782749,-0.027243327
0.06600819,-0.012602271,-0.04702014,-0.084431045,-0.036399648
0.03459422,0.096316844,0.0137421135,0.0291576,-0.0019073635
0.0027129157,0.030239679,-0.025274223,-0.03692207,-0.06067102
0.084062606,0.121065065,0.13868262,0.16962902,0.06817479
0.09376252,0.136255,0.13601524,0.1139075,0.019170154
0.11020737,0.13353398,0.11434665,0.08840136,0.038224112
0.05698347,0.023470737,0.080807306,0.110645056,0.076152086
0.031472832,0.013992351,0.09720921,0.073696285,0.02182802
0.014949268,0.10450879,-0.016484901,0.039507277,0.06526123
-0.07647462,0.060297057,-0.042517014,0.071918525,0.06623835
