Care,Fairness,Loyalty,Authority,Sanctity
Harm,Cheating,Betrayal,Subversion,Degradation
0.022991654,0.018048164,0.0010665744,0.010314334,0.014619559
-0.033283383,0.051504783,0.0031217597,0.0074310116,-0.021032132
-0.0016631456,-0.0824815,-0.07219504,-0.024564572,-0.0564723
-0.019262442,0.0014787503,-0.049187686,-0.020165762,-0.05100338
-0.010835163,0.027539793,0.0765726,0.0497005,0.024274975
0.043435432,0.05841232,0.0592023,-0.015519224,0.017345373
-0.028676571,0.024726719,0.06865689,-0.041109756,-0.01936403
-0.059579432,0.020651305,0.07365575,-0.015559182,-0.06603051
0.0471225,0.056201,0.023967613,-0.030199736,0.012888107
-0.005331712,-0.011784074,-0.0043121595,-0.086048424,-0.09722377
-0.13887618,-0.08041992,0.0027268426,-0.005238085,0.09350841
0.032537315,-0.013721544,0.046416443,0.02958199,0.01967154
0.07507394,0.016548008,0.059764627,-0.06453114,0.03156967
-0.11572623,-0.038603578,0.064814255,-0.0077498117,-0.04754217
-0.05418168,0.00784928,0.01282005,-0.04869306,-0.15575935
-0.008287155,0.04382739,0.05390376,0.051192723,-0.001492247
0.0059008133,0.0447284,0.03775415,0.0064593516,-0.0399241
0.021189943,-0.051638693,-0.005496178,-0.040863026,-0.096214525
-0.002985999,-0.07084757,-0.039854273,-0.025831096,-0.073369116
0.087090015,0.031573597,-0.033704676,0.115334034,0.0053075496
0.09740593,0.08908048,0.077016436,0.020836463,0.10325755
