Care,Fairness,Loyalty,Authority,Sanctity
Harm,Cheating,Betrayal,Subversion,Degradation
-0.057880644,0.0033290219,-0.013873747,0.04360023,-0.08357075
-0.027885128,-0.046601184,-0.03590016,-0.048901614,-0.07548884
0.07640647,0.06776269,0.036638614,0.01031794,-0.03956505
0.062042803,0.0039289594,0.061978184,-0.009575183,0.0647196
0.12441778,0.09672257,0.02526314,0.031486746,0.06341103
0.09055875,0.08092176,0.09098768,0.124803215,0.09773481
-0.05046503,-0.07511939,0.039305378,0.005450433,0.07284246
-0.08732552,-0.07723707,-0.11915139,-0.16600707,-0.19194041
-0.021873461,-0.013270656,0.03057492,-0.013556676,-0.09116496
-0.038213164,0.033932585,0.01519155,-0.06009507,0.04255983
-0.1258543,-0.057572987,-0.20647046,-0.14586827,-0.028248034
-0.071613476,0.0069801584,-0.02740437,-0.11421971,-0.06715437
-0.046713784,0.022876859,0.00890518,0.044382766,-0.023358958
-0.11116974,-0.07972346,-0.10690245,-0.1572736,-0.15769586
-0.036652736,0.024096124,0.0015321001,-0.06778301,-0.10142176
0.106972806,0.040197376,0.1423095,0.08743705,0.02461255
-0.06768425,-0.007888811,-0.14937906,-0.06273417,-0.117653966
-0.11497991,-0.027597148,-0.103783876,-0.044235677,-0.13258052
-0.04753589,0.0143783055,0.042593583,-0.043469466,-0.05298573
0.040409133,0.029558338,0.0072360784,-0.024774661,-0.03435562
