Care,Fairness,Loyalty,Authority,Sanctity
Harm,Cheating,Betrayal,Subversion,Degradation
-0.025071947,0.060933672,-0.020841444,-0.12102027,0.063526854
-0.018126119,0.08753572,-0.017308753,-0.07718027,0.0003236793
-0.16327342,0.0154541135,-0.14354265,-0.1513258,-0.050637733
-0.042776637,0.07898878,0.012579696,0.0101487,0.050157063
0.01991627,0.1300476,0.021292634,-0.062066216,0.045462377
0.038652338,0.064384304,0.010923183,-0.08196532,0.010149121
-0.15046528,0.00124487,-0.08627975,-0.06173914,-0.074395955
0.0023854692,0.09514865,0.043646112,-0.079858735,0.061062384
-0.029149465,-0.010054246,-0.1142589,-0.055382892,-0.087721795
-0.012752408,-0.19158766,-0.2494364,-0.23831531,-0.06864057
-0.011842115,-0.071661,-0.10680322,-0.04596865,-0.05232804
-0.0016909279,-0.08142423,-0.11776857,-0.119801655,-0.06548086
-0.011448406,0.03325584,-0.099216394,-0.061524093,-0.026860483
0.035254404,0.026951548,0.087495424,0.07131198,0.010807391
0.09464358,-0.013696615,0.010630434,-0.0012041889,-0.026092688
0.039503664,0.044258595,0.026333567,0.0016965233,-0.006694969
0.08834231,-0.0034543965,0.10656813,0.0079100095,0.023210313
0.036363065,0.0006783623,-0.0124387015,-0.02598751,0.053978223
0.1147037,0.05578417,0.083505705,0.0738285,0.05768035
0.01760324,-0.038251296,-0.014927833,-0.016925784,-0.07199433
0.0728645,-0.050521854,-0.06317043,-0.038438573,-0.0856228
0.01238776,-0.01555424,0.029695768,0.041997023,0.034588456
0.0071244426,0.004928099,-0.059719376,-0.049765594,-0.025565512
-0.009703389,-0.0703194,-0.07694067,-0.14470187,-0.0851922
0.022006437,-0.020206282,0.008877294,-0.08501316,-0.09288198
0.07772655,0.052752115,0.03606368,-0.005141439,-0.03728665
-0.0057945587,-0.025153663,-0.026732512,-0.08251046,-0.06990334
0.055608477,0.018820165,-0.011222383,-0.0517872,-0.12865981
0.054803688,0.027029727,0.047666237,-0.015072394,-0.11717096
0.0050523737,0.10789119,0.031109469,0.0006209053,-0.032376435
0.029621072,0.12158306,0.08823035,-5.869288e-05,-0.017081881
0.0035489537,0.04514566,-0.010514729,-0.09787589,-0.109717116
-0.0037380904,0.08394611,0.00096723624,-0.092621505,-0.04027941
