Care,Fairness,Loyalty,Authority,Sanctity
Harm,Cheating,Betrayal,Subversion,Degradation
0.0025474709,0.047365036,-0.008884191,0.0035172012,-0.0071983635
0.010207003,-0.01703531,-0.11370352,-0.03788177,-0.045451514
-0.0053102337,-0.01044859,0.0073714703,0.00949285,0.025914703
0.01976165,0.05104909,0.0968931,0.09914732,0.11986257
0.033211634,0.12484893,0.123299666,0.028160827,0.08676081
-0.0129801,0.1430277,0.07653193,0.044289798,0.0066504627
-0.010515958,0.04604473,0.061568715,0.0633187,0.006208949
0.07468662,-0.009694412,0.0759623,0.07138584,0.06579999
-0.08393397,-0.044047125,-0.022590868,0.0495005,-0.03982441
-0.12539877,0.022455934,-0.04165648,0.042451557,-0.017554948
-0.07319684,0.052879732,-0.07511487,-0.10535599,0.06536169
0.13639222,0.044022694,0.06021227,0.03835094,0.054099523
0.06705062,0.15130028,0.047875497,0.025715945,0.036021248
0.02432369,0.03191775,0.015726585,-0.041343026,-0.01961749
0.041888356,0.06332168,0.04699569,0.10189788,0.0019171089
-0.01910279,0.028378634,0.024867207,0.015624208,0.08349099
0.050851535,0.035566792,0.07071649,0.11623456,0.18694189
0.13312438,-0.001032386,0.017661422,-0.078564346,0.039667815
0.02363148,-0.03790993,0.02584389,-0.029781234,0.014468443
0.135344,0.038914014,0.028056111,-0.08664749,0.02966411
0.006596851,-0.0035769083,-0.0025674533,-0.053992715,0.031951685
-0.06512402,-0.02582175,-0.075221375,-0.000212254,0.009129574
0.014470585,0.048767038,0.036253795,0.08641446,0.018167257
-0.09506992,-0.032744724,-0.09833353,0.025400143,0.029916193
-0.10365085,0.021895569,0.017915526,-0.014033592,-0.012714719
-0.06480366,-0.030062586,-0.040901687,-0.0068053324,0.0031200852
-0.040035535,0.056219243,0.055586874,-0.01744804,0.019661877
-0.0968065,0.013309535,-0.09277819,0.0006711781,-0.03427416
0.054496866,-0.0123816095,-0.09072347,-0.045393944,0.009707642
-0.082913674,0.023264144,-0.083376236,-0.06834991,-0.06389539
-0.07353118,0.009531181,-0.029060155,-0.04399383,-0.13496026
-0.06011096,0.05516588,0.018205248,-0.006386619,0.005746655
0.02439554,0.071191594,0.08684608,-0.025873976,0.0058656633
0.03967948,0.03737559,0.011732019,0.0090273805,0.04966975
