Care,Fairness,Loyalty,Authority,Sanctity
Harm,Cheating,Betrayal,Subversion,Degradation
-0.02829003,0.023358118,-0.078538716,-0.068947725,-0.11698113
-0.06119121,-0.025359731,-0.049756177,-0.06582058,-0.1123846
0.018522542,0.039947048,0.008101109,-0.051200107,-0.039799027
0.02246188,0.058352813,0.024010718,-0.06300075,-0.027953941
0.05616442,-0.035401553,0.0001382716,-0.103055045,0.0297381
0.045704514,-0.005608679,0.058891304,-0.09515395,-0.046066437
0.0701371,0.09768199,0.040481836,-0.036248296,0.029046966
0.017705787,0.043746717,0.04078314,-0.090065986,0.016784932
-0.03602153,0.038235724,0.016599784,-0.012318799,0.037324004
0.006851241,0.05241369,-0.023885403,-0.09917742,-0.06238655
0.020357573,0.07388681,0.07012418,-0.0043449234,0.09761366
0.04173411,0.06905124,0.0094184475,-0.010545513,0.081170164
0.024536403,-0.06667126,-0.08236944,-0.11700469,-0.06580953
-0.061986167,-0.052151978,-0.05393501,-0.08633771,-0.008518197
-0.047169082,-0.09359475,-0.08719226,-0.032259606,-0.16030765
-0.050083924,-0.0332429,-0.122662365,-0.13898885,-0.08953522
0.018280663,0.059345536,-0.020171879,-0.1253691,-0.001586739
-0.06560558,0.027806167,-0.0119565055,-0.10490766,-0.06463167
0.009979732,0.070566446,-0.027251959,-0.06686386,0.04435538
0.042390347,0.1925453,-0.009460175,0.0075694434,-0.011198945
0.12783653,0.1024182,0.08455198,0.0008098413,0.071601644
0.058962718,0.015153795,-0.049133938,-0.10087477,-0.011987496
0.017223958,0.040755615,0.010529633,-0.048928045,-0.07921333
0.020813644,0.12049965,0.020846698,0.012232706,-0.026701685
