Care,Fairness,Loyalty,Authority,Sanctity
Harm,Cheating,Betrayal,Subversion,Degradation
-0.010823427,0.10396864,0.00065401103,0.079020046,0.031978983
0.025594063,-0.017025536,-0.016402569,-0.028600264,-0.046294235
0.06852224,0.07188044,0.09794201,0.051290467,0.11451615
0.034797423,0.08188379,0.017479794,-0.009367447,0.053383596
0.12487984,0.08046143,0.050316934,0.078223124,0.062441293
-0.038915843,0.072278365,0.031435292,0.053672757,0.08574122
0.06132275,0.1316782,0.013683677,0.089819595,-0.04655603
0.088648506,0.08732072,-0.04589885,0.0181588,0.020586327
0.04447803,0.12282976,0.015394686,0.012533957,0.04793559
-0.03542726,0.07337125,-0.037577048,-0.04101547,-0.07237938
0.008862342,0.0997612,0.1645858,0.037019,-0.01642908
-0.0029890062,-0.0033630729,-0.008715422,0.048430637,0.037437815
0.019616798,0.05885747,0.029393233,-0.017261133,0.015332258
-0.043105718,0.09137228,0.05437216,0.06009753,0.017271427
0.0049742805,0.099532045,0.096909724,-0.0010745972,-0.04898747
-0.011702551,0.10921025,0.08220422,0.036810506,0.013768509
-0.03770104,-0.032582805,-0.077933855,-0.038980417,-0.2212444
-0.05827113,0.10552053,0.072469205,-0.018069524,0.013363241
0.0050067385,0.119402245,0.053400062,0.016674347,-0.06035582
0.00973548,0.082873955,0.07826716,0.06357834,-0.014462031
0.019399967,0.006702289,0.03728769,0.054541864,0.12607563
0.04545803,0.077319294,-0.0016146479,0.061950315,0.034901235
-0.054621696,0.12061793,0.02876487,-0.016736023,0.021443233
-0.09819536,0.03647129,-0.12704365,-0.097779065,-0.050696004
-0.13712296,-0.11983168,-0.12633467,-0.15312164,-0.14536652
-0.026712988,-0.09196165,-0.07678662,-0.033237293,-0.0472635
