Care,Fairness,Loyalty,Authority,Sanctity
Harm,Cheating,Betrayal,Subversion,Degradation
0.055125326,0.050375547,0.014716325,-0.018011231,-0.05920484
0.05245343,0.010224432,-0.121780366,-0.045908332,-0.026026122
-0.04119212,-0.0043495223,-0.1474165,-0.13015193,-0.07972432
0.050084803,0.019540695,0.011454151,0.012096163,0.029024415
0.0974395,0.03155597,-0.022930944,0.15212347,0.0387265
0.0074547776,-0.033620827,-0.18260723,-0.054407503,-0.0090425685
0.07172578,0.04577017,-0.04743766,0.0066095246,-0.0702333
0.08642115,0.014499225,0.07408453,-0.022197396,-0.11028969
0.03194389,-0.065518625,-0.09081596,-0.010939879,-0.076575585
0.12553093,0.10724721,0.0113022495,0.13818732,0.09950323
0.06779695,0.079695046,0.04494875,0.078242324,0.021029722
0.042699724,0.092725694,-0.11397404,-0.050441813,0.0411214
0.17156924,0.08778112,0.11902713,0.121197,0.07088182
0.07348456,0.08363244,0.041304283,0.034011476,0.017976366
0.008290948,-0.012825567,-0.08512178,0.030930698,-0.06804304
0.004175922,-0.01878765,-0.007720527,-0.030153114,-0.12024774
0.014611446,-0.02049967,0.006729734,-0.059538264,-0.07693633
0.0028265845,0.021738727,-0.045702673,-0.028999846,-0.021896891
0.11135289,0.08338823,0.059150226,0.04073025,-0.05584055
0.13561426,0.06748213,-0.048995532,-0.08139744,-0.16869184
0.14186752,0.06341585,0.0559935,0.02543741,0.036838308
0.08041598,0.09549885,0.11228609,0.106642716,0.09428505
0.03045771,0.09759012,-0.047559768,0.09850526,0.058626555
0.13482055,0.22172116,0.28833717,0.10953985,0.2545802
0.11911172,-0.039344788,0.13241102,0.036362898,0.083671436
-0.04584343,-0.041510127,-0.074645355,-0.10581897,-0.086486675
0.14872363,0.065646745,0.05557923,0.03892386,-0.040070783
0.1474237,0.079425395,0.1752394,-0.017833479,0.1317398
0.00025445968,0.061270867,0.017628249,0.005859405,0.056882117
0.0959543,0.09266174,0.14466386,0.0974569,0.20252618
