Economic,Capacity,Morality,Fairness,Legality,Policy,Crime,Security,Health,Quality,Cultural,Public,Political,External
0.7493918538093567,0.48813551664352417,0.3835083544254303,0.24075043201446533,0.3334241807460785,0.1277790665626526,0.15427909791469574,0.6410987377166748,0.07243205606937408,0.5639494061470032,0.5286149978637695,0.9433982372283936,0.8726167678833008,0.08597391098737717
0.660203218460083,0.5307796001434326,0.48271840810775757,0.26160871982574463,0.39979708194732666,0.1527566909790039,0.36632245779037476,0.24580486118793488,0.2880594730377197,0.5554371476173401,0.297145813703537,0.7080326676368713,0.5578084588050842,0.10890429466962814
0.9175885319709778,0.963466465473175,0.21621499955654144,0.06568463146686554,0.10263238102197647,0.36610156297683716,0.130645751953125,0.9703670144081116,0.003692168276757002,0.6059456467628479,0.10418476909399033,0.36536458134651184,0.09024740755558014,0.00944951456040144
0.1715242564678192,0.18014533817768097,0.042458534240722656,0.09176750481128693,0.08554235100746155,0.041676826775074005,0.008773772045969963,0.17565760016441345,0.022510956972837448,0.053120605647563934,0.05521578714251518,0.36631157994270325,0.2684749960899353,0.009218956343829632
0.15424905717372894,0.152413472533226,0.030625399202108383,0.012704934924840927,0.025051072239875793,0.026441534981131554,0.00763555895537138,0.20279113948345184,0.004495701752603054,0.049023982137441635,0.033728837966918945,0.02443653717637062,0.09000667184591293,0.012346073985099792
0.032497089356184006,0.009419023059308529,0.007435666397213936,0.0008504476863890886,0.004207555204629898,0.013140933588147163,0.001184410764835775,0.008587706834077835,0.0001276484690606594,0.011790791526436806,0.004204787779599428,0.030149271711707115,0.013545828871428967,0.0015671368455514312
0.685867965221405,0.6300548315048218,0.46150439977645874,0.6452368497848511,0.470600962638855,0.6197671294212341,0.3256918489933014,0.5942410826683044,0.2941085398197174,0.6129443049430847,0.30761778354644775,0.7287667989730835,0.606437087059021,0.090690478682518
