Economic,Capacity,Morality,Fairness,Legality,Policy,Crime,Security,Health,Quality,Cultural,Public,Political,External
0.9703636765480042,0.849020779132843,0.46162620186805725,0.45740583539009094,0.8345035910606384,0.797971785068512,0.4064195156097412,0.7819045186042786,0.016400489956140518,0.7421655654907227,0.4243144989013672,0.9597508907318115,0.9797493815422058,0.6858992576599121
0.4546639621257782,0.4423365890979767,0.04032213240861893,0.08249031752347946,0.14672963321208954,0.2501429319381714,0.050778068602085114,0.1536533534526825,0.003190438263118267,0.17107070982456207,0.04480081424117088,0.3873443305492401,0.375123530626297,0.34627118706703186
0.7772272229194641,0.611465573310852,0.007601660210639238,0.08437275886535645,0.01211501844227314,0.061589475721120834,0.005195466801524162,0.03717070817947388,0.0010224671568721533,0.12477137893438339,0.06872137635946274,0.4135800898075104,0.2981550991535187,0.011851383373141289
0.8095943927764893,0.5699508786201477,0.08448630571365356,0.5180397629737854,0.24786578118801117,0.16296930611133575,0.2356715202331543,0.48287615180015564,0.22614221274852753,0.6677929162979126,0.18851220607757568,0.7646753787994385,0.21870125830173492,0.03180137649178505
0.5496524572372437,0.6347047686576843,0.058761920779943466,0.08185373991727829,0.19381359219551086,0.1642582267522812,0.03506600484251976,0.38393765687942505,0.0015675075119361281,0.3685685694217682,0.0637434795498848,0.6438965201377869,0.6642733812332153,0.37731024622917175
0.6849274039268494,0.46222448348999023,0.2471916526556015,0.559158980846405,0.3915780484676361,0.2790784239768982,0.19914217293262482,0.672834575176239,0.2036333531141281,0.4080960750579834,0.27246201038360596,0.5592805743217468,0.6737766861915588,0.26446035504341125
0.7083733677864075,0.5269317030906677,0.07996737211942673,0.20636728405952454,0.04575852304697037,0.5224505662918091,0.007880300283432007,0.19339631497859955,0.003280787030234933,0.13429710268974304,0.08864320069551468,0.31432637572288513,0.2705836892127991,0.09374894946813583
