Economic,Capacity,Morality,Fairness,Legality,Policy,Crime,Security,Health,Quality,Cultural,Public,Political,External
0.9512909054756165,0.8513702154159546,0.2111511528491974,0.3996976613998413,0.7507883906364441,0.8476383090019226,0.7782527208328247,0.7713308930397034,0.07234523445367813,0.790382981300354,0.2894290089607239,0.9721082448959351,0.9834288358688354,0.061610110104084015
0.10698064416646957,0.27061524987220764,0.011354591697454453,0.03248952329158783,0.11939054727554321,0.65719074010849,0.010282202623784542,0.019400639459490776,0.0009861320722848177,0.09426342695951462,0.11479242146015167,0.5232827663421631,0.853822648525238,0.00551443500444293
0.719038724899292,0.8402597904205322,0.2926323413848877,0.5030565857887268,0.7800459861755371,0.7854769229888916,0.3884073495864868,0.8528442978858948,0.15670712292194366,0.7616046667098999,0.3862319886684418,0.8799945712089539,0.8770272135734558,0.055856429040431976
0.6690982580184937,0.5501394867897034,0.5870110988616943,0.4348132312297821,0.7309280633926392,0.5819729566574097,0.8778419494628906,0.6732571721076965,0.1980651468038559,0.5920277833938599,0.5896201133728027,0.9221797585487366,0.8771333694458008,0.05745449662208557
0.8613420128822327,0.7697827816009521,0.16596540808677673,0.16607606410980225,0.5037208795547485,0.4622325003147125,0.11073314398527145,0.603164553642273,0.014206767082214355,0.6601561903953552,0.21912313997745514,0.8407788872718811,0.8933073878288269,0.051781993359327316
0.9603002071380615,0.7558243274688721,0.05482078716158867,0.10758738219738007,0.2851141095161438,0.53559809923172,0.01666375994682312,0.49816474318504333,0.0026374058797955513,0.5693411827087402,0.0770656168460846,0.42657729983329773,0.5989381670951843,0.006115570664405823
0.5859794020652771,0.5887383222579956,0.1187094897031784,0.2624543607234955,0.39106425642967224,0.5129912495613098,0.013494857586920261,0.5419241189956665,0.0012078621657565236,0.3230871856212616,0.292229562997818,0.8960260152816772,0.6674493551254272,0.05370141938328743
0.6283987760543823,0.7662647366523743,0.20938003063201904,0.475472629070282,0.5486231446266174,0.7603676915168762,0.22743919491767883,0.8353748917579651,0.06944296509027481,0.5584860444068909,0.17712628841400146,0.7208957076072693,0.9155018329620361,0.011368872597813606
