Care,Fairness,Loyalty,Authority,Sanctity
Harm,Cheating,Betrayal,Subversion,Degradation
0.03252744,-0.031641394,0.062091053,-0.03969841,-0.027150603
0.01496855,0.06647529,0.07611035,0.07985666,-0.026566159
0.06241127,0.08841355,0.07683541,0.021861624,-0.025871765
0.13730177,0.16957092,0.24200407,0.01652469,0.0941104
0.038191885,0.030870698,0.043653995,0.008674109,-0.04108244
-0.024333537,-0.04140768,-0.013159204,-0.04519276,-0.17076214
0.009686712,0.047189653,0.059998862,0.059987366,-0.03870385
-0.08735931,0.009794865,0.002083145,-0.06416693,-0.09148823
0.079875484,0.021256726,0.13144279,-0.013946976,0.015727598
-0.057456426,-0.03055866,-0.04757718,0.049263015,-0.074428424
0.070301816,0.15836915,0.19937968,0.024665724,0.052907944
-0.0062905457,0.060988538,0.08920944,-0.050914668,-0.069413915
-0.09707227,-0.010694753,0.014193434,-0.13965097,-0.091192365
-0.05631639,0.07638154,0.023487046,0.0041551217,-0.081493706
0.10022734,0.06944946,0.18548127,0.07555687,0.0086706765
-0.05517316,0.026664814,-0.009387948,-0.14761955,-0.118648544
0.036839653,0.047857415,0.10333781,0.015637329,-0.01867921
0.0077660605,0.056234773,0.09128333,-0.07042686,0.059853964
