Care,Fairness,Loyalty,Authority,Sanctity
Harm,Cheating,Betrayal,Subversion,Degradation
0.00014450401,-0.044257,-0.053246215,-0.011912327,0.031034086
0.05588956,0.11919818,0.046052255,0.056545198,0.040089704
0.107975736,0.09641646,0.020294372,-0.054939605,0.032121107
0.0008625435,-0.014234036,0.024245765,0.046405714,0.032989625
-0.024567695,-0.10910964,-0.20287642,-0.15709272,-0.1705291
0.007928719,0.08657781,0.082612306,0.06665594,0.059058145
0.010853377,0.0951726,0.09203336,0.07367181,-0.0043719597
-0.02898684,0.058051623,-0.029265435,0.012981104,-0.059089154
0.009485539,-0.030635241,-0.047967535,-0.044295587,0.024652168
0.0068967827,-0.0142476745,-0.09329123,-0.06724921,-0.0685462
0.047485627,-0.04421054,0.020791039,-0.017219752,0.007924549
0.026676003,0.074380696,0.09932272,0.008301351,0.07029118
0.022642508,0.020962346,0.076142214,-0.092228785,0.03233102
0.0066095125,-0.018985005,-0.04086809,-0.1410951,-0.07839854
-0.09967671,-0.020265007,-0.08029331,-0.09541454,-0.029936397
-0.046129577,-0.0058895163,-0.10404333,-0.06568519,-0.024137521
0.055120762,0.04046538,0.048564184,0.020338822,0.059861347
-0.05860904,0.01739558,-0.012412096,-0.0040024156,-0.033969883
