Care,Fairness,Loyalty,Authority,Sanctity
Harm,Cheating,Betrayal,Subversion,Degradation
-0.045598805,-0.00026213005,-0.039270476,0.009464603,-0.06191165
0.010442076,0.02409841,-0.085372314,-0.033962578,-0.0027038045
0.018523183,0.04809811,-0.001335293,0.025776934,-0.019719657
-0.09109199,-0.01166158,-0.10844186,-0.0433313,-0.09936948
-0.040125806,0.011600961,0.048867367,-0.05063045,-0.010531113
0.03579643,-0.02567051,-0.05482144,-0.07697469,-0.029200088
-0.009067716,-0.025668383,-0.019085795,-0.0018001292,-0.07787803
0.021003656,0.031278618,-0.0030263858,0.015986463,0.021932404
0.04972832,0.03255782,0.0150311515,-0.027849209,-0.042435445
-0.009625659,0.005120177,0.053040344,0.013167724,-0.09938403
0.0041725207,0.0086067105,0.056404155,0.029252853,-0.02859745
-0.024945345,0.007321935,0.015788702,-0.015892183,0.01944509
-0.023553178,0.034152783,0.064066395,0.0048145577,-0.02931541
-0.057355713,-0.051871322,-0.040453054,-0.07458055,-0.13615458
0.026353555,0.117483065,0.018652972,0.0034202468,0.01242765
-0.062322784,-0.023721918,0.0013724752,-0.09151229,-0.077149354
0.07162,0.04893783,0.09750161,-0.00077546015,0.045752853
-0.04335269,0.13426457,0.14263648,0.048883475,0.0040706377
