Care,Fairness,Loyalty,Authority,Sanctity
Harm,Cheating,Betrayal,Subversion,Degradation
0.027092269,0.070217095,0.03315974,0.018550217,-0.08382234
0.015576374,0.054716907,0.117656186,0.07358849,-0.060322277
0.074140266,0.095082924,0.109379075,0.08183375,0.00022995472
0.040508367,0.028975025,0.050223745,-0.013792382,-0.073022485
0.08157809,0.052564166,0.0840071,-0.041240484,-0.026294097
0.08783481,0.08537633,0.112428375,0.03789623,-0.003478995
0.0846377,0.06605281,0.094267316,0.028370824,-0.06490131
0.042502306,0.021723282,0.049594488,-0.0026583914,-0.13468972
0.115983844,0.10736315,0.21938914,0.12313171,0.13539042
-0.07116339,-0.06275196,-0.08178362,-0.12941091,-0.1700691
0.09330785,0.07838005,0.10989714,0.08761901,-0.062432215
