Care,Fairness,Loyalty,Authority,Sanctity
Harm,Cheating,Betrayal,Subversion,Degradation
0.017855547,-0.098884955,-0.0011252463,-0.041917123,-0.068185784
0.077482946,0.005977921,0.08281635,0.14355657,0.11950833
0.054259334,-0.088888146,-0.06846525,-0.047931783,0.0094694495
-0.031080097,0.07011964,0.04702989,0.03731258,-0.09237673
0.05452391,0.019117557,0.050611503,0.02321633,0.0016134568
-0.103672616,-0.06192784,-0.101401456,-0.038730506,0.0026908144
-0.090246245,-0.00783965,-0.05777098,-0.075188555,-0.03480838
-0.028037742,0.02420306,-0.020344064,0.05102728,0.0075699426
0.059737276,-0.04208652,-0.01076287,-0.06867968,0.0094044935
-0.11278178,0.05287522,-0.064574465,-0.047018334,-0.07862467
0.0023465129,-0.00582074,-0.104867324,-0.002870746,0.060063213
-0.06338036,-0.018978264,-0.07618149,0.026563141,0.055013526
-0.110432036,-0.016625447,-0.108159736,0.020379791,-0.00088873506
-0.030711662,0.02974576,0.09472267,0.17881595,0.19308338
-0.016875945,-0.113931015,-0.031058237,-0.017471476,-0.0113306595
-0.009160055,-0.076339215,0.030031554,0.089205936,0.13269734
0.034769334,-0.027330339,-0.09082832,-0.11858511,-0.076956816
0.021276942,-0.009650355,-0.042302173,-0.032970548,0.010719172
0.028029194,0.10786463,0.032664496,0.07182999,-0.0057682507
-0.053155564,-0.042446442,-0.036614195,-0.057961702,-0.041964244
-0.07523568,0.046060562,0.01305862,0.21687275,0.080034785
0.0030477839,0.06891196,0.013356306,0.025037544,-0.0044969786
-0.053342216,0.035946596,-0.057016466,0.04835289,0.0047865473
-0.08073095,-0.09592265,-0.080571204,-0.014633514,-0.013833394
-0.09333338,-0.010075629,-0.11055869,-0.07103215,-0.02523583
0.06276145,-0.008898232,0.0451152,0.004809442,-0.00457713
0.0414763,0.05291859,0.07611738,0.032726556,0.055103734
-0.1646759,0.020727772,-0.04674022,-0.01670498,-0.01728144
0.0068781143,0.08741762,-0.016718255,0.047365196,0.000991676
-0.029620383,0.062324982,0.0050768983,0.10871436,-0.01487672
-0.008421257,-0.06362039,-0.022754442,-0.045050655,-0.10000534
-0.14858979,-0.0045927204,-0.08307489,-0.037853137,-0.13243227
-0.021766663,-0.11755039,-0.14503229,-0.07916862,-0.017194152
