Care,Fairness,Loyalty,Authority,Sanctity
Harm,Cheating,Betrayal,Subversion,Degradation
0.009799896,0.021072455,-0.018951457,-0.06646178,-0.0024179118
0.07400111,-0.0100163715,0.015484851,0.035965323,-0.052232668
0.007661258,-0.029149085,-0.07799466,-0.09255338,-0.15792903
-0.037975617,-0.06530382,0.02417544,-0.064951025,-0.12317885
0.084390745,0.013556099,0.08025698,0.04097171,0.09678979
0.031266704,-0.050923623,0.0129849035,-0.0016846359,-0.049105007
-0.099175096,-0.03573981,-0.06219311,0.027093882,-0.10487747
-0.08943136,-0.06461348,-0.019916404,-0.06780392,-0.18456416
-0.030048696,-0.008444904,-0.0054739416,-0.0031303088,0.024263809
-0.06411692,-0.080549225,-0.10498857,-0.09569542,-0.19652104
0.0001887884,-0.037941765,0.025731781,-0.028364614,-0.07223285
-0.0289255,0.0034606569,0.055260632,0.00068815425,-0.12368359
0.034120098,0.052381262,0.00931715,-0.06398673,-0.092600524
-0.0263349,0.078856416,-0.056184568,-0.02165905,-0.06337497
