Care,Fairness,Loyalty,Authority,Sanctity
Harm,Cheating,Betrayal,Subversion,Degradation
0.112292185,0.07455784,-0.0040118974,0.013683494,-0.006580189
0.09475048,0.058097474,0.041328304,0.08023829,0.118295565
0.04716336,0.07292819,0.13390586,-0.002136509,0.041365646
0.10742767,0.11852892,0.12279503,0.068179965,0.03265322
0.068817586,0.08826733,0.0594491,0.042063214,-0.02669813
0.07369727,0.055630226,0.10385051,0.066373974,-0.006834694
-0.0129423365,0.0060446337,-0.060463224,-0.04171314,-0.07286821
0.042565085,0.007835761,-0.0074451976,-0.060572915,-0.029389486
0.027611367,0.00474336,0.06139555,0.0066784397,0.0013049729
0.040418573,0.04143907,0.029902026,-0.020793755,-0.020253198
-0.07080943,-0.08005959,-0.044636264,-0.073640965,-0.05407258
0.068913296,0.02106222,-0.01978125,0.0039722696,0.024596263
0.00036376528,-0.08215247,-0.020514136,-0.05541313,0.016663993
0.09494824,-0.0051365383,-0.058022648,0.009227414,0.029245667
-0.043906145,0.019992903,-0.017843157,0.06920792,-0.08749049
0.068609074,0.09792018,0.120240316,0.039275065,-0.00076642446
-0.043504667,-0.06412584,-0.037640046,-0.06291252,-0.07210068
0.061900716,0.06259109,0.060393527,0.08734481,0.08748954
0.084822536,0.099373825,0.099939086,0.075834826,0.08871974
0.016542109,0.13101315,0.11038126,0.07445663,0.031255748
0.010360517,0.0663265,0.059317823,0.049107805,-0.003754192
0.10024954,0.08505073,0.09171511,0.14108635,0.12483193
0.04834317,0.09588374,0.122778945,0.09955437,0.048967697
0.13331059,0.1424391,0.10249758,0.061621234,0.034376405
0.13989915,0.055410128,0.045704205,0.007283129,-0.023943469
