Care,Fairness,Loyalty,Authority,Sanctity
Harm,Cheating,Betrayal,Subversion,Degradation
0.010947822,0.016840681,-0.06790987,-0.038076743,-0.05782609
-0.066415,-0.07937424,-0.18743849,-0.17307428,-0.10254062
-0.009999327,0.10728076,0.17346956,0.022925152,-0.042310398
-0.018961959,-0.045180406,-0.048152134,-0.08242937,-0.10694103
0.18216456,0.12999643,0.17513071,0.15295736,0.10289167
0.10608693,0.078831874,0.20482858,0.13812074,0.1787656
0.03731298,0.07893547,0.25224638,0.13210177,0.11781356
0.05471057,0.10010211,0.059284896,0.08530163,0.09407984
0.15682748,0.1633848,0.24483654,0.1381707,0.13360864
0.03809552,-0.0018941984,-0.067794584,-0.09660784,-0.076770596
0.108458035,0.047686126,0.15533955,0.004692711,0.13126734
0.0679587,0.046293706,0.0024058651,0.122812524,0.13884032
-0.07894363,-0.02602179,-0.10867868,-0.13275579,-0.06062194
0.0049885437,0.022583451,-0.023162872,0.0016582711,0.021319676
-0.08045663,-0.03070172,-0.090460114,-0.13774371,-0.08359436
-0.06881822,-0.08266506,-0.06430598,-0.099330306,-0.093827605
-0.033179678,0.028531231,-0.0014699064,-0.07332945,-0.03122273
0.015143988,0.004272607,-0.062702045,-0.017160984,-0.08282269
-0.031616494,-0.016929107,-0.12434151,-0.071624696,-0.077823296
-0.023508372,-0.07460003,-0.03288799,-0.04748831,-0.15874523
0.011126932,-0.008582676,-0.097296596,-0.12554005,-0.07562686
-0.12068722,-0.027858667,-0.10161242,-0.1013132,-0.20444007
0.020148363,0.030444076,-0.0353484,-0.10602878,-0.04913877
-0.03022132,0.060584083,0.07002213,-0.0095494585,0.015590722
0.010387941,-0.024001047,0.0035008248,0.0047281384,0.0019177329
0.0020290557,0.038810577,0.069230266,0.0031342614,-0.07678419
0.050381694,-0.0071927346,-0.04704962,-0.08208131,-0.039659016
-0.021355184,0.08290482,0.06431395,0.0077240635,0.0007670559
0.0039049294,0.03516026,0.07569742,0.02744206,0.037882537
0.0011804369,0.0031751627,-0.12380767,-0.10141735,-0.098324865
-0.010852143,-0.06500828,0.008724959,0.022397822,-0.044228002
0.06413512,-0.01132174,-0.0015066955,-0.06820034,-0.023014147
-0.0014010302,-0.0043630693,-0.0885564,-0.057986118,-0.086798996
0.05831839,0.032903086,0.07246814,0.08122587,0.0057621403
0.078573406,0.14225009,0.21909125,0.15633246,0.1519232
0.0038668998,-0.080189325,0.017017275,-0.002363477,0.022306742
