Care,Fairness,Loyalty,Authority,Sanctity
Harm,Cheating,Betrayal,Subversion,Degradation
-0.05665969,-0.0024312213,-0.11639116,-0.09789145,-0.031987906
-0.05747798,0.014378304,-0.009397687,-0.023356548,-0.08764248
-0.05888267,-0.09790024,-0.14038174,-0.12221157,-0.09671162
-0.023933614,-0.05703964,-0.06409387,-0.042481717,-0.002135124
0.003439975,0.010474274,0.020485107,-0.06173071,-0.023457136
-0.084769726,-0.017185893,-0.1476734,-0.06289851,-0.13307707
0.09021439,0.08134733,0.12933205,-0.029737331,0.029755197
-0.009614255,0.02397596,0.042046763,0.07465107,-0.017616197
0.10690208,0.111184575,0.18732584,0.048532765,0.047136478
0.12091739,0.057693154,0.093709424,0.08026548,0.046640247
0.08217756,-0.0069634486,0.026264831,0.02439554,0.028674087
-0.008547464,-0.02273822,-0.03093826,0.012522278,-0.04429301
0.012561704,0.044978283,-0.055972707,0.016716778,-0.027479352
-0.04434608,-0.005145762,-0.006254852,0.00985427,0.029418912
0.025913138,0.04519488,-0.02610547,-0.014873805,-0.009287978
0.04547804,0.03918711,0.050273083,-0.014182325,0.09333822
0.047277704,0.056398902,0.07659984,0.028503174,0.09751929
