Care,Fairness,Loyalty,Authority,Sanctity
Harm,Cheating,Betrayal,Subversion,Degradation
0.012309149,-0.008428294,-0.028835956,0.010094354,0.056594305
-0.025950989,0.008274395,0.11939432,0.13066097,0.07459812
0.076982856,0.16370052,0.11746746,0.10201466,0.053303413
0.08325949,0.05680992,0.040800508,0.019129647,-0.04603635
0.02623934,0.00026334822,-0.0013508368,0.020021476,-0.054343365
0.02623934,0.00026334822,-0.0013508368,0.020021476,-0.054343365
0.06326884,0.07561788,0.14122254,0.014300397,0.027176749
0.05677399,0.08768144,0.13096014,0.099369004,0.11274538
0.05821927,0.007559117,-0.08040068,-0.03284043,0.12343892
-0.07152345,0.019271955,-0.0053761713,-0.0013479004,-0.10371557
0.015588248,0.01756414,-0.01755805,-0.020961758,-0.055527493
-0.12776737,-0.1262926,-0.12577087,-0.072475046,-0.08828313
0.02948741,0.045053117,-0.014595637,0.10886651,0.017739752
0.02109522,0.08751211,0.023316689,0.04977645,-0.020990334
0.037100405,0.03525103,0.0582349,-0.0007374659,0.020541247
-0.026118917,0.041202903,0.03638799,0.055316225,-0.020219088
-0.0061572343,-0.0077629015,0.015687749,-0.06188251,-0.0756876
-0.104204446,-0.044470847,0.023640603,-0.053105608,-0.10272824
0.09804105,0.064714916,0.31402522,0.13107967,0.17555085
0.034200363,0.034277994,0.10335553,0.027822856,0.010774884
0.026849538,-0.025021221,-0.11073497,0.014530541,-0.02916059
0.091581464,0.097217605,0.108107924,0.067615665,0.08433016
-0.0036128443,-0.028970376,-0.056708694,-0.052957617,-0.080294766
-0.029948242,-0.14201245,-0.097759284,-0.06648069,-0.06837129
