Care,Fairness,Loyalty,Authority,Sanctity
Harm,Cheating,Betrayal,Subversion,Degradation
0.0016943989,0.041765846,-0.08365715,-0.033839766,0.033465438
-0.07962767,-0.05826041,-0.13621062,-0.13660179,-0.07227954
0.029047182,0.053597566,-0.061375372,-0.055824272,0.03667242
0.1036066,0.11871925,0.07462889,0.016091283,0.0027112793
-0.06951939,0.014588941,-0.08905823,-0.09203687,-0.017913792
-0.007509849,-0.05069635,-0.12269969,-0.09155163,0.057782114
0.041913256,0.04465411,-0.045013875,-0.004274031,0.12720045
0.10522371,0.08834455,0.050884694,-0.003813224,0.04752762
-0.003076557,0.022322997,-0.087047376,0.03640933,0.028984766
0.0807517,0.064729825,0.104551785,0.022238933,0.14666846
-0.0036978873,0.09823092,-0.02792513,0.028759282,0.10803673
0.051787123,0.07609244,-0.028523853,-0.017444786,0.02458259
-0.0045338906,0.051016852,-0.024982939,-0.039839864,0.033625953
-0.08364486,0.10452892,-0.061490994,-0.06636663,0.008756679
-0.08713893,-0.056378,-0.112827376,-0.17437717,-0.067309946
0.0367355,0.018096333,-0.0033267983,-0.027307307,0.0799738
-0.0024136659,0.064633965,0.025324345,0.01897323,-0.048611093
0.0414972,0.032859735,-0.06973277,-0.06983973,-0.050853662
0.08277999,0.04178524,0.102634534,0.05581363,0.067981035
