Care,Fairness,Loyalty,Authority,Sanctity
Harm,Cheating,Betrayal,Subversion,Degradation
0.03355617,-0.007008875,0.02100852,-0.0006201882,-0.02125839
-0.12331398,-0.05194284,-0.049501926,-0.03980475,-0.05859216
0.036717698,0.076661326,0.114389546,0.09113082,0.042541124
-0.0011130469,0.020669702,0.111229114,-0.06803405,-0.025492094
0.04692118,0.09805859,0.1074773,0.0020255474,-0.045816265
-0.056838065,-0.00072665326,0.041046366,0.00877576,0.026429655
-0.0843106,0.025502374,0.023519486,-0.012164205,-0.056059003
-0.033803515,0.025246989,0.06725342,-0.019839367,0.0058548935
-0.07269511,0.062745035,0.06285472,-0.06142126,-0.050891303
0.042839617,0.03561022,0.10131505,0.060223512,0.0463872
0.044945084,0.14536287,0.008889973,0.0028691553,-0.00032101572
0.025954084,0.010038754,0.044325896,0.0047741327,-0.02561722
-0.07436457,0.025379278,0.0061704246,0.020004373,-0.099054664
0.02029399,0.026848592,0.011871461,-0.03500479,-0.06967931
0.008516046,0.09539122,0.09527408,0.043457657,0.0031758323
-0.042861782,0.060017392,0.053070415,0.09348965,-0.0068226196
0.045162063,-0.011251144,-0.06061624,-0.07356132,-0.019384239
