Care,Fairness,Loyalty,Authority,Sanctity
Harm,Cheating,Betrayal,Subversion,Degradation
0.033209957,0.07300049,0.06438733,0.0035403091,-0.042844236
0.049136903,0.04946445,0.054893006,-0.011825966,-0.022033192
0.06560734,0.03876871,0.110586345,0.012063054,-0.012223404
0.13325763,0.07725266,0.1759541,0.04828275,0.06012832
-0.004439366,0.03662506,0.077417254,-0.042623974,-0.055601157
0.13191018,0.093908876,0.12049751,0.02091828,-0.02756623
0.08360647,0.087433115,0.10794348,-0.05055848,0.022079863
0.06562583,0.13431734,0.12668245,0.031838216,-0.011312872
0.012634421,0.054200765,0.10163112,-0.012996823,-0.02985339
0.017793087,0.05300382,0.102747254,0.037197903,0.000331779
0.008396755,-0.052236937,0.022495259,0.027739458,-0.026607651
0.09050528,0.1367725,0.20869605,0.10032109,-0.02177388
0.08536656,0.045777015,0.07161424,0.02632451,-0.021871911
0.086349726,0.11144063,0.115336105,0.051119983,0.06487781
