Care,Fairness,Loyalty,Authority,Sanctity
Harm,Cheating,Betrayal,Subversion,Degradation
-0.02081757,-0.0017184606,-0.097354,-0.07953774,-0.13484874
0.084715456,0.100476846,0.05659898,0.03602978,-0.007756398
0.060064636,-0.06380457,-0.050082106,-0.018549459,-0.10047873
0.040191546,0.006508112,-0.07771756,0.017319903,-0.049401205
-0.05868242,-0.0059507005,-0.11186521,-0.12978664,-0.12225549
0.08767785,0.0022340044,0.049356468,0.012433507,-0.0007605143
-0.010141148,-0.008369451,-0.0055884626,-0.04809338,-0.11155191
0.058515243,-0.013840534,-0.029918624,0.016374197,-0.08397238
0.04538927,0.009906934,-0.076182984,-0.025621034,-0.16320702
0.08724815,0.056415208,0.019351225,0.032555096,-0.04683391
-0.04558828,-0.054496553,-0.20918413,-0.066766396,-0.11707057
-0.030548276,0.044312682,-0.045121193,-0.024231592,-0.15597476
0.1499753,0.088413484,0.04284409,0.08912114,-0.017727947
-0.0122881085,0.068509966,0.0007966347,0.074307986,-0.009135887
0.0070857657,0.004772585,-0.09852228,-0.054189656,-0.06980025
-0.05468712,-0.026002407,-0.040949352,-0.03614994,-0.09089813
-0.08075772,-0.032003082,-0.060445167,-0.028115142,-0.08730013
0.02226077,0.03194301,-0.065985724,-0.056648243,-0.017788675
0.011171756,-0.013274552,-0.05837119,-0.068630874,-0.13807105
0.09632552,0.10385453,0.05767706,0.022430893,-0.026796078
-0.03609279,0.018860534,0.015402506,0.010037502,-0.10871318
0.10761863,-0.032132946,0.012239363,-1.6141683e-05,-0.042393327
0.032033615,0.039560735,-0.0056185164,-0.0074250754,-0.06032275
0.050020605,0.12866385,-0.016880408,-6.3814223e-06,-0.06407733
-0.021561632,-0.04989727,-0.1144852,-0.0049497094,-0.03279642
