Care,Fairness,Loyalty,Authority,Sanctity
Harm,Cheating,Betrayal,Subversion,Degradation
0.046355207,0.047000505,0.0017468119,-0.007213572,-0.089431636
0.04456614,0.058128424,0.079319,0.04272148,-0.094447374
0.0024309214,0.080445915,0.049540274,-0.043762367,-0.02151222
0.061887972,0.078171074,0.0391779,0.003650207,-0.069787756
0.031303205,0.051053487,-0.000964351,0.02578567,-0.124685556
0.050994772,0.05931339,0.0147254765,0.038080785,-0.060030606
0.085297115,0.06862253,0.06720081,0.019712502,0.0009072665
-0.011173932,0.010564998,0.050827757,0.039614737,-0.02431548
0.049908195,0.028847924,0.16302012,0.060898118,0.062976
0.06550223,0.15491644,0.18106651,0.071705535,0.0199798
0.018225696,0.102881975,0.058938775,0.012342467,0.0036452822
-0.08512754,-0.007338915,-0.03796476,-0.039552838,-0.1764267
-0.0424427,-0.061846137,-0.060216792,-0.05371457,-0.18205506
0.10449779,0.15191644,0.034782648,0.00035441015,0.002182044
0.122795776,0.19947016,0.12992582,0.033326037,0.06499004
0.06973382,0.10374897,0.12950957,0.064628966,-0.06326008
0.06621267,0.08865693,0.10062244,0.118931934,0.0669073
0.10119511,0.058036603,0.10059521,0.07395026,-0.011519739
0.04571715,0.09558457,0.026586743,-0.0053500254,-0.055881806
0.0198268,0.076972134,0.11262591,0.032333553,-0.024610205
0.068477154,0.058746807,0.07635994,0.049578447,-0.024306133
0.036831662,0.074028306,0.07438831,0.021365862,0.0038375594
0.0017488291,0.08611804,0.034815792,0.03919346,-0.06825286
0.056220338,0.012607735,0.055556197,0.027301595,0.004389312
0.009975116,0.05039371,0.08616919,0.018765898,0.008040445
0.055336587,0.03796729,0.12036769,0.05305307,0.028359096
-0.04815177,0.029835291,-0.0050335475,-0.026999548,-0.07687816
0.1179701,0.06668581,0.19644357,0.042488668,0.06405184
-0.052454524,0.029091474,0.011762273,0.034584638,-0.033782434
