Care,Fairness,Loyalty,Authority,Sanctity
Harm,Cheating,Betrayal,Subversion,Degradation
-0.035657585,-0.017897349,-0.10015807,-0.036053795,-0.045506436
-0.054349724,-0.012410605,-0.08341956,-0.035224386,-0.05084831
-0.018280115,0.018686488,0.011856966,0.10268659,0.11008942
-0.13886009,0.010063855,-0.052293267,-0.07383607,0.012665711
-0.016871307,0.11151758,0.020495849,-0.0310111,0.021403758
-0.14329693,-0.08913283,-0.073016636,-0.07225287,-0.07020141
-0.012453258,-0.013240057,-0.024402596,-0.01086274,0.037105426
-0.05324653,0.048152894,-0.00437844,0.00018231757,-0.08352928
-0.042981282,0.15613544,0.20538002,0.12601812,0.07641362
0.003036392,0.0535986,0.020136707,-0.014891435,-0.003046658
-0.056573763,0.018290794,0.05543468,-0.014894012,0.04539184
-0.12953135,0.059716776,-0.012567159,0.05526667,0.01256255
-0.025897589,0.021593375,-0.037146725,-0.084217995,-0.056554005
-0.02375982,0.019629199,-0.03065579,-0.054155782,-0.06770097
-0.015024665,0.024106447,-0.03171825,0.016485412,-0.0030130371
0.011014424,0.01352217,0.0075375903,-0.0049360543,-0.004765548
0.022124926,0.021930484,0.050694004,0.0104558095,-0.005439639
-0.036960244,0.0706851,0.0725308,0.08300598,0.14381053
-0.050990537,-0.081547335,-0.08116204,-0.0338781,-0.027540142
0.023900533,0.06956402,0.10380994,0.11223751,-0.024927016
0.07027157,0.10227698,0.115140155,0.073891856,-0.07063214
