Care,Fairness,Loyalty,Authority,Sanctity
Harm,Cheating,Betrayal,Subversion,Degradation
0.035467442,-0.033611983,-0.02254625,-0.045619722,-0.020239126
-0.00026385672,-0.03397307,-0.039497156,-0.020632967,-0.014278125
0.044494834,0.05980394,-0.07603002,0.01764557,0.064726464
-0.021319613,0.039521493,0.011878164,-6.891787e-08,0.008692617
-0.031946696,0.003943608,-0.026547214,-0.03266919,0.005530295
-0.03363719,0.0721919,-0.043978114,-0.068887174,0.0068780687
0.07256253,0.08060985,0.013117771,-0.008742323,0.140221
0.062243998,-0.02529048,-0.01426103,0.068752035,0.107792124
0.025273815,0.0041973516,-0.035497464,0.013869222,0.0052814856
-0.0432116,-0.04705026,0.026784874,-0.03577841,-0.06540245
-0.056831963,0.017977968,0.016082045,-0.07880845,-0.012331314
-0.07145379,-0.08156543,-0.11169371,-0.14796592,-0.1463188
0.04804382,0.06318241,0.048701376,-0.024743833,-0.04375592
0.04233157,0.024530236,-0.0048416965,-0.011599556,-0.028025365
-0.0032350626,-0.044535086,0.0046802796,-0.03635978,-0.1641548
-0.032257393,0.02942096,-0.00132218,-0.04166337,-0.0817955
0.040072672,-0.013291787,0.026126917,-0.037619304,-0.03785072
0.016477935,0.002070289,0.036048066,-0.035029892,-0.05007258
-0.06428765,0.04078582,-0.01128148,0.11473161,0.11352415
0.09756014,0.08537719,0.17952101,0.031308677,0.110477865
0.02269943,-0.009606131,0.04591698,-0.029085273,0.030735096
0.04388389,-0.008085152,0.08025877,0.01789987,0.00047324225
0.015412485,0.049261875,0.051705215,0.07182825,-0.06827123
-0.013302765,-0.025459837,0.0493961,-0.04221223,-0.13093339
-0.11899914,-0.0678153,-0.1270846,-0.086314805,-0.13216892
-0.115764864,-0.05593605,-0.13439584,-0.05437018,-0.08411138
0.06392214,0.014971991,0.035361324,0.021714361,0.007463351
-0.007034231,-0.013410846,0.008926515,-0.02559635,-0.09714838
0.057509486,-0.025248092,0.089731395,-0.041658267,-0.07059628
-0.11137645,-0.13640384,-0.14202291,-0.075613245,-0.046769083
-0.034251735,-0.061495837,-0.15544963,-0.13771656,-0.07953292
