Care,Fairness,Loyalty,Authority,Sanctity
Harm,Cheating,Betrayal,Subversion,Degradation
-0.055431068,-0.039197866,-0.07531548,-0.026652018,-0.04014462
-0.048876148,-0.0371907,-0.059880648,-0.11871511,-0.2044719
-0.08582328,-0.013003212,-0.02601548,-0.012989866,-0.05367918
-0.047618143,0.054451466,-0.009137499,-0.04845706,-0.07060929
-0.015004497,0.016014561,0.00035764556,-0.093048945,-0.009118101
-0.014215983,0.049973845,0.010584857,-0.031338874,-0.027401809
0.04736145,0.06521959,0.1929828,0.093276635,0.04442088
-0.13192654,-0.03605174,-0.13057762,-0.051534604,-0.038664218
-0.08447065,-0.10899497,-0.095253035,-0.012757673,-0.060412638
-0.008721516,0.011176206,-0.06200233,0.05187247,0.024960257
-0.011812389,0.05641742,-0.023792254,0.02589518,-0.06542614
-0.031274892,-0.0023230985,-0.052065738,-0.072219014,-0.103602774
-0.032241985,0.02853125,0.017256185,-0.019957215,-0.06341942
-0.017606217,0.0059508346,-0.008197866,0.013185326,-0.06813985
-0.14873339,-0.027527994,-0.14382869,-0.12110637,-0.16382444
-0.00079575926,0.09477093,0.083147086,0.070995726,-0.040726356
0.06013988,0.07894571,0.052145164,0.025247216,0.0010871738
