Care,Fairness,Loyalty,Authority,Sanctity
Harm,Cheating,Betrayal,Subversion,Degradation
-0.036965556,-0.003627251,-0.03328525,-0.0423938,-0.10345897
0.02269827,0.027446311,-0.054791443,-0.06135719,-0.12768435
0.028701873,0.04637143,0.027490914,-0.062115114,-0.13421044
0.002369124,-0.0359981,-0.020253584,-0.010932756,-0.14349818
-0.019324386,-0.013189752,-0.04886887,-0.07675216,-0.1789658
0.047939807,0.08760208,0.13326572,0.0920282,-0.06406139
0.0021175267,-0.0919683,-0.01361246,-0.083693475,-0.13022435
0.0025805403,-0.013712775,-0.062582,-0.047392685,-0.083402164
-0.058549024,-0.009344019,0.037198085,-0.046212383,-0.11638795
-0.051087804,0.09459904,0.08515993,-0.010187728,-0.121455066
-0.0019602608,-0.085399516,-0.024638081,-0.032019854,-0.031475354
0.07988261,-0.005661911,0.056871865,0.0104795685,-0.05679524
-0.0070303064,-0.00956759,0.061799794,0.013861852,-0.040830225
-0.017268253,-0.020007527,0.0031579789,-0.06627369,-0.1204208
0.012141677,-0.07003811,0.017558658,-0.086863995,-0.14487569
0.07605265,0.0016791001,0.05133033,0.046285324,0.01824556
0.08611482,0.03327694,0.06490469,0.03741446,-0.03792455
0.058425445,0.10730513,0.065574,0.02286899,0.017673023
0.16041529,0.036561277,0.075553626,0.031214256,0.001843011
-0.045958295,-0.0933181,-0.07588264,-0.13615225,-0.07617198
0.012230281,0.0078036925,-0.081723034,0.028737307,-0.0715705
-0.016569672,-0.025563313,0.058229256,0.024477286,0.04147044
0.0171712,-0.07111712,0.019446133,0.027074719,0.017785013
0.028645,-0.0016197572,-0.014798194,-0.11126934,-0.024615567
