Care,Fairness,Loyalty,Authority,Sanctity
Harm,Cheating,Betrayal,Subversion,Degradation
-0.085117824,0.11692934,-0.06170977,0.0038317414,-0.036907554
0.11679144,0.18746248,0.18939829,0.09302455,0.07906084
0.024559155,0.039638598,-0.021896806,-0.00914645,0.013636801
-0.110017926,-0.043601178,-0.05957344,-0.02017646,-0.0850589
-0.100967586,0.022595096,-0.084704295,-0.0818201,-0.0022022799
-0.06293664,-0.050245125,-0.14151925,-0.1898343,-0.045814283
-0.07939523,0.11317377,0.047049895,0.062257104,0.09279907
-0.121741146,-0.003765896,-0.054130945,-0.01886329,-0.115652695
0.05555695,0.0676579,-0.054733556,-0.0714858,0.12398954
-0.013062004,0.047225807,0.012742782,-0.021810982,-0.03976332
0.033275478,0.08710414,-0.044147797,0.021093894,-0.015120339
-0.038512655,-0.029394943,0.0034399694,0.051614232,0.0144672
0.002440609,0.07189597,0.036977854,0.029518582,-0.020403583
-0.029201007,0.0876987,-0.043649573,-0.066487126,-0.09760494
0.049968496,0.07644445,0.058589213,0.052329283,-0.02457033
-0.031509135,0.03890186,-0.029995417,0.0052751806,-0.08902861
-0.066288576,0.0040628407,-0.0850749,-0.074797064,-0.20967384
-0.08924397,0.04282602,-0.1080338,-0.07944876,-0.062306747
0.025515703,-0.010404658,-0.053188853,0.014009897,-0.10931137
-0.018800952,0.038236737,-0.08677985,-0.09519862,-0.09420164
-0.0459052,-0.007418845,-0.053664185,-0.1009211,-0.13319138
0.021500435,0.068820275,0.05552827,0.043055423,0.027857773
0.0046806205,0.07614699,0.0014217868,-0.003929829,-0.070011914
-0.048457056,0.089958295,0.0018932731,0.037176527,-0.038391046
-0.018861443,-0.02911429,-0.09629518,-0.07243116,-0.0934289
0.033663746,0.07925311,-0.013139291,0.05700268,0.10513796
-0.1292781,0.06394565,-0.13681927,-0.07812047,-0.07948813
-0.07806147,-0.033806987,-0.15170318,-0.11618733,-0.036988407
-0.013129445,-0.008263735,-0.11689645,0.051395405,0.007572725
0.026172662,0.13455668,0.006565843,0.031251814,-0.005063493
-0.077250764,0.023601195,-0.061490536,-0.03485626,-0.027479533
0.008562684,0.08269483,0.009073234,0.074336395,0.022464007
0.0082693705,0.1357202,-0.015398936,0.05497335,0.052323513
0.07682945,0.105743974,0.111554414,0.1280718,0.07689246
0.097750835,0.14046392,0.112869985,0.11512926,0.07073166
0.011349178,0.048519984,-0.029213972,0.0009654388,-0.015825026
0.04804402,-0.044243995,0.03638948,-0.11663218,-0.110992104
