Care,Fairness,Loyalty,Authority,Sanctity
Harm,Cheating,Betrayal,Subversion,Degradation
-0.093206644,0.023606589,-0.044550255,0.010602633,-0.040771812
0.028888188,-0.059838723,-0.026907798,0.0141341435,-0.043165267
-0.07853182,0.06263749,-0.00020985771,0.084075585,-0.048252482
-0.10801864,0.035592664,-0.04238303,0.040811047,0.00801949
-0.010433869,0.044902615,0.072191544,0.0050462894,-0.015409213
-0.015372224,-0.04044096,-0.011670478,-0.049368996,-0.054455545
-0.037421085,0.0536548,0.09745774,0.16981845,0.057578914
0.007400006,0.043946143,-0.007444543,0.27016744,0.08334648
0.0417129,0.13796863,0.1704683,0.05042688,0.06882413
-0.008007193,-0.0368538,0.042753473,-0.011362448,-0.12411161
0.081203565,0.11732157,0.05297962,0.06451717,-0.046726327
0.026873212,0.05869678,0.15229782,0.053067446,-0.022189165
-0.057356063,-0.029890405,-0.0038450211,0.020316446,0.022755768
-0.06584218,-0.013554497,-0.018037423,-0.02389247,-0.15800914
-0.0762575,-0.029402643,-0.051316485,-0.0673342,-0.15770386
0.04974784,0.036503807,0.010891724,0.118274264,0.11001627
-0.053979553,0.097715214,0.07246664,0.075084075,0.0663229
0.08989897,0.1739927,0.05599211,0.10460417,0.15853946
0.042599134,0.025837803,-0.03653965,0.12004973,-0.012997244
-0.16340053,-0.09826105,-0.1399212,0.0024514217,-0.054394476
-0.11429216,0.08358296,-0.062231272,0.021076461,-0.010802591
-0.03991212,0.0021548993,0.042110167,0.07992536,-0.061563708
-0.15806176,0.07859363,-0.09891486,-0.055168465,-0.031420767
-0.057463065,0.025866468,0.021275453,-0.08686436,-0.06282473
-0.060502864,0.13773133,0.019631151,0.08037677,0.06823495
