Care,Fairness,Loyalty,Authority,Sanctity
Harm,Cheating,Betrayal,Subversion,Degradation
-0.03092143,0.041373312,-0.085647106,-0.011843,-0.094988935
-0.02952799,-0.047435913,-0.053793475,-0.0917469,-0.08767785
-0.15061918,-0.04620436,-0.10698096,-0.16834092,-0.09941382
-0.11245485,-0.010213334,-0.066724874,-0.039776064,-0.10791401
-0.031272385,0.020984659,-0.03871277,-0.031202462,-0.03535073
-0.06924622,-0.097831786,-0.0918381,-0.089288995,-0.031618703
-0.059536465,-0.07983743,-0.06644639,-0.01201944,0.0051439926
0.028068282,-0.002567295,0.007376423,0.11098105,0.17015573
-0.06751095,-0.011961236,-0.011473389,0.042383373,-0.037377156
-0.0718346,-0.045290735,-0.0056002513,0.009209499,-0.006801266
-0.023215719,-0.0028919503,0.07001684,0.03466157,-0.0051730573
-0.024537425,-0.03711176,-0.021856312,0.07493387,0.031671908
-0.075726844,-0.0013142005,0.05799842,0.08169673,-0.0040492937
-0.05302237,0.045167875,0.056967027,0.12519377,0.008959372
-0.12495729,0.04122085,0.01805136,0.09037652,0.016561233
0.046356827,0.029986266,0.019970965,0.06642443,-0.01136877
-0.023863904,0.03075374,0.06307945,0.09844171,0.067883395
0.039962634,0.06932231,0.06167969,0.019675434,-0.015814256
-0.014497979,0.096966565,-0.008058406,0.02586212,-0.05358918
-0.016744964,0.037410274,-0.04024124,0.009566856,-0.0149362795
0.05938802,-0.004244283,0.095174864,0.006451506,-0.04852032
