Care,Fairness,Loyalty,Authority,Sanctity
Harm,Cheating,Betrayal,Subversion,Degradation
-0.01126256,-0.024060521,-0.0049819723,-0.034967057,-0.06393005
-0.03800568,-0.03370817,-0.05877012,-0.038117252,-0.059081174
-0.06397258,0.026881315,-0.034838863,-0.102016695,-0.059998233
0.02802813,0.0078001767,0.0278316,0.03754407,0.1014874
-0.0060108043,-0.115397036,-0.018507242,0.017746203,0.005852226
-0.13030854,-0.14833848,-0.10639069,-0.13872781,-0.11748912
-0.095211476,-0.008844521,0.035093285,0.05947848,-0.016871436
-0.050770532,0.096206024,-0.019938897,0.02806082,-0.12938711
-0.044210598,0.035945725,0.030217418,0.008274781,-0.111129865
-0.08677939,-0.0148135945,-0.15541387,-0.0945501,-0.017632715
-0.04282631,-0.022356398,-0.09130454,-0.13493891,-0.14817448
