Care,Fairness,Loyalty,Authority,Sanctity
Harm,Cheating,Betrayal,Subversion,Degradation
-0.06439867,-0.01460357,-0.0015592873,-0.0672938,-0.04717631
-0.029569197,0.060919434,-0.04454139,-0.08144149,-0.082878366
-0.036793508,-0.05658818,-0.121779576,-0.07794908,-0.053625155
0.012861019,0.07312928,0.11342789,0.12003031,0.026099352
-0.1900216,-0.17121506,-0.095033795,-0.16753955,-0.093405545
0.02517068,0.095104694,-0.0431261,-0.0113244895,0.17866209
0.030257575,0.02509661,0.025683315,0.04712732,0.076730974
0.013563519,0.10791024,0.13722448,0.083843,0.010740612
0.047867406,0.024239786,0.048890553,0.15050872,0.10126047
-0.05385799,-0.007804781,0.013072446,-0.042526025,-0.08336111
