Care,Fairness,Loyalty,Authority,Sanctity
Harm,Cheating,Betrayal,Subversion,Degradation
-0.014549943,0.050291486,0.023024201,0.027290743,-0.0012399768
-0.01756404,0.039931122,0.020360393,-0.0098872185,-0.06765131
-0.017373405,-0.017448287,0.008038947,-0.039807726,-0.074493594
0.06982727,0.10133274,0.09138584,0.0816901,-0.002750488
-0.005968375,-0.035245676,-0.006497124,-0.017971996,-0.04232809
-0.029175702,0.009792676,0.032015137,0.028735708,-0.06406804
-0.025084166,0.005431195,-0.0035247328,-0.026580382,-0.06816451
0.03538947,0.024907483,0.043861754,0.038868174,-0.03127159
0.0316627,0.023557328,0.027452035,-0.050226413,-0.13527226
0.020224042,0.013586031,0.07929718,0.14084928,0.035914484
0.094161525,0.05402586,0.08012897,0.033369243,-0.009888316
-0.035036553,-0.032247484,-0.022806993,0.017350134,-0.02889272
-0.031961456,0.049936797,0.001643708,-0.037445717,-0.096254736
0.01652733,0.08858467,0.01983511,-0.021259986,-0.033057444
0.05263468,0.041476943,0.05937763,-0.022507828,-0.04824014
0.04724209,0.09254351,0.07254134,-0.013222689,-0.02816435
0.08754326,-0.0310891,0.054800406,0.013235074,-0.075149596
-0.046130322,0.0060955994,-0.035519384,-0.10632453,-0.08988002
-0.00471963,0.025289707,-0.0017763395,-0.06592275,-0.07917125
-0.07852143,-0.030426484,-0.085946485,-0.11264843,-0.12986651
0.027395442,0.04970572,0.025635932,-0.053987723,-0.03954798
0.07696687,0.003554741,0.08181414,0.013103666,0.030168591
0.087482244,0.044159032,0.14230977,0.08864553,-0.051118568
0.011392173,0.022046242,0.025432799,-0.050603352,-0.1237392
