Care,Fairness,Loyalty,Authority,Sanctity
Harm,Cheating,Betrayal,Subversion,Degradation
-0.0104071535,0.030295756,-0.028161116,-0.016389742,-0.029119106
0.029147208,0.124663636,0.095174715,0.100611806,0.024539504
-0.021479463,-0.060300983,-0.002733929,-0.10861671,-0.073368445
-0.07809311,0.021646032,0.005495103,-0.05904953,-0.15140542
-0.11546828,0.043738782,-0.08480641,-0.077717416,-0.018577827
0.018974613,-0.065579414,0.11443506,-0.0028554592,0.007342766
0.08242894,0.08797923,0.05521298,0.0041208807,-0.051790427
0.020606479,-0.01223829,0.05895167,0.084854156,-0.026444932
0.13878927,0.04414033,0.1331938,0.03647457,0.033964403
0.06405982,0.03149367,0.04387758,0.028927993,-0.00029572658
0.113539726,0.12350137,0.10922582,0.07453663,0.033524007
0.05844673,0.052812163,0.14900847,0.0042167436,-0.007763047
0.04864514,0.31686586,0.10913014,0.1083114,0.096049614
0.001211103,-0.100299194,0.070542395,0.024851745,-0.04861718
0.08425807,0.07886961,0.06588308,0.14493097,0.09838801
