Care,Fairness,Loyalty,Authority,Sanctity
Harm,Cheating,Betrayal,Subversion,Degradation
0.020233987,0.040050853,0.10653715,-0.016888412,-0.037147544
0.050536938,0.004488451,0.07356799,-0.00080063194,-0.032696992
0.044543356,-0.009440726,0.1261878,-0.050315168,-0.060531605
0.050804824,0.030995602,0.11624546,-0.004361978,0.007388506
0.08247065,0.052092906,0.09876384,0.02150717,-0.040069904
0.12591115,0.084938765,0.31410187,0.03502661,0.08521846
0.017639566,0.09083478,0.1848593,0.031151235,0.056138556
0.029079221,0.07196827,0.19479716,-0.049397588,0.027410593
0.022655359,0.063262716,0.1723737,-0.0055054137,-0.041093614
0.07355273,0.062180363,0.18868089,0.022584045,0.008426787
0.03719266,0.017968938,0.07618107,0.058608472,0.026258659
0.04959742,0.03295898,0.06779507,0.0018786341,-0.022694163
-0.0058488753,0.05594038,0.098302245,-0.010153197,-0.0033093244
-0.03424121,-0.07615723,-0.021157851,-0.07991461,-0.14333372
0.15265739,0.025677184,0.21690723,-0.011246204,0.09856467
0.036491964,0.0013403986,-0.06521055,-0.0178942,-0.02368815
0.036719836,-0.03783866,-0.042446844,-0.058362067,-0.102722146
0.058462054,0.04854328,0.11440541,0.04150182,-0.018067122
0.1153597,0.045524932,0.10482611,-0.014000837,4.584156e-05
0.12144541,0.11330264,0.23544157,0.091775894,0.14951888
0.1892971,0.14362581,0.32267183,0.10317379,0.1625579
0.06331503,0.008805449,0.11070427,0.048711732,0.028372314
0.028533304,-0.011001194,0.030300424,-0.03064071,-0.066419184
0.020075034,0.01429503,0.10282626,0.03289946,-0.06267996
-0.056054957,0.095492885,0.16949368,0.11494079,0.011141568
0.074922755,0.016288407,0.121670075,0.1119573,-0.062227033
0.014703926,-0.039025806,0.12788577,0.06329111,-0.094907925
0.08776914,-0.0019373987,0.10050308,0.043987982,-0.053288706
0.072931945,-0.02439356,0.14132106,0.07640138,0.09855274
0.095474094,0.109033726,0.23667344,0.11015397,0.10389046
-0.06584708,0.031729504,-0.033711612,-0.0040549533,-0.10086951
