Care,Fairness,Loyalty,Authority,Sanctity
Harm,Cheating,Betrayal,Subversion,Degradation
-0.0043341573,-0.05330586,-0.020204501,-0.030136552,-0.021844331
0.036977448,0.10711214,-0.026993155,0.08335213,0.116401695
0.03925567,0.081448466,0.010658786,-0.022597188,0.077598244
0.022070019,0.1391752,0.10833967,0.018333178,0.06770083
0.07013885,0.08369146,0.10656962,0.032386422,0.08408527
-0.0055639353,0.0038026692,0.0511006,-0.027149588,0.02631506
0.033681955,-0.06303075,-0.003803132,-0.0987217,-0.028288258
-0.07709662,-0.007648709,0.019406524,-0.02860068,-0.008980999
0.02279968,0.0070170704,0.093414895,-0.0045957305,0.056892402
0.03861665,0.026384003,0.049109966,-0.001999976,-0.02339384
0.120670214,0.02620162,0.14987776,0.04510617,-0.017021116
0.024032546,0.046394825,0.0900652,-0.01165494,-0.001984994
0.047086358,0.0029433798,0.035616912,-0.07599249,-0.08482252
-0.08634521,-0.067001134,-0.06430353,-0.10615147,-0.12851006
-0.089116596,0.016090252,-0.044740822,-0.07209286,-0.13707353
-0.036391973,-0.061863966,-0.09711686,-0.1285611,-0.088904485
-0.047667082,-0.0023436956,-0.031107765,-0.08169733,-0.056416485
-0.022071008,0.03863012,0.05631447,0.020356046,0.015774624
-0.07002048,0.019209553,-0.00893281,-0.09103884,0.05716253
-0.006448387,-0.0076441094,0.062012292,-0.049199022,0.020756172
-0.012549605,-0.033393115,0.026045132,-0.09241568,-0.051387038
-0.02252668,-0.034572512,0.022060169,-0.092396624,-0.04718318
0.011206566,0.107135974,0.018625597,0.034544468,0.09249005
0.1089496,0.08990258,0.06922475,0.021303335,0.09781623
0.021360364,0.0019872207,0.032809187,-0.017491048,-0.061456386
0.014404971,-0.028155448,0.045899983,0.014566101,0.006233968
0.047048394,0.046856254,0.031454373,0.05483193,-0.029314408
0.082675084,0.00022102334,0.049563266,0.03922317,-0.00055121165
0.06030009,0.041572887,0.022186842,-0.053696334,-0.02003729
-0.00034491438,0.061882958,0.05842829,0.05197437,0.016737193
-0.02521319,0.0418584,-0.039556365,-0.020108406,0.03609173
-0.021275317,-0.021935027,-0.025589872,-0.041684896,0.031408057
0.072729126,-0.022673987,0.054090288,-0.0039416933,0.046723135
0.09090147,-0.004831776,0.0718213,-0.011143405,0.016160117
