Care,Fairness,Loyalty,Authority,Sanctity
Harm,Cheating,Betrayal,Subversion,Degradation
0.047977388,0.039849404,0.029134005,0.020351328,0.027573159
0.09067718,0.10949309,0.11045386,0.037919868,0.078362785
0.012765691,-0.07011074,-0.057174075,-0.078774825,0.044870093
-0.0399635,-0.016040355,-0.014997802,0.015363218,-0.07358134
