Care,Fairness,Loyalty,Authority,Sanctity
Harm,Cheating,Betrayal,Subversion,Degradation
-0.13102654,0.026993563,-0.09068681,-0.04236822,-0.15219048
-0.07004768,0.0814313,-0.04464668,0.059287015,-0.15844291
-0.12553376,9.315461e-05,-0.14479831,-0.04515225,-0.18678412
-0.12570894,-0.012481647,-0.12819394,-0.02438845,-0.16527404
-0.16546273,-0.086416475,-0.16801396,-0.104867764,-0.1624872
-0.18772554,-0.062336534,-0.16254365,-0.12528342,-0.23996839
-0.04496339,-0.062003408,-0.09635007,-0.01959975,-0.02928162
-0.16642645,0.010604362,-0.1392805,-0.015869144,-0.09310661
-0.11484159,0.05998465,0.054800086,0.08868257,0.014217717
-0.12060348,-0.08292802,-0.21453503,-0.10844186,-0.23474354
-0.09239518,0.033062983,-0.04841735,-0.06415817,-0.09150866
-0.035362795,0.028056815,-0.10475454,0.047463417,-0.11024915
0.008531898,0.06951273,0.0053698663,0.024291322,-0.03223181
-0.07777314,0.048371904,0.057233512,0.019196108,-0.08214124
-0.027842663,0.042024355,-0.027203929,0.04548283,-0.008357285
0.057646252,0.17096013,0.10827946,0.082726926,0.03031092
-0.030249972,0.13667427,0.10984725,0.12916195,0.0018873867
0.0024059257,0.06919254,0.02093865,-0.008944802,0.054972585
-0.056478225,0.07274343,0.048870966,-0.0042318776,-0.038357556
