Care,Fairness,Loyalty,Authority,Sanctity
Harm,Cheating,Betrayal,Subversion,Degredation
0.011674965394358638,0.30255524075376017,0.21337234727083865,0.008403029599609368,-0.3838122014594241
