Care,Fairness,Loyalty,Authority,Sanctity
Harm,Cheating,Betrayal,Subversion,Degredation
0.22842739176358395,0.7340324518761232,0.46500570496066707,0.4567263937802637,-0.28013019556964425
