Care,Fairness,Loyalty,Authority,Sanctity
Harm,Cheating,Betrayal,Subversion,Degredation
-0.03286196430373978,0.4401326882598837,0.15451663587265108,0.1340443492620098,-0.32851308051096884
