Care,Fairness,Loyalty,Authority,Sanctity
Harm,Cheating,Betrayal,Subversion,Degredation
-0.3033404063307844,-0.0111605256245636,-0.10009616442946334,-0.19883712847726132,-0.21450954892159657
