Care,Fairness,Loyalty,Authority,Sanctity
Harm,Cheating,Betrayal,Subversion,Degredation
-0.29614504066064107,0.06735474101570493,-0.2603465499047486,-0.36614411854781514,-0.49284477860262144
