Care,Fairness,Loyalty,Authority,Sanctity
Harm,Cheating,Betrayal,Subversion,Degredation
0.3730217193885985,0.7004152532398362,0.5289495484669979,0.5028743150995292,-0.1361308166481514
