Care,Fairness,Loyalty,Authority,Sanctity
Harm,Cheating,Betrayal,Subversion,Degredation
0.13648753306709493,0.41840860676764935,0.35196093846534215,0.08587627044829116,-0.12392215638988957
