Care,Fairness,Loyalty,Authority,Sanctity
Harm,Cheating,Betrayal,Subversion,Degredation
0.1418401912030025,0.3624909193519996,0.2797240228315032,-0.021335915108804948,-0.23390695352619184
