Care,Fairness,Loyalty,Authority,Sanctity
Harm,Cheating,Betrayal,Subversion,Degredation
0.014554443190759159,0.22815498859956462,0.1502054623555633,-0.12704237455609202,-0.4154415784553226
