Care,Fairness,Loyalty,Authority,Sanctity
Harm,Cheating,Betrayal,Subversion,Degredation
0.014933994385836646,0.31521334784507915,0.15055357082092935,-0.07782535746846253,-0.34553054448149223
