Care,Fairness,Loyalty,Authority,Sanctity
Harm,Cheating,Betrayal,Subversion,Degredation
0.01982073107548965,0.2811643409409308,0.13431186149937346,-0.12052128431741593,-0.34717892463550837
