Care,Fairness,Loyalty,Authority,Sanctity
Harm,Cheating,Betrayal,Subversion,Degredation
0.47569700960524686,0.6762409256364319,0.9031825319566638,0.6478739401375797,0.20775363029487437
