Care,Fairness,Loyalty,Authority,Sanctity
Harm,Cheating,Betrayal,Subversion,Degredation
0.01693200467006184,0.6658244261822985,0.4525842679935559,0.36532342560249265,-0.015192439533096458
