Care,Fairness,Loyalty,Authority,Sanctity
Harm,Cheating,Betrayal,Subversion,Degredation
0.08089911600065913,0.37188827337682184,0.19989411732715423,-0.056632261427474684,-0.16411909638038324
