Care,Fairness,Loyalty,Authority,Sanctity
Harm,Cheating,Betrayal,Subversion,Degredation
0.00494289360050959,0.32218192694301107,0.2953623595744659,0.17076139747333907,-0.06789996618105554
