Care,Fairness,Loyalty,Authority,Sanctity
Harm,Cheating,Betrayal,Subversion,Degredation
0.0017320767634880774,0.12900845003969552,0.24356290134917224,0.03257205947040864,-0.14180837751050435
