Care,Fairness,Loyalty,Authority,Sanctity
Harm,Cheating,Betrayal,Subversion,Degredation
0.2372019104969929,0.4218833122649328,0.2798131724957067,0.1160213802539467,0.028747217902015176
