Care,Fairness,Loyalty,Authority,Sanctity
Harm,Cheating,Betrayal,Subversion,Degredation
0.17232831619497002,0.3382094994130578,0.35706312769990034,0.031388051267684514,-0.2486264676196115
