Care,Fairness,Loyalty,Authority,Sanctity
Harm,Cheating,Betrayal,Subversion,Degredation
0.1748674715359264,0.4042036843374577,0.4509490188624359,0.36480640304507417,0.19433154012156106
