Care,Fairness,Loyalty,Authority,Sanctity
Harm,Cheating,Betrayal,Subversion,Degredation
0.1614986628607944,0.9523809523809523,0.6059246805751723,0.36583705503763864,-0.1481889639548487
