Care,Fairness,Loyalty,Authority,Sanctity
Harm,Cheating,Betrayal,Subversion,Degredation
0.39989206416470524,0.5899257445657122,0.5383019919889225,0.3471557199887392,0.13726295887321593
