Care,Fairness,Loyalty,Authority,Sanctity
Harm,Cheating,Betrayal,Subversion,Degredation
-0.0284858513181665,0.18268727446065114,0.25803226828492654,-0.1588899942200659,-0.2541228165980651
