Care,Fairness,Loyalty,Authority,Sanctity
Harm,Cheating,Betrayal,Subversion,Degredation
0.04734931477643167,0.40705029392176617,0.348659257306015,0.005975312685329248,-0.20675977838505477
