Care,Fairness,Loyalty,Authority,Sanctity
Harm,Cheating,Betrayal,Subversion,Degredation
-0.09054536599294638,0.5854895229507047,0.1490395414420529,0.04767375597242096,-0.2924198942141112
