Care,Fairness,Loyalty,Authority,Sanctity
Harm,Cheating,Betrayal,Subversion,Degredation
0.0018585778141713138,0.17750777607783186,-0.049137722110205284,-0.08312614174642641,-0.1289941188499456
