Care,Fairness,Loyalty,Authority,Sanctity
Harm,Cheating,Betrayal,Subversion,Degredation
0.009493160645562382,0.13914742580476025,0.049340385794212516,-0.10868647228986017,-0.17210380169396122
