Care,Fairness,Loyalty,Authority,Sanctity
Harm,Cheating,Betrayal,Subversion,Degredation
-0.03533739876669395,0.12187815214486242,-0.1089246714856138,-0.223115354483858,-0.3520274913687568
