Care,Fairness,Loyalty,Authority,Sanctity
Harm,Cheating,Betrayal,Subversion,Degredation
-0.004373242020348722,0.14598404045190594,-0.014730193924493484,-0.15157372068780017,-0.18579144681372528
