Care,Fairness,Loyalty,Authority,Sanctity
Harm,Cheating,Betrayal,Subversion,Degredation
0.049098396157977175,0.16037657143717832,0.015952780630010377,-0.0675512101690594,-0.10431356118667634
