Care,Fairness,Loyalty,Authority,Sanctity
Harm,Cheating,Betrayal,Subversion,Degredation
0.04285460079114212,0.14118798346078076,-0.020126068481088666,-0.21039364575795239,-0.3356309012280021
