Care,Fairness,Loyalty,Authority,Sanctity
Harm,Cheating,Betrayal,Subversion,Degredation
-0.027549606358004075,0.16630879616911076,-0.07933245221096219,-0.13796523860519405,-0.22426298461296945
