Care,Fairness,Loyalty,Authority,Sanctity
Harm,Cheating,Betrayal,Subversion,Degredation
-0.03778322669780387,0.14444546629341848,-0.08635813122242297,-0.24908131971167247,-0.35735092296706916
