Care,Fairness,Loyalty,Authority,Sanctity
Harm,Cheating,Betrayal,Subversion,Degradation
0.0068316064,0.039916627,-0.02302283,0.022030668,-0.032821123
-0.016698904,-0.037076086,-0.14697996,-0.10855351,-0.036703818
0.06809977,0.068710916,0.0032279864,0.010800008,-0.02365952
-0.11166893,-0.039050736,-0.120284505,-0.1342167,-0.1590623
0.068356745,0.0629064,0.0688812,0.11948738,0.18478853
-0.047640618,0.010323977,0.009669897,-0.00030852924,0.01775663
0.044352926,0.043480776,0.07690877,0.047868654,0.056552872
0.015059376,0.03418568,-0.027615225,0.024651283,0.11212831
0.029737178,0.01518248,0.07823656,0.0030336198,0.10741406
0.012182706,0.029131271,-0.023218887,0.0029434431,0.017097529
-0.08899318,-0.020435572,-0.10070668,-0.11064136,-0.07803775
-0.1038864,-0.08672005,-0.09462666,-0.025733648,-0.005352961
0.04237066,0.05686435,-0.014146904,0.039284393,0.0155747235
0.010201661,0.019393627,0.00080552325,-0.04112266,0.019959051
0.0960995,0.11735126,0.086528376,-0.004549402,0.02768997
-0.10420816,-0.102576025,-0.08740683,-0.13795045,-0.11656581
-0.042225994,0.040662695,-0.022344278,-0.012511564,0.013647974
0.010696778,-0.020780854,-0.09241839,0.029808156,-0.0008765012
-0.045978762,-0.0043219067,-0.1583248,-0.11322414,-0.072787836
0.09023234,0.06662159,-0.033462733,-0.0038510133,0.06864122
0.0750266,0.09936607,-0.026574656,-0.022847258,0.063181624
-0.029794939,-0.014701224,-0.11024383,0.058751017,-0.027491407
0.11997234,0.02924061,0.028967964,0.02639867,0.08098531
0.0017373739,0.07366115,-0.056448437,-0.07514995,0.018144682
-0.019814182,0.034335725,-0.0528744,-0.016199438,0.052630905
-0.011643415,-0.006305226,0.0036278553,-0.0030405205,0.02525755
0.050820556,0.021027047,-0.09532235,-0.09974686,-0.083495066
-0.0474312,-0.009692622,-0.07042396,0.0018537622,-0.09167393
