Care,Fairness,Loyalty,Authority,Sanctity
Harm,Cheating,Betrayal,Subversion,Degradation
-0.10763488,-0.036900483,-0.111603506,-0.062297318,-0.1151264
-0.08442865,-0.021837046,-0.05415764,0.05304737,-0.078832224
0.06483832,0.053275116,0.123058416,0.04016576,-0.010562018
0.0093788,-0.021285899,-0.007497143,-0.031731777,-0.08579081
-0.08159811,-0.14961773,-0.13386331,-0.11770036,-0.17458352
0.050069284,-0.048667975,-0.105717145,-0.05060563,-0.075607955
-0.06315232,0.028589658,-0.05225853,-0.07156233,-0.09920058
-0.09284052,-0.09215027,-0.12518035,-0.17738277,-0.07258403
-0.12184596,-0.028809775,-0.12505583,-0.05048136,-0.14670464
-0.10850301,-0.040611826,-0.06500872,0.008158154,-0.119324446
0.020389963,0.054942556,-0.012634262,0.024918431,0.03926969
-0.021561112,0.036831807,-0.08534165,0.009410666,-0.075360015
-0.01866329,-0.0058356784,-0.052039236,-0.018299349,-0.07716639
-0.14177606,-0.049320824,-0.093704835,-0.08866221,-0.0973121
-0.079961464,-0.09185669,-0.1114947,-0.044854023,0.011956608
-0.09327516,-0.03937182,-0.17978278,-0.079376146,-0.07421385
0.028568678,-0.11629765,-0.18443704,-0.07850892,0.017292425
0.07160494,0.094417065,0.091339424,0.12088908,0.077977605
-0.17605339,-0.04164125,-0.18029779,-0.10265204,-0.019061843
0.018830556,-0.17009416,-0.16881517,-0.19494632,-0.02007835
-0.040290695,-0.015264925,-0.069994956,0.008904509,-0.034667537
-0.029133983,-0.0698879,-0.05811111,-0.008595251,-0.13251601
0.049611155,-0.052670352,0.03460748,0.04019543,-0.015497213
-0.11907575,-0.049373817,-0.07891232,0.032001548,-0.0655563
-0.12030037,-0.014994403,0.03536947,0.026539598,-0.095571205
-0.14110962,-0.020251244,-0.06952287,-0.06393674,-0.15935987
-0.054459244,-0.030944047,-0.040698905,-0.05147381,-0.08516853
-0.027820978,-0.0029691523,0.0352446,0.009113248,-0.03260385
0.13502416,0.12346868,0.19484603,0.08322625,0.08599907
-0.06836273,-0.045338966,-0.017268669,-0.029966358,-0.04280819
-0.023649573,-0.14618075,-0.14834762,-0.15154777,-0.09212069
0.02568739,0.07441346,0.057876155,0.098291166,-0.047596235
