Care,Fairness,Loyalty,Authority,Sanctity
Harm,Cheating,Betrayal,Subversion,Degradation
0.031036645,0.022647234,-0.06948429,0.026018094,0.023345228
0.0122157065,0.04787044,-0.016502507,0.043082908,0.07463713
0.028071772,0.019799698,-0.06797116,0.015235152,0.10341293
-0.123157896,-0.118401945,-0.16727671,-0.13099547,-0.079370834
-0.015948182,-0.063007504,-0.09020789,-0.016725611,0.088147774
0.06460281,0.05613456,0.2382143,0.18478298,0.17523137
0.037177008,0.016165204,0.025087472,0.004293222,0.0649237
0.019388776,-0.003948491,-0.061721157,-0.0023116907,-0.048357617
0.016645482,0.015152909,0.027508305,0.032540105,0.02638835
-0.079545,-0.16816738,-0.12433872,-0.07706316,0.010702811
-0.037541647,-0.011158001,0.0049140537,0.017920686,0.0925231
-0.03378444,-0.008084731,-0.13494648,0.022471556,0.06922886
-0.05214443,0.038291242,-0.069892645,-0.0065866467,-0.0011829566
-0.006912403,0.059302337,0.026695503,0.056274086,0.041083068
-0.05468885,0.011539834,-0.086393885,0.008433166,0.022912946
-0.02325966,0.004492472,-0.043354396,0.020579398,0.03916506
0.04937411,0.0790633,-0.024560716,0.095427535,0.05812685
