Care,Fairness,Loyalty,Authority,Sanctity
Harm,Cheating,Betrayal,Subversion,Degradation
-0.01802443,0.21843514,0.017428814,0.08445004,0.049934484
-0.07647361,0.031213257,-0.023082161,-0.077443585,0.063381106
0.009464599,0.07161582,0.037979648,-0.0024639964,0.039847836
0.027035354,0.00044829398,0.027973883,-0.08687522,-0.07745728
-0.009670641,0.027573435,0.04836069,0.0825567,0.0049840435
0.030220084,-0.048016183,-0.022335775,-0.027703235,0.020512465
-0.0385117,0.012756178,-0.055602536,-0.014502626,-0.12521559
-0.0052365633,-0.07379491,-0.1192998,-0.018512832,-0.04752291
-0.061495956,-0.02813087,-0.12141539,-0.09714699,-0.16979346
-0.009297635,0.00013592094,-0.045442436,-0.06330477,-0.08078675
0.07975869,0.055791657,0.07673789,-0.05613728,0.017531142
0.04348335,0.101069115,0.08324747,0.07701657,0.059577838
0.008235997,0.09074947,-0.021132644,0.06909691,0.002711013
0.053487387,0.065631434,0.008380058,0.046548564,-0.056218565
0.09439626,0.15100268,0.17052539,0.080151595,0.059965566
-0.15073434,0.009467792,-0.14389524,-0.054461565,-0.102118716
0.0901014,0.16042331,0.10619089,0.066603795,0.0854107
-0.17388946,0.11414034,-0.04186215,-0.00039480627,-0.03959103
-0.05016877,0.074974164,-0.06509245,-0.02645499,0.044247087
-0.05348111,0.113974005,0.039919972,0.05027982,0.003143087
-0.15883444,-0.028096382,-0.1318366,-0.09689781,-0.038219206
-0.054900788,-0.020213101,-0.12828624,-0.08828248,-0.0074329916
-0.11120589,0.037929572,-0.12713516,-0.15770671,-0.05138199
-0.15729526,0.03662689,-0.06934109,0.009023362,-0.08206266
0.048485827,0.05347252,0.045194097,0.014307894,0.11791529
-0.09561294,0.107436955,-0.08714025,0.033440154,-0.02858997
0.10253915,0.06417901,0.14356905,0.047782138,0.024664301
0.05674401,-0.0010527465,0.054761324,0.033851672,0.07723436
0.021305626,0.15914716,0.13389832,0.16928579,0.1931122
0.0858814,0.20921203,0.23930359,0.054797977,0.13711196
0.007204188,0.11405491,0.013383979,0.037430376,0.12128185
-0.04887629,0.037863545,-0.12690747,-0.12788013,-0.14933197
0.0886343,0.13809058,0.046290185,0.06582783,0.01064349
0.0954653,0.11855967,0.1129603,0.05387055,0.0060626846
0.06160728,0.21289164,0.13176833,0.2004981,0.12418979
0.029906275,0.08281521,0.029874561,-0.015613172,-0.034480806
0.050000474,0.07348347,0.021590523,-0.03099482,-0.013445288
-0.02987221,0.18761986,0.044352084,0.07002948,0.07951117
0.11901184,0.1426094,0.09588375,0.07778892,0.059820972
0.023753816,0.07487479,0.06006881,0.1527338,0.1285038
