Care,Fairness,Loyalty,Authority,Sanctity
Harm,Cheating,Betrayal,Subversion,Degradation
-0.038610525,0.02481321,-0.109932095,-0.072257645,0.050364695
-0.008669995,0.08247004,0.0150673995,0.020815521,0.08950178
0.016031692,0.097613774,-0.11472443,-0.04456214,0.077517316
-0.03952942,-0.02335943,-0.05292607,-0.029143108,0.0529769
-0.0648742,-0.01759495,-0.14099845,-0.07678362,-0.06664228
0.071834266,0.085102424,0.038692895,0.028829498,0.028172415
0.0027555777,-0.09389791,-0.01818962,0.038766466,-0.007370988
-0.062295668,-0.035989378,-0.14229667,-0.093372285,-0.08280636
0.021327473,0.018141795,0.12528262,0.06023071,0.14551675
-0.028894518,0.089306936,0.07950353,0.0141585525,0.2389002
-0.041743625,0.1474832,-0.05318359,-0.034779854,0.051457576
0.020756632,0.028813712,0.013224848,0.047393564,0.00041114166
0.06805781,0.06962071,0.013660425,0.034293756,0.0043821945
0.0950339,0.09084103,0.026496593,0.0248963,0.06640329
0.00070954673,-0.0020759776,-0.042857464,-0.002035128,0.048926115
0.06670456,-0.0002488084,-0.06530009,0.043002456,-0.08912165
0.04263976,-0.05321537,-0.07086152,-0.0094811255,-0.029965814
0.080623,0.024167188,0.011877704,0.06463474,0.007212283
-0.012782555,-0.019263627,-0.0253545,0.035119746,0.016164426
-0.045424704,0.050243028,-0.037065826,-0.0735772,-0.019211989
-0.055093233,0.12777476,0.06901888,0.0019839965,0.090341404
0.031775884,0.052297622,0.114138186,0.0978374,0.087802574
0.041098513,0.014881732,-0.019795632,0.015588085,0.0073089413
0.037831306,0.13578166,0.02217439,0.122314736,0.06363009
0.02373653,0.0022966769,0.010129723,0.0026229518,0.015657404
-0.030809522,-0.0078065433,-0.022187997,-0.017972274,0.070040576
0.02251609,0.051499642,-0.05494562,0.045602415,0.011192627
0.12636457,0.050657794,0.026400337,0.046454087,0.0616676
-0.055886164,-0.0013575964,-0.120079964,-0.08638281,-0.16760254
0.07249764,0.10812283,0.039618775,-0.006802585,-0.033613488
0.05740277,0.100732304,0.045159705,0.007604325,0.009994499
