Care,Fairness,Loyalty,Authority,Sanctity
Harm,Cheating,Betrayal,Subversion,Degradation
-0.0015424397,0.010453584,-0.055346478,0.053309757,-0.034450885
-0.0369774,0.0064436323,-0.025070049,-0.042115387,-0.060866304
-0.106438644,0.02850345,-0.0035404023,0.079215564,0.018528476
-0.035649545,0.08689842,0.035063084,0.13941471,0.054863244
-0.01702343,-0.051336385,-0.057272665,0.010278031,-0.07336611
-0.038966328,0.044698127,-0.040887564,0.017868783,0.057872377
-0.065933324,-0.0049766824,-0.13679874,-0.08491011,-0.091648236
-0.042336714,-0.045775726,-0.036953382,-0.015473008,-0.008696012
-0.03200345,-0.038528018,-0.062466606,0.0114060305,-0.036891557
-0.11526858,0.10834118,-0.02637456,0.013760211,0.046628397
-0.017103188,-0.040514257,-0.07932244,0.03279628,0.031121876
0.059036184,-0.043767728,0.020698898,0.03805863,0.067288905
-0.003506437,0.04298376,-0.057038106,0.034492984,0.04603813
-0.021788642,-0.004100565,-0.049578696,-0.0077328105,-0.056904666
-0.08754218,0.014872668,-0.032345682,0.054252125,0.026848387
-0.06374983,-0.02898766,0.016783193,0.019306652,-0.053526446
-0.12060679,0.019904904,-0.07793223,-0.07937646,-0.08429528
0.039392777,0.07973743,0.05034933,0.09043594,0.042284757
-0.072566,0.13268231,0.09178524,0.14135861,0.036101077
-0.07010331,0.060414016,0.025514172,0.06424868,0.0702776
0.023021007,0.03594045,0.047857556,0.11903755,0.037360817
-0.062548324,0.046278037,0.0802737,0.16518381,0.01816245
0.07065751,0.1506397,0.205582,0.16814789,0.09433421
-0.15172915,-0.022471815,-0.058247842,-0.04362563,-0.13809657
-0.07080279,-0.0044523105,-0.028835725,0.009423707,-0.0805908
-0.023224559,0.018598597,0.038731948,0.06750223,0.0074953903
-0.040267147,0.014641535,-0.012737272,0.023843184,0.05954364
-0.07024362,0.06993148,-0.043855116,0.0023025712,-0.024647962
-0.10541374,0.059406027,0.012160145,0.090488985,0.026133772
0.056074716,-0.01099599,0.00087842694,0.0066945828,-0.10464007
-0.02074873,0.03887782,0.041562565,0.06447139,0.021185823
-0.0522312,0.03501987,-0.051042836,0.029529003,0.021704204
-0.07321145,0.009896843,-0.04160479,0.029382255,0.035995983
-0.010272976,0.04615224,0.03367905,0.05974765,0.016903311
-0.08382768,0.17065178,0.13475712,0.13513705,0.0920533
-0.07024877,0.100880474,0.046554398,0.03642845,0.018098578
-0.020390924,0.073486365,0.07031204,0.14334217,0.14742042
0.07455381,0.06687678,-0.047640935,0.051913016,0.018945288
0.008815357,0.057004657,0.045468017,0.052891985,0.13871941
0.120148994,0.062595904,0.076821335,0.05514952,0.07645006
