Care,Fairness,Loyalty,Authority,Sanctity
Harm,Cheating,Betrayal,Subversion,Degradation
-0.008121433,-0.069274634,0.026622128,-0.04692274,-0.103374675
-0.0004659705,0.0035366546,0.029496416,-0.018053822,-0.0030969419
-0.035312865,0.05072074,0.056761567,0.050908532,-0.011336032
-0.08802968,0.02008045,-0.088402614,-0.02828569,-0.011125801
-0.021304246,0.016881801,0.031644132,-0.042424627,-0.075891
0.0131664295,0.0024303906,0.06247537,-0.054395042,-0.044684492
0.022180568,-0.041324943,0.06746865,0.01605177,-0.023460604
-0.020379055,0.059667077,0.027510948,-0.044489373,0.021968676
-0.040517278,-0.036064338,0.009788778,-0.07507952,-0.123948514
-0.010109339,-0.03478588,0.059993908,-0.025389774,-0.043815125
-0.047843043,0.0071212286,0.055433337,-0.03236253,-0.0894568
-0.03257971,0.008475476,0.017465282,-0.04048028,-0.04739133
0.011419617,0.037430435,0.027624952,-0.025501229,-0.07903916
-0.03776221,0.104112595,0.04132287,0.0072369725,-0.093441606
0.0034445114,0.030657914,0.08602961,0.037267707,0.033549152
0.010089437,0.027177941,0.105936706,0.003129525,-0.057230327
-0.04218324,-0.027975705,-0.009498428,-0.030057808,6.3696876e-05
0.00429707,0.042779826,0.08919332,0.06541376,0.024848733
0.039197057,0.11709215,0.12023227,0.059643425,0.10764431
-0.022884693,0.0076425043,0.04907827,-0.027901348,-0.037470058
-0.07362348,-0.019585712,0.032927714,-0.084408745,-0.09051157
-0.029124834,0.027652742,0.080657184,-0.040653985,-0.035221525
-0.07070933,-0.015664281,-0.045493953,-0.07147563,-0.12975049
