Care,Fairness,Loyalty,Authority,Sanctity
Harm,Cheating,Betrayal,Subversion,Degradation
0.03086286,0.022981737,-0.0038488917,-0.0015540384,-0.01463278
0.03853527,0.087775856,0.03731273,0.055706725,0.013549104
0.059109237,0.048114784,0.026685063,-0.04457754,-0.011154063
0.17136192,0.08373888,0.13652176,0.035427693,0.20865583
0.08194387,0.08464124,0.10256404,0.07694225,0.10248096
0.11276692,0.12394906,0.14803842,0.13708588,0.12938607
0.06496662,0.0041663554,-0.016676847,0.051306993,0.07997778
0.03523966,-0.018987367,0.047526773,-0.014638671,0.027715713
-0.04515219,0.049202904,-0.0140334945,-0.028190918,0.036149997
-0.022331422,0.085914314,-0.006457399,0.033683103,0.010309194
0.06104212,-0.07651745,0.017709337,0.03551804,0.0357495
0.017438507,0.06807337,0.028154574,0.04495554,0.04388954
-0.018364169,0.052710876,0.033229742,0.00013628509,0.048165735
-0.016723134,-0.018122682,-0.000682815,0.022745362,0.107086614
