Care,Fairness,Loyalty,Authority,Sanctity
Harm,Cheating,Betrayal,Subversion,Degradation
-0.027716745,-0.030673072,-0.059064336,-0.027247876,-0.038883485
-0.078591675,-0.0114780255,-0.08336993,-0.10502294,-0.13048911
-0.036579467,-0.0049689785,-0.0025265757,0.02482633,-0.02223111
0.021449022,-0.01372527,-0.03611383,-0.029596208,0.019219749
