Care,Fairness,Loyalty,Authority,Sanctity
Harm,Cheating,Betrayal,Subversion,Degradation
-0.05173953,-0.031288642,-0.103859305,-0.07202084,-0.15187347
-0.010168221,0.08062563,-0.014835417,-0.04629319,-0.07490438
-0.06990422,-0.05468341,-0.11760013,-0.114224255,-0.13029766
0.0121215265,0.08189009,0.051243745,0.03387462,-0.03101148
-0.08712542,-0.074024476,-0.16413021,-0.08235641,-0.19567099
-0.08337325,-0.007596739,0.0012630974,0.015818015,0.05799076
-0.09006333,-0.23007384,-0.19855694,-0.13724747,-0.1721555
0.04596836,0.042132743,0.039283663,-0.042969227,-0.077014476
-0.02227229,-0.0053374134,-0.04673962,-0.035112385,-0.03502649
0.036005855,0.03391923,0.0064038914,0.0124480575,-0.02904496
0.08562765,-0.04136897,0.04909003,0.019344572,0.055553596
0.03728663,0.094657525,0.05630627,0.0131904185,-0.056190774
-0.005708822,0.0016324213,0.0035009496,-0.079606846,-0.10849924
0.0032117306,0.1092174,-0.03130895,-0.079033,-0.10667182
-0.03547611,0.06678164,-0.008706477,-0.099101596,-0.049609512
-0.030066056,0.04703655,-0.020249529,-0.074414976,-0.09516209
0.04274854,0.041352402,0.08175083,-0.038617305,-0.027365431
0.048791,0.051694937,0.099727824,-0.07729538,-0.03703417
-0.011057066,-0.033276353,-0.0063942764,-0.13393024,-0.026292007
-0.020554915,-0.10524285,-0.080746174,-0.09309697,-0.053460725
-0.00012994558,0.08562893,0.102360815,0.07793054,0.06622695
0.020316739,0.019586429,-0.012894585,-0.0859354,-0.05022288
-0.03514144,-0.056933273,-0.102230996,-0.11878488,-0.18182637
0.013720323,0.10485394,0.23341723,0.11009399,0.1410291
0.01624448,0.09129959,0.089639395,-0.059521984,-0.05398324
0.04599843,0.0815145,0.16515344,0.06669429,0.042101678
-0.022486012,0.022228219,0.0026862342,-0.031148504,-0.05777405
0.0023268312,0.016436415,0.03216875,-0.01802669,-0.08411453
