Care,Fairness,Loyalty,Authority,Sanctity
Harm,Cheating,Betrayal,Subversion,Degradation
-0.028560936,-0.09884011,-0.080809705,-0.04551796,-0.026245195
-0.07858048,-0.01943703,-0.016346494,-0.090528354,-0.13928394
0.019255068,0.002239449,-0.06859834,-0.066009775,-0.021158984
0.0061758747,-0.05353026,0.01574266,-0.035018787,-0.14974539
-0.006376462,-0.055229053,-0.061118696,-0.11844824,-0.06037228
-0.106267616,-0.1388389,-0.11370728,-0.037244383,-0.11327945
0.004295975,0.013314619,-0.0012414111,0.07387409,0.028300393
-0.021254411,0.06830363,0.008140454,0.045195326,-0.004610028
-0.019414118,0.09648904,0.11137311,0.0509326,0.10794142
0.025074555,0.030276671,0.08016731,-0.026320966,0.053024627
0.15226583,0.1348999,0.10251479,0.12523931,0.11847456
0.06398138,0.046808377,0.04107219,-0.0042787874,0.033324234
0.047186613,0.018482951,0.06912085,-0.047000557,-0.07553992
0.12261991,0.11103213,0.13037047,0.052622914,0.02375485
0.08231681,0.05856855,0.13273834,0.03417781,0.013750775
0.086072005,0.121186,0.1341412,-0.005121758,0.031600825
0.055634484,0.036398064,0.120032996,-0.018467147,-0.04257354
