Care,Fairness,Loyalty,Authority,Sanctity
Harm,Cheating,Betrayal,Subversion,Degradation
-0.07207854,-0.013064234,-0.038693704,0.018939434,-0.009049274
-0.09360674,-0.0018427358,-0.015451778,-0.0033219848,0.019098086
0.03329943,0.079393,0.05541744,0.022912145,0.03018843
0.07079564,0.07720458,0.100662336,0.027512204,0.07902529
0.0010142699,0.06602881,0.04322096,0.05845428,-0.012323936
-0.1499516,-0.071796246,-0.09869972,0.018413253,-0.014371008
-0.091123186,0.039207302,-0.05825172,-0.011910524,-0.1163778
0.023497028,0.06682648,0.030668063,-0.029884255,0.0076765455
-0.044128515,0.08908522,0.032894798,0.014974909,0.027232822
-0.010575691,0.035682827,0.008382695,-0.0140659325,0.021704959
-0.06997292,0.016617235,0.030918866,0.011013329,-0.028734367
0.014881793,0.012445897,0.00957883,-0.051588085,-0.0059970953
