Care,Fairness,Loyalty,Authority,Sanctity
Harm,Cheating,Betrayal,Subversion,Degradation
-0.014809379,0.003944193,-0.060759414,-0.03104648,-0.07252347
-0.14516577,-0.045367964,-0.09717136,-0.075390965,-0.118714154
0.0040718783,0.012896355,-0.026121356,0.008227661,-0.10985683
0.038568236,0.07637749,0.09453277,0.012415364,0.003266316
0.032215025,0.08010271,0.07139826,0.09513872,-0.043638844
-0.18230906,0.008743572,-0.05820205,-0.016593007,-0.0559896
0.08832528,-0.014558738,0.0060234424,0.01162634,-0.050403163
-0.0785771,-0.17907014,-0.11631109,-0.13721538,-0.15608092
-0.044269823,0.01626268,-0.043888822,-0.017141048,-0.09734099
0.004967252,0.039363682,0.08046131,0.02051935,-0.05192689
-0.06912851,-0.012969026,-0.017201073,0.045940336,-0.04638839
-0.09123333,-0.053569112,-0.0759259,-0.14627472,-0.13631132
-0.047915053,0.0038019326,-0.03299194,-0.0035891011,-0.03692187
0.013093591,0.13147259,0.07705137,0.15332651,-0.03468463
-0.011801457,0.087905966,0.08215226,0.020517593,0.012901932
0.011995658,0.107663825,0.087292954,-0.0059393942,-0.020536095
