Care,Fairness,Loyalty,Authority,Sanctity
Harm,Cheating,Betrayal,Subversion,Degradation
0.013249936,0.014095169,0.03748186,0.0030979235,0.022749463
0.1004923,0.1309925,0.13266434,0.1854257,0.06900056
0.083873436,0.08025587,0.038135733,0.045710854,0.0761857
-0.012144867,0.08545011,-0.017896395,0.03799867,0.04593595
-0.05340709,0.03579644,-0.11847957,-0.018512972,-0.052893512
-0.016981415,-0.0010886276,-0.10341148,-0.04584728,-0.07023555
-0.030497363,0.020283837,-0.02467072,-0.02661495,0.047040932
-0.02302248,-0.050188504,0.012640976,0.0005782759,-0.009091284
0.119763136,0.10249361,0.15812764,0.09214693,0.06342688
0.0048483703,0.06810413,0.012547005,-0.0039485414,0.007966736
-0.0053531565,0.020263012,-0.017537123,-0.099776775,-0.035435326
0.021376837,0.12028518,0.09008661,0.11412838,0.044653192
