Care,Fairness,Loyalty,Authority,Sanctity
Harm,Cheating,Betrayal,Subversion,Degradation
-0.04014724,-0.054915022,-0.07347986,-0.023840321,0.0051572025
-0.01249064,0.00033293106,0.020691833,-0.043848157,-0.046070047
0.0736699,0.07247942,0.1789037,0.16724372,0.21283236
-0.07172072,-0.053779397,-0.085872605,-0.0882801,-0.043378238
-0.08137263,-0.12478796,-0.1178353,-0.03978314,-0.050232157
-0.11448392,-0.120510325,-0.09852173,-0.09192971,-0.26563162
-0.057246067,-0.052427758,-0.032194383,-0.048637457,-0.063735604
0.01182287,-0.022291059,-0.10083328,-0.013078729,-0.012884412
0.026903728,0.0073896423,-0.024036424,-0.011766754,-0.023792453
-0.25263184,-0.19317837,-0.19496131,-0.10881566,-0.17453954
0.038570575,-0.052397028,-0.08608781,0.060196556,0.015614096
-0.011900624,0.028594524,-0.0016536722,-0.025370235,0.009651553
-0.0060963733,0.044528276,0.0871344,0.007376123,0.12038343
-0.030666824,-0.026634974,-0.07480038,-0.038404178,0.05786694
-0.0651105,-0.08161637,-0.04469934,-0.08828905,-0.026901567
-0.009977,-0.03082453,0.013068849,-0.056359135,0.029980373
-0.0679421,0.009903143,0.050263226,0.020413548,-0.084729314
-0.046838783,-0.05329109,-0.12600844,-0.08527432,-0.13312295
-0.036350623,-0.037885245,-0.07443287,-0.06871701,-0.17679432
0.04249447,0.08761951,0.0316633,-0.027968222,-0.045473337
0.055572458,0.010804588,-0.07124196,-0.103999875,-0.089269936
-0.16926141,-0.04738422,-0.11475968,-0.07153192,-0.23902658
-0.12319936,-0.02354282,-0.11683978,-0.11571946,-0.14237833
-0.043403268,-0.052624833,-0.011434792,-0.024262492,-0.059285197
-0.120236084,-0.07067,-0.15260965,-0.10718082,-0.17837577
-0.08844186,0.020412225,-0.121896826,-0.08206795,-0.22397709
-0.03964532,0.03471911,-0.00014317036,-0.029312577,-0.08646802
-0.04829464,-0.013768328,0.00049471203,-0.039292585,-0.07697178
0.033893496,-0.040233064,-0.041204944,-0.048716016,-0.068510085
0.021602616,0.0726738,0.0184363,0.033856675,0.015609022
-0.008156508,0.042436335,0.03511402,-0.01926586,-0.10026756
0.104414776,0.0840787,0.032811258,-0.07409418,-0.013600346
0.05547785,0.088556916,0.032919195,-0.01125651,-0.027222227
0.07654739,0.10920329,0.10155913,0.040121496,-0.014103845
0.040590696,0.038055625,0.016511159,0.023381889,0.01154843
