Care,Fairness,Loyalty,Authority,Sanctity
Harm,Cheating,Betrayal,Subversion,Degradation
-0.008798145,0.028200872,-0.035533212,0.0045971023,-0.10058125
0.006825354,0.03590069,0.00091784634,0.10154971,-0.06846532
0.060147878,0.10960624,0.112551905,0.086618826,0.015457058
-0.031792212,-0.02648338,-0.04632201,-0.012368843,-0.019728575
0.07653924,0.093794905,0.13735381,0.07353714,0.072065234
0.06726846,0.09301986,0.21389814,0.101240695,0.045867547
0.07010178,0.056881145,0.09126654,0.024467457,-0.043478925
-0.012099491,0.07554506,0.0016956888,0.022703528,-0.05160657
