Care,Fairness,Loyalty,Authority,Sanctity
Harm,Cheating,Betrayal,Subversion,Degradation
-0.054982405,-0.040871188,-0.117902264,-0.099638894,-0.08641262
0.037819464,0.06362833,0.13400431,-0.024506576,0.05033376
0.023030387,0.042356137,-0.05668994,-0.056716967,-0.011216394
-0.044604376,-0.08625856,-0.10084383,-0.1644246,-0.08880149
0.10399993,0.07199154,0.096732646,0.028989851,0.0090919975
0.07697731,0.036669403,-0.010923872,-0.024579842,0.0001605954
-0.096174136,0.0466182,-0.1010516,-0.11265355,-0.04792381
-0.045848418,0.05248023,-0.03601022,-0.10176501,0.010557566
-0.07557689,0.029002853,-0.09087615,-0.06272352,-0.082131654
-0.027459208,-0.047556903,-0.032373972,0.05367111,0.02011741
0.08220304,0.08808229,0.11517148,0.096121356,0.14021774
0.04351325,0.18563555,0.16626859,0.07505053,0.22258888
0.042883314,0.021143848,0.17792487,0.117734544,0.12211945
0.09828615,0.118894435,0.21997824,0.15548441,0.12674525
-0.027644461,-0.03132026,0.052292917,0.0009114975,0.07105126
-0.047482684,-0.009545691,-0.12323262,-0.028143015,-0.055239603
0.057412107,0.048598018,0.21070534,0.06816673,0.11659908
0.02917454,0.068238005,0.099479295,-0.004929592,0.038630746
0.10323146,0.034130722,0.10335592,0.090075225,0.118114576
0.05612264,0.006949678,-0.023191733,-0.049042877,-0.051414076
0.07485527,0.06946247,0.029985562,0.0005747434,0.06426822
0.09700734,0.049577054,0.19390708,0.0029056277,0.14449161
