Care,Fairness,Loyalty,Authority,Sanctity
Harm,Cheating,Betrayal,Subversion,Degradation
-0.07988702,0.0038843304,-0.040776663,-0.0036495645,-0.09700841
-0.0058198795,0.08045564,0.06715703,0.046328068,0.021747455
-0.11476864,-0.09226596,-0.10642755,-0.11333353,-0.12553988
-0.10040787,-0.06406686,-0.11433463,-0.08161562,-0.025308635
-0.06622842,0.033432838,-0.039981283,-0.039224558,-0.11566099
-0.101057075,0.009544049,-0.027600162,-0.020227276,-0.043550313
-0.015149243,0.057970427,0.032680444,0.109666266,-0.0015793871
0.018909827,0.047706462,-0.008817611,-0.017971592,-0.018225469
0.031375803,0.01569065,-0.03520401,0.0027910452,0.07056396
0.07839593,0.08776504,0.15178028,0.081458524,0.009259401
-0.11435273,0.08032016,-0.003917195,-0.07580271,-0.06515891
-0.055573292,0.047702532,-0.11115108,-0.10178996,-0.1313617
-0.028707832,0.08967896,0.06461254,0.04255394,0.017780993
-0.022410586,0.03900822,0.029273279,0.025078837,-0.050539874
-0.0798686,0.0028166035,-0.08552484,0.02221427,-0.069417454
-0.14052553,0.0009772368,-0.13019481,-0.09706457,-0.15676242
-0.02780474,0.08340509,-0.0011031749,0.062547,-0.008993535
-0.031373486,0.076738395,0.0057728887,-0.028444283,0.0028562644
-0.07162242,-0.029267909,0.030887738,0.13780732,0.05900092
