Care,Fairness,Loyalty,Authority,Sanctity
Harm,Cheating,Betrayal,Subversion,Degradation
0.026286634,-0.00078186835,-0.08177581,-0.0455672,-0.013923005
-0.0073921327,0.037132952,0.014349788,-0.024262194,-0.002632225
-0.038558576,-0.015039946,-0.0446373,-0.035258003,-0.15373223
0.04754331,0.071970895,-0.015019197,0.011357345,0.010800371
0.051966656,0.101810254,0.17150217,0.14894134,0.073774025
0.08482647,-0.010930557,0.107338525,-0.047413558,0.055351578
0.072636545,0.06332311,0.113138855,0.10126762,0.04488548
0.028696299,0.08459695,0.015630377,-0.021771686,-0.0037296172
0.03538581,0.038460962,0.10902447,-0.005459508,-0.024239782
0.00874123,0.11148505,0.04046983,-0.02073706,-0.01655262
-0.13242884,-0.12708907,-0.13069251,-0.12817799,-0.0011732448
0.03837975,0.023543766,0.034477748,0.047137942,-0.058087405
0.05723861,0.104581065,0.09119416,0.12191946,0.023026034
0.04012272,0.078871645,0.050134987,0.054745257,-0.023305597
