Care,Fairness,Loyalty,Authority,Sanctity
Harm,Cheating,Betrayal,Subversion,Degradation
-0.020873824,0.037251987,-0.089564845,0.0039240755,-0.061948653
0.09546712,0.041436978,0.05509693,-0.0027086698,-0.01165846
-0.024042629,-0.014015983,-0.010863932,0.013832909,0.018209929
-0.069707215,-0.12839177,-0.1444121,-0.062430065,-0.080054685
-0.035121903,-0.02529088,-0.017053239,-0.0018786667,-0.0039808787
-0.081363626,-0.015515039,-0.061113723,-0.08457232,-0.1264386
0.05807502,0.026120573,-0.059217963,0.023166329,-0.09893881
-0.06391596,-0.011252295,-0.053937472,-0.048120156,-0.14731085
0.0132459905,0.13921194,0.22580728,0.10868907,0.026615659
-0.008917075,0.04047796,0.14498478,0.04243446,-0.028906973
0.026701825,-0.007022638,-0.06911991,-0.023650903,-0.057582498
-0.116654634,-0.010467997,-0.059241846,0.01463075,-0.11819122
-0.037323568,0.0008518845,-0.10938096,-0.076057956,-0.15545425
-0.010431502,0.011528443,-0.032036427,-0.12498225,-0.041205794
0.10816665,-0.001179874,0.06762227,0.007838113,-0.0039725257
-0.025581129,-0.012010682,0.029195054,0.053383134,-0.06552102
-0.05721315,-0.107800744,-0.13133356,-0.0786668,-0.101587914
0.067340836,0.047872715,0.1249455,0.031425957,-0.000700295
0.002367949,-0.061061565,0.02258183,-0.046503052,-0.012021959
5.262764e-05,0.007520085,0.09983776,0.03668849,0.032283183
0.082898885,0.07518838,0.15890893,0.0066746157,0.032001063
0.03943266,-0.0313757,0.08047058,0.02128129,0.052024256
0.019392509,0.017082978,0.0731654,-0.027674042,0.0013428573
-0.050231688,-0.10926185,-0.030639138,-0.020377314,-0.0763041
0.024394859,-0.020329827,-0.019049052,-0.056760326,-0.056496773
-0.038901195,-0.013965426,0.007334672,0.032066382,-0.049240176
-0.16710538,-0.09073995,-0.011446789,0.0029680557,-0.037464608
-0.11804056,-0.059815235,-0.06004358,-0.033670045,-0.20424652
-0.109043084,0.105939984,0.042370226,0.11077364,-0.0053993147
-0.05710366,-0.04364115,-0.017122611,-0.016443651,-0.05235443
-0.046871558,-0.019247755,-0.008613047,0.04790621,-0.015945304
0.03569886,-0.050285652,-0.14858009,-0.06771749,-0.03508526
-0.02967043,0.034885246,0.017055506,0.075391665,-0.04612828
0.03730286,0.074524805,0.100067586,0.042781554,-0.002061937
0.020703021,0.044931237,-0.0054647597,0.041511543,-0.06717683
0.063333794,-0.05668194,0.0036859885,-0.021668676,0.05943485
0.03208972,0.056161396,-0.026308922,-0.019152146,-0.0931915
0.005466204,0.08248821,-0.03531464,0.052515116,-0.046775047
-0.10616476,0.08924189,0.008099757,0.056086194,-0.002916826
