Care,Fairness,Loyalty,Authority,Sanctity
Harm,Cheating,Betrayal,Subversion,Degradation
-0.05389473,-0.0019466132,-0.059159435,-0.022684958,-0.036277562
0.0014750026,0.057094768,-0.05703768,-0.045489278,0.03993572
-0.050681062,0.06754601,-0.07594824,-0.09253895,-0.10522504
-0.013304306,-0.000743106,-0.041069206,-0.05527921,-0.03516374
-0.05280023,-0.029100478,-0.017702594,0.010903671,-0.028892726
-0.07679148,-0.07732424,-0.05956701,-0.06434332,-0.14096522
-0.074067086,-0.10010593,-0.08819527,-0.07769082,-0.110509545
-0.101484954,-0.10718964,-0.106953576,-0.08409961,-0.07964209
-0.03638637,-0.05219744,0.01821614,-0.039622314,-0.006540023
-0.06415102,-0.008308724,-0.062571734,-0.008893285,0.070437886
0.0063457265,-0.03848266,-0.041482385,-0.02429558,0.0154149905
0.043533143,0.035050664,0.043212906,-0.04430982,-0.030660093
-0.032772996,-0.036182582,-0.055534873,-0.0725036,0.026081821
0.007422194,0.046433978,-0.08477921,-0.031479552,0.026377928
-6.741844e-05,0.042009663,0.047846295,-0.0644986,-0.047192074
0.09595539,0.023393825,0.043848973,-0.020331617,0.008666839
-0.07575132,-0.019783966,-0.015867714,-0.040033367,-0.0043311752
0.04878217,0.14234257,0.0796411,0.053750303,0.061192654
-0.012343146,0.02064959,0.014690112,-0.034013033,-0.038101833
0.12605283,0.09197346,0.18362367,0.07232237,-0.018057127
0.058809377,0.0041456465,0.19587404,0.027985526,-0.015675109
0.08085923,0.023292689,0.11900488,0.028671762,-0.007220885
-0.102258876,-0.08627155,-0.05977875,-0.0686951,-0.062791154
-0.06681861,0.040871456,0.039173864,-0.055287633,-0.08516158
-0.09644845,-0.08097531,-0.063415386,-0.1523731,-0.25550255
0.028874554,0.073776245,0.07674199,0.022902178,-0.0548337
0.02274454,0.021327632,0.06497344,-0.026351558,-0.025784012
0.00789221,-0.024367934,0.074176215,-0.015614854,-0.06849336
0.08169432,0.047124878,-0.012294999,-0.03311481,0.019408088
-0.04490859,-0.0047209123,0.05007579,-0.02678229,-0.08521123
-0.07073021,0.0058356635,0.0023136102,-0.077854246,-0.11781573
-0.043053888,0.005326763,-0.0635436,0.01646839,0.021110505
-0.0680787,-0.013084466,-0.046292335,-0.07753564,-0.10543893
-0.073584795,-0.08390684,-0.10775776,-0.032549,-0.1485165
-0.058182597,-0.07261807,-0.03462466,-0.00054989755,-0.025723869
