Care,Fairness,Loyalty,Authority,Sanctity
Harm,Cheating,Betrayal,Subversion,Degradation
0.084495276,0.06643818,-0.038635544,-0.037636038,-0.05016768
0.045863986,0.010671245,-0.0688983,-0.09162837,-0.12175305
0.08333777,-0.0020498335,-0.09456195,-0.13552621,-0.0636258
0.10154857,0.008951105,-0.070244074,-0.10098988,-0.053415872
0.06569055,-0.0013721008,-0.00771711,-0.027760856,-0.0066783093
-0.00034420518,-0.10489315,0.0032174904,-0.10644257,-0.10439095
0.027445698,0.048674792,0.050619975,0.055678938,-0.06769186
0.03849756,0.023597497,0.07411705,0.024552587,0.010975944
0.011810053,-0.033475004,-0.053607747,-0.12600456,-0.035595983
0.041422475,-0.0354792,0.03191627,0.029924251,0.028806627
0.10261628,0.06351106,0.070594504,0.047704905,0.079927325
0.09158834,0.0103787,0.08431932,0.12268326,0.08294239
-0.044314638,-0.080768295,-0.03462306,-0.043450885,-0.019513298
