Care,Fairness,Loyalty,Authority,Sanctity
Harm,Cheating,Betrayal,Subversion,Degradation
-0.050061524,-0.020690296,-0.030680332,-0.0059483573,-0.04278129
0.007375884,-0.043202244,-0.053875472,-0.022851378,-0.010371637
-0.045137938,-0.026153892,-0.056895174,-0.07152219,-0.13293059
-0.1887106,-0.09466587,-0.07344653,0.030050777,-0.12049697
-0.056236785,-0.010167781,-0.04187466,-0.052158456,-0.06644201
-0.06306207,-0.025479045,-0.031133946,-0.01871555,-0.10412753
-0.032714423,-0.020881101,-0.031864844,-0.059207648,-0.11682542
-0.082635134,-0.019525394,-0.06194672,-0.06686409,-0.11340061
-0.13420229,-0.008588359,-0.08794836,-0.04435939,-0.09753436
0.05101629,0.1068809,0.0936359,0.060269207,-0.018746898
0.057394855,0.11642846,0.06827128,0.01769508,0.016496249
0.07664158,0.08002745,0.054388896,0.018911038,-0.0029968545
-0.027253704,0.016800394,0.010450201,0.02197284,-0.018313792
-0.0670832,-0.08287305,-0.064310335,-0.052467693,-0.07694007
0.05097506,0.085575625,0.14158311,0.16677283,0.12624355
-0.05797662,-0.055827584,-0.018679205,-0.048114784,-0.039620973
0.0023628268,0.004300408,0.031014385,0.0608743,0.036547467
0.14272805,0.15499187,0.10117374,0.106151626,0.13607222
-0.121689074,-0.15478963,-0.24195921,-0.17577894,-0.20665288
-0.035254143,-0.053195097,-0.06728266,0.037628237,0.00020367652
-0.045343928,-0.016885515,-0.0289326,-0.038420975,-0.01350068
-0.028246466,0.04483995,0.032519773,-0.029526645,-0.018668644
-0.0970387,-0.08253686,-0.066872716,-0.09612643,-0.05275683
0.032184105,0.088633925,0.009289596,-0.06709154,-0.007631192
-0.004507184,-0.0034636185,-0.060313255,-0.016120635,-0.04110245
-0.044033192,0.024911035,0.11241079,0.14688395,0.07252747
-0.021867385,-0.01667137,-0.035472117,0.08786136,-0.09249131
-0.025539014,-0.014818847,-0.01818211,-0.038327556,0.04457762
-0.08668845,0.011094935,0.01072241,-0.02668267,0.01822776
-0.0039006397,-0.049030043,0.055339288,0.036074974,0.0034898762
0.034803934,0.04021538,0.07460591,-0.03638412,0.04512316
