Care,Fairness,Loyalty,Authority,Sanctity
Harm,Cheating,Betrayal,Subversion,Degradation
-0.040918965,0.033073224,-0.033775184,0.0825186,0.04096193
-0.017482255,0.041787475,0.04847964,0.0912642,0.09794393
0.08523907,0.05176077,0.091613725,0.055870965,0.049113095
0.072813906,0.13586923,0.1566616,0.06489975,0.06786808
0.019015443,0.043797094,0.06974668,0.002432473,0.00086077116
-0.028063834,-0.0033664932,-0.019232914,-0.01386459,-0.037532993
-0.0044444576,-0.016957644,-0.051473655,-0.054579824,-0.16682248
0.030264573,0.035059426,0.033195935,0.020264499,-0.10117374
0.039130345,0.029953893,-0.022403657,-0.00876496,0.026894305
0.074709184,0.06835156,0.12450897,0.080219045,0.04339173
0.1350671,0.06445782,0.10781881,0.033037707,0.14498946
0.013466182,0.071272284,0.06591992,0.027052,-0.008919073
0.026130466,0.06667244,0.12118172,0.09375054,0.11917085
0.020391092,0.020319223,0.029739508,-0.056497898,-0.07690026
0.028506655,0.005592815,-0.014403282,0.0046926895,0.010222672
0.04733235,0.09601727,0.1064284,0.050349742,0.04815986
0.061212763,0.007098634,-0.015896397,0.029149598,-0.011650562
-0.0029694177,0.12189476,-0.043929074,0.017874401,-0.014590865
0.041733287,0.06793205,0.07184372,0.02265627,-0.020872602
0.18464231,0.07434005,0.107426286,0.07707696,0.060642708
0.04083329,0.03461998,0.0118355425,0.03296504,0.032594092
0.09023147,0.10376929,0.06220372,0.045519017,-0.041670084
0.109353244,0.024112398,0.14435807,0.13756426,0.15476257
-0.039622296,-0.013256595,-0.10619753,-0.022617325,-0.06972144
-0.05540652,-0.04109951,-0.0037828684,-0.007616427,-0.036794364
0.060252283,0.020864222,0.03092206,-0.046474572,0.05749444
