Care,Fairness,Loyalty,Authority,Sanctity
Harm,Cheating,Betrayal,Subversion,Degradation
-0.008925874,0.038718022,-0.0038697496,0.03771587,0.018067215
-0.013830634,0.03537637,0.04608056,0.05800924,0.022599768
-0.021867346,-0.016671404,-0.03547208,0.0878613,-0.09249132
-0.03170448,0.022698127,-0.023539335,-0.0248552,-0.023458771
-0.03903886,-0.011268254,-0.034992352,0.021975711,0.00031731836
0.027343415,0.08015064,0.03094548,0.009449702,-0.03604056
-0.010291051,0.020773264,0.020423476,0.030827101,-0.03628481
0.009449793,0.08758617,0.031699374,0.059184324,0.033438098
0.031005934,0.09555369,-0.033966772,-0.024337038,-0.03762749
0.031287223,-0.063805774,-0.114430256,-0.0252993,-0.07203188
-0.027428012,-0.0077555594,-0.035347495,0.003138421,0.0042849868
0.03829425,0.044283614,-0.07579619,0.018461704,-0.002295956
0.05023046,0.02992625,0.0717411,0.009462738,0.0983307
0.050254963,0.052640364,0.0457895,-0.027322449,0.058509808
0.012554352,0.08116624,0.020792596,-0.04124963,0.019984223
-0.010462755,0.07785898,0.05516609,0.024756696,0.020999383
0.019022338,0.06531491,0.10233785,0.019827163,0.033347815
-0.009776811,0.028286073,0.049907174,-0.0070803836,-0.018444356
0.03302369,-0.106101714,-0.12543091,-0.12433349,-0.10251911
0.06571758,0.14040291,0.19807382,0.10721346,0.026199702
0.10625006,0.08187673,0.062635355,0.05638229,0.03550607
0.042104796,0.055518,-0.020706799,0.025335899,-0.0039860196
0.0080059115,-0.0040770434,-0.014123,0.036639027,-0.05504446
0.11894656,0.029969532,0.05271094,0.04777583,0.01134414
-0.05268902,0.0010091439,-0.06574251,-0.058174826,-0.05299194
-0.074498124,0.0040380936,-0.03380373,-0.090971306,-0.038047113
0.08806026,0.03541635,0.08416031,0.08206133,0.115198545
0.032961562,0.062063348,0.07341392,0.11517981,0.02074083
0.08390544,0.11512942,0.18247917,0.076372296,0.08972594
