Care,Fairness,Loyalty,Authority,Sanctity
Harm,Cheating,Betrayal,Subversion,Degradation
-0.07812613,-0.08391988,-0.079560645,-0.04621025,-0.15774722
-0.116981536,-0.031380408,-0.061987966,-0.060196973,-0.106913015
-0.09040597,-0.056050308,-0.100653455,-0.037246004,-0.0821518
-0.054665826,0.01551576,0.027026929,0.038159143,0.013269609
-0.11806748,0.0009194836,0.035260055,0.06368458,-0.077650174
-0.035008565,-0.006142835,-0.029623091,0.01625029,0.074068524
0.025172887,0.00408272,0.005599777,0.027873201,0.15880707
0.00883894,0.04161654,-0.042134922,0.063216515,0.022241192
-0.04764469,0.034058813,0.008459525,-0.0027023554,0.0026485752
-0.074419014,-0.18785246,-0.12439744,-0.028454924,-0.14975742
0.00977255,-0.051159456,-0.040027622,-0.014764771,0.046608638
-0.17123622,-0.23335934,-0.1937931,-0.111684054,-0.10628298
-0.052712806,-0.19594176,-0.07307946,-0.14942732,-0.07916698
-0.018658534,-0.007791577,-0.017475035,-0.022521917,-0.028987486
-0.04410553,-0.12146731,-0.038641322,-0.060009733,0.07338672
-0.027819164,-0.041026697,-0.037383065,0.009180447,-0.09348527
0.010254189,-0.013510145,0.031730846,-0.031600237,-0.10368847
0.056700908,0.011562096,0.08731376,-0.05141631,-0.06452179
-0.10169126,-0.09344261,-0.08885302,-0.0684856,-0.121820174
0.04250651,0.075703286,0.17905578,0.06631738,0.04310052
-0.13761024,-0.025932925,-0.037232455,-0.014680022,-0.05621496
-0.0820273,0.079662085,0.006430298,0.024109486,-0.0030555911
-0.12952366,-0.0397802,-0.05048123,-0.030856553,-0.13529062
-0.1427646,-0.029105695,-0.056976967,-0.05254543,-0.10074306
-0.034146175,-0.025106862,-0.0031083561,-0.01514136,-0.019430619
-0.118547544,0.017763838,0.0054065697,-0.00908461,-0.048966303
0.063713446,0.07103765,0.10003783,0.03741038,0.045987397
-0.063948,0.024939878,0.031828538,-0.05016702,-0.13466214
-0.1594106,-0.020312121,-0.005896634,0.010455035,-0.10964927
-0.072629794,-0.015891362,-0.010138798,-0.018794684,-0.09093115
-0.07692539,0.10544519,0.0037251227,0.114892915,-0.026984565
-0.113983124,0.10858371,-0.005474517,0.09811402,0.009180181
