Care,Fairness,Loyalty,Authority,Sanctity
Harm,Cheating,Betrayal,Subversion,Degradation
-0.006400844,0.042348187,-0.0046763495,0.043956324,0.052476313
0.055691075,0.06131185,-0.05337403,0.06341294,0.03588804
0.0016336963,-0.017728003,0.022448786,0.022094522,0.02445991
0.028630976,0.0229453,0.0769816,0.06227561,0.05690891
-0.01405501,-0.007680772,0.058287695,0.030932384,0.098916814
-0.00068915077,0.011503287,0.10074433,0.06787852,0.08307112
-0.0012533544,0.076494984,0.07534602,0.038316295,0.05474045
0.07962142,0.06510338,0.16542536,0.05409088,0.062415563
0.094659284,0.0713567,0.13709083,0.14839052,0.07955394
-0.14606479,-0.041660413,-0.06792886,-0.045181967,-0.059491977
-0.05001013,-0.09739422,-0.17821005,-0.06644707,-0.02925026
-0.018187366,0.045136582,-0.036362574,0.054923948,0.004821214
0.006909406,0.023152042,-0.047703397,0.09815557,0.08703525
0.14928496,-0.0057845023,0.0836789,0.062219355,0.10696837
-0.11680268,-0.012078185,-0.052731324,-0.027976226,-0.040354647
0.041274138,0.037199263,0.048612934,-0.04947643,0.037812844
0.014378704,0.098363735,0.078315005,0.0043417,0.034804143
0.04624469,-0.024884552,0.12628864,0.012897603,-0.0009617619
