Care,Fairness,Loyalty,Authority,Sanctity
Harm,Cheating,Betrayal,Subversion,Degradation
-0.03462734,0.0047869757,-0.084820226,-0.05330716,-0.024205744
0.089552134,0.09665637,-0.030044269,-0.03452783,-0.011617247
0.07457941,0.018563237,-0.05350348,-0.006199686,0.031210668
0.04036685,0.034293044,0.0048888028,0.034098126,0.06543046
-0.0014805384,0.055655126,-0.04569813,-0.00957853,0.054406915
-0.047209382,0.028137749,-0.066252485,0.025065437,0.01862682
-0.07199075,-0.0026288144,-0.0026479065,-0.077342704,0.020286847
-0.11101401,0.04705897,0.06556927,-0.0032641059,-0.08918276
0.04133674,0.01729817,0.021561071,-0.06047156,-0.01864938
-0.10312034,-0.083634265,-0.12775293,-0.10765394,-0.04910811
0.006050393,0.079441205,0.07446089,0.022906799,0.07199464
-0.07385551,-0.03929329,-0.08878843,-0.060641453,-0.06636049
0.05252946,0.02431443,0.13985077,-0.03309171,0.034899965
0.06342518,0.05969139,0.063477464,-0.00036649778,0.01946888
0.015564533,0.07889183,0.07149996,0.025900315,0.011845721
0.06760627,0.01841164,0.10413406,0.03183966,-0.0076191723
0.025579985,0.04118631,0.09485061,0.018654672,-0.028685464
-0.037532803,0.02499033,-0.0021624733,-0.001481263,0.01883435
0.113882385,0.077634215,0.23890018,0.027802583,0.088839844
0.059073407,0.03657201,0.12560983,-0.042380057,0.02542857
0.00054180436,-0.004270196,-0.034132946,-0.09505798,0.025693014
0.033754118,0.019582704,0.09363645,-0.026104238,-0.018480826
0.09501021,0.0008609798,0.11510757,-0.0412025,0.06416872
0.082231075,0.07966225,0.15820014,0.073142305,0.16631198
0.08795574,0.06337983,0.122893274,-0.018656041,0.027530253
-0.0057259845,0.04141803,0.009824304,-0.031568345,-0.07700068
0.022438563,0.03905919,-0.011011725,-0.011270978,0.03052927
0.112042725,0.056446657,0.022081561,-0.003143617,0.019509573
0.14589673,0.107404575,0.35435742,0.10483273,0.14703625
-0.008191039,-0.00040906668,0.003521815,0.018052585,-0.019801758
0.07577652,0.013071835,0.029930584,-0.0032112608,0.07027317
0.10754302,0.12118207,0.20030451,0.05637113,0.13825062
0.09124351,0.16858184,0.2535795,0.14284596,0.09455545
0.08128156,0.029382806,0.096811116,-0.0058702193,0.025378715
