Care,Fairness,Loyalty,Authority,Sanctity
Harm,Cheating,Betrayal,Subversion,Degradation
-0.057709068,-0.023839448,-0.118462265,-0.11599147,-0.1279534
-0.053755656,-0.030107418,-0.09922685,-0.055438455,-0.09069987
-0.053280544,0.012196604,-0.052643213,-0.10538624,0.031707875
-0.032582723,-0.05661662,-0.11506626,0.017639507,-0.050245903
-0.124484606,-0.07727583,-0.16536617,-0.11713271,-0.09711964
0.057262406,0.07063162,-0.061838605,0.07109053,0.16580272
0.05473618,0.041239746,-0.015184231,0.0874069,0.040710244
-0.023296623,0.00042822957,-0.005606346,0.0057932977,-0.018334376
0.010117907,-0.056562398,-0.07297035,-0.01563501,0.07921869
-0.030766886,-0.1049491,-0.1410547,-0.07599735,-0.10143212
-0.017636832,-0.0085162185,-0.05440307,0.0023863558,-0.005009517
-0.022633098,-0.03470701,-0.08293134,0.013130108,0.0151630305
-0.11591075,-0.05262302,-0.04774218,-0.015062712,-0.066184506
-0.18014325,-0.008767873,0.004220646,-0.058709003,-0.18470451
-0.09884445,-0.000103594735,-0.022053096,0.018921874,0.10909969
0.020095438,0.12282307,0.09358393,0.06344995,0.033641033
0.044468913,-0.020840902,-0.029134449,-0.017183788,0.08854273
-0.017784314,0.015818529,-0.035143957,-0.05004621,0.032813124
-0.04639638,-0.03741108,-0.06642458,-0.038454115,-0.021553988
0.054176647,0.03713319,0.10190381,0.04039337,0.009336051
0.040084004,0.030780032,0.014725444,0.020277077,-0.067641
0.0064037833,0.028116208,-0.060438924,-0.08734311,-0.12521747
0.08827364,0.042271078,0.09947748,0.04122293,0.07183437
-0.020118762,0.039561834,-0.018175643,0.019385312,-0.05329255
