Care,Fairness,Loyalty,Authority,Sanctity
Harm,Cheating,Betrayal,Subversion,Degradation
0.010731228,0.050981767,-0.06437705,-0.020215534,0.0056532156
-0.0013839742,-0.13287619,-0.04600086,0.00849889,-0.07295104
-0.007342806,0.05754962,-0.03537534,0.030881125,-0.014628693
-0.028392028,0.04600488,-0.063309975,-0.023037456,-0.08125385
0.041165873,0.050362132,-0.061260402,-0.030860648,0.0015665004
-0.053553134,-0.01686916,-0.079539835,-0.12715933,0.020650432
0.056937836,-0.007797383,-0.011427065,0.059651982,-0.06789908
0.055872872,0.05373344,0.0059833527,0.008939648,-0.0189939
-0.06230279,0.052902993,-0.07108289,-0.097530015,0.041500356
-0.01563359,-0.16205963,-0.082248315,-0.039982285,-0.09271459
0.07819984,0.047145944,-0.06372622,-0.01217968,-0.06959483
-0.13099763,-0.054631155,-0.15816203,-0.13172728,-0.08205927
-0.008751392,0.09189747,-0.048115402,0.014017928,-0.043683566
-0.060519837,-0.04156371,-0.006945111,0.029547786,0.0027443226
0.017454289,0.036507078,-0.048022754,-0.06720324,0.04456466
0.059198044,0.10587399,0.052744187,-0.0217066,0.022820711
0.048168976,-0.030661348,-0.0055628438,-0.053785447,-0.046570625
0.08375247,0.08121973,0.049005166,-0.011396719,0.117473304
0.014141003,0.08588373,-0.042630997,-0.028174466,0.10264907
-0.028556075,0.0049420437,-0.0010235894,-0.094272435,-0.030188816
-0.106303975,-0.06805918,0.019395139,-0.047594696,-0.014134722
0.043336812,0.023399139,0.02425296,-0.06394471,0.048299585
-0.1347399,-0.06611386,0.03938197,-0.051171474,0.024949728
0.06584938,-0.0003015725,-0.067443304,-0.102101654,-0.06624347
0.07408319,-0.025006605,0.084252715,-0.013562009,0.012780801
0.04819357,0.042091567,-0.090286136,-0.1223691,0.009402029
0.059551552,0.06715748,0.047748543,0.019258972,0.0420516
0.14498886,0.041075096,0.112790585,0.07343844,0.088392824
0.01858478,0.016164394,0.0071211965,0.06268998,-0.025897961
0.027860694,0.060268737,0.024171911,-0.02541516,0.017828904
0.08630159,9.520352e-05,0.07625647,0.040513657,0.0037015257
-0.04007172,0.094358474,-0.063832074,-0.058920655,0.03333956
0.008519577,0.05522548,0.027151704,0.012581689,0.022304531
0.04027439,0.040702797,0.009641461,-0.040695913,0.023778772
