Care,Fairness,Loyalty,Authority,Sanctity
Harm,Cheating,Betrayal,Subversion,Degradation
0.07756728,0.044455532,-0.019206207,0.009856058,0.006288532
-0.006364892,0.11117013,0.09722472,0.1002249,0.054292865
0.09937322,0.22619103,0.23736759,0.23009461,0.12308757
0.063673414,0.10776845,0.027987037,0.10802543,0.039027914
0.058169488,0.0072468743,0.05265797,0.09765361,0.04205664
0.13012786,0.10200493,0.15829477,0.18378109,0.10002045
0.03331932,0.09922454,0.046555065,0.12561715,0.022592088
-0.06907207,0.052013382,-0.025209676,-0.05101008,-0.11477375
0.0071130507,0.0658687,-0.066691525,0.06764071,0.0311088
0.024002885,0.0024220832,-0.045307606,0.0016133729,-0.014568899
0.12267215,0.10599357,0.13093656,0.08150458,0.06963758
0.061933048,0.05925899,0.009568337,0.026274392,-0.0695803
0.05279239,0.06256705,0.057594128,0.037627697,-0.027936123
0.040409032,0.045410756,0.052330904,0.01432335,0.02436064
-0.09104696,-0.041179292,-0.047412895,-0.1086791,-0.108318776
0.08418599,0.03421727,0.123076975,-0.022061957,0.055214964
0.052836154,0.074085854,0.025438316,0.0042647654,-0.0077666957
0.07257496,-0.005907273,0.04830112,0.020610409,-0.03965307
0.060800754,0.08232334,0.01464656,-0.034552325,-0.016649231
0.10014863,0.08006749,0.06498982,0.06651062,0.0709245
0.07665013,0.0070576845,0.051897265,-0.009862043,-0.0045479517
0.13368732,0.037603896,0.081850834,0.002732819,0.0077573676
0.16165406,0.18203804,0.07093663,0.044391148,0.0608293
0.08946059,0.12499508,0.04262432,0.09143384,0.1343865
0.037672445,0.11121913,0.11799495,0.12640962,0.20368782
0.03077427,-0.0077124294,-0.02548014,-0.020310376,0.079891376
0.03747219,0.019477502,-0.04764311,-0.10971275,-0.09168677
0.020562276,-0.052758925,-0.0032849684,-0.009866476,0.0049437806
