Care,Fairness,Loyalty,Authority,Sanctity
Harm,Cheating,Betrayal,Subversion,Degradation
0.034424707,-0.0051690377,-0.023840096,-0.035452694,-0.016689174
0.025445752,-0.025240771,0.03332353,0.051584337,0.0386817
0.0075247427,0.15570241,-0.03166022,0.034253605,0.11655377
0.046279803,0.0400853,0.02606401,-0.0231868,-0.07942086
0.0122494595,0.07437175,0.01195519,0.06406113,0.09735657
0.04432159,0.003267467,0.0016613491,-0.00914466,0.0076173544
0.039387364,0.05810602,0.025007442,0.0019670837,-0.0028397478
-0.07776122,-0.05146172,-0.09466922,-0.048620246,-0.06269176
