Care,Fairness,Loyalty,Authority,Sanctity
Harm,Cheating,Betrayal,Subversion,Degradation
-0.020858187,0.042471066,-0.06914122,-0.022441031,0.00400804
-0.080008015,-0.030503564,-0.04886353,-0.029553918,0.005522318
-0.047087975,-0.029161545,-0.05286278,-0.040038303,-0.047477208
-0.11794922,-0.081410944,-0.14324379,0.019829458,0.033609763
0.02155737,0.004194256,-0.073370755,-0.027760167,-0.018563624
-0.01373642,0.018473815,0.014107546,-0.053750053,-0.04912959
-0.072829284,-0.027526522,-0.067067154,-0.037969306,-0.09560047
-0.050847217,-0.06258695,0.007284969,-0.013963838,-0.0513852
-0.021447338,0.0035232678,0.002491627,-0.044668134,0.01276112
-0.07426951,0.013543047,-0.09388279,0.020550579,0.018073164
0.017759556,0.025452124,-0.03493029,0.024721928,0.09934018
-0.023810517,-0.004735195,-0.031920515,-0.08127127,-0.09845254
0.006460555,0.01262154,-0.10856527,-0.0014204793,-0.093702465
0.014159821,-0.025963333,-0.059847556,-0.056878813,-0.005193256
0.011860088,0.012210891,-0.041867323,-0.046981618,-0.07393372
-0.10555887,-0.041332725,-0.11068277,-0.06061489,-0.0831138
-0.12814385,-0.09309821,-0.10871318,-0.05116169,-0.04360703
-0.033645514,-0.108230956,-0.1802693,-0.100284204,0.023869704
-0.0956571,0.0029120892,-0.10701533,0.030886024,0.051035874
-0.027050162,-0.07610518,-0.08666322,0.058439538,0.057202734
-0.03684587,-0.02431871,-0.1346949,-0.053261396,0.0013337992
-0.041039318,-0.06907905,-0.09585118,-0.08411991,-0.04489836
0.02563948,-0.07298725,-0.0031220615,-0.08309713,-0.045257747
0.011263835,-0.02714616,-0.14199993,-0.0050511314,0.017144378
0.020616397,0.067430176,0.03245936,0.014840482,0.07233749
-0.013864847,-0.09174626,-0.031576023,-0.10171673,-0.07867712
-0.06126534,-0.09750221,-0.068779536,-0.07912907,-0.15632538
-0.049900666,-0.11797451,-0.07284751,-0.12628083,-0.14515048
